mass,ts,x,y,h,latitude,longitude,altitude,mach,tas,vertical_rate,heading,fuelflow,fid,obj,map_type,thrust,cost_grid,max_fuel
71037.09172428428,0.0,34058.24855157486,101161.12164332396,30.48000030452619,52.321300505698744,4.779960154005946,100.0,0.3,198.3755,2464.0,183.0038,1.9462341589242076,VLG12BR_219,fuel,D,122676.3579550636,0.37634534793328234,False
71024.66324539742,6.3846,34024.37470000687,100515.58120688109,110.38702084351391,52.31549727622846,4.779396393351049,362.0,0.317588,209.8158,2540.0,183.0038,1.9266868785119495,VLG12BR_219,fuel,D,119767.38955271392,0.3162947352533687,False
71012.35923678173,12.7692,33988.534702700206,99832.57155688596,192.77897379574998,52.309357205881355,4.778800074328362,632.0,0.335797,221.639,2617.0,192.5807,1.9096465992719556,VLG12BR_219,fuel,D,117376.14887358202,0.2598137254412237,False
71000.16523212624,19.1538,33831.1140191283,99127.19532992342,277.6558591614673,52.30302345696146,4.77641366987036,911.0,0.354494,233.7551,2694.0,199.1425,1.8953545292626774,VLG12BR_219,fuel,D,115461.3689619276,0.20223740670846285,False
70988.06379413191,25.5385,33581.086281564814,98406.8859763327,365.01767694072123,52.296561008334486,4.772664749761713,1198.0,0.373549,246.0757,2770.0,199.1394,1.883853029985082,VLG12BR_219,fuel,D,113974.55702446618,0.16307562834406522,False
70976.03580664955,31.9231,33317.84780445403,97648.38750906661,454.8644271335091,52.289755804862,4.7687189167644695,1492.0,0.392836,258.5164,2847.0,199.1389,1.8756505444533653,VLG12BR_219,fuel,D,112941.4172177061,0.13440157970737415,False
70964.06166387832,38.3077,33041.23992567477,96851.34178007311,547.1961097397779,52.28260461549818,4.764573985641033,1795.0,0.412237,270.9983,2923.0,199.1375,1.8702400880906105,VLG12BR_219,fuel,D,112271.65626188167,0.10882015842169888,False
70952.12226337228,44.6923,32751.23286052405,96015.62095422273,642.0127247593705,52.27510627143723,4.760229699519127,2106.0,0.431645,283.4494,3000.0,199.1374,1.867832747373707,VLG12BR_219,fuel,D,111976.53931795972,0.08995555985952153,False
70940.19976411478,51.0769,32447.844273659506,95141.33230319651,739.314272191592,52.26726171433808,4.755686531362676,2426.0,0.450963,295.8046,3000.0,199.1385,1.8533175236588781,VLG12BR_219,fuel,D,110233.04729153076,0.07938606760140698,False
70928.37105009716,57.4615,32131.074376198558,94228.53777977923,836.6158196252326,52.25907147837328,4.750944701954808,2745.0,0.470565,308.3177,3000.0,199.1399,1.8416559203502099,VLG12BR_219,fuel,D,108874.40014495316,0.06990250520892424,False
70916.61796331203,63.8462,31800.750138063504,93276.76351902426,933.9173670589363,52.25053128809317,4.746001845652733,3064.0,0.49035,320.9214,3000.0,199.1444,1.8328632217910603,VLG12BR_219,fuel,D,107873.09091809648,0.06189086406855511,False
70904.92220228347,70.2308,31456.724745088624,92285.76003819515,1031.2189144926879,52.24163888299298,4.740856015857343,3383.0,0.510223,333.5535,3000.0,199.1468,1.8268457348598992,VLG12BR_219,fuel,D,107198.6849117695,0.055940295703567254,False
70893.2660430677,76.6154,31099.001787327023,91255.4416879799,1128.5204619264787,52.23239346606474,4.735507501607864,3702.0,0.530098,346.157,3000.0,199.1478,1.8234238434573973,VLG12BR_219,fuel,D,106818.98040518851,0.05049043037219901,False
70881.63289104844,83.0,30727.64024368289,90185.90030758566,1225.822009360301,52.22279583236339,4.729957430940811,4022.0,0.549897,358.6809,3000.0,199.1492,1.8223486890874847,VLG12BR_219,fuel,D,106700.23556118747,0.04676085773404124,False
70870.00766727963,89.3846,30342.72074438677,89077.39669624534,1323.123556794149,52.21284829436643,4.724207273009291,4341.0,0.569549,371.0802,3000.0,199.1495,1.8233610399250126,VLG12BR_219,fuel,D,106812.03681484373,0.044960948574317164,False
70858.37704609739,95.7692,29944.39927936249,87930.32153200904,1420.4251042280187,52.20255432771255,4.7182596211477605,4660.0,0.572976,372.8904,3000.0,199.1494,1.8208721508765915,VLG12BR_219,fuel,D,106537.58998646143,0.04340916709054192,False
70846.76241511003,102.1539,29544.12546576909,86777.61601304538,1517.7266516618838,52.192209532525844,4.712285591480925,4979.0,0.576147,374.5284,3000.0,199.1501,1.8182970542511179,VLG12BR_219,fuel,D,106255.11372784986,0.04211990475327526,False
70835.16430870723,108.5385,29142.069662476682,85619.82140885586,1615.0281990957442,52.18181876333231,4.70628776764293,5299.0,0.579339,376.1756,3000.0,199.1511,1.8157025237690634,VLG12BR_219,fuel,D,105972.0030640176,0.04113494847448379,False
70823.58278682752,114.9231,28738.213680167442,84456.91198477603,1712.3297465296005,52.17138178585665,4.700265915575955,5618.0,0.582554,377.8321,3000.0,199.1515,1.8131086360541788,VLG12BR_219,fuel,D,105690.44375068494,0.04035198016363731,False
70812.01790931265,121.3077,28332.560804107514,83288.85437493231,1809.6312939634531,52.160898296031306,4.6942201158745425,5937.0,0.585792,379.498,3000.0,199.1508,1.8105054381532761,VLG12BR_219,fuel,D,105409.34186952905,0.039746079077747784,False
70800.46973591071,127.6923,27925.124767444315,82115.6114110952,1906.9328413973,52.15036795506509,4.688150602173326,6256.0,0.589052,381.1732,3000.0,199.149,1.807892876450963,VLG12BR_219,fuel,D,105128.68672342185,0.0393402356416016,False
70788.93832627902,134.0769,27515.91618301095,80937.14683578664,2004.2343888311425,52.139790432541155,4.682057562563421,6576.0,0.592336,382.858,3000.0,199.1469,1.8052607716606202,VLG12BR_219,fuel,D,104847.38841471609,0.039454473604105034,False
70777.42373998718,140.4616,27104.931367867437,79753.42918317078,2101.5359362649792,52.129165441853274,4.67594097623932,6895.0,0.595642,384.5522,3000.0,199.1454,1.8026295686920943,VLG12BR_219,fuel,D,104567.62706492557,0.03971904148841873,False
70765.9260365201,146.8462,26692.148746308747,78564.43302594457,2198.837483698812,52.11849275153844,4.6698005611353315,7214.0,0.598971,386.2559,3000.0,199.1449,1.799989060032804,VLG12BR_219,fuel,D,104288.30417684931,0.04002777149355108,False
70754.44527528112,153.2308,26277.537537557026,77370.13595747767,2296.139031132638,52.107772157657685,4.663635901174852,7533.0,0.602324,387.9693,3000.0,199.1453,1.79733932600389,VLG12BR_219,fuel,D,104009.42344784993,0.0404612212662876,False
70742.98151559503,159.6154,25861.069818855667,76170.51440443652,2393.4405785664603,52.09700344554096,4.657446622684843,7852.0,0.6057,389.6923,3000.0,199.1461,1.7946803081266025,VLG12BR_219,fuel,D,103730.97396139416,0.04093713699171143,False
70731.53481671136,166.0,25442.72568224319,74965.54183738181,2490.742126000277,52.086186373468564,4.651232469693295,8172.0,0.609101,391.425,3000.0,199.1469,1.792001420817537,VLG12BR_219,fuel,D,103451.85085962186,0.04130718959373402,False
70720.10523780753,172.3846,25022.492712151754,73755.1889521698,2588.0436734340874,52.07532067435621,4.644993296180085,8491.0,0.612525,393.1674,3000.0,199.1476,1.7893238246670766,VLG12BR_219,fuel,D,103174.25429825233,0.041589710057359584,False
70708.6928379919,178.7692,24600.364375548183,72539.42422857956,2685.3452208678927,52.06440606087844,4.638729042456077,8810.0,0.615973,394.9196,3000.0,199.1479,1.786636996327393,VLG12BR_219,fuel,D,102897.08042462634,0.04198951253514037,False
70697.29767630721,185.1539,24176.33905913174,71318.21426445406,2782.646768301693,52.05344222853791,4.632439721017919,9129.0,0.619445,396.6817,3000.0,199.1476,1.7839409685434597,VLG12BR_219,fuel,D,102620.328008195,0.04280570054127452,False
70685.91981173375,191.5385,23750.418450253102,70091.524338077,2879.9483157354875,52.04242886081126,4.626125392840445,9449.0,0.622942,398.4537,3000.0,199.1468,1.7812248561107964,VLG12BR_219,fuel,D,102342.88328724442,0.04369411627353684,False
70674.55930319247,197.9231,23322.603075854615,68859.31995763548,2977.2498631692756,52.031365643283515,4.619786102224438,9768.0,0.626464,400.2356,3000.0,199.1458,1.7785103186813092,VLG12BR_219,fuel,D,102066.95425632913,0.04462514160776585,False
70663.2162095484,204.3077,22892.8848135824,67621.56946166362,3074.5514106030573,52.0202522873381,4.613421767551477,10087.0,0.63001,402.0275,3000.0,199.1454,1.7757865805875692,VLG12BR_219,fuel,D,101791.43302388389,0.04560401652295524,False
70651.89058961385,210.6923,22461.241578688583,66378.24586330603,3171.852958036832,52.009088546923124,4.6070321039202575,10406.0,0.633582,403.8295,3000.0,199.146,1.7730536732167275,VLG12BR_219,fuel,D,101516.31831353158,0.046648825814527256,False
70640.58250215175,217.0769,22027.639900737788,65129.32595580411,3269.154505470602,51.997874210349615,4.6006166609508075,10726.0,0.637178,405.6416,3000.0,199.1478,1.7703004591704452,VLG12BR_219,fuel,D,101240.49259220446,0.04772326727848014,False
70629.29200587881,223.4616,21592.044302699327,63874.78705779634,3366.4560529043674,51.98660907061203,4.594174959725812,11045.0,0.6408,407.4638,3000.0,199.1502,1.7675490949107933,VLG12BR_219,fuel,D,100966.17123213754,0.04880385377687066,False
70618.01915946885,229.8462,21154.428760465238,62614.60303591706,3463.7576003381237,51.97529288917474,4.58770665988062,11364.0,0.644448,409.2962,3000.0,199.1526,1.764788553608622,VLG12BR_219,fuel,D,100692.242555811,0.049851043375609284,False
70606.76402155602,236.2308,20714.783594973956,61348.74191055604,3561.0591477718726,51.963925374220636,4.581211659904935,11683.0,0.648121,411.1388,3000.0,199.1542,1.7620188145765756,VLG12BR_219,fuel,D,100418.70025419453,0.050931156922308936,False
70595.5266507381,242.6154,20273.112841668422,60077.16676713985,3658.3606952056157,51.95250618900712,4.57469005855331,12002.0,0.65182,412.9918,3000.0,199.1551,1.7592399581704765,VLG12BR_219,fuel,D,100145.54801159987,0.05202800797741338,False
70584.30710557962,249.0,19829.423637937736,58799.83944151457,3755.662242639351,51.94103498544178,4.568142000023608,12322.0,0.655546,414.8551,3000.0,199.1555,1.7564404834089375,VLG12BR_219,fuel,D,99871.65898371715,0.05319052492344063,False
70573.10544461507,255.3846,19383.71303970823,57516.72510041449,3852.9637900730786,51.9295114457465,4.561567481897764,12641.0,0.659297,416.7287,3000.0,199.1564,1.7536431630908842,VLG12BR_219,fuel,D,99599.2570681959,0.05435228183008384,False
70561.92172635226,261.7693,18935.958942421283,56227.79539661533,3950.2653375067994,51.917935311099804,4.554966223106455,12960.0,0.663076,418.6128,3000.0,199.1586,1.7508367101853475,VLG12BR_219,fuel,D,99327.23124915073,0.05549850571892605,False
70550.75600927517,268.1539,18486.122246840263,54933.027718669175,4047.566884940511,51.90630637473971,4.548337695776902,13279.0,0.666881,420.5074,3000.0,199.1621,1.7480211015333744,VLG12BR_219,fuel,D,99055.57519015204,0.055481785353919115,False
70539.60835184717,274.5385,18034.16132983233,53632.4001671412,4144.868432374213,51.89462443624649,4.54168133613598,13599.0,0.670713,422.4126,3000.0,199.1661,1.7451846916372533,VLG12BR_219,fuel,D,98783.16899199941,0.05278674669341965,False
70528.47881251413,280.9231,17580.05015087332,52325.88526457672,4242.169979807908,51.882889244393404,4.5349968080327505,13918.0,0.674572,424.3283,3000.0,199.1698,1.7423506902512371,VLG12BR_219,fuel,D,98512.23772222936,0.05011756039419288,False
70517.36744970734,287.3077,17123.78697874502,51013.44691842415,4339.471527241595,51.871100469629425,4.528284129641728,14237.0,0.678458,426.2547,3000.0,199.1722,1.7395075645802223,VLG12BR_219,fuel,D,98241.66724785027,0.047515371812235495,False
70506.27432184647,293.6923,16665.38630576101,49695.04322650383,4436.773074675274,51.85925772965035,4.5215435554566685,14556.0,0.682372,428.1917,3000.0,199.1737,1.7366552363459482,VLG12BR_219,fuel,D,97971.44622030121,0.04495045457836525,False
70495.19948734254,300.0769,16204.859243624613,48370.63329251603,4534.074622108943,51.84736065132815,4.514775290951279,14876.0,0.686313,430.1395,3000.0,199.175,1.7337818692424483,VLG12BR_219,fuel,D,97700.45704103762,0.0424130183564091,False
70484.14300460063,306.4616,15742.197375730959,47040.182843911556,4631.376169542603,51.835408921674706,4.507979257883161,15195.0,0.690282,432.098,3000.0,199.1771,1.730911155853694,VLG12BR_219,fuel,D,97430.93035314514,0.03992346087188243,False
70473.10493202273,312.8462,15277.372003674656,45703.664497237725,4728.677716976255,51.82340229016722,4.501155083673672,15514.0,0.69428,434.0674,3000.0,199.1801,1.7280313203148103,VLG12BR_219,fuel,D,97161.74923492054,0.037490669060029125,False
70462.08532801032,319.2308,14810.348129777405,44361.05289883108,4825.979264409895,51.81134052459177,4.494302304937551,15833.0,0.698306,436.0476,3000.0,199.1836,1.7251422817965194,VLG12BR_219,fuel,D,96892.90238648097,0.035114514457740255,False
70451.08425096703,325.6154,14341.10176771146,43012.318705516496,4923.280811843529,51.79922335643928,4.4874206190794865,16152.0,0.70236,438.0388,3000.0,199.1868,1.722244120330739,VLG12BR_219,fuel,D,96624.39354872302,0.03278726612994235,False
70440.1017593012,332.0,13869.627851588606,41657.42583093305,5020.582359277149,51.78705045599101,4.480509998985447,16472.0,0.706443,440.0409,3000.0,199.1891,1.719324539327242,VLG12BR_219,fuel,D,96355.08722522596,0.0305064314908109,False
70429.13791142809,338.3846,13395.934494178793,40296.33344022339,5117.883906710761,51.77482145047449,4.473570609326883,16791.0,0.710555,442.054,3000.0,199.1906,1.7164079347534147,VLG12BR_219,fuel,D,96087.23013571244,0.0282640575585714,False
70418.19276577236,344.7693,12920.029937178406,38929.00049129952,5215.185454144359,51.762535965261605,4.466602616888347,17110.0,0.714695,444.0782,3000.0,199.1917,1.7134821771211934,VLG12BR_219,fuel,D,95819.6973737322,0.026062977392678197,False
70407.2663807702,351.1539,12441.91194120172,37555.38942993602,5312.487001577946,51.750193657335785,4.459606036574054,17429.0,0.718866,446.1135,3000.0,199.1928,1.710547237684039,VLG12BR_219,fuel,D,95552.48275176721,0.02390256186738281,False
70396.35881487133,357.5385,11961.566034080153,36175.4668019993,5409.788549011521,51.73779422079056,4.4525807061736336,17749.0,0.723065,448.1599,3000.0,199.1943,1.7075906382380022,VLG12BR_219,fuel,D,95284.45397979194,0.022941237878532996,False
70385.47012654111,363.9231,11478.972522721326,34789.20081475852,5507.090096445083,51.7253373647013,4.445526388298652,18068.0,0.727295,450.2175,3000.0,199.1958,1.704637244289859,VLG12BR_219,fuel,D,95017.86176914777,0.022013665487968934,False
70374.60037426218,370.3077,10994.116341132132,33396.557910079006,5604.391643878633,51.712822782091145,4.438442913307745,18387.0,0.731554,452.2864,3000.0,199.1971,1.7016746908273075,VLG12BR_219,fuel,D,94751.57929913327,0.02110196279073532,False
70363.74961653625,376.6923,10506.992729293212,31997.500787860026,5701.693191312169,51.700250132068646,4.431330261572408,18706.0,0.735844,454.3665,3000.0,199.1977,1.6987028930414518,VLG12BR_219,fuel,D,94485.59556004935,0.020197628808102816,False
70352.91791188557,383.077,10017.605682787109,30591.98894622779,5798.994738745693,51.68761904475837,4.424188540823888,19026.0,0.740164,456.458,3000.0,199.1975,1.6957092530750024,VLG12BR_219,fuel,D,94218.78681475658,0.019317839426557112,False
70342.10531885429,389.4616,9525.96145038555,29179.980946979824,5896.296286179204,51.674929141823434,4.417017891762427,19345.0,0.744514,458.5608,3000.0,199.1967,1.692718986528348,VLG12BR_219,fuel,D,93953.39708662935,0.018464061769321752,False
70331.31189600957,395.8462,9032.062455483067,27761.43653412437,5993.597833612695,51.66218005562597,4.409818399945134,19664.0,0.748895,460.675,3000.0,199.1956,1.6897194973304164,VLG12BR_219,fuel,D,93688.29811084649,0.018033206318967224,False
70320.53770194296,402.2308,8535.9060717651,26336.317061934787,6090.899381046173,51.64937143307874,4.402590078120458,19983.0,0.753307,462.8007,3000.0,199.1941,1.6867108114428258,VLG12BR_219,fuel,D,93423.48892568712,0.017816490607716222,False
70309.78279527077,408.6154,8037.4886076428265,24904.584109204665,6188.200928479634,51.63650292310353,4.395332924023063,20302.0,0.757751,464.9379,3000.0,199.1921,1.6836928992230742,VLG12BR_219,fuel,D,93158.97614079458,0.012306802854326475,False
70299.04723346002,415.0,7536.810549007569,23466.197655901364,6285.502475913082,51.6235741601584,4.388046996301742,20622.0,0.762226,467.0866,3000.0,199.1895,1.680652772334883,VLG12BR_219,fuel,D,92893.83783024366,0.0066093388868312735,False
70288.33105689252,421.3847,7033.878004241317,22021.115582772163,6382.804023346513,51.61058475973827,4.380732435362036,20941.0,0.766732,469.2469,3000.0,199.186,1.6776163194093827,VLG12BR_219,fuel,D,92630.98990609887,0.0010213546884701667,False
70277.63425532661,427.7693,6528.698458661105,20569.29515206168,6480.105570779924,51.59753433176611,4.373389401827755,21260.0,0.77127,471.4188,3000.0,199.182,1.6745706071630162,VLG12BR_219,fuel,D,92370.46078135249,0.0,False
70266.95672989503,434.1539,6021.274033040963,19110.69535561635,6577.407118213317,51.58442250178869,4.366017978984917,21579.0,0.775841,473.6024,3000.0,199.1778,1.6715156611326774,VLG12BR_219,fuel,D,92113.94684341099,0.0,False
70256.29825208918,440.5385,5511.597717562119,17645.27822534268,6674.708665646692,51.57124892277468,4.358618118409859,21899.0,0.780443,475.7976,3000.0,199.1737,1.6684382177533517,VLG12BR_219,fuel,D,91862.5869837477,0.0,False
70245.65841963947,446.9231,4999.655840774703,16173.007973656953,6772.01021308005,51.55801326732127,4.351189675840455,22218.0,0.785078,478.0046,3000.0,199.1697,1.6653646546222067,VLG12BR_219,fuel,D,91621.48583460113,0.0,False
70235.03660923948,453.3077,4485.435621004955,14693.848367976558,6869.311760513387,51.54471520395147,4.343732520467979,22537.0,0.789746,480.2234,3000.0,199.1653,1.6622818150305385,VLG12BR_219,fuel,D,91393.01536800797,0.0,False
70224.43192611361,459.6923,3968.932892128427,13207.760047699416,6966.613307946701,51.531354372934466,4.336246646581809,22856.0,0.794447,482.4539,3000.0,199.1603,1.6591896055386546,VLG12BR_219,fuel,D,91181.33047363647,0.0,False
70213.84315050312,466.077,3450.154668078182,11714.699638073967,7063.914855379997,51.517930378339905,4.328732210466094,23176.0,0.79918,484.6964,3000.0,199.1543,1.6560747695013804,VLG12BR_219,fuel,D,90990.26508401788,0.0,False
70203.26868124156,472.4616,2929.1142780191244,10214.621446906067,7161.216402813276,51.504442803373685,4.321189459919016,23495.0,0.803948,486.9507,3000.0,199.1475,1.6529638715011192,VLG12BR_219,fuel,D,90827.5506044676,0.0,False
70192.70647671525,478.8462,2405.8217928936397,8707.480794674479,7258.517950246539,51.49089124039602,4.313618595880395,23814.0,0.808748,489.2169,3000.0,199.1402,1.6498435870536035,VLG12BR_219,fuel,D,90698.51488419004,0.0,False
70182.15399365888,485.2308,1880.2762076713036,7193.236729257065,7355.819497679757,51.47727531534555,4.306019659623037,24133.0,0.813448,491.4136,3000.0,199.1331,1.64666797198367,VLG12BR_219,fuel,D,90601.50892165714,0.0,False
70171.60879350208,491.6154,1352.5530077778708,5672.10508955078,7453.1210451129755,51.46359696332894,4.298393797963214,24452.0,0.817854,493.4246,3000.0,199.1261,1.643372003993323,VLG12BR_219,fuel,D,90526.3652619425,0.0,False
70161.06919527575,498.0,822.8495967434117,4144.664181316231,7550.422592546195,51.44986137926465,4.2907439154600535,24772.0,0.82,494.0664,3000.0,199.119,1.6392934505825607,VLG12BR_219,fuel,D,90311.24397096015,0.0,False
70150.54571901649,504.3847,292.64466805753324,2615.166672824415,7647.7241399794,51.43610680237924,4.283091397277088,25091.0,0.82,493.4124,3000.0,199.1114,1.6345670913492625,VLG12BR_219,fuel,D,89940.67553130255,0.0,False
70140.05032199378,510.7693,-236.65233347279138,1087.633341880136,7745.025687412577,51.422369391207944,4.275456578748662,25410.0,0.82,492.7576,3000.0,199.1031,1.6299151502626812,VLG12BR_219,fuel,D,89579.00595020696,0.0,False
70129.58246912848,517.1539,-765.0208715474516,-437.9398551534658,7842.3272348457285,51.40864910199639,4.2678397508731685,25729.0,0.82,492.1019,3000.0,199.0942,1.6253390715565,VLG12BR_219,fuel,D,89226.22961972319,0.0,False
70119.1416138568,523.5385,-1292.4459965520487,-1961.5550060635785,7939.62878227885,51.39494592956821,4.260241119038503,26049.0,0.82,491.4453,3000.0,199.0853,1.6208275547945883,VLG12BR_219,fuel,D,88881.57532868418,0.0,False
70108.72719821754,529.9231,-1818.9276680577914,-3483.2090205002237,8036.930329711946,51.381259907435684,4.252660623754013,26368.0,0.82,490.7879,2969.0,199.0769,1.6110936598731984,VLG12BR_219,fuel,D,88120.64932516571,0.0,False
70098.37236178643,536.3077,-2344.5041509612,-5002.9616720363265,8133.217111532521,51.36759049995309,4.245097686887039,26684.0,0.82,490.1364,2892.0,199.0694,1.5933390794843865,VLG12BR_219,fuel,D,86737.62463549493,0.0,False
70088.12668768337,542.6924,-2869.236284512249,-6520.920549475061,8227.018960940506,51.35393674213526,4.237551408165392,26992.0,0.82,489.501,2815.0,199.0624,1.5754117231979212,VLG12BR_219,fuel,D,85368.43381915137,0.0,False
70077.9911878757,549.077,-3393.155031759126,-8037.1270373666575,8318.335877935277,51.34029826444055,4.230021318644025,27291.0,0.82,488.8815,2739.0,199.0554,1.557511132668369,VLG12BR_219,fuel,D,84026.98394685268,0.0,False
70067.96685282682,555.4616,-3916.278249019304,-9551.62723754717,8407.167862516635,51.32667465489732,4.222507138925543,27583.0,0.82,488.2782,2662.0,199.0481,1.5392538976965378,VLG12BR_219,fuel,D,82683.80703661955,0.0,False
70058.05465281622,561.8462,-4438.611925039786,-11064.471530059343,8493.514914684469,51.31306546308687,4.215008761061179,27866.0,0.82,487.691,2586.0,199.0402,1.5210382357619885,VLG12BR_219,fuel,D,81367.33718410227,0.0,False
70048.25553916254,568.2308,-4960.158791710055,-12575.711590489114,8577.377034438723,51.29947022694132,4.20752612442826,28141.0,0.82,487.1201,2509.0,199.032,1.5024788301934744,VLG12BR_219,fuel,D,80048.76171244794,0.0,False
70038.57044534566,574.6154,-5480.928314659049,-14085.39693718665,8658.75422177935,51.28588850371183,4.200059071956522,28408.0,0.819959,486.5413,2432.0,199.0241,1.483755262605069,VLG12BR_219,fuel,D,78738.3063406288,0.0,False
70029.00056405982,581.0,-6000.918519088972,-15593.497449897674,8737.646476706333,51.272320566935775,4.192607610191891,28667.0,0.819183,485.5428,2356.0,199.0169,1.4648920917878374,VLG12BR_219,fuel,D,77396.64268133046,0.0,False
70019.55186164095,587.3847,-6519.696864227129,-17098.699537740078,8814.053799219635,51.25877823762259,4.185177909448868,28917.0,0.818401,484.5583,2279.0,199.0106,1.4456906383911636,VLG12BR_219,fuel,D,76052.09725430913,0.0,False
70010.2253850278,593.7693,-7037.30245263235,-18601.034830875647,8887.976189319255,51.245261234631855,4.177769376042586,29160.0,0.817608,483.585,2203.0,199.0049,1.4265311221277674,VLG12BR_219,fuel,D,74730.5075277508,0.0,False
70001.02220435679,600.1539,-7553.763527247084,-20100.528842227723,8959.41364700518,51.23176933182525,4.170381573088549,29394.0,0.816812,482.6268,2126.0,198.9996,1.4070297269490768,VLG12BR_219,fuel,D,73405.06342871075,0.0,False
69991.94333590912,606.5385,-8069.103868744761,-21597.2223879129,9028.366172277387,51.21830216538718,4.163014128857063,29621.0,0.81601,481.6826,2049.0,198.9945,1.387367072579408,VLG12BR_219,fuel,D,72088.00436770417,0.0,False
69982.9898007928,612.9231,-8583.343845057936,-23091.153582425093,9094.833765135878,51.20485939575094,4.155666721285078,29839.0,0.815201,480.752,1973.0,198.9892,1.3677865783991714,VLG12BR_219,fuel,D,70793.91618719962,0.0,False
69974.16261898367,619.3077,-9096.494235294138,-24582.361912704037,9158.816425580651,51.1914406710746,4.148339166608951,30049.0,0.814382,479.8326,1896.0,198.9846,1.3478436248482415,VLG12BR_219,fuel,D,69493.48035445568,0.0,False
69965.46282799765,625.6924,-9608.581320469495,-26070.874012921962,9220.31415361169,51.1780457547904,4.141031058848804,30250.0,0.813551,478.9238,1819.0,198.9807,1.3277653982617021,VLG12BR_219,fuel,D,68200.71741725266,0.0,False
69956.89146738777,632.077,-10119.637455534981,-27556.711680009506,9279.326949229002,51.16467445361839,4.133741905473693,30444.0,0.812703,478.0228,1743.0,198.9776,1.307755902388386,VLG12BR_219,fuel,D,66928.08838720217,0.0,False
69948.44960054483,638.4616,-10629.68889900973,-29039.88943308504,9335.854812432583,51.15132663971615,4.126471301904608,30629.0,0.811848,477.1346,1666.0,198.9756,1.287389240054184,VLG12BR_219,fuel,D,65648.49464505831,0.0,False
69940.13822750852,644.8462,-11138.774910326583,-30520.43444105274,9389.897743222427,51.13800207111998,4.119218658232226,30807.0,0.810985,476.2591,1590.0,198.974,1.2671022976407484,VLG12BR_219,fuel,D,64388.93096867074,0.0,False
69931.95834263084,651.2308,-11646.921701041369,-31998.37787731842,9441.455741598535,51.124700469969845,4.111983572537375,30976.0,0.810111,475.3945,1513.0,198.9725,1.246452431319056,VLG12BR_219,fuel,D,63121.41189943478,0.0,False
69923.91095240657,657.6154,-12154.142306925729,-33473.74942142082,9490.528807560906,51.11142157201872,4.104765832289709,31137.0,0.809221,474.5383,1436.0,198.9711,1.225658882664997,VLG12BR_219,fuel,D,61859.05530767417,0.0,False
69915.9970849397,664.0001,-12660.44571661818,-34946.57108588145,9537.116941109545,51.09816518200453,4.097565283116018,31290.0,0.808308,473.6856,1360.0,198.9698,1.2049635856062035,VLG12BR_219,fuel,D,60615.31834328247,0.0,False
69908.21781391285,670.3847,-13165.837063922123,-36416.84966038665,9581.220142244443,51.084931241614534,4.090381825630521,31434.0,0.807385,472.845,1283.0,198.969,1.183898523386537,VLG12BR_219,fuel,D,59362.74149289452,0.0,False
69900.57410737082,676.7693,-13670.339917814563,-37884.614883712056,9622.838410965613,51.071719485680774,4.083215097680913,31571.0,0.806442,472.0098,1207.0,198.969,1.1629291416527587,VLG12BR_219,fuel,D,58128.08910477998,0.0,False
69893.06699790296,683.1539,-14173.982445401314,-39349.87212208436,9661.97174727305,51.05852986801569,4.076064670997313,31699.0,0.805481,471.1817,1130.0,198.97,1.1415824393581298,VLG12BR_219,fuel,D,56883.50327911248,0.0,False
69885.69748824759,689.5385,-14676.79458664528,-40812.63180798672,9698.620151166764,51.04536229671671,4.0689300927314305,31820.0,0.804502,470.36,1053.0,198.9717,1.1200838585397108,VLG12BR_219,fuel,D,55642.177751791816,0.0,False
69878.46657804037,695.9231,-15178.801047916782,-42272.90338773013,9732.783622646752,51.03221668877622,4.061810985461642,31932.0,0.803499,469.5416,977.0,198.9738,1.0987125817605516,VLG12BR_219,fuel,D,54418.78339035839,0.0,False
69871.37528708762,702.3078,-15680.012855727662,-43730.69078668566,9764.462161713023,51.01909301111872,4.054707167627267,32036.0,0.802479,468.731,900.0,198.9761,1.076947112397098,VLG12BR_219,fuel,D,53184.41441983105,0.0,False
69864.42457125147,708.6924,-16180.440370439901,-45186.01322108917,9793.65576836559,51.005991093127925,4.047618468154385,32131.0,0.80144,467.9262,823.0,198.9785,1.0550535169714117,VLG12BR_219,fuel,D,51953.44308192754,0.0,False
69857.61539157553,715.077,-16680.092879002892,-46638.88387367179,9820.36444260446,50.99291081843546,4.040544731375931,32219.0,0.800375,467.124,747.0,198.9812,1.033276358619478,VLG12BR_219,fuel,D,50739.10579600857,0.0,False
69850.94873031008,721.4616,-17178.980692728845,-48089.30387004129,9844.588184429636,50.97985217903389,4.033485786715665,32299.0,0.799277,466.3191,670.0,198.9846,1.0110917131731536,VLG12BR_219,fuel,D,49512.21126533439,0.0,False
69844.42561104907,727.8462,-17677.11396798286,-49537.25612302221,9866.326993841145,50.96681533066757,4.026441465164678,32370.0,0.798147,465.5135,594.0,198.9883,0.9890487417804829,VLG12BR_219,fuel,D,48302.17736103966,0.0,False
69838.04701401366,734.2308,-18174.50073390067,-50982.73139348948,9885.580870838994,50.95380035852694,4.019411628623097,32433.0,0.796988,464.7075,517.0,198.9923,0.9665961023199856,VLG12BR_219,fuel,D,47079.52282806515,0.0,False
69831.81389541397,740.6154,-18671.145342963122,-52425.72246180792,9902.349815423215,50.940807329725686,4.012396191721515,32488.0,0.795785,463.8931,440.0,198.9965,0.9439974083703095,VLG12BR_219,fuel,D,45857.89227038917,0.0,False
69825.72727868697,747.0001,-19167.0417552098,-53866.19815793945,9916.633827593838,50.92783652709245,4.0053952162035475,32535.0,0.794544,463.0735,364.0,199.0008,0.9215360484263019,VLG12BR_219,fuel,D,44652.11044289058,0.0,False
69819.78812732085,753.3847,-19662.18547081486,-55304.137537806,9928.432907350909,50.91488814145234,3.998408742211268,32574.0,0.793255,462.2427,287.0,199.0053,0.8986495889626881,VLG12BR_219,fuel,D,43432.36789382287,0.0,False
69813.99744578011,759.7693,-20156.569662592046,-56739.49995205618,9937.747054694495,50.90196254093196,3.9914368418687034,32604.0,0.791917,461.4008,211.0,199.0105,0.8759108465703018,VLG12BR_219,fuel,D,42228.21482292347,0.0,False
69808.35621054692,766.1539,-20650.19591328526,-58172.2418526798,9944.576269624722,50.88906011943792,3.9844794669936134,32627.0,0.790521,460.5419,134.0,199.0159,0.8527269787852287,VLG12BR_219,fuel,D,41009.03275923759,0.0,False
69802.86543643191,772.5385,-21143.050976491413,-59602.30405659812,9948.920552141808,50.876181412018354,3.9775367797079912,32641.0,0.789062,459.6627,57.0,199.0218,0.8293968464754526,VLG12BR_219,fuel,D,39789.845533051164,0.0,False
69797.52614206016,778.9231,-21635.121309319664,-61029.616699974475,9950.77990224647,50.8633270498223,3.9706089452766244,32647.0,0.78793,458.9909,-0.0,199.0275,0.811999414342769,VLG12BR_219,fuel,D,38885.524629322164,0.0,False
69792.30094767192,785.3078,-22126.62203311341,-62454.81467553773,9950.779902184002,50.850491317254296,3.963692914297489,32647.0,0.787941,458.9974,-0.0,199.0329,0.8119690600569496,VLG12BR_219,fuel,D,38884.09969172209,0.0,False
69787.07593294774,791.6924,-22618.264194437957,-63879.986392989995,9950.779902121521,50.83765540680203,3.9567786725867555,32647.0,0.787952,459.0038,-0.0,199.0379,0.811938599424468,VLG12BR_219,fuel,D,38882.66608427298,0.0,False
69781.85109897208,798.077,-23110.036912342213,-65305.13524845514,9950.779902059026,50.82481928841536,3.949866373118165,32647.0,0.787964,459.0105,-0.0,199.0428,0.8119084839960158,VLG12BR_219,fuel,D,38881.260021345435,0.0,False
69776.62644259229,804.4616,-23601.93757334829,-66730.26307747261,9950.779901996513,50.81198294577526,3.94295605094792,32647.0,0.787973,459.0161,-0.0,199.0478,0.8118771329607556,VLG12BR_219,fuel,D,38879.75471977011,0.0,False
69771.40197492155,810.8462,-24093.970191005817,-68155.36508616911,9950.779901933995,50.79914642191229,3.936047646372431,32647.0,0.787981,459.0207,-0.0,199.0532,0.8118446585574302,VLG12BR_219,fuel,D,38878.159179987124,0.0,False
69766.177708584,817.2308,-24586.141280410553,-69580.43515740681,9950.779901871465,50.78630977163634,3.929141064056294,32647.0,0.78799,459.0257,-0.0,199.0588,0.8118126418296706,VLG12BR_219,fuel,D,38876.6002013029,0.0,False
69760.95363839215,823.6155,-25078.4580340815,-71005.47235900591,9950.779901808917,50.773473003076724,3.9222361994606385,32647.0,0.787997,459.0299,-0.0,199.0643,0.8117797270425727,VLG12BR_219,fuel,D,38874.96905860811,0.0,False
69755.72977347737,830.0001,-25570.914901245087,-72430.47580356045,9950.779901746359,50.76063612450261,3.9153331293275877,32647.0,0.788001,459.0319,-0.0,199.0692,0.8117443314731829,VLG12BR_219,fuel,D,38873.13884361996,0.0,False
69750.50613919017,836.3847,-26063.49699930975,-73855.44289879502,9950.779901683785,50.74779915995667,3.908432062819371,32647.0,0.788006,459.035,-0.0,199.0738,0.8117101841952515,VLG12BR_219,fuel,D,38871.40859781078,0.0,False
69745.28272305058,842.7693,-26556.196028735496,-75280.38028874002,9950.7799016212,50.734962050164725,3.901533115988585,32647.0,0.788009,459.037,-0.0,199.0781,0.811674798509425,VLG12BR_219,fuel,D,38869.578930819465,0.0,False
69740.0595378304,849.1539,-27049.004531498227,-76705.28664780487,9950.779901558597,50.72212480751226,3.8946363922518503,32647.0,0.788003,459.0334,-0.0,199.0826,0.811633085529845,VLG12BR_219,fuel,D,38867.241953885066,0.0,False
69734.83664725276,855.5385,-27541.92011130646,-78130.1434039578,9950.779901495984,50.709287599265664,3.887741921724561,32647.0,0.787999,459.0309,-0.0,199.0874,0.8115926199758309,VLG12BR_219,fuel,D,38865.004982793806,0.0,False
69729.6140380422,861.9231,-28034.95210813726,-79554.95134309569,9950.779901433361,50.6964504180404,3.880849569253557,32647.0,0.787996,459.0292,-0.0,199.0924,0.8115530629266147,VLG12BR_219,fuel,D,38862.84080082727,0.0,False
69724.39170152097,868.3078,-28528.106509636615,-80979.71101149521,9950.779901370723,50.68361325874129,3.8739592474006246,32647.0,0.787997,459.03,-0.0,199.0972,0.811516337706894,VLG12BR_219,fuel,D,38860.90344143803,0.0,False
69719.16960922544,874.6924,-29021.38290291454,-82404.43118993458,9950.779901308078,50.67077604252192,3.867070960298367,32647.0,0.787997,459.0297,-0.0,199.1015,0.811478372492714,VLG12BR_219,fuel,D,38858.86666423956,0.0,False
69713.94777324988,881.077,-29514.765866961294,-83829.11351859404,9950.77990124542,50.657938755521585,3.8601849244428257,32647.0,0.787995,459.0285,-0.0,199.1049,0.8114393931122481,VLG12BR_219,fuel,D,38856.748599131024,0.0,False
69708.7262047395,887.4616,-30008.23039846318,-85253.76324885222,9950.779901182752,50.64510135195409,3.853301492287932,32647.0,0.787992,459.0271,-0.0,199.1071,0.8114001913894929,VLG12BR_219,fuel,D,38854.612687499524,0.0,False
69703.50490565666,893.8462,-30501.74865119719,-86678.38941492478,9950.779901120073,50.63226375224823,3.846421056548281,32647.0,0.78799,459.0255,-0.0,199.1086,0.8113607672435813,VLG12BR_219,fuel,D,38852.458932642265,0.0,False
69698.2838768614,900.2308,-30995.303627280588,-88102.99763208335,9950.779901057384,50.61942590708981,3.839543855505226,32647.0,0.78799,459.0256,-0.0,199.1101,0.8113232713974033,VLG12BR_219,fuel,D,38850.459485773805,0.0,False
69693.06310040024,906.6155,-31488.894274787355,-89527.59371729719,9950.779900994683,50.60658776453751,3.8326699012742145,32647.0,0.787992,459.0268,-0.0,199.1119,0.811287025291398,VLG12BR_219,fuel,D,38848.55997581559,0.0,False
69687.84256383593,913.0001,-31982.532831466182,-90952.1772037533,9950.779900931973,50.59374932842719,3.825799017181288,32647.0,0.787993,459.0274,-0.0,199.1146,0.8112501043838392,VLG12BR_219,fuel,D,38846.60636365728,0.0,False
69682.62227289725,919.3847,-32476.23844436174,-92376.73970179212,9950.779900869245,50.580910673415055,3.818930928195578,32647.0,0.787995,459.0287,-0.0,199.1176,0.8112139807277704,VLG12BR_219,fuel,D,38844.71644869674,0.0,False
69677.40222046518,925.7693,-32970.02023746796,-93801.28020186565,9950.779900806516,50.56807180829537,3.812065502112978,32647.0,0.787993,459.0277,-0.0,199.1203,0.811175256402417,VLG12BR_219,fuel,D,38842.618376046834,0.0,False
69672.18243222855,932.1539,-33463.86731292248,-95225.79465201855,9950.779900743773,50.55523277035124,3.805202889988412,32647.0,0.787986,459.0233,-0.0,199.1222,0.8111326843166257,VLG12BR_219,fuel,D,38840.21251241996,0.0,False
69666.96294698873,938.5385,-33957.75712587864,-96650.27904858027,9950.779900681024,50.54239359715155,3.798343407504565,32647.0,0.787981,459.0206,-0.0,199.123,0.8110920416636636,VLG12BR_219,fuel,D,38837.96099821435,0.0,False
69661.74374561808,944.9232,-34451.66302273032,-98074.74844110946,9950.779900618258,50.529554155239616,3.7914874298807786,32647.0,0.78798,459.0199,-0.0,199.1231,0.8110536689837522,VLG12BR_219,fuel,D,38835.89095935862,0.0,False
69656.52480461373,951.3078,-34945.57132570392,-99499.21471482825,9950.779900555488,50.51671433892052,3.7846351481920375,32647.0,0.787982,459.0212,-0.0,199.1229,0.8110175671035784,VLG12BR_219,fuel,D,38834.002374989155,0.0,False
69651.30610166962,957.6924,-35439.47780139156,-100923.68611675037,9950.779900492713,50.50387407468479,3.7777866194855996,32647.0,0.787984,459.0225,-0.0,199.1228,0.8109814698781468,VLG12BR_219,fuel,D,38832.11405739681,0.0,False
71037.09172429104,0.0,34058.24855157196,101161.12164332543,30.480000304515226,52.32130050569875,4.779960154005903,100.0,0.3,198.3755,2222.0,183.0038,1.8880811393603112,VLG12BR_219,pop,D,114515.804369691,0.3763453479332359,False
71024.85028253337,6.4817,34023.81062000852,100504.83142701248,103.65036605537512,52.31540063866547,4.779387006674521,340.0,0.320075,211.4751,2300.0,183.0038,1.8634027496180376,VLG12BR_219,pop,D,111437.99016276901,0.3202236821325095,False
71012.76991850024,12.9634,33987.08642307158,99804.97141633615,179.3818146911521,52.309109088084725,4.778775980866064,589.0,0.340719,224.922,2378.0,192.7263,1.8431516830301538,VLG12BR_219,pop,D,109046.67315493085,0.2671745676997868,False
71000.82208935871,19.4451,33822.832917060296,99077.6793752522,257.67434621180803,52.3025786693304,4.776286903507227,845.0,0.361583,238.4834,2456.0,192.5508,1.8279577883518094,VLG12BR_219,pop,D,107322.6700103425,0.21187025175745652,False
70988.97411037299,25.9268,33650.99408060502,98305.80470161531,338.52796061728844,52.295647730403296,4.773682565872435,1111.0,0.382674,252.1625,2533.0,189.7936,1.817225182372925,VLG12BR_219,pop,D,106137.97194301445,0.16821692782901487,False
70977.19553614898,32.4085,33508.736268549736,97481.67094772552,421.9426579075143,52.288244975125885,4.771508725275153,1384.0,0.404,265.9629,2611.0,187.2459,1.8110570531064811,VLG12BR_219,pop,D,105468.78530120938,0.14035156607717952,False
70965.45848830417,38.8902,33397.456563083746,96606.44504081139,507.91843808234023,52.28038083677541,4.769785888136428,1666.0,0.425569,279.8876,2689.0,185.0247,1.808780506990573,VLG12BR_219,pop,D,105223.87813713495,0.11523723870183256,False
70953.73776444783,45.3719,33316.12162589917,95681.38073763446,596.4553011414661,52.27206667235303,4.768498808056323,1957.0,0.447291,293.8763,2767.0,183.229,1.8100347527625162,VLG12BR_219,pop,D,105358.67110126046,0.09311085687503146,False
70942.01046184576,51.8536,33261.19094990015,94707.72574434767,687.5532470847817,52.263313929868666,4.767595383023097,2256.0,0.468818,307.699,2844.0,181.5599,1.8142987314685841,VLG12BR_219,pop,D,105819.44277354915,0.08114022708570162,False
70930.25572875007,58.3354,33233.39226166087,93686.89074182854,781.2122759118985,52.254135260648994,4.767086244055019,2563.0,0.490052,321.2901,2922.0,179.9081,1.8214041875132594,VLG12BR_219,pop,D,106596.13846344416,0.07141418252539433,False
70918.45648999143,64.8171,33235.10280211312,92620.44769744705,877.4323876214215,52.2445446636619,4.7670062324432925,2879.0,0.510908,334.5939,3000.0,178.3167,1.8305575999223431,VLG12BR_219,pop,D,107613.6688211012,0.06267986015091091,False
70906.59936672304,71.2988,33267.72929657955,91510.21629654993,976.2135821302472,52.23455841973935,4.767375909718039,3203.0,0.531317,347.5641,3000.0,176.7511,1.8277941457067177,VLG12BR_219,pop,D,107304.40691307287,0.05583793004748451,False
70894.76136353807,77.7805,33333.13681841697,90357.97727531753,1074.9947766395126,52.22419242666267,4.7682225204582265,3527.0,0.551623,360.4361,3000.0,175.4105,1.8274796314033612,VLG12BR_219,pop,D,107269.32370807312,0.05082952041290546,False
70882.92655883126,84.2622,33428.92809403178,89164.67854637551,1173.775971148974,52.213455343974175,4.76951062131348,3851.0,0.565038,368.7793,3000.0,174.491,1.8273166501620546,VLG12BR_219,pop,D,107251.1527486468,0.047870783849926664,False
70871.09351164721,90.7439,33546.53293454411,87945.30604875601,1272.5571656584923,52.20248244533095,4.771115599320997,4175.0,0.5682,370.4187,3000.0,173.9693,1.8247249416067077,VLG12BR_219,pop,D,106963.0348015448,0.045181161117143306,False
70859.27734060434,97.2256,33675.81122563182,86721.6061490718,1371.3383601680205,52.19146989948251,4.772890612351407,4499.0,0.571385,372.0675,3000.0,173.8269,1.8221235275764485,VLG12BR_219,pop,D,106675.40120383074,0.04270024434889172,False
70847.47810867919,103.7073,33808.7241223994,85492.75306461801,1470.1195546775596,52.18041076357812,4.7747175512721265,4823.0,0.574593,373.7258,3000.0,174.064,1.81951244471513,VLG12BR_219,pop,D,106388.2506813434,0.04028011381009382,False
70835.69587873804,110.189,33937.124277725125,84257.84848848426,1568.900749187111,52.16929745606247,4.776476824244936,5147.0,0.577823,375.3935,3000.0,174.7204,1.816891642822047,VLG12BR_219,pop,D,106101.5724628667,0.03796921344668168,False
70823.93071353983,116.6707,34051.88007306573,83016.00412645146,1667.6819436966766,52.1581225527836,4.77803453061636,5471.0,0.581076,377.0708,3000.0,175.7715,1.8142612005911778,VLG12BR_219,pop,D,105815.36994353414,0.0357654439091227,False
70812.1826757393,123.1524,34144.24951727731,81766.67377779802,1766.4631382062607,52.146881688194306,4.779262648350692,5795.0,0.584353,378.7578,3000.0,177.1485,1.8116211542558198,VLG12BR_219,pop,D,105529.64181505039,0.033766008392856664,False
70800.45182789012,129.6341,34206.850253540244,80509.85440591481,1865.2443327158387,52.135575300522326,4.780053261142444,6120.0,0.587653,380.4543,3000.0,178.6724,1.8089611905334433,VLG12BR_219,pop,D,105243.27546433065,0.03343978895403229,False
70788.73823244797,136.1158,34236.13721538176,79246.1470974491,1964.0255272253974,52.1242090226167,4.780354832523967,6444.0,0.590976,382.1606,3000.0,178.9349,1.8063017996038455,VLG12BR_219,pop,D,104958.47173290921,0.033189702208988564,False
70777.04195177401,142.5975,34259.73948593364,77976.6183627419,2062.806721734935,52.11279074329246,4.78057243204476,6768.0,0.594323,383.8767,3000.0,178.6767,1.8036328202442662,VLG12BR_219,pop,D,104674.12867570778,0.03296128823509337,False
70765.363048138,149.0792,34289.1961935255,76701.4764877541,2161.5879162444503,52.10132162313767,4.780875075871692,7092.0,0.597694,385.6025,3000.0,178.494,1.8009541952344996,VLG12BR_219,pop,D,104390.23518021818,0.032748489718061435,False
70753.70158372156,155.5609,34322.8692301835,75420.67039431307,2260.369110753944,52.089801303508224,4.781238717106218,7416.0,0.601089,387.3383,3000.0,178.3278,1.7982660498789957,VLG12BR_219,pop,D,104106.79951324561,0.03255413328477084,False
70742.05762062168,162.0426,34360.42615190711,74134.17041301735,2359.1503052634152,52.07822953764006,4.781658440193641,7740.0,0.604508,389.084,3000.0,178.1631,1.7955683258016466,VLG12BR_219,pop,D,103823.81050988665,0.03236507478756246,False
70730.43122085396,168.5243,34401.868940819346,72841.95433481669,2457.931499772864,52.06660612512644,4.7821342271803955,8064.0,0.607951,390.8396,3000.0,178.0559,1.7928610088838366,VLG12BR_219,pop,D,103541.2617959693,0.03219137102352018,False
70718.82244635618,175.0061,34445.92809240345,71543.95585991557,2556.712694282288,52.054930547807,4.782647460161734,8388.0,0.611419,392.6053,3000.0,178.0665,1.7901441786241563,VLG12BR_219,pop,D,103259.15677971371,0.0320751525421188,False
70707.23135899156,181.4878,34489.94549796658,70240.05368921069,2655.493888791687,52.04320187934557,4.783159232131517,8712.0,0.614912,394.381,3000.0,178.2135,1.787417772679698,VLG12BR_219,pop,D,102977.48414151972,0.03194639788089098,False
70695.65802055234,187.9695,34530.802259874574,68930.11334006624,2754.27508330106,52.03141910409104,4.783623939977764,9036.0,0.61843,396.1669,3000.0,178.4963,1.784681870491146,VLG12BR_219,pop,D,102696.24728496,0.03180726414513929,False
70684.10249276325,194.4512,34565.35127146125,67614.02328300868,2853.0562778104063,52.01958141519723,4.783995618803217,9360.0,0.621973,397.963,3000.0,178.8837,1.7819364560130548,VLG12BR_219,pop,D,102415.43976281652,0.03166750708422463,False
70672.56483728501,200.9329,34591.11799576285,66291.73088645325,2951.837472319727,52.00768849403248,4.784238184501489,9685.0,0.625542,399.7693,3000.0,179.3671,1.7791705949890755,VLG12BR_219,pop,D,102133.94677311728,0.03152171729499265,False
70661.04511571782,207.4146,34605.79273527016,64963.23450840043,3050.618666829021,51.99574047016945,4.784318004764812,10009.0,0.629136,401.5859,3000.0,179.9619,1.776406088519351,VLG12BR_219,pop,D,101853.98243274685,0.03137315058158693,False
70649.54338960497,213.8963,34606.67930686595,63628.58916719673,3149.3998613382882,51.983738006225074,4.784195846633955,10333.0,0.632755,403.4128,3000.0,180.6252,1.7736320644185275,VLG12BR_219,pop,D,101574.43286825228,0.031174094382299386,False
70638.05972043618,220.378,34592.04951064799,62287.920759316614,3248.1810558475286,51.97168234097785,4.783846657817439,10657.0,0.636401,405.2501,3000.0,181.3159,1.7708485525597002,VLG12BR_219,pop,D,101295.29650265307,0.030895374335747454,False
70626.59416965136,226.8597,34561.11900385766,60941.3905826168,3346.962250356745,51.95957497147366,4.7832591923025785,10981.0,0.640073,407.0979,3000.0,182.0051,1.7680555829127445,VLG12BR_219,pop,D,101016.57176128925,0.030627852341819525,False
70615.14679864394,233.3414,34513.7766092167,59589.16182377904,3445.743444865937,51.94741736841941,4.782432039186796,11305.0,0.643771,408.9562,3000.0,182.6596,1.7652531350971963,VLG12BR_219,pop,D,100738.25207416428,0.030380199386069645,False
70603.71766876437,239.8231,34450.703487261286,58231.36196273453,3544.5246393751017,51.93521063094681,4.781375343817388,11629.0,0.647495,410.825,3000.0,183.4148,1.762441187591281,VLG12BR_219,pop,D,100460.33084798737,0.030144994570864034,False
70592.30684132391,246.3048,34369.36775708617,56868.28061187593,3643.3058338842407,51.92295751330066,4.780052406253539,11953.0,0.651246,412.7044,3000.0,185.0676,1.7596197687876964,VLG12BR_219,pop,D,100182.80647704253,0.029932159616560435,False
70580.91437759764,252.7865,34248.1959564675,55501.85978989976,3742.0870283933477,51.910676796017576,4.778149147990446,12277.0,0.655024,414.5945,3000.0,187.0094,1.7567889071637066,VLG12BR_219,pop,D,99905.677358606,0.029849405978345046,False
70569.54033882818,259.2682,34080.02361267185,54134.064068305684,3840.8682229024193,51.898386555734774,4.775561828411277,12601.0,0.65883,416.4952,3000.0,188.8206,1.7539485281171365,VLG12BR_219,pop,D,99628.9318654098,0.03002985971334842,False
70558.18478622923,265.7499,33867.731345544875,52765.99393419395,3939.649417411448,51.88609646900762,4.772333087644474,12925.0,0.662662,418.4068,3000.0,190.597,1.7510987622930763,VLG12BR_219,pop,D,99352.57841077144,0.030255817149177994,False
70546.84778098867,272.2316,33611.95908584504,51398.8870171872,4038.4306119204293,51.8738175743705,4.768472892362444,13249.0,0.666522,420.3291,3000.0,192.2946,1.7482394820260878,VLG12BR_219,pop,D,99076.60034264381,0.03049851487597111,False
70535.52938427207,278.7133,33314.431393618506,50033.68490533446,4137.211806429361,51.86155817442115,4.764006959449473,13574.0,0.67041,422.2623,3000.0,193.8982,1.745359095820362,VLG12BR_219,pop,D,98799.88251648813,0.030746149295190303,False
70524.22965722598,285.195,32977.26514818463,48671.07675706868,4235.993000938238,51.84932427279113,4.758966660225501,13898.0,0.674326,424.2064,3000.0,195.41,1.7424808568239645,VLG12BR_219,pop,D,98524.65467238933,0.030986507542996675,False
70512.94866098107,291.6768,32602.54134389833,47311.579702985895,4334.774195447061,51.837120324802285,4.753382788777771,14222.0,0.67827,426.1614,3000.0,196.8377,1.7395931305470902,VLG12BR_219,pop,D,98249.79239198663,0.031224591768559382,False
70501.68645665547,298.1585,32192.17118981133,45955.592189469826,4433.555389955829,51.82494972622495,4.747283619965932,14546.0,0.682242,428.1275,3000.0,198.3361,1.7366959959676826,VLG12BR_219,pop,D,97975.29909467757,0.031158036550047986,False
70490.44310535768,304.6402,31744.417643815854,44604.56754231242,4532.336584464555,51.81282556528418,4.740644422592359,14870.0,0.686242,430.1046,3000.0,199.7639,1.7337893731687375,VLG12BR_219,pop,D,97701.16315368298,0.030577178255785015,False
70479.2186681899,311.1219,31260.907225185096,43258.90604524396,4631.117778973251,51.80075125942073,4.733489300035917,15194.0,0.690272,432.0928,3000.0,201.0528,1.7308732875617208,VLG12BR_219,pop,D,97427.38298782552,0.02995943378355595,False
70468.01320625079,317.6036,30744.86606129743,41918.26503804615,4729.898973481918,51.788723455692846,4.725865514056537,15518.0,0.69433,434.0922,3000.0,202.2202,1.7279477646721966,VLG12BR_219,pop,D,97153.95702390838,0.029292382307825722,False
70456.82678063832,324.0853,30199.094190491458,40582.235601878856,4828.68016799056,51.77673823446281,4.7178140763523215,15842.0,0.698418,436.1027,3000.0,203.284,1.7250127222573262,VLG12BR_219,pop,D,96880.87368167122,0.028562595223439062,False
70445.6594524527,330.567,29625.957438324567,39250.403104908655,4927.461362499177,51.76479165386646,4.7093696453000895,16166.0,0.702535,438.1246,3000.0,204.2495,1.7220682931111457,VLG12BR_219,pop,D,96608.14143081426,0.027773979969463212,False
70434.51128279904,337.0487,29027.68716622866,37922.262566678226,5026.242557007771,51.752878972195916,4.700564882436368,16490.0,0.706681,440.1577,3000.0,205.0611,1.7191143401063083,VLG12BR_219,pop,D,96335.74372527146,0.026922723160514358,False
70423.38233278997,343.5304,28407.788325493333,36596.58077357209,5125.023751516345,51.7409888403149,4.691450853677318,16814.0,0.710857,442.2022,3000.0,205.6167,1.7161509420030416,VLG12BR_219,pop,D,96063.6840578221,0.026385942778758574,False
70412.27266354796,350.0121,27772.112861484,35270.817300439616,5223.804946024884,51.72909804996352,4.682112551480295,17138.0,0.715064,444.2581,3000.0,206.0889,1.7131780690952738,VLG12BR_219,pop,D,95791.95593832058,0.025895289799970436,False
70401.18233620783,356.4938,27122.514650652334,33944.17316354334,5322.586140533393,51.7171992724107,4.672576999676836,17463.0,0.7193,446.3254,3000.0,206.4799,1.7101832930362726,VLG12BR_219,pop,D,95519.427132373,0.025329674666732055,False
70390.11141191892,362.9755,26460.802055692686,32615.81458332367,5421.367335041874,51.70528487576193,4.662870536846952,17787.0,0.723567,448.4042,3000.0,206.6069,1.7071913752746322,VLG12BR_219,pop,D,95248.34731484571,0.024639501522155036,False
70379.0599518471,369.4572,25793.03812834627,31282.721118536414,5520.148529550334,51.69332737549569,4.653081045263909,18111.0,0.727865,450.4945,3000.0,206.6404,1.7041899464148087,VLG12BR_219,pop,D,94977.58479006322,0.02383339491671022,False
70368.02801717685,375.9389,25121.36533863139,29943.78103799851,5618.9297240587775,51.68131665659759,4.643239611994843,18435.0,0.732193,452.5965,3000.0,206.6613,1.7011790860135476,VLG12BR_219,pop,D,94707.14312851001,0.023029481016498148,False
70357.015669113,382.4206,24446.0554399688,28598.815325215655,5717.710918567205,51.66925108377211,4.633350239978648,18759.0,0.736553,454.71,3000.0,206.514,1.6981586527450663,VLG12BR_219,pop,D,94437.00609937398,0.02228137922105723,False
70346.02296888221,388.9023,23771.055049144317,27245.804807534692,5816.492113075599,51.65711231871574,4.623470076351645,19083.0,0.740944,456.8353,3000.0,206.2023,1.6951287816552454,VLG12BR_219,pop,D,94167.18228113433,0.02205535400447361,False
70335.04997773458,395.384,23100.29349616722,25882.776490025095,5915.273307583958,51.64488245824242,4.613655975696973,19407.0,0.745366,458.9723,3000.0,205.8856,1.6920893864244428,VLG12BR_219,pop,D,93897.66049165867,0.021803061960552126,False
70324.0967569448,401.8657,22433.962401823905,24509.643571764293,6014.054502092274,51.6325607300369,4.603910713565988,19731.0,0.74982,461.121,3000.0,205.5637,1.6890404358433255,VLG12BR_219,pop,D,93628.43456712607,0.02152389307302586,False
70313.1633678133,408.3475,21772.262019253314,23126.318098255746,6112.835696600532,51.62014635188155,4.594237187296553,20055.0,0.754307,463.2815,3000.0,205.2586,1.6859819544797152,VLG12BR_219,pop,D,93359.50331988474,0.020065326479358627,False
70302.2498716651,414.8292,21114.85891398023,21732.966950984413,6211.616891108441,51.607640854204554,4.584630578122034,20379.0,0.758825,465.4539,3000.0,205.0426,1.682913967262489,VLG12BR_219,pop,D,93090.89768499203,0.013048421269338351,False
70291.35632693321,421.3109,20459.645369484144,20330.577204621764,6310.398085615836,51.59505320640401,4.575060432813259,20703.0,0.763376,467.6382,3000.0,204.9394,1.6798364434034638,VLG12BR_219,pop,D,92822.92989691602,0.0061657021721729455,False
70280.48276647252,427.7926,19803.882762712212,18920.399588349133,6409.1792801225665,51.58239476121273,4.565487207799963,21027.0,0.767959,469.8345,3000.0,204.9287,1.676749408039839,VLG12BR_219,pop,D,92556.41639784412,0.0,False
70269.62915961182,434.2743,19145.294054126534,17503.4519890368,6507.960474628763,51.569674748801276,4.5558780595283395,21352.0,0.772575,472.0427,3000.0,204.9298,1.6736396889341396,VLG12BR_219,pop,D,92291.5833825226,0.0,False
70258.79537035068,440.756,18483.572892580345,16079.832895820507,6606.741669134854,51.55689405560133,4.546228630073004,21676.0,0.777225,474.2629,3000.0,204.9318,1.6705334247544754,VLG12BR_219,pop,D,92032.61990996878,0.0,False
70247.98111222807,447.2377,17818.677687557607,14649.517557272004,6705.522863640827,51.54405244986105,4.5365383882116195,22000.0,0.781907,476.4953,3000.0,204.9336,1.6674176652216508,VLG12BR_219,pop,D,91780.95404674966,0.0,False
70237.18589977307,453.7194,17150.597659876352,13212.466749527046,6804.304058146686,51.53114956850197,4.526807248509177,22324.0,0.786624,478.7397,3000.0,204.9353,1.6642922629449581,VLG12BR_219,pop,D,91539.76761758255,0.0,False
70226.40899649328,460.2011,16479.316654238006,11768.643598474642,6903.085252652424,51.51818506964414,4.517035048626795,22648.0,0.791374,480.9963,3000.0,204.9374,1.6611572936037062,VLG12BR_219,pop,D,91312.94963834572,0.0,False
70215.64935942386,466.6828,15804.805480920893,10318.017143607605,7001.866447158047,51.50515866483788,4.507221438915924,22972.0,0.796158,483.265,3000.0,204.9383,1.658012661336242,VLG12BR_219,pop,D,91105.09598387746,0.0,False
70204.90558035181,473.1645,15127.080334391541,8860.53517689869,7100.647641663555,51.4920698731523,4.497366725250397,23296.0,0.800976,485.546,3000.0,204.9383,1.6548584363441259,VLG12BR_219,pop,D,90921.5864469985,0.0,False
70194.17582394744,479.6462,14446.14521385578,7396.151016651224,7199.428836168953,51.47891826370738,4.487471037942213,23620.0,0.805829,487.8392,3000.0,204.9401,1.6516945159710157,VLG12BR_219,pop,D,90768.58611304729,0.0,False
70183.45776318778,486.1279,13761.938639641778,5924.848289034195,7298.210030674255,51.465703679768836,4.477533563702324,23944.0,0.810716,490.1448,3000.0,204.9433,1.6485209625731536,VLG12BR_219,pop,D,90653.13327038946,0.0,False
70172.7485126451,492.6096,13074.403660735432,4446.608380781154,7396.991225179325,51.45242594403128,4.4675535557871155,24268.0,0.815368,492.299,3000.0,204.9466,1.645245417677536,VLG12BR_219,pop,D,90564.25854767357,0.0,False
70162.04600665647,499.0913,12383.751167290848,2961.890463450389,7495.772419684427,51.43908916983582,4.4575341496747845,24592.0,0.819714,494.2607,3000.0,204.9496,1.6418457325782343,VLG12BR_219,pop,D,90497.23961115076,0.0,False
70151.3485368258,505.573,11690.260562555051,1471.2735957845537,7594.553614189516,51.42569854834829,4.447479465830949,24917.0,0.82,493.7699,3000.0,204.9516,1.6370868968681043,VLG12BR_219,pop,D,90137.55236359875,0.0,False
70140.67857489684,512.0547,10997.409621564137,-17.83039483410514,7693.334808694456,51.41232065839989,4.437439945393472,25241.0,0.82,493.1056,3000.0,204.9525,1.632320879287706,VLG12BR_219,pop,D,89765.37439822895,0.0,False
70130.0372993715,518.5364,10305.473309217457,-1504.910785001521,7792.11600319923,51.398960091630116,4.427419542894463,25565.0,0.82,492.4404,3000.0,204.9534,1.6276323021693555,VLG12BR_219,pop,D,89402.36862344452,0.0,False
70119.42414466148,525.0182,9614.452566080321,-2989.964691791857,7890.8971977038345,51.38561687876433,4.417418241770992,25889.0,0.82,491.7743,3000.0,204.9552,1.623022719233443,VLG12BR_219,pop,D,89048.54372121708,0.0,False
70108.83853302545,531.4999,8924.322206960995,-4472.97706119366,7989.678392208268,51.37229116052238,4.4074356498599,26213.0,0.82,491.1073,3000.0,204.9578,1.6184936559460565,VLG12BR_219,pop,D,88703.91061783175,0.0,False
70098.27987465952,537.9816,8235.06674172772,-5953.9373345935255,8088.459586712526,51.358983036896596,4.397471515514537,26537.0,0.82,490.4394,2927.0,204.96,1.6014393244065366,VLG12BR_219,pop,D,87364.68173149537,0.0,False
70087.82763149396,544.4633,7546.625185223987,-7433.000367630669,8184.8480494194255,51.34569112058941,4.387524929337293,26853.0,0.82,489.7868,2850.0,204.9611,1.583528763817566,VLG12BR_219,pop,D,85984.72855827601,0.0,False
70077.48847283388,550.945,6858.999887408573,-8910.233065531416,8278.675429248517,51.332414813886885,4.37759589786471,27161.0,0.82,489.1507,2772.0,204.9612,1.5652666885025306,VLG12BR_219,pop,D,84604.77221264913,0.0,False
70067.26344458385,557.4267,6172.196933912372,-10385.695219330373,8369.941726195946,51.31915358275805,4.367684482058792,27460.0,0.82,488.5311,2694.0,204.9607,1.5468438419585475,VLG12BR_219,pop,D,83238.68514062473,0.0,False
70057.15357060454,563.9084,5486.208613988269,-11859.440399722973,8458.646940260438,51.30590694911774,4.357790544755045,27751.0,0.82,487.9282,2616.0,204.9601,1.5282516778296629,VLG12BR_219,pop,D,81885.24680319082,0.0,False
70047.15985407712,570.3901,4801.015274075458,-13331.51681492109,8544.791071441354,51.292674483114666,4.347913777484128,28034.0,0.82,487.342,2538.0,204.9595,1.5094940808211592,VLG12BR_219,pop,D,80543.9466391172,0.0,False
70037.28327876014,576.8718,4116.595323587767,-14801.971963464832,8628.37411973832,51.27945576120531,4.338053844495692,28308.0,0.819995,486.7696,2461.0,204.9586,1.4907817021375573,VLG12BR_219,pop,D,79228.38496439258,0.0,False
70027.52484369186,583.3535,3432.9377651617433,-16270.847752477845,8709.396085151091,51.2662504099959,4.328210562986455,28574.0,0.819286,485.7965,2383.0,204.9572,1.4715386613489885,VLG12BR_219,pop,D,77856.66693288393,0.0,False
70017.89038064041,589.8352,2750.62254018398,-17736.935416827906,8787.856967679478,51.25306930076675,4.318392251458047,28832.0,0.818404,484.7387,2305.0,204.9551,1.4520920245069098,VLG12BR_219,pop,D,76483.25456429628,0.0,False
70008.38213344093,596.3169,2069.787089629676,-19199.98306713708,8863.756767323355,51.239914703854055,4.308600847565388,29081.0,0.817713,483.8123,2227.0,204.9523,1.4325492978405934,VLG12BR_219,pop,D,75135.17574846024,0.0,False
69998.99983948228,602.7986,1390.2649487687272,-20660.393382882026,8937.095484082636,51.226783004340874,4.29883391800529,29321.0,0.816686,482.7046,2150.0,204.949,1.4129855515067062,VLG12BR_219,pop,D,73787.57645393893,0.0,False
69989.74683325338,609.2803,712.3260981968562,-22117.621010530973,9007.87311795724,51.21367911182937,4.28909530317733,29553.0,0.816136,481.8971,2072.0,204.9452,1.3931856059473113,VLG12BR_219,pop,D,72469.48741693566,0.0,False
69980.62089542684,615.762,35.563722914911985,-23572.57707461427,9076.08966894711,51.200594838846854,4.279379121141011,29777.0,0.815093,480.816,1994.0,204.9405,1.373102040637143,VLG12BR_219,pop,D,71125.9868874627,0.0,False
69971.62640679689,622.2437,-639.6154238996164,-25024.440361809804,9141.7451370522,51.1875375457865,4.2696930796060855,29993.0,0.814589,480.071,1916.0,204.935,1.3530125850622843,VLG12BR_219,pop,D,69828.19653104575,0.0,False
69962.7607139792,628.7254,-1313.6632084240932,-26474.232947854744,9204.839522272468,51.17449807504528,4.2600269569785105,30200.0,0.813575,479.0433,1838.0,204.9287,1.3326455468351033,VLG12BR_219,pop,D,68504.33186080863,0.0,False
69954.02829541679,635.2071,-1986.1599321925519,-27921.10630682786,9265.3728246079,51.16148406556512,4.25038853184437,30398.0,0.812787,478.1671,1761.0,204.9214,1.3124311786948524,VLG12BR_219,pop,D,67218.15811538338,0.0,False
69945.42860861869,641.6889,-2657.2920988704013,-29365.526553746095,9323.345044058467,51.14849133087407,4.24077509333497,30588.0,0.811928,477.2669,1683.0,204.9133,1.2918246843896082,VLG12BR_219,pop,D,65920.4990171678,0.0,False
69936.96313042282,648.1706,-3327.0053475664167,-30807.426605948294,9378.756180624156,51.13552048018086,4.231187384361883,30770.0,0.810842,476.251,1605.0,204.9043,1.2710027164482212,VLG12BR_219,pop,D,64615.268293144756,0.0,False
69928.63438318763,654.6523,-3995.1158289613795,-32246.462638565405,9431.606234304956,51.12257461264586,4.221627998816159,30944.0,0.810333,475.5923,1527.0,204.8945,1.250210339791207,VLG12BR_219,pop,D,63353.54651013612,0.0,False
69920.43943528226,661.134,-4662.101262662369,-33683.72158584862,9481.895205100865,51.10964395572248,4.212090067451124,31109.0,0.809069,474.5077,1450.0,204.8839,1.2292899914296966,VLG12BR_219,pop,D,62064.915134130366,0.0,False
69912.38437594732,667.6157,-5327.343138500286,-35117.92067372292,9529.623093011885,51.096740056177424,4.202582399747597,31265.0,0.808371,473.774,1372.0,204.8726,1.2081798006916251,VLG12BR_219,pop,D,60804.012080630266,0.0,False
69904.46632708609,674.0974,-5991.316565990536,-36550.12510862564,9574.789898038014,51.08385333623666,4.193098168782148,31413.0,0.807361,472.8747,1294.0,204.8604,1.1868245822597443,VLG12BR_219,pop,D,59529.361086376375,0.0,False
69896.68835372917,680.5791,-6653.768205181109,-37979.83909779981,9617.395620179275,51.070988262809145,4.183640959898966,31553.0,0.806413,472.0298,1216.0,204.8476,1.165347683110548,VLG12BR_219,pop,D,58263.92652126957,0.0,False
69889.05097444024,687.0608,-7314.75544750581,-39407.23176504031,9657.440259435676,51.05814332023313,4.174209918434437,31685.0,0.805387,471.1576,1138.0,204.8341,1.1437018056354928,VLG12BR_219,pop,D,56998.98358248746,0.0,False
69881.55563789814,693.5425,-7974.222823979867,-40832.22414424441,9694.923815807238,51.04531922526442,4.1648058008637125,31807.0,0.804497,470.382,1061.0,204.8198,1.1222432213430393,VLG12BR_219,pop,D,55762.034814614984,0.0,False
69874.20235428194,700.0242,-8632.286309206622,-42255.11293454489,9729.846289293997,51.03251331386386,4.155426919665218,31922.0,0.803464,469.5413,983.0,204.8049,1.1003294217091404,VLG12BR_219,pop,D,54506.560380619834,0.0,False
69866.99298180974,706.5059,-9288.837856479424,-43675.70437711761,9762.207679895977,51.01972733587625,4.146074781423847,32028.0,0.802287,468.6344,905.0,204.7893,1.0782293047129266,VLG12BR_219,pop,D,53247.60880822442,0.0,False
69859.92937323816,712.9876,-9943.768987552703,-45093.80124293027,9792.007987613226,51.0069630728341,4.136750895798887,32126.0,0.801484,467.9635,827.0,204.7733,1.0561480661686657,VLG12BR_219,pop,D,52014.327387278696,0.0,False
69853.00988960285,719.4693,-10597.397537574832,-46510.11842411466,9819.247212445809,50.994214095944685,4.127450704943118,32215.0,0.800279,467.0757,749.0,204.757,1.0337726359772215,VLG12BR_219,pop,D,50762.41189506294,0.0,False
69846.23808891716,725.951,-11249.414038429619,-47923.99776997568,9843.925354393783,50.98148633534855,4.118178579087846,32296.0,0.798922,466.1164,672.0,204.7402,1.0114586351780686,VLG12BR_219,pop,D,49520.44606911546,0.0,False
69839.61582680726,732.4327,-11899.70623922648,-49335.22405109221,9866.042413457244,50.968781735179604,4.108936077249259,32369.0,0.798333,465.6239,594.0,204.7229,0.9891076626533679,VLG12BR_219,pop,D,48310.702797029975,0.0,False
69833.13874381912,738.9144,-12548.911894769239,-50745.21228871695,9885.598389636307,50.95608756244149,4.099714104405368,32433.0,0.796541,464.4467,516.0,204.7064,0.9660538705564782,VLG12BR_219,pop,D,47037.96802618311,0.0,False
69826.81573158134,745.3961,-13196.094900086315,-52151.8754299885,9902.593282931108,50.943422612369936,4.090525920971027,32489.0,0.795726,463.8568,438.0,204.6905,0.9433570891308883,VLG12BR_219,pop,D,45822.5841695243,0.0,False
69820.64099634488,751.8779,-13842.088168602655,-53556.9810464025,9917.027093341865,50.93077097622813,4.08135966390509,32536.0,0.794334,462.9482,361.0,204.6732,0.9205264938236956,VLG12BR_219,pop,D,44593.91664558748,0.0,False
69814.61915133795,758.3596,-14486.415349561623,-54959.57386461731,9928.899820868848,50.91814126171085,4.0722220632413855,32575.0,0.792877,462.0197,283.0,204.6568,0.8972505717620384,VLG12BR_219,pop,D,43350.57957726691,0.0,False
69808.75134095146,764.8413,-15129.068617537234,-56359.57941984189,9938.211465512497,50.90553414496265,4.063113190153922,32606.0,0.791778,461.3168,205.0,204.642,0.8740549364720119,VLG12BR_219,pop,D,42129.56470061964,0.0,False
69803.03585388935,771.323,-15770.40076789116,-57757.65860014963,9944.962027273532,50.89294367905558,4.054028005882144,32628.0,0.790078,460.281,127.0,204.6257,0.8503897375438283,VLG12BR_219,pop,D,40879.89243665682,0.0,False
69797.477382641,777.8047,-16409.91129257273,-59152.81527783416,9949.151506153412,50.88037884173954,4.0449735692368725,32642.0,0.788739,459.4732,49.0,204.6099,0.8268216616770507,VLG12BR_219,pop,D,39652.44757977672,0.0,False
69792.07412408263,784.2864,-17047.929020722848,-60545.7296638948,9950.779902156513,50.867833512689856,4.035945185682891,32647.0,0.78774,458.8802,-0.0,204.596,0.8118352380268831,VLG12BR_219,pop,D,38873.42753652718,0.0,False
69786.77102080459,790.7681,-17684.793508744762,-61937.01857952431,9950.779902100367,50.855302139862346,4.026938014672793,32647.0,0.787559,458.7745,-0.0,204.5815,0.8116778731103016,VLG12BR_219,pop,D,38861.877136597206,0.0,False
69781.46939657758,797.2498,-18321.157981729077,-63328.1483964828,9950.779902044123,50.84277151955799,4.017942800872346,32647.0,0.787941,458.9971,-0.0,204.5672,0.8118906030989608,VLG12BR_219,pop,D,38879.899894017704,0.0,False
69776.1654650459,803.7315,-18957.48603856424,-64720.111236291035,9950.779901987778,50.83023271649289,4.008952984256913,32647.0,0.78744,458.7051,-0.0,204.5547,0.8115231616764664,VLG12BR_219,pop,D,38851.5693122214,0.0,False
69770.86515900842,810.2132,-19593.10379874165,-66111.32823151884,9950.77990193135,50.817699953460085,3.999978071229401,32647.0,0.787921,458.9858,-0.0,204.5429,0.8118013745299648,VLG12BR_219,pop,D,38874.79299133582,0.0,False
69765.56188137244,816.6949,-20228.82352240618,-67503.52738495443,9950.779901874828,50.80515766468128,3.991006582665108,32647.0,0.787609,458.8041,-0.0,204.5316,0.8115581323330302,VLG12BR_219,pop,D,38856.36654329506,0.0,False
69760.26096129495,823.1766,-20864.01707497768,-68895.30090445073,9950.77990181822,50.79261853378994,3.982047375756123,32647.0,0.787677,458.8435,-0.0,204.5211,0.811564305632308,VLG12BR_219,pop,D,38857.86869567319,0.0,False
69754.95984854006,829.6583,-21499.01065740519,-70287.31015976923,9950.779901761522,50.78007660319451,3.9730958373903307,32647.0,0.787849,458.9438,-0.0,204.5116,0.8116392567936819,VLG12BR_219,pop,D,38864.8712349409,0.0,False
69749.65783957444,836.14,-22133.91380703423,-71679.72819292746,9950.779901704738,50.7675303138227,3.964150415024923,32647.0,0.787551,458.7702,-0.0,204.5032,0.8114051474652726,VLG12BR_219,pop,D,38847.19765597389,0.0,False
69744.35809269227,842.6217,-22768.37160623157,-73071.71301376169,9950.779901647873,50.7549872528194,3.955216097836872,32647.0,0.787827,458.9311,-0.0,204.4955,0.8115484685859533,VLG12BR_219,pop,D,38859.64255049234,0.0,False
69739.056752883,849.1034,-23402.865293491424,-74464.27105980413,9950.779901590926,50.74243835172252,3.946286099623717,32647.0,0.787683,458.8469,-0.0,204.4886,0.8114151780862731,VLG12BR_219,pop,D,38850.0108672825,0.0,False
69733.75664512617,855.5851,-24037.07423865206,-75856.65047806507,9950.779901533891,50.72989038598212,3.9373649250833647,32647.0,0.787644,458.8241,-0.0,204.4824,0.8113512184441872,VLG12BR_219,pop,D,38845.91921252417,0.0,False
69728.45706111555,862.0668,-24671.101771081027,-77249.02891815333,9950.779901476786,50.71734175514512,3.928451109949831,32647.0,0.787811,458.9217,-0.0,204.4769,0.8114232055479496,VLG12BR_219,pop,D,38852.673280390845,0.0,False
69723.15661268705,868.5486,-25305.130542251612,-78641.76431487715,9950.779901419603,50.704789233503874,3.9195420788734,32647.0,0.787554,458.7719,-0.0,204.472,0.8112158556261825,VLG12BR_219,pop,D,38837.14900080663,0.0,False
69717.85815140019,875.0303,-25938.832540477924,-80034.09956473907,9950.779901362346,50.69223964519687,3.9106424319910453,32647.0,0.787791,458.9099,-0.0,204.4676,0.811333464521199,VLG12BR_219,pop,D,38847.52951624078,0.0,False
69712.55836087804,881.512,-26572.61906424579,-81426.90204005156,9950.779901305019,50.67968517263066,3.901746384880029,32647.0,0.787599,458.7983,-0.0,204.4639,0.8111692046987622,VLG12BR_219,pop,D,38835.44166991166,0.0,False
69707.26011757599,887.9937,-27206.16129555183,-82819.40679015845,9950.779901247617,50.66713271098241,3.892858545000032,32647.0,0.787656,458.8311,-0.0,204.4609,0.8111680343290286,VLG12BR_219,pop,D,38836.3521703747,0.0,False
69701.96175755095,894.4754,-27839.67506924356,-84212.0446517824,9950.779901190135,50.6545783767402,3.8839758748569317,32647.0,0.787715,458.8657,-0.0,204.4585,0.8111689238929037,VLG12BR_219,pop,D,38837.4284975959,0.0,False
69696.66326012292,900.9571,-28473.178400394216,-85604.81384662543,9950.779901132593,50.64202218576558,3.87509811478317,32647.0,0.787537,458.7621,-0.0,204.4568,0.8110137031433736,VLG12BR_219,pop,D,38826.0755130171,0.0,False
69691.36621509674,907.4388,-29106.497320582417,-86997.28763310722,9950.779901074975,50.62946798524313,3.8662276934006967,32647.0,0.787758,458.8905,-0.0,204.4557,0.8111205846796788,VLG12BR_219,pop,D,38835.58759410453,0.0,False
69686.06795213958,913.9205,-29739.966480214283,-88390.16349266208,9950.779901017297,50.61690948670071,3.857359916180912,32647.0,0.7875,458.7406,-0.0,204.4549,0.8109130188287207,VLG12BR_219,pop,D,38820.07127299365,0.0,False
69680.77167543065,920.4022,-30373.210321952192,-89782.59266496127,9950.779900959551,50.604354343011316,3.848500033682574,32647.0,0.787751,458.8866,-0.0,204.4544,0.8110398237607567,VLG12BR_219,pop,D,38831.16118051923,0.0,False
69675.47397985359,926.8839,-31006.643076202887,-91175.47045241563,9950.77990090174,50.59179448183508,3.8396422444342626,32647.0,0.787528,458.7564,-0.0,204.454,0.8108544716313077,VLG12BR_219,pop,D,38817.414122951326,0.0,False
69670.17804337502,933.3656,-31639.88620837786,-92567.95770346437,9950.779900843863,50.579237470468705,3.830791836975545,32647.0,0.787637,458.8202,-0.0,204.4535,0.8108883944609013,VLG12BR_219,pop,D,38821.10865218187,0.0,False
69664.88163398582,939.8473,-32273.206416898043,-93960.6435474823,9950.779900785923,50.56667799723313,3.8219450785705265,32647.0,0.787641,458.8227,-0.0,204.4531,0.8108530489806137,VLG12BR_219,pop,D,38819.297002037165,0.0,False
69659.58545608967,946.329,-32906.51961333991,-95353.34182428494,9950.779900727923,50.554117741467415,3.8131031402816236,32647.0,0.787507,458.7446,-0.0,204.4528,0.8107265906789767,VLG12BR_219,pop,D,38810.24629896486,0.0,False
69654.29043622722,952.8107,-33539.71635717111,-96745.80711752814,9950.779900669868,50.54155891722695,3.8042675440103486,32647.0,0.787689,458.8503,-0.0,204.4524,0.8108079477121479,VLG12BR_219,pop,D,38817.708816670296,0.0,False
69648.99446173469,959.2924,-34173.050233316986,-98138.59696556127,9950.779900611744,50.52899649662197,3.7954347472151557,32647.0,0.787489,458.7339,-0.0,204.4521,0.8106381507093418,VLG12BR_219,pop,D,38805.215343948876,0.0,False
69643.70008648759,965.7741,-34806.21709425686,-99531.03638231322,9950.779900553569,50.51643656830323,3.786608986537723,32647.0,0.787607,458.8029,-0.0,204.4521,0.8106780154842774,VLG12BR_219,pop,D,38809.3741097557,0.0,False
69638.40517791848,972.2558,-35439.477801459136,-100923.68611678298,9950.779900495336,50.50387407468449,3.777786619484647,32647.0,0.787726,458.872,-0.0,204.452,0.8107180722377255,VLG12BR_219,pop,D,38813.55749805148,0.0,False
71037.09172428428,0.0,34058.24855157486,101161.12164332396,30.48000030452619,52.321300505698744,4.779960154005946,100.0,0.3,198.3755,2464.0,183.0038,1.9462341589242076,VLG12BR_219,fuel,N,122676.3579550636,0.17539011625597986,False
71024.66324539742,6.3846,34024.37470000687,100515.58120688109,110.38702084351391,52.31549727622846,4.779396393351049,362.0,0.317588,209.8158,2540.0,183.0038,1.9266868785119495,VLG12BR_219,fuel,N,119767.38955271392,0.14235076772445904,False
71012.35923678173,12.7692,33988.534702700206,99832.57155688596,192.77897379574998,52.309357205881355,4.778800074328362,632.0,0.335797,221.639,2617.0,192.5807,1.9096465992719556,VLG12BR_219,fuel,N,117376.14887358202,0.11536389158050862,False
71000.16523212624,19.1538,33831.1140191283,99127.19532992342,277.6558591614673,52.30302345696146,4.77641366987036,911.0,0.354494,233.7551,2694.0,199.1425,1.8953545292626774,VLG12BR_219,fuel,N,115461.3689619276,0.09892531899684975,False
70988.06379413191,25.5385,33581.086281564814,98406.8859763327,365.01767694072123,52.296561008334486,4.772664749761713,1198.0,0.373549,246.0757,2770.0,199.1394,1.883853029985082,VLG12BR_219,fuel,N,113974.55702446618,0.089386564161536,False
70976.03580664955,31.9231,33317.84780445403,97648.38750906661,454.8644271335091,52.289755804862,4.7687189167644695,1492.0,0.392836,258.5164,2847.0,199.1389,1.8756505444533653,VLG12BR_219,fuel,N,112941.4172177061,0.08105641388303231,False
70964.06166387832,38.3077,33041.23992567477,96851.34178007311,547.1961097397779,52.28260461549818,4.764573985641033,1795.0,0.412237,270.9983,2923.0,199.1375,1.8702400880906105,VLG12BR_219,fuel,N,112271.65626188167,0.07276197311897573,False
70952.12226337228,44.6923,32751.23286052405,96015.62095422273,642.0127247593705,52.27510627143723,4.760229699519127,2106.0,0.431645,283.4494,3000.0,199.1374,1.867832747373707,VLG12BR_219,fuel,N,111976.53931795972,0.06581750826568074,False
70940.19976411478,51.0769,32447.844273659506,95141.33230319651,739.314272191592,52.26726171433808,4.755686531362676,2426.0,0.450963,295.8046,3000.0,199.1385,1.8533175236588781,VLG12BR_219,fuel,N,110233.04729153076,0.06120075040467683,False
70928.37105009716,57.4615,32131.074376198558,94228.53777977923,836.6158196252326,52.25907147837328,4.750944701954808,2745.0,0.470565,308.3177,3000.0,199.1399,1.8416559203502099,VLG12BR_219,fuel,N,108874.40014495316,0.056547295445592366,False
70916.61796331203,63.8462,31800.750138063504,93276.76351902426,933.9173670589363,52.25053128809317,4.746001845652733,3064.0,0.49035,320.9214,3000.0,199.1444,1.8328632217910603,VLG12BR_219,fuel,N,107873.09091809648,0.05215251840516672,False
70904.92220228347,70.2308,31456.724745088624,92285.76003819515,1031.2189144926879,52.24163888299298,4.740856015857343,3383.0,0.510223,333.5535,3000.0,199.1468,1.8268457348598992,VLG12BR_219,fuel,N,107198.6849117695,0.04861537782088118,False
70893.2660430677,76.6154,31099.001787327023,91255.4416879799,1128.5204619264787,52.23239346606474,4.735507501607864,3702.0,0.530098,346.157,3000.0,199.1478,1.8234238434573973,VLG12BR_219,fuel,N,106818.98040518851,0.04510267682707665,False
70881.63289104844,83.0,30727.64024368289,90185.90030758566,1225.822009360301,52.22279583236339,4.729957430940811,4022.0,0.549897,358.6809,3000.0,199.1492,1.8223486890874847,VLG12BR_219,fuel,N,106700.23556118747,0.042655806131760975,False
70870.00766727963,89.3846,30342.72074438677,89077.39669624534,1323.123556794149,52.21284829436643,4.724207273009291,4341.0,0.569549,371.0802,3000.0,199.1495,1.8233610399250126,VLG12BR_219,fuel,N,106812.03681484373,0.04177555012814728,False
70858.37704609739,95.7692,29944.39927936249,87930.32153200904,1420.4251042280187,52.20255432771255,4.7182596211477605,4660.0,0.572976,372.8904,3000.0,199.1494,1.8208721508765915,VLG12BR_219,fuel,N,106537.58998646143,0.04110777459023871,False
70846.76241511003,102.1539,29544.12546576909,86777.61601304538,1517.7266516618838,52.192209532525844,4.712285591480925,4979.0,0.576147,374.5284,3000.0,199.1501,1.8182970542511179,VLG12BR_219,fuel,N,106255.11372784986,0.04063617627241721,False
70835.16430870723,108.5385,29142.069662476682,85619.82140885586,1615.0281990957442,52.18181876333231,4.70628776764293,5299.0,0.579339,376.1756,3000.0,199.1511,1.8157025237690634,VLG12BR_219,fuel,N,105972.0030640176,0.04041079824504509,False
70823.58278682752,114.9231,28738.213680167442,84456.91198477603,1712.3297465296005,52.17138178585665,4.700265915575955,5618.0,0.582554,377.8321,3000.0,199.1515,1.8131086360541788,VLG12BR_219,fuel,N,105690.44375068494,0.04031892856439149,False
70812.01790931265,121.3077,28332.560804107514,83288.85437493231,1809.6312939634531,52.160898296031306,4.6942201158745425,5937.0,0.585792,379.498,3000.0,199.1508,1.8105054381532761,VLG12BR_219,fuel,N,105409.34186952905,0.04033267115744998,False
70800.46973591071,127.6923,27925.124767444315,82115.6114110952,1906.9328413973,52.15036795506509,4.688150602173326,6256.0,0.589052,381.1732,3000.0,199.149,1.807892876450963,VLG12BR_219,fuel,N,105128.68672342185,0.04048983872162078,False
70788.93832627902,134.0769,27515.91618301095,80937.14683578664,2004.2343888311425,52.139790432541155,4.682057562563421,6576.0,0.592336,382.858,3000.0,199.1469,1.8052607716606202,VLG12BR_219,fuel,N,104847.38841471609,0.04057773426484721,False
70777.42373998718,140.4616,27104.931367867437,79753.42918317078,2101.5359362649792,52.129165441853274,4.67594097623932,6895.0,0.595642,384.5522,3000.0,199.1454,1.8026295686920943,VLG12BR_219,fuel,N,104567.62706492557,0.04062418276476098,False
70765.9260365201,146.8462,26692.148746308747,78564.43302594457,2198.837483698812,52.11849275153844,4.6698005611353315,7214.0,0.598971,386.2559,3000.0,199.1449,1.799989060032804,VLG12BR_219,fuel,N,104288.30417684931,0.0407184769275703,False
70754.44527528112,153.2308,26277.537537557026,77370.13595747767,2296.139031132638,52.107772157657685,4.663635901174852,7533.0,0.602324,387.9693,3000.0,199.1453,1.79733932600389,VLG12BR_219,fuel,N,104009.42344784993,0.04091963446731365,False
70742.98151559503,159.6154,25861.069818855667,76170.51440443652,2393.4405785664603,52.09700344554096,4.657446622684843,7852.0,0.6057,389.6923,3000.0,199.1461,1.7946803081266025,VLG12BR_219,fuel,N,103730.97396139416,0.04117318792151511,False
70731.53481671136,166.0,25442.72568224319,74965.54183738181,2490.742126000277,52.086186373468564,4.651232469693295,8172.0,0.609101,391.425,3000.0,199.1469,1.792001420817537,VLG12BR_219,fuel,N,103451.85085962186,0.04137067588608611,False
70720.10523780753,172.3846,25022.492712151754,73755.1889521698,2588.0436734340874,52.07532067435621,4.644993296180085,8491.0,0.612525,393.1674,3000.0,199.1476,1.7893238246670766,VLG12BR_219,fuel,N,103174.25429825233,0.041523150307129955,False
70708.6928379919,178.7692,24600.364375548183,72539.42422857956,2685.3452208678927,52.06440606087844,4.638729042456077,8810.0,0.615973,394.9196,3000.0,199.1479,1.786636996327393,VLG12BR_219,fuel,N,102897.08042462634,0.0418308926585681,False
70697.29767630721,185.1539,24176.33905913174,71318.21426445406,2782.646768301693,52.05344222853791,4.632439721017919,9129.0,0.619445,396.6817,3000.0,199.1476,1.7839409685434597,VLG12BR_219,fuel,N,102620.328008195,0.04258406517672755,False
70685.91981173375,191.5385,23750.418450253102,70091.524338077,2879.9483157354875,52.04242886081126,4.626125392840445,9449.0,0.622942,398.4537,3000.0,199.1468,1.7812248561107964,VLG12BR_219,fuel,N,102342.88328724442,0.04343217749422074,False
70674.55930319247,197.9231,23322.603075854615,68859.31995763548,2977.2498631692756,52.031365643283515,4.619786102224438,9768.0,0.626464,400.2356,3000.0,199.1458,1.7785103186813092,VLG12BR_219,fuel,N,102066.95425632913,0.044345663566496746,False
70663.2162095484,204.3077,22892.8848135824,67621.56946166362,3074.5514106030573,52.0202522873381,4.613421767551477,10087.0,0.63001,402.0275,3000.0,199.1454,1.7757865805875692,VLG12BR_219,fuel,N,101791.43302388389,0.0453265455817429,False
70651.89058961385,210.6923,22461.241578688583,66378.24586330603,3171.852958036832,52.009088546923124,4.6070321039202575,10406.0,0.633582,403.8295,3000.0,199.146,1.7730536732167275,VLG12BR_219,fuel,N,101516.31831353158,0.04638751366901608,False
70640.58250215175,217.0769,22027.639900737788,65129.32595580411,3269.154505470602,51.997874210349615,4.6006166609508075,10726.0,0.637178,405.6416,3000.0,199.1478,1.7703004591704452,VLG12BR_219,fuel,N,101240.49259220446,0.04749451379331681,False
70629.29200587881,223.4616,21592.044302699327,63874.78705779634,3366.4560529043674,51.98660907061203,4.594174959725812,11045.0,0.6408,407.4638,3000.0,199.1502,1.7675490949107933,VLG12BR_219,fuel,N,100966.17123213754,0.048653344907627405,False
70618.01915946885,229.8462,21154.428760465238,62614.60303591706,3463.7576003381237,51.97529288917474,4.58770665988062,11364.0,0.644448,409.2962,3000.0,199.1526,1.764788553608622,VLG12BR_219,fuel,N,100692.242555811,0.04990501760484631,False
70606.76402155602,236.2308,20714.783594973956,61348.74191055604,3561.0591477718726,51.963925374220636,4.581211659904935,11683.0,0.648121,411.1388,3000.0,199.1542,1.7620188145765756,VLG12BR_219,fuel,N,100418.70025419453,0.051160021367937195,False
70595.5266507381,242.6154,20273.112841668422,60077.16676713985,3658.3606952056157,51.95250618900712,4.57469005855331,12002.0,0.65182,412.9918,3000.0,199.1551,1.7592399581704765,VLG12BR_219,fuel,N,100145.54801159987,0.05240431122313156,False
70584.30710557962,249.0,19829.423637937736,58799.83944151457,3755.662242639351,51.94103498544178,4.568142000023608,12322.0,0.655546,414.8551,3000.0,199.1555,1.7564404834089375,VLG12BR_219,fuel,N,99871.65898371715,0.05368961594271203,False
70573.10544461507,255.3846,19383.71303970823,57516.72510041449,3852.9637900730786,51.9295114457465,4.561567481897764,12641.0,0.659297,416.7287,3000.0,199.1564,1.7536431630908842,VLG12BR_219,fuel,N,99599.2570681959,0.0549527885457451,False
70561.92172635226,261.7693,18935.958942421283,56227.79539661533,3950.2653375067994,51.917935311099804,4.554966223106455,12960.0,0.663076,418.6128,3000.0,199.1586,1.7508367101853475,VLG12BR_219,fuel,N,99327.23124915073,0.05618082846499957,False
70550.75600927517,268.1539,18486.122246840263,54933.027718669175,4047.566884940511,51.90630637473971,4.548337695776902,13279.0,0.666881,420.5074,3000.0,199.1621,1.7480211015333744,VLG12BR_219,fuel,N,99055.57519015204,0.056156914118872754,False
70539.60835184717,274.5385,18034.16132983233,53632.4001671412,4144.868432374213,51.89462443624649,4.54168133613598,13599.0,0.670713,422.4126,3000.0,199.1661,1.7451846916372533,VLG12BR_219,fuel,N,98783.16899199941,0.05328880967845613,False
70528.47881251413,280.9231,17580.05015087332,52325.88526457672,4242.169979807908,51.882889244393404,4.5349968080327505,13918.0,0.674572,424.3283,3000.0,199.1698,1.7423506902512371,VLG12BR_219,fuel,N,98512.23772222936,0.05046185196523664,False
70517.36744970734,287.3077,17123.78697874502,51013.44691842415,4339.471527241595,51.871100469629425,4.528284129641728,14237.0,0.678458,426.2547,3000.0,199.1722,1.7395075645802223,VLG12BR_219,fuel,N,98241.66724785027,0.04771803818650026,False
70506.27432184647,293.6923,16665.38630576101,49695.04322650383,4436.773074675274,51.85925772965035,4.5215435554566685,14556.0,0.682372,428.1917,3000.0,199.1737,1.7366552363459482,VLG12BR_219,fuel,N,97971.44622030121,0.04502651024960149,False
70495.19948734254,300.0769,16204.859243624613,48370.63329251603,4534.074622108943,51.84736065132815,4.514775290951279,14876.0,0.686313,430.1395,3000.0,199.175,1.7337818692424483,VLG12BR_219,fuel,N,97700.45704103762,0.042377150209073094,False
70484.14300460063,306.4616,15742.197375730959,47040.182843911556,4631.376169542603,51.835408921674706,4.507979257883161,15195.0,0.690282,432.098,3000.0,199.1771,1.730911155853694,VLG12BR_219,fuel,N,97430.93035314514,0.03979024331770914,False
70473.10493202273,312.8462,15277.372003674656,45703.664497237725,4728.677716976255,51.82340229016722,4.501155083673672,15514.0,0.69428,434.0674,3000.0,199.1801,1.7280313203148103,VLG12BR_219,fuel,N,97161.74923492054,0.03726095745874285,False
70462.08532801032,319.2308,14810.348129777405,44361.05289883108,4825.979264409895,51.81134052459177,4.494302304937551,15833.0,0.698306,436.0476,3000.0,199.1836,1.7251422817965194,VLG12BR_219,fuel,N,96892.90238648097,0.03479550479175953,False
70451.08425096703,325.6154,14341.10176771146,43012.318705516496,4923.280811843529,51.79922335643928,4.4874206190794865,16152.0,0.70236,438.0388,3000.0,199.1868,1.722244120330739,VLG12BR_219,fuel,N,96624.39354872302,0.03239934479302987,False
70440.1017593012,332.0,13869.627851588606,41657.42583093305,5020.582359277149,51.78705045599101,4.480509998985447,16472.0,0.706443,440.0409,3000.0,199.1891,1.719324539327242,VLG12BR_219,fuel,N,96355.08722522596,0.0300687291408922,False
70429.13791142809,338.3846,13395.934494178793,40296.33344022339,5117.883906710761,51.77482145047449,4.473570609326883,16791.0,0.710555,442.054,3000.0,199.1906,1.7164079347534147,VLG12BR_219,fuel,N,96087.23013571244,0.027794877673190086,False
70418.19276577236,344.7693,12920.029937178406,38929.00049129952,5215.185454144359,51.762535965261605,4.466602616888347,17110.0,0.714695,444.0782,3000.0,199.1917,1.7134821771211934,VLG12BR_219,fuel,N,95819.6973737322,0.025579355584218796,False
70407.2663807702,351.1539,12441.91194120172,37555.38942993602,5312.487001577946,51.750193657335785,4.459606036574054,17429.0,0.718866,446.1135,3000.0,199.1928,1.710547237684039,VLG12BR_219,fuel,N,95552.48275176721,0.02342032208833006,False
70396.35881487133,357.5385,11961.566034080153,36175.4668019993,5409.788549011521,51.73779422079056,4.4525807061736336,17749.0,0.723065,448.1599,3000.0,199.1943,1.7075906382380022,VLG12BR_219,fuel,N,95284.45397979194,0.02249843540551535,False
70385.47012654111,363.9231,11478.972522721326,34789.20081475852,5507.090096445083,51.7253373647013,4.445526388298652,18068.0,0.727295,450.2175,3000.0,199.1958,1.704637244289859,VLG12BR_219,fuel,N,95017.86176914777,0.021610716037622033,False
70374.60037426218,370.3077,10994.116341132132,33396.557910079006,5604.391643878633,51.712822782091145,4.438442913307745,18387.0,0.731554,452.2864,3000.0,199.1971,1.7016746908273075,VLG12BR_219,fuel,N,94751.57929913327,0.020738849692879292,False
70363.74961653625,376.6923,10506.992729293212,31997.500787860026,5701.693191312169,51.700250132068646,4.431330261572408,18706.0,0.735844,454.3665,3000.0,199.1977,1.6987028930414518,VLG12BR_219,fuel,N,94485.59556004935,0.019860950126543608,False
70352.91791188557,383.077,10017.605682787109,30591.98894622779,5798.994738745693,51.68761904475837,4.424188540823888,19026.0,0.740164,456.458,3000.0,199.1975,1.6957092530750024,VLG12BR_219,fuel,N,94218.78681475658,0.019004848350955356,False
70342.10531885429,389.4616,9525.96145038555,29179.980946979824,5896.296286179204,51.674929141823434,4.417017891762427,19345.0,0.744514,458.5608,3000.0,199.1967,1.692718986528348,VLG12BR_219,fuel,N,93953.39708662935,0.01817344108816179,False
70331.31189600957,395.8462,9032.062455483067,27761.43653412437,5993.597833612695,51.66218005562597,4.409818399945134,19664.0,0.748895,460.675,3000.0,199.1956,1.6897194973304164,VLG12BR_219,fuel,N,93688.29811084649,0.017771882162786037,False
70320.53770194296,402.2308,8535.9060717651,26336.317061934787,6090.899381046173,51.64937143307874,4.402590078120458,19983.0,0.753307,462.8007,3000.0,199.1941,1.6867108114428258,VLG12BR_219,fuel,N,93423.48892568712,0.017588400247866554,False
70309.78279527077,408.6154,8037.4886076428265,24904.584109204665,6188.200928479634,51.63650292310353,4.395332924023063,20302.0,0.757751,464.9379,3000.0,199.1921,1.6836928992230742,VLG12BR_219,fuel,N,93158.97614079458,0.012171503165370254,False
70299.04723346002,415.0,7536.810549007569,23466.197655901364,6285.502475913082,51.6235741601584,4.388046996301742,20622.0,0.762226,467.0866,3000.0,199.1895,1.680652772334883,VLG12BR_219,fuel,N,92893.83783024366,0.006548892113370084,False
70288.33105689252,421.3847,7033.878004241317,22021.115582772163,6382.804023346513,51.61058475973827,4.380732435362036,20941.0,0.766732,469.2469,3000.0,199.186,1.6776163194093827,VLG12BR_219,fuel,N,92630.98990609887,0.0010139382947693507,False
70277.63425532661,427.7693,6528.698458661105,20569.29515206168,6480.105570779924,51.59753433176611,4.373389401827755,21260.0,0.77127,471.4188,3000.0,199.182,1.6745706071630162,VLG12BR_219,fuel,N,92370.46078135249,0.0,False
70266.95672989503,434.1539,6021.274033040963,19110.69535561635,6577.407118213317,51.58442250178869,4.366017978984917,21579.0,0.775841,473.6024,3000.0,199.1778,1.6715156611326774,VLG12BR_219,fuel,N,92113.94684341099,0.0,False
70256.29825208918,440.5385,5511.597717562119,17645.27822534268,6674.708665646692,51.57124892277468,4.358618118409859,21899.0,0.780443,475.7976,3000.0,199.1737,1.6684382177533517,VLG12BR_219,fuel,N,91862.5869837477,0.0,False
70245.65841963947,446.9231,4999.655840774703,16173.007973656953,6772.01021308005,51.55801326732127,4.351189675840455,22218.0,0.785078,478.0046,3000.0,199.1697,1.6653646546222067,VLG12BR_219,fuel,N,91621.48583460113,0.0,False
70235.03660923948,453.3077,4485.435621004955,14693.848367976558,6869.311760513387,51.54471520395147,4.343732520467979,22537.0,0.789746,480.2234,3000.0,199.1653,1.6622818150305385,VLG12BR_219,fuel,N,91393.01536800797,0.0,False
70224.43192611361,459.6923,3968.932892128427,13207.760047699416,6966.613307946701,51.531354372934466,4.336246646581809,22856.0,0.794447,482.4539,3000.0,199.1603,1.6591896055386546,VLG12BR_219,fuel,N,91181.33047363647,0.0,False
70213.84315050312,466.077,3450.154668078182,11714.699638073967,7063.914855379997,51.517930378339905,4.328732210466094,23176.0,0.79918,484.6964,3000.0,199.1543,1.6560747695013804,VLG12BR_219,fuel,N,90990.26508401788,0.0,False
70203.26868124156,472.4616,2929.1142780191244,10214.621446906067,7161.216402813276,51.504442803373685,4.321189459919016,23495.0,0.803948,486.9507,3000.0,199.1475,1.6529638715011192,VLG12BR_219,fuel,N,90827.5506044676,0.0,False
70192.70647671525,478.8462,2405.8217928936397,8707.480794674479,7258.517950246539,51.49089124039602,4.313618595880395,23814.0,0.808748,489.2169,3000.0,199.1402,1.6498435870536035,VLG12BR_219,fuel,N,90698.51488419004,0.0,False
70182.15399365888,485.2308,1880.2762076713036,7193.236729257065,7355.819497679757,51.47727531534555,4.306019659623037,24133.0,0.813448,491.4136,3000.0,199.1331,1.64666797198367,VLG12BR_219,fuel,N,90601.50892165714,0.0,False
70171.60879350208,491.6154,1352.5530077778708,5672.10508955078,7453.1210451129755,51.46359696332894,4.298393797963214,24452.0,0.817854,493.4246,3000.0,199.1261,1.643372003993323,VLG12BR_219,fuel,N,90526.3652619425,0.0,False
70161.06919527575,498.0,822.8495967434117,4144.664181316231,7550.422592546195,51.44986137926465,4.2907439154600535,24772.0,0.82,494.0664,3000.0,199.119,1.6392934505825607,VLG12BR_219,fuel,N,90311.24397096015,0.0,False
70150.54571901649,504.3847,292.64466805753324,2615.166672824415,7647.7241399794,51.43610680237924,4.283091397277088,25091.0,0.82,493.4124,3000.0,199.1114,1.6345670913492625,VLG12BR_219,fuel,N,89940.67553130255,0.0,False
70140.05032199378,510.7693,-236.65233347279138,1087.633341880136,7745.025687412577,51.422369391207944,4.275456578748662,25410.0,0.82,492.7576,3000.0,199.1031,1.6299151502626812,VLG12BR_219,fuel,N,89579.00595020696,0.0,False
70129.58246912848,517.1539,-765.0208715474516,-437.9398551534658,7842.3272348457285,51.40864910199639,4.2678397508731685,25729.0,0.82,492.1019,3000.0,199.0942,1.6253390715565,VLG12BR_219,fuel,N,89226.22961972319,0.0,False
70119.1416138568,523.5385,-1292.4459965520487,-1961.5550060635785,7939.62878227885,51.39494592956821,4.260241119038503,26049.0,0.82,491.4453,3000.0,199.0853,1.6208275547945883,VLG12BR_219,fuel,N,88881.57532868418,0.0,False
70108.72719821754,529.9231,-1818.9276680577914,-3483.2090205002237,8036.930329711946,51.381259907435684,4.252660623754013,26368.0,0.82,490.7879,2969.0,199.0769,1.6110936598731984,VLG12BR_219,fuel,N,88120.64932516571,0.0,False
70098.37236178643,536.3077,-2344.5041509612,-5002.9616720363265,8133.217111532521,51.36759049995309,4.245097686887039,26684.0,0.82,490.1364,2892.0,199.0694,1.5933390794843865,VLG12BR_219,fuel,N,86737.62463549493,0.0,False
70088.12668768337,542.6924,-2869.236284512249,-6520.920549475061,8227.018960940506,51.35393674213526,4.237551408165392,26992.0,0.82,489.501,2815.0,199.0624,1.5754117231979212,VLG12BR_219,fuel,N,85368.43381915137,0.0,False
70077.9911878757,549.077,-3393.155031759126,-8037.1270373666575,8318.335877935277,51.34029826444055,4.230021318644025,27291.0,0.82,488.8815,2739.0,199.0554,1.557511132668369,VLG12BR_219,fuel,N,84026.98394685268,0.0,False
70067.96685282682,555.4616,-3916.278249019304,-9551.62723754717,8407.167862516635,51.32667465489732,4.222507138925543,27583.0,0.82,488.2782,2662.0,199.0481,1.5392538976965378,VLG12BR_219,fuel,N,82683.80703661955,0.0,False
70058.05465281622,561.8462,-4438.611925039786,-11064.471530059343,8493.514914684469,51.31306546308687,4.215008761061179,27866.0,0.82,487.691,2586.0,199.0402,1.5210382357619885,VLG12BR_219,fuel,N,81367.33718410227,0.0,False
70048.25553916254,568.2308,-4960.158791710055,-12575.711590489114,8577.377034438723,51.29947022694132,4.20752612442826,28141.0,0.82,487.1201,2509.0,199.032,1.5024788301934744,VLG12BR_219,fuel,N,80048.76171244794,0.0,False
70038.57044534566,574.6154,-5480.928314659049,-14085.39693718665,8658.75422177935,51.28588850371183,4.200059071956522,28408.0,0.819959,486.5413,2432.0,199.0241,1.483755262605069,VLG12BR_219,fuel,N,78738.3063406288,0.0,False
70029.00056405982,581.0,-6000.918519088972,-15593.497449897674,8737.646476706333,51.272320566935775,4.192607610191891,28667.0,0.819183,485.5428,2356.0,199.0169,1.4648920917878374,VLG12BR_219,fuel,N,77396.64268133046,0.0,False
70019.55186164095,587.3847,-6519.696864227129,-17098.699537740078,8814.053799219635,51.25877823762259,4.185177909448868,28917.0,0.818401,484.5583,2279.0,199.0106,1.4456906383911636,VLG12BR_219,fuel,N,76052.09725430913,0.0,False
70010.2253850278,593.7693,-7037.30245263235,-18601.034830875647,8887.976189319255,51.245261234631855,4.177769376042586,29160.0,0.817608,483.585,2203.0,199.0049,1.4265311221277674,VLG12BR_219,fuel,N,74730.5075277508,0.0,False
70001.02220435679,600.1539,-7553.763527247084,-20100.528842227723,8959.41364700518,51.23176933182525,4.170381573088549,29394.0,0.816812,482.6268,2126.0,198.9996,1.4070297269490768,VLG12BR_219,fuel,N,73405.06342871075,0.0,False
69991.94333590912,606.5385,-8069.103868744761,-21597.2223879129,9028.366172277387,51.21830216538718,4.163014128857063,29621.0,0.81601,481.6826,2049.0,198.9945,1.387367072579408,VLG12BR_219,fuel,N,72088.00436770417,0.0,False
69982.9898007928,612.9231,-8583.343845057936,-23091.153582425093,9094.833765135878,51.20485939575094,4.155666721285078,29839.0,0.815201,480.752,1973.0,198.9892,1.3677865783991714,VLG12BR_219,fuel,N,70793.91618719962,0.0,False
69974.16261898367,619.3077,-9096.494235294138,-24582.361912704037,9158.816425580651,51.1914406710746,4.148339166608951,30049.0,0.814382,479.8326,1896.0,198.9846,1.3478436248482415,VLG12BR_219,fuel,N,69493.48035445568,0.0,False
69965.46282799765,625.6924,-9608.581320469495,-26070.874012921962,9220.31415361169,51.1780457547904,4.141031058848804,30250.0,0.813551,478.9238,1819.0,198.9807,1.3277653982617021,VLG12BR_219,fuel,N,68200.71741725266,0.0,False
69956.89146738777,632.077,-10119.637455534981,-27556.711680009506,9279.326949229002,51.16467445361839,4.133741905473693,30444.0,0.812703,478.0228,1743.0,198.9776,1.307755902388386,VLG12BR_219,fuel,N,66928.08838720217,0.0,False
69948.44960054483,638.4616,-10629.68889900973,-29039.88943308504,9335.854812432583,51.15132663971615,4.126471301904608,30629.0,0.811848,477.1346,1666.0,198.9756,1.287389240054184,VLG12BR_219,fuel,N,65648.49464505831,0.0,False
69940.13822750852,644.8462,-11138.774910326583,-30520.43444105274,9389.897743222427,51.13800207111998,4.119218658232226,30807.0,0.810985,476.2591,1590.0,198.974,1.2671022976407484,VLG12BR_219,fuel,N,64388.93096867074,0.0,False
69931.95834263084,651.2308,-11646.921701041369,-31998.37787731842,9441.455741598535,51.124700469969845,4.111983572537375,30976.0,0.810111,475.3945,1513.0,198.9725,1.246452431319056,VLG12BR_219,fuel,N,63121.41189943478,0.0,False
69923.91095240657,657.6154,-12154.142306925729,-33473.74942142082,9490.528807560906,51.11142157201872,4.104765832289709,31137.0,0.809221,474.5383,1436.0,198.9711,1.225658882664997,VLG12BR_219,fuel,N,61859.05530767417,0.0,False
69915.9970849397,664.0001,-12660.44571661818,-34946.57108588145,9537.116941109545,51.09816518200453,4.097565283116018,31290.0,0.808308,473.6856,1360.0,198.9698,1.2049635856062035,VLG12BR_219,fuel,N,60615.31834328247,0.0,False
69908.21781391285,670.3847,-13165.837063922123,-36416.84966038665,9581.220142244443,51.084931241614534,4.090381825630521,31434.0,0.807385,472.845,1283.0,198.969,1.183898523386537,VLG12BR_219,fuel,N,59362.74149289452,0.0,False
69900.57410737082,676.7693,-13670.339917814563,-37884.614883712056,9622.838410965613,51.071719485680774,4.083215097680913,31571.0,0.806442,472.0098,1207.0,198.969,1.1629291416527587,VLG12BR_219,fuel,N,58128.08910477998,0.0,False
69893.06699790296,683.1539,-14173.982445401314,-39349.87212208436,9661.97174727305,51.05852986801569,4.076064670997313,31699.0,0.805481,471.1817,1130.0,198.97,1.1415824393581298,VLG12BR_219,fuel,N,56883.50327911248,0.0,False
69885.69748824759,689.5385,-14676.79458664528,-40812.63180798672,9698.620151166764,51.04536229671671,4.0689300927314305,31820.0,0.804502,470.36,1053.0,198.9717,1.1200838585397108,VLG12BR_219,fuel,N,55642.177751791816,0.0,False
69878.46657804037,695.9231,-15178.801047916782,-42272.90338773013,9732.783622646752,51.03221668877622,4.061810985461642,31932.0,0.803499,469.5416,977.0,198.9738,1.0987125817605516,VLG12BR_219,fuel,N,54418.78339035839,0.0,False
69871.37528708762,702.3078,-15680.012855727662,-43730.69078668566,9764.462161713023,51.01909301111872,4.054707167627267,32036.0,0.802479,468.731,900.0,198.9761,1.076947112397098,VLG12BR_219,fuel,N,53184.41441983105,0.0,False
69864.42457125147,708.6924,-16180.440370439901,-45186.01322108917,9793.65576836559,51.005991093127925,4.047618468154385,32131.0,0.80144,467.9262,823.0,198.9785,1.0550535169714117,VLG12BR_219,fuel,N,51953.44308192754,0.0,False
69857.61539157553,715.077,-16680.092879002892,-46638.88387367179,9820.36444260446,50.99291081843546,4.040544731375931,32219.0,0.800375,467.124,747.0,198.9812,1.033276358619478,VLG12BR_219,fuel,N,50739.10579600857,0.0,False
69850.94873031008,721.4616,-17178.980692728845,-48089.30387004129,9844.588184429636,50.97985217903389,4.033485786715665,32299.0,0.799277,466.3191,670.0,198.9846,1.0110917131731536,VLG12BR_219,fuel,N,49512.21126533439,0.0,False
69844.42561104907,727.8462,-17677.11396798286,-49537.25612302221,9866.326993841145,50.96681533066757,4.026441465164678,32370.0,0.798147,465.5135,594.0,198.9883,0.9890487417804829,VLG12BR_219,fuel,N,48302.17736103966,0.0,False
69838.04701401366,734.2308,-18174.50073390067,-50982.73139348948,9885.580870838994,50.95380035852694,4.019411628623097,32433.0,0.796988,464.7075,517.0,198.9923,0.9665961023199856,VLG12BR_219,fuel,N,47079.52282806515,0.0,False
69831.81389541397,740.6154,-18671.145342963122,-52425.72246180792,9902.349815423215,50.940807329725686,4.012396191721515,32488.0,0.795785,463.8931,440.0,198.9965,0.9439974083703095,VLG12BR_219,fuel,N,45857.89227038917,0.0,False
69825.72727868697,747.0001,-19167.0417552098,-53866.19815793945,9916.633827593838,50.92783652709245,4.0053952162035475,32535.0,0.794544,463.0735,364.0,199.0008,0.9215360484263019,VLG12BR_219,fuel,N,44652.11044289058,0.0,False
69819.78812732085,753.3847,-19662.18547081486,-55304.137537806,9928.432907350909,50.91488814145234,3.998408742211268,32574.0,0.793255,462.2427,287.0,199.0053,0.8986495889626881,VLG12BR_219,fuel,N,43432.36789382287,0.0,False
69813.99744578011,759.7693,-20156.569662592046,-56739.49995205618,9937.747054694495,50.90196254093196,3.9914368418687034,32604.0,0.791917,461.4008,211.0,199.0105,0.8759108465703018,VLG12BR_219,fuel,N,42228.21482292347,0.0,False
69808.35621054692,766.1539,-20650.19591328526,-58172.2418526798,9944.576269624722,50.88906011943792,3.9844794669936134,32627.0,0.790521,460.5419,134.0,199.0159,0.8527269787852287,VLG12BR_219,fuel,N,41009.03275923759,0.0,False
69802.86543643191,772.5385,-21143.050976491413,-59602.30405659812,9948.920552141808,50.876181412018354,3.9775367797079912,32641.0,0.789062,459.6627,57.0,199.0218,0.8293968464754526,VLG12BR_219,fuel,N,39789.845533051164,0.0,False
69797.52614206016,778.9231,-21635.121309319664,-61029.616699974475,9950.77990224647,50.8633270498223,3.9706089452766244,32647.0,0.78793,458.9909,-0.0,199.0275,0.811999414342769,VLG12BR_219,fuel,N,38885.524629322164,0.0,False
69792.30094767192,785.3078,-22126.62203311341,-62454.81467553773,9950.779902184002,50.850491317254296,3.963692914297489,32647.0,0.787941,458.9974,-0.0,199.0329,0.8119690600569496,VLG12BR_219,fuel,N,38884.09969172209,0.0,False
69787.07593294774,791.6924,-22618.264194437957,-63879.986392989995,9950.779902121521,50.83765540680203,3.9567786725867555,32647.0,0.787952,459.0038,-0.0,199.0379,0.811938599424468,VLG12BR_219,fuel,N,38882.66608427298,0.0,False
69781.85109897208,798.077,-23110.036912342213,-65305.13524845514,9950.779902059026,50.82481928841536,3.949866373118165,32647.0,0.787964,459.0105,-0.0,199.0428,0.8119084839960158,VLG12BR_219,fuel,N,38881.260021345435,0.0,False
69776.62644259229,804.4616,-23601.93757334829,-66730.26307747261,9950.779901996513,50.81198294577526,3.94295605094792,32647.0,0.787973,459.0161,-0.0,199.0478,0.8118771329607556,VLG12BR_219,fuel,N,38879.75471977011,0.0,False
69771.40197492155,810.8462,-24093.970191005817,-68155.36508616911,9950.779901933995,50.79914642191229,3.936047646372431,32647.0,0.787981,459.0207,-0.0,199.0532,0.8118446585574302,VLG12BR_219,fuel,N,38878.159179987124,0.0,False
69766.177708584,817.2308,-24586.141280410553,-69580.43515740681,9950.779901871465,50.78630977163634,3.929141064056294,32647.0,0.78799,459.0257,-0.0,199.0588,0.8118126418296706,VLG12BR_219,fuel,N,38876.6002013029,0.0,False
69760.95363839215,823.6155,-25078.4580340815,-71005.47235900591,9950.779901808917,50.773473003076724,3.9222361994606385,32647.0,0.787997,459.0299,-0.0,199.0643,0.8117797270425727,VLG12BR_219,fuel,N,38874.96905860811,0.0,False
69755.72977347737,830.0001,-25570.914901245087,-72430.47580356045,9950.779901746359,50.76063612450261,3.9153331293275877,32647.0,0.788001,459.0319,-0.0,199.0692,0.8117443314731829,VLG12BR_219,fuel,N,38873.13884361996,0.0,False
69750.50613919017,836.3847,-26063.49699930975,-73855.44289879502,9950.779901683785,50.74779915995667,3.908432062819371,32647.0,0.788006,459.035,-0.0,199.0738,0.8117101841952515,VLG12BR_219,fuel,N,38871.40859781078,0.0,False
69745.28272305058,842.7693,-26556.196028735496,-75280.38028874002,9950.7799016212,50.734962050164725,3.901533115988585,32647.0,0.788009,459.037,-0.0,199.0781,0.811674798509425,VLG12BR_219,fuel,N,38869.578930819465,0.0,False
69740.0595378304,849.1539,-27049.004531498227,-76705.28664780487,9950.779901558597,50.72212480751226,3.8946363922518503,32647.0,0.788003,459.0334,-0.0,199.0826,0.811633085529845,VLG12BR_219,fuel,N,38867.241953885066,0.0,False
69734.83664725276,855.5385,-27541.92011130646,-78130.1434039578,9950.779901495984,50.709287599265664,3.887741921724561,32647.0,0.787999,459.0309,-0.0,199.0874,0.8115926199758309,VLG12BR_219,fuel,N,38865.004982793806,0.0,False
69729.6140380422,861.9231,-28034.95210813726,-79554.95134309569,9950.779901433361,50.6964504180404,3.880849569253557,32647.0,0.787996,459.0292,-0.0,199.0924,0.8115530629266147,VLG12BR_219,fuel,N,38862.84080082727,0.0,False
69724.39170152097,868.3078,-28528.106509636615,-80979.71101149521,9950.779901370723,50.68361325874129,3.8739592474006246,32647.0,0.787997,459.03,-0.0,199.0972,0.811516337706894,VLG12BR_219,fuel,N,38860.90344143803,0.0,False
69719.16960922544,874.6924,-29021.38290291454,-82404.43118993458,9950.779901308078,50.67077604252192,3.867070960298367,32647.0,0.787997,459.0297,-0.0,199.1015,0.811478372492714,VLG12BR_219,fuel,N,38858.86666423956,0.0,False
69713.94777324988,881.077,-29514.765866961294,-83829.11351859404,9950.77990124542,50.657938755521585,3.8601849244428257,32647.0,0.787995,459.0285,-0.0,199.1049,0.8114393931122481,VLG12BR_219,fuel,N,38856.748599131024,0.0,False
69708.7262047395,887.4616,-30008.23039846318,-85253.76324885222,9950.779901182752,50.64510135195409,3.853301492287932,32647.0,0.787992,459.0271,-0.0,199.1071,0.8114001913894929,VLG12BR_219,fuel,N,38854.612687499524,0.0,False
69703.50490565666,893.8462,-30501.74865119719,-86678.38941492478,9950.779901120073,50.63226375224823,3.846421056548281,32647.0,0.78799,459.0255,-0.0,199.1086,0.8113607672435813,VLG12BR_219,fuel,N,38852.458932642265,0.0,False
69698.2838768614,900.2308,-30995.303627280588,-88102.99763208335,9950.779901057384,50.61942590708981,3.839543855505226,32647.0,0.78799,459.0256,-0.0,199.1101,0.8113232713974033,VLG12BR_219,fuel,N,38850.459485773805,0.0,False
69693.06310040024,906.6155,-31488.894274787355,-89527.59371729719,9950.779900994683,50.60658776453751,3.8326699012742145,32647.0,0.787992,459.0268,-0.0,199.1119,0.811287025291398,VLG12BR_219,fuel,N,38848.55997581559,0.0,False
69687.84256383593,913.0001,-31982.532831466182,-90952.1772037533,9950.779900931973,50.59374932842719,3.825799017181288,32647.0,0.787993,459.0274,-0.0,199.1146,0.8112501043838392,VLG12BR_219,fuel,N,38846.60636365728,0.0,False
69682.62227289725,919.3847,-32476.23844436174,-92376.73970179212,9950.779900869245,50.580910673415055,3.818930928195578,32647.0,0.787995,459.0287,-0.0,199.1176,0.8112139807277704,VLG12BR_219,fuel,N,38844.71644869674,0.0,False
69677.40222046518,925.7693,-32970.02023746796,-93801.28020186565,9950.779900806516,50.56807180829537,3.812065502112978,32647.0,0.787993,459.0277,-0.0,199.1203,0.811175256402417,VLG12BR_219,fuel,N,38842.618376046834,0.0,False
69672.18243222855,932.1539,-33463.86731292248,-95225.79465201855,9950.779900743773,50.55523277035124,3.805202889988412,32647.0,0.787986,459.0233,-0.0,199.1222,0.8111326843166257,VLG12BR_219,fuel,N,38840.21251241996,0.0,False
69666.96294698873,938.5385,-33957.75712587864,-96650.27904858027,9950.779900681024,50.54239359715155,3.798343407504565,32647.0,0.787981,459.0206,-0.0,199.123,0.8110920416636636,VLG12BR_219,fuel,N,38837.96099821435,0.0,False
69661.74374561808,944.9232,-34451.66302273032,-98074.74844110946,9950.779900618258,50.529554155239616,3.7914874298807786,32647.0,0.78798,459.0199,-0.0,199.1231,0.8110536689837522,VLG12BR_219,fuel,N,38835.89095935862,0.0,False
69656.52480461373,951.3078,-34945.57132570392,-99499.21471482825,9950.779900555488,50.51671433892052,3.7846351481920375,32647.0,0.787982,459.0212,-0.0,199.1229,0.8110175671035784,VLG12BR_219,fuel,N,38834.002374989155,0.0,False
69651.30610166962,957.6924,-35439.47780139156,-100923.68611675037,9950.779900492713,50.50387407468479,3.7777866194855996,32647.0,0.787984,459.0225,-0.0,199.1228,0.8109814698781468,VLG12BR_219,fuel,N,38832.11405739681,0.0,False
71037.09179637296,0.0,34058.248652411676,101161.1217040242,30.480000007038786,52.32130050623839,4.779960155495642,100.0,0.3,198.3755,2208.0,183.0038,1.884386240064435,VLG12BR_219,pop,N,114042.48158494712,0.1753901182768655,False
71024.65499174237,6.598,34023.19049859781,100493.01138049406,104.4953542554566,52.315294379691544,4.7793766872484245,343.0,0.320566,211.7974,2287.0,183.0038,1.8589243172577659,VLG12BR_219,pop,N,110899.37233569936,0.14297639662385975,False
71012.38667940492,13.196,33985.74780917867,99779.45847994837,181.1644864903332,52.308879733675546,4.7787537117641525,594.0,0.341576,225.4835,2367.0,175.6749,1.8387155147558538,VLG12BR_219,pop,N,108537.4017158867,0.11614771291566894,False
71000.25409571787,19.7939,34043.13380724803,99020.69261852586,260.48739749254685,52.30205264463584,4.779520897120748,855.0,0.362814,239.2876,2446.0,177.1022,1.8235129371618555,VLG12BR_219,pop,N,106828.8322049529,0.10041898048790476,False
70988.2225851719,26.3919,34083.96802233239,98213.99935042749,342.46408670645485,52.29479556383722,4.780039622143881,1124.0,0.384286,253.2134,2525.0,178.8518,1.8131987375252314,VLG12BR_219,pop,N,105700.19941651908,0.08983293959225971,False
70976.26000390721,32.9899,34101.099350065786,97359.24339768803,427.0945530994252,52.28710771959586,4.78020485248377,1401.0,0.406001,267.2645,2604.0,179.6075,1.8073439096500539,VLG12BR_219,pop,N,105069.89758621005,0.08143025735360769,False
70964.33703880345,39.5879,34107.28151614437,96456.71472150512,514.3787949701989,52.27899093330493,4.780204255018489,1688.0,0.427967,281.4441,2683.0,179.6036,1.8054977623809227,VLG12BR_219,pop,N,104872.65674195223,0.07311660884196569,False
70952.42729759357,46.1858,34113.85825380447,95506.13288158756,604.3168094102302,52.27044198244116,4.780204594676461,1983.0,0.450162,295.736,2762.0,175.5664,1.8072425912907872,VLG12BR_219,pop,N,105059.05428656374,0.06492843510509444,False
70940.50716727467,52.7838,34191.08722569422,94510.085860986,696.9085951079708,52.26147979733556,4.781238395608465,2286.0,0.472139,309.8458,2842.0,170.2646,1.8124976873298528,VLG12BR_219,pop,N,105624.34018949221,0.06051713118884538,False
70928.55486682878,59.3818,34368.10650388452,93478.31799615006,792.1541482338978,52.2521901708113,4.783734020853957,2599.0,0.493797,323.705,2921.0,166.782,1.8202044448775194,VLG12BR_219,pop,N,106464.20234267465,0.056234470958325296,False
70916.55275345367,65.9798,34618.20885510214,92413.50318224954,890.0534588867272,52.24259873131766,4.787298546698371,2920.0,0.515048,337.256,3000.0,165.0131,1.8299777746274335,VLG12BR_219,pop,N,107548.62929744743,0.05162189468125804,False
70904.48719701734,72.5777,34912.93064747619,91312.58141991573,990.6064866850137,52.23267966315906,4.791512963124111,3250.0,0.53582,350.4512,3000.0,164.868,1.8277453833866564,VLG12BR_219,pop,N,107298.96608569185,0.04750627969056993,False
70892.4376234987,79.1757,35222.16653152987,90169.04256253954,1091.1596088541621,52.22237627042834,4.7959341303716965,3580.0,0.556467,363.5328,3000.0,166.1139,1.8279823891929112,VLG12BR_219,pop,N,107325.41609674855,0.044129310516365296,False
70880.38768539448,85.7737,35517.150934782265,88975.82573995457,1191.712734314651,52.211626879692936,4.800138884322966,3910.0,0.56561,369.0761,3000.0,167.199,1.826841549512393,VLG12BR_219,pop,N,107198.21882717147,0.04182102502665827,False
70868.34571563017,92.3717,35793.66617521711,87758.84213711305,1292.2658604543515,52.20066480416104,4.804068117796285,4240.0,0.568833,370.7467,3000.0,167.8828,1.8241995853709188,VLG12BR_219,pop,N,106904.82164899178,0.03998506018923612,False
70856.32124684962,98.9696,36056.82918728714,86533.08801212416,1392.8189867856834,52.18962459793746,4.807798636649636,4570.0,0.57208,372.427,3000.0,168.2061,1.8215475212940777,VLG12BR_219,pop,N,106611.92275284225,0.03839781900181319,False
70844.31434545982,105.5676,36314.240704859156,85300.27288378168,1493.3721132728751,52.178521154682244,4.811442218633583,4900.0,0.575351,374.1172,3000.0,168.1911,1.8188854360843831,VLG12BR_219,pop,N,106319.52524197081,0.03695350820131186,False
70832.32507774956,112.1656,36573.15127522141,84061.89719762669,1593.9252398987087,52.167367496970066,4.81510537941629,5229.0,0.578645,375.8172,3000.0,167.8755,1.8162233190745103,VLG12BR_219,pop,N,106028.71180193158,0.03568302248636959,False
70820.35350989302,118.7636,36840.09472801126,82819.3126590478,1694.4783666779392,52.15617534434366,4.81888401094175,5559.0,0.581962,377.5271,3000.0,167.3068,1.8135411909269086,VLG12BR_219,pop,N,105737.29437753903,0.034520389777242165,False
70808.39970795326,125.3616,37120.635926447554,81573.7644003189,1795.0314935611748,52.14495551052209,4.822859701525374,5889.0,0.585304,379.2471,3000.0,166.9619,1.8108491055390084,VLG12BR_219,pop,N,105446.36868378919,0.03364663004109325,False
70796.4637378504,131.9595,37409.989134206895,80324.22784477264,1895.5846200946155,52.13369908484896,4.826962069747821,6219.0,0.58867,380.977,3000.0,166.7443,1.8081469644851762,VLG12BR_219,pop,N,105155.91865582796,0.03348172725662571,False
70784.54566542138,138.5575,37705.43544840572,79070.07181298539,1996.137746089684,52.122400562965126,4.8311511172221415,6549.0,0.592061,382.7171,3000.0,166.5386,1.8054348912257199,VLG12BR_219,pop,N,104865.95217992921,0.03332414319060727,False
70772.6455564134,145.1555,38006.759560170176,77811.22860479374,2096.6908715275636,52.111059341632206,4.835423606577902,6879.0,0.595476,384.4672,3000.0,166.357,1.802712783992824,VLG12BR_219,pop,N,104576.45303632718,0.03315753963003446,False
70760.76347647644,151.7535,38313.4760836499,76547.56201335289,2197.243996396828,52.09967422045953,4.839772341590875,7209.0,0.598916,386.2276,3000.0,166.2047,1.7999807669550982,VLG12BR_219,pop,N,104287.42913650234,0.03299860870556757,False
70748.899491167,158.3514,38624.97916595683,75278.90093532972,2297.7971206966085,52.088243694500385,4.844188365401294,7539.0,0.602381,387.9982,3000.0,166.0866,1.7972387815531898,VLG12BR_219,pop,N,103998.8689991053,0.032837406651412826,False
70737.05366595213,164.9494,38940.54527923315,74005.03961399352,2398.3502444092505,52.07676595661655,4.848661003551514,7869.0,0.605871,389.7791,3000.0,166.0025,1.7944868600035726,VLG12BR_219,pop,N,103710.77081270548,0.03265980328938716,False
70725.226066213,171.5474,39259.4438964595,72725.76548162263,2498.9033675402197,52.06523914041177,4.853179488288132,8199.0,0.609386,391.5704,3000.0,165.8429,1.791725034629376,VLG12BR_219,pop,N,103423.13276790969,0.03237131269588139,False
70713.4167572621,178.1454,39583.39579503177,71441.47814904423,2599.456490361029,52.05366671166216,4.8577689813526606,8528.0,0.612927,393.3721,3000.0,165.8678,1.7889639804008826,VLG12BR_219,pop,N,103137.05292650401,0.0317480027476854,False
70701.62580432558,184.7433,39908.286028154514,70151.10872747921,2700.0096130148236,52.042039345212665,4.862369127041095,8858.0,0.616494,395.1842,3000.0,166.162,1.786182365178932,VLG12BR_219,pop,N,102850.31594567175,0.03109865789175647,False
70689.85327255118,191.3413,40228.01851323054,68853.10412232444,2800.562735548938,52.0303435141008,4.866890613796707,9188.0,0.620087,397.0069,3000.0,166.7197,1.7833908929771483,VLG12BR_219,pop,N,102564.0286439241,0.030439204838332717,False
70678.09922701615,197.9393,40536.526631113615,67546.0168780871,2901.1158580144247,52.018566652615895,4.8712446613907385,9518.0,0.623706,398.8401,3000.0,167.5491,1.7805894979519024,VLG12BR_219,pop,N,102278.17926600436,0.029770397615423872,False
70666.36373273136,204.5373,40827.42506248759,66228.51342259723,3001.6689804470875,52.00669725498231,4.875337937211734,9848.0,0.627351,400.684,3000.0,168.6523,1.777778258579946,VLG12BR_219,pop,N,101992.77086520643,0.02909143603535609,False
70654.6468546447,211.1353,41094.1382515405,64899.506453214155,3102.222102881134,51.99472605553985,4.879074457190229,10178.0,0.631023,402.5385,3000.0,170.0447,1.7749571067154921,VLG12BR_219,pop,N,101707.79161734499,0.02841641267552543,False
70642.94865764517,217.7332,41329.56751862892,63558.19968905627,3202.775225328358,51.98264645386274,4.882350737889166,10508.0,0.634721,404.4038,3000.0,171.7146,1.7721261206031984,VLG12BR_219,pop,N,101423.24456911202,0.027849334768682073,False
70631.26920655348,224.3312,41526.72439244867,62204.325867892905,3303.328347663383,51.97045660537995,4.885065084211151,10838.0,0.638447,406.2799,3000.0,173.5315,1.7692852798551693,VLG12BR_219,pop,N,101139.12282567238,0.027395535945321788,False
70619.60856614097,230.9292,41681.57488276665,60838.54338332508,3403.881469862509,51.95816277083412,4.887159146178878,11168.0,0.642199,408.1669,3000.0,175.4743,1.766434613125746,VLG12BR_219,pop,N,100855.42445612937,0.026962629228126703,False
70607.96680113614,237.5272,41790.539210729454,59461.900589332516,3504.4345919178454,51.945774678680166,4.888581321228882,11497.0,0.645979,410.0648,3000.0,177.5399,1.7635853689065117,VLG12BR_219,pop,N,100573.2559404516,0.02655460450038952,False
70596.3439762227,244.1251,41850.092487801565,58075.778334595765,3604.987713813281,51.933305034898716,4.889280914370648,11827.0,0.649787,411.9736,3000.0,179.7277,1.7607150471304465,VLG12BR_219,pop,N,100290.38437013359,0.02617311886470205,False
70584.74015604323,250.7231,41856.7164881872,56681.903444178126,3705.5408355277023,51.92076964481433,4.8892074348113965,12157.0,0.653623,413.8934,3000.0,182.0359,1.757834881087124,VLG12BR_219,pop,N,100007.92031108306,0.025825214420747488,False
70573.15540520253,257.3211,41806.96462731188,55282.36991825847,3806.0939570373275,51.90818759566081,4.888311543813775,12487.0,0.657486,415.8244,3000.0,184.4073,1.7549449491921971,VLG12BR_219,pop,N,99725.8668171766,0.025536372609446432,False
70561.58978825546,263.9191,41698.84322216286,53879.54845761446,3906.647078167032,51.89558033640719,4.886565168038914,12817.0,0.661378,417.7664,3000.0,186.7447,1.752045123978358,VLG12BR_219,pop,N,99444.20689670093,0.02554166866154782,False
70550.04336972507,270.517,41532.82318502905,52475.7474447175,4007.200198765296,51.882968552594726,4.883976163957278,13147.0,0.665298,419.7197,3000.0,189.0492,1.7491355348061628,VLG12BR_219,pop,N,99162.94861219497,0.02556889443293832,False
70538.51621412837,277.115,41309.44766210963,51073.199906010464,4107.753318787052,51.870372229326776,4.88055341849367,13477.0,0.669247,421.6841,3000.0,191.311,1.7462160517935357,VLG12BR_219,pop,N,98882.07495500645,0.025619183592688333,False
70527.00838596097,283.713,41029.58325945337,49674.01261101931,4208.306438182128,51.85781017579669,4.876310496015868,13807.0,0.673225,423.6599,3000.0,193.5196,1.7432868046442722,VLG12BR_219,pop,N,98601.5939985661,0.02568824187768668,False
70515.51994970084,290.311,40694.4341526161,48280.120256835224,4308.859556894639,51.845299613859645,4.871265828868624,14137.0,0.677231,425.647,3000.0,195.6688,1.7403477139941839,VLG12BR_219,pop,N,98321.4937514645,0.025777391944265506,False
70504.05096981178,296.9089,40305.42349958431,46893.27349721735,4409.4126748708095,51.83285608105624,4.865440981302029,14467.0,0.681268,427.6455,3000.0,197.8153,1.7373988045813702,VLG12BR_219,pop,N,98041.7722628284,0.025887221389201125,False
70492.60151075429,303.5069,39862.66347057099,45515.50284143578,4509.9657921492235,51.820497713584345,4.858838438394788,14796.0,0.685333,429.6554,3000.0,200.0295,1.7344519505151776,VLG12BR_219,pop,N,97763.5437507462,0.02575636381493706,False
70481.17163699676,310.1049,39364.66465969749,44149.44807291758,4610.5189089447795,51.80824822461626,4.851437438600814,15126.0,0.689428,431.6768,3000.0,202.0826,1.7314834329737592,VLG12BR_219,pop,N,97484.56457838864,0.02553101858228189,False
70469.7614129821,316.7029,38815.460594075834,42795.745605897144,4711.072025286049,51.79611290688214,4.843297298818716,15456.0,0.693554,433.7098,3000.0,203.9815,1.7285051163751717,VLG12BR_219,pop,N,97205.9533247835,0.025295698142374756,False
70458.37090315168,323.3009,38218.894505296645,41454.67121086914,4811.6251411923,51.78409382452252,4.834474450715342,15786.0,0.697709,435.7543,3000.0,205.7412,1.72551691719878,VLG12BR_219,pop,N,96927.69805809626,0.025038531849872613,False
70447.0001719491,329.8988,37578.41078791708,40126.28886465337,4912.178256687889,51.772191168088334,4.825019434066754,16116.0,0.701895,437.8105,3000.0,207.3778,1.7225189126752616,VLG12BR_219,pop,N,96649.80189751548,0.024756975061804135,False
70435.64928382302,336.4968,36897.035041757714,38810.53547835202,5012.731371810239,51.760404018431366,4.814976626771706,16446.0,0.706111,439.8785,3000.0,208.9062,1.7195111266422445,VLG12BR_219,pop,N,96372.2629578102,0.02444878367768437,False
70424.31830323003,343.0948,36177.41094167636,37507.27132796134,5113.284486600207,51.7487307976798,4.804384796221503,16776.0,0.710359,441.9581,3000.0,209.976,1.716493419586162,VLG12BR_219,pop,N,96095.0643845808,0.024157303098815797,False
70413.00729461858,349.6928,35430.04873731517,36211.547482783186,5213.837600788962,51.737126187442236,4.793396408200464,17106.0,0.714637,444.0496,3000.0,210.5837,1.713465923208198,VLG12BR_219,pop,N,95818.21433953961,0.02422812640284124,False
70401.71632244448,356.2907,34665.36827668233,34917.704892414986,5314.390714215494,51.725538540322525,4.782162427614269,17436.0,0.718947,446.1529,3000.0,211.0572,1.7104285514790911,VLG12BR_219,pop,N,95541.70103042989,0.024234249019398232,False
70390.44545120547,362.8887,33886.33526979579,33624.10182128796,5414.943826938431,51.713952842172326,4.770725914451574,17766.0,0.723288,448.2682,3000.0,211.3249,1.7073813821306048,VLG12BR_219,pop,N,95265.52765256519,0.024133004656023818,False
70379.19474542011,369.4867,33097.528830107054,32328.012861360992,5515.496939068543,51.70234425361891,4.759153207959413,18095.0,0.727661,450.3954,3000.0,211.4464,1.7043368414761122,VLG12BR_219,pop,N,94990.80911104649,0.023918027409941155,False
70367.9642696253,376.0847,32302.20371689427,31027.433125630858,5616.050050725413,51.69069451651459,4.747491459649081,18425.0,0.732066,452.5345,3000.0,211.4508,1.7012699300414886,VLG12BR_219,pop,N,94715.28589626969,0.023602219026195647,False
70356.75408837911,382.6826,31502.986619132025,29720.712763937037,5716.603162030116,51.678988619141315,4.735778714928318,18755.0,0.736503,454.6858,3000.0,211.3041,1.6981932345487956,VLG12BR_219,pop,N,94440.092429367,0.023186746785095354,False
70345.5642662629,389.2806,30703.319005582962,28405.705028987566,5817.156273084092,51.66720705158919,4.724064765936248,19085.0,0.740973,456.8491,3000.0,210.6439,1.6951066119185854,VLG12BR_219,pop,N,94165.2122013708,0.022787966581857295,False
70334.39486785355,395.8786,29915.111776881145,27075.244903311468,5917.709383650633,51.65528474310364,4.712521712917161,19415.0,0.745475,459.0246,3000.0,209.8298,1.6920101404762768,VLG12BR_219,pop,N,93890.6485492487,0.02263845367936078,False
70323.24595776692,402.4766,29142.209594057207,25727.30796619052,6018.2624936043985,51.64320333797546,4.701205074750463,19745.0,0.75001,461.2123,3000.0,209.033,1.688903787777601,VLG12BR_219,pop,N,93616.39496536105,0.022474215152961767,False
70312.11760065553,409.0746,28384.520660523303,24362.253243534054,6118.815602618137,51.63096613405481,4.690113488112806,20075.0,0.754578,463.4122,3000.0,208.3177,1.6857875212545066,VLG12BR_219,pop,N,93342.44503758525,0.020652956939290475,False
70301.00986132887,415.6725,27640.38507226423,22981.266178073955,6219.36870117189,51.61858393655525,4.679222936196098,20405.0,0.75918,465.6245,3000.0,207.8338,1.682661420235562,VLG12BR_219,pop,N,93068.84427735112,0.013253134099386514,False
70289.92280092547,422.2705,26904.430210002232,21587.396556989876,6319.921779723748,51.60608448457708,4.668455797176537,20735.0,0.763816,467.8491,3000.0,207.6004,1.6795253965880699,VLG12BR_219,pop,N,92795.9513001754,0.005890616330957285,False
70278.85645071676,428.8685,26170.657123400837,20183.8427817708,6420.4748232488855,51.59349685390756,4.657725449992268,21065.0,0.768485,470.086,3000.0,207.5596,1.6763794177462956,VLG12BR_219,pop,N,92524.6717096947,0.0,False
70267.81076877132,435.4665,25434.36809380073,18773.028878704954,6521.027854114325,51.580843065775156,4.6469641161818735,21394.0,0.773188,472.3354,3000.0,207.5483,1.6732366550721278,VLG12BR_219,pop,N,92257.63132071099,0.0,False
70256.78559543134,442.0644,24694.82284878511,17355.294319390257,6621.580882177452,51.568126196369796,4.6361611810988395,21724.0,0.777925,474.5972,3000.0,207.5374,1.670070890186246,VLG12BR_219,pop,N,91994.69032327575,0.0,False
70245.78060349401,448.6624,23951.993396046142,15930.606203856985,6722.133907359633,51.555345938852554,4.6253163162314666,22054.0,0.782698,476.8715,3000.0,207.5297,1.6668951801720118,VLG12BR_219,pop,N,91739.75902215202,0.0,False
70234.79524437332,455.2604,23205.786118708267,14498.965666953996,6822.686929606588,51.54250229498272,4.614428247361766,22384.0,0.787505,479.1583,3000.0,207.5234,1.6637094881714625,VLG12BR_219,pop,N,91496.31819882529,0.0,False
70223.82869069163,461.8584,22456.144725175247,13060.354197063678,6923.239948899535,51.5295950878113,4.603496240322263,22714.0,0.792346,481.4578,3000.0,207.5191,1.6605138877864285,VLG12BR_219,pop,N,91268.60406628065,0.0,False
70212.87977506303,468.4563,21703.003396007785,11614.758079256979,7023.792965268442,51.51662418355237,4.592519424860015,23044.0,0.797224,483.7698,3000.0,207.5151,1.6573082243258488,VLG12BR_219,pop,N,91061.61445321598,0.0,False
70201.94692522389,475.0543,20946.33419696691,10162.143707017674,7124.345978806974,51.50358926773002,4.581497478315112,23374.0,0.802136,486.0945,3000.0,207.5127,1.6540925651869183,VLG12BR_219,pop,N,90881.20221886683,0.0,False
70191.0280958136,481.6523,20186.07687722916,8702.494174989462,7224.898989686889,51.49049017702984,4.5704296132067626,23704.0,0.807085,488.4323,3000.0,207.5107,1.6508670867070987,VLG12BR_219,pop,N,90734.11982821667,0.0,False
70180.12069518141,488.2503,19422.202548643116,7235.774891809998,7325.4519929071375,51.47732658763855,4.559315495300537,24034.0,0.812047,490.7685,3000.0,207.5079,1.6476234397439342,VLG12BR_219,pop,N,90626.48396892984,0.0,False
70169.22163136752,494.8482,18654.7356459345,5761.979225063038,7426.004997280375,51.464098425225515,4.548155562570644,24364.0,0.816695,492.9063,3000.0,207.5055,1.6442508110961211,VLG12BR_219,pop,N,90542.62188261496,0.0,False
70158.32901702596,501.4462,17883.977254686197,4281.710433240608,7526.558002219961,51.45081109164518,4.536954276183039,24693.0,0.819997,494.225,3000.0,207.504,1.640420250579053,VLG12BR_219,pop,N,90399.39019690524,0.0,False
70147.44754051261,508.0442,17111.187954392928,2797.450882339213,7627.111005402411,51.437486860456204,4.525730020741852,25023.0,0.819997,493.5494,3000.0,207.5033,1.6355134258636774,VLG12BR_219,pop,N,90014.01019183386,0.0,False
70136.59617403388,514.6422,16339.480090566623,1315.219754189529,7727.664004539808,51.42417976586697,4.514528008779114,25353.0,0.819997,492.873,3000.0,207.5035,1.6306858788230394,VLG12BR_219,pop,N,89638.15599301309,0.0,False
70125.77432967917,521.2402,15568.828380348736,-164.96617626376613,7828.216999524888,51.410889965172125,4.503347842496513,25683.0,0.819998,492.1956,3000.0,207.5006,1.6259391667587786,VLG12BR_219,pop,N,89271.80951013014,0.0,False
70114.98140636664,527.8381,14799.317243980468,-1643.1472532450694,7928.769990251246,51.39761709902184,4.492190703334255,26013.0,0.819998,491.5172,3000.0,207.4994,1.6212749265071802,VLG12BR_219,pop,N,88914.98114006012,0.0,False
70104.21678999544,534.4361,14030.902045193367,-3119.2966183429794,8029.322976604806,51.3843614161539,4.481055914782719,26343.0,0.819998,490.8379,2973.0,207.4977,1.612070477652863,VLG12BR_219,pop,N,88196.72363957718,0.0,False
70093.50952699417,541.0341,13263.567359765444,-4593.474196027812,8128.98183335216,51.371122383974374,4.4699432186158825,26670.0,0.819997,490.1635,2894.0,207.4931,1.5938270467875095,VLG12BR_219,pop,N,86774.51875636404,0.0,False
70082.91879633874,547.6321,12497.324423863438,-6065.843382313501,8225.987085522573,51.35789853869965,4.458852737971992,26988.0,0.819997,489.506,2815.0,207.4874,1.5754089918446306,VLG12BR_219,pop,N,85367.42131964357,0.0,False
70072.44571913459,554.23,11732.178347259058,-7536.467784576244,8320.338643123583,51.34468931412446,4.4477845126739615,27298.0,0.819996,488.8656,2736.0,207.4817,1.5568082095266575,VLG12BR_219,pop,N,83974.1304585684,0.0,False
70062.09139068869,560.828,10968.09991557834,-9005.393139920954,8412.036476262318,51.33149430536324,4.436738089856089,27599.0,0.819995,488.242,2657.0,207.4748,1.5380414944443208,VLG12BR_219,pop,N,82594.71621480983,0.0,False
70051.85688442046,567.426,10205.09591834683,-10472.683618864203,8501.08057007675,51.318312940821315,4.4257135353392725,27891.0,0.819993,487.6351,2577.0,207.4661,1.5189225635462074,VLG12BR_219,pop,N,81214.72342471412,0.0,False
70041.743256495,574.024,9443.187830873569,-11938.40978593946,8587.470915722655,51.30514459105287,4.414711126647874,28174.0,0.819986,487.0432,2498.0,207.4532,1.4998316403371343,VLG12BR_219,pop,N,79861.01304925708,0.0,False
70031.75156218054,580.6219,8682.461155588842,-13402.669429957437,8671.207507369845,51.29198838078814,4.403732061751206,28449.0,0.819934,486.4416,2419.0,207.4393,1.4805626071304199,VLG12BR_219,pop,N,78515.42748472438,0.0,False
70021.88313548116,587.2199,7922.95750250659,-14865.442421404916,8752.290340915499,51.278844496201344,4.392776909667802,28715.0,0.819305,485.5152,2340.0,207.4259,1.4609934999842762,VLG12BR_219,pop,N,77137.5290003947,0.0,False
70012.14310995568,593.8179,7165.1740631235625,-16325.739874009581,8830.719413342274,51.2657218301009,4.381852806100916,28972.0,0.818506,484.5068,2261.0,207.4117,1.4412288693295168,VLG12BR_219,pop,N,75758.42066143197,0.0,False
70002.53379274342,600.4159,6409.257389622924,-17783.319927871198,8906.494722373123,51.252622563730164,4.37096181838916,29221.0,0.817689,483.5061,2182.0,207.3952,1.421296818985586,VLG12BR_219,pop,N,74388.59492041155,0.0,False
69993.05641445695,607.0139,5655.255744160469,-19238.232296997914,8979.616266256264,51.2395462578866,4.36010459292577,29461.0,0.816879,482.5287,2102.0,207.3792,1.401006169629181,VLG12BR_219,pop,N,73015.98964784686,0.0,False
69983.71200657278,613.6118,4903.122218139806,-20690.53805360315,9050.084043627072,51.226492372283346,4.349280408971003,29692.0,0.81604,481.5521,2023.0,207.3594,1.3807687857880673,VLG12BR_219,pop,N,71665.28532301115,0.0,False
69974.50186418871,620.2098,4152.94789961048,-22140.28237089587,9117.89805341718,51.21346050834271,4.338490528507997,29914.0,0.815216,480.6035,1944.0,207.3435,1.3603898158198593,VLG12BR_219,pop,N,70325.26872558927,0.0,False
69965.42694545198,626.8078,3404.592765341446,-23587.49602514871,9183.058294792929,51.2004503988186,4.327732895669389,30128.0,0.814363,479.656,1865.0,207.3212,1.3398461469544665,VLG12BR_219,pop,N,68991.77104622479,0.0,False
69956.48852526609,633.4058,2658.2162863070657,-25032.26057307595,9245.564767112526,51.18746131762639,4.317009754122737,30333.0,0.813504,478.7238,1786.0,207.3013,1.3191574391406613,VLG12BR_219,pop,N,67666.51603561173,0.0,False
69947.68769769836,640.0037,1913.7357021450669,-26474.58765798313,9305.417469896182,51.174493169068505,4.306319871498896,30530.0,0.812639,477.8068,1707.0,207.2805,1.2983130283088151,VLG12BR_219,pop,N,66348.574400855,0.0,False
69939.02555307907,646.6017,1171.1471329149422,-27914.528306690543,9362.61640280515,51.16154550264505,4.295663148039983,30717.0,0.81175,476.8943,1627.0,207.257,1.2770991211217597,VLG12BR_219,pop,N,65023.08633681363,0.0,False
69930.50329917693,653.1997,430.51374263025485,-29352.127808019886,9417.161565627499,51.14861791936507,4.2850404457822835,30896.0,0.810864,476.0022,1548.0,207.2436,1.2559636641470155,VLG12BR_219,pop,N,63718.828359906605,0.0,False
69922.12194610953,659.7977,-308.4517131209839,-30787.31151367075,9469.052958269041,51.13571108434755,4.274449945818445,31066.0,0.809951,475.1128,1469.0,207.2143,1.2346805089955901,VLG12BR_219,pop,N,62419.788686361964,0.0,False
69913.88270752133,666.3956,-1045.3539828423156,-32220.288081333638,9518.290580748691,51.122823123557176,4.263892696082895,31228.0,0.80903,474.237,1390.0,207.1962,1.2132449218474606,VLG12BR_219,pop,N,61126.395132362115,0.0,False
69905.78665586835,672.9936,-1780.4933594814245,-33650.950276212025,9564.874433197663,51.109955029803935,4.253366583850454,31381.0,0.80809,473.3692,1311.0,207.172,1.1916660811661044,VLG12BR_219,pop,N,59838.15005991288,0.0,False
69897.83492025475,679.5916,-2513.7317080647836,-35079.39482345787,9608.804515862534,51.09710594158004,4.242873547039029,31525.0,0.807122,472.5032,1231.0,207.1493,1.169692138211304,VLG12BR_219,pop,N,58539.79866069038,0.0,False
69890.02869138205,686.1896,-3245.1080030821754,-36505.60400255916,9650.080829112243,51.08427602628296,4.232412985694272,31660.0,0.806143,471.6496,1152.0,207.1265,1.1478245960579487,VLG12BR_219,pop,N,57260.75845081613,0.0,False
69882.3690236071,692.7875,-3974.639765034144,-37929.61076817088,9688.703373449856,51.07146499549929,4.221984608093121,31787.0,0.805144,470.8027,1073.0,207.105,1.1258042875099954,VLG12BR_219,pop,N,55985.49750026499,0.0,False
69874.85702381613,699.3855,-4702.369228106075,-39351.41422474361,9724.67214952986,51.05867286491556,4.2115877691340495,31905.0,0.804118,469.9589,994.0,207.0811,1.1036406086209432,VLG12BR_219,pop,N,54713.8149382568,0.0,False
69867.49382740211,705.9835,-5428.2423149448205,-40771.048838132694,9757.987158182488,51.045899332880694,4.2012232027252105,32014.0,0.803069,469.1198,915.0,207.0545,1.0813352614918572,VLG12BR_219,pop,N,53445.65939823049,0.0,False
69860.28053472603,712.5815,-6152.197606963403,-42188.55868715959,9788.648400448596,51.03314401161713,4.190891747475301,32115.0,0.801992,468.2829,836.0,207.0307,1.058876630784208,VLG12BR_219,pop,N,52180.204066799735,0.0,False
69853.2182568607,719.1795,-6874.309362627474,-43603.909353844625,9816.655877627889,51.02040721792979,4.180592300293838,32207.0,0.800892,467.4505,756.0,207.0053,1.0360114169363674,VLG12BR_219,pop,N,50903.423556845795,0.0,False
69846.30805928835,725.7774,-7594.545324061338,-45017.12917802381,9842.009591348762,51.007688705243,4.170325282837897,32290.0,0.799754,466.6148,677.0,206.9792,1.013264662791914,VLG12BR_219,pop,N,49643.288066836525,0.0,False
69839.5510789484,732.3754,-8312.883220524343,-46428.21170418972,9864.709543669393,50.9949885398894,4.160090973105323,32365.0,0.798596,465.7858,598.0,206.9521,0.9903710603857764,VLG12BR_219,pop,N,48385.82602724149,0.0,False
69832.94831090905,738.9734,-9029.307044746602,-47837.185352844856,9884.755737231782,50.98230647453624,4.149889560225898,32430.0,0.797389,464.9467,519.0,206.9212,0.9673384113985233,VLG12BR_219,pop,N,47130.02805518227,0.0,False
69826.50092507285,745.5714,-9743.710995832469,-49244.06023906372,9902.148175503464,50.96964242805563,4.139722515268456,32487.0,0.796148,464.1058,440.0,206.8941,0.9441535888495162,VLG12BR_219,pop,N,45875.85302490068,0.0,False
69820.20996792475,752.1693,-10456.18273046661,-50648.77918169602,9916.886863183225,50.95699692148103,4.129588543922442,32536.0,0.794858,463.2546,361.0,206.8648,0.9208098908191409,VLG12BR_219,pop,N,44622.402895523024,0.0,False
69814.07655617534,758.7673,-11166.654320224166,-52051.33239270439,9928.971806931084,50.9443700522015,4.119488575073972,32575.0,0.793521,462.3943,281.0,206.8355,0.8970465846270939,VLG12BR_219,pop,N,43355.83382468048,0.0,False
69808.10176359599,765.3653,-11875.113479022442,-53451.6858012561,9938.403016830716,50.931762135132765,4.1094227418406835,32606.0,0.792129,461.5199,202.0,206.8061,0.873401524385523,VLG12BR_219,pop,N,42104.09278921849,0.0,False
69802.28669018911,771.9633,-12581.53506762127,-54849.79296136653,9945.180509801994,50.91917359679118,4.099391359945683,32629.0,0.790677,460.6288,123.0,206.7743,0.8495925208231985,VLG12BR_219,pop,N,40852.28888493824,0.0,False
69796.63243075355,778.5612,-13285.834767817942,-56245.62760438289,9949.30431984139,50.90660468369653,4.089395589222403,32642.0,0.789158,459.7162,44.0,206.7434,0.8256344044137909,VLG12BR_219,pop,N,39600.675463443244,0.0,False
69791.14009776339,785.1592,-13988.004311228535,-57639.10637352866,9950.774549220738,50.89405615428968,4.079435501649004,32647.0,0.788283,459.1963,0.0,206.7109,0.8121853942037438,VLG12BR_219,pop,N,38901.720241989635,0.0,False
69785.73817025055,791.7572,-14688.598935741613,-59031.421856044166,9950.774752493164,50.881517277778805,4.069503188250803,32647.0,0.788271,459.1897,0.0,206.682,0.8121390051264341,VLG12BR_219,pop,N,38899.03761097845,0.0,False
69780.33659253927,798.3552,-15388.479204834272,-60424.07137540568,9950.774953471611,50.86897457192371,4.0595864198835425,32647.0,0.788259,459.1824,0.0,206.6497,0.812091827558351,VLG12BR_219,pop,N,38896.29165004952,0.0,False
69774.93537289742,804.9532,-16087.565385194674,-61817.09183802319,9950.775152229993,50.856427710486265,4.049686322814151,32647.0,0.788247,459.1753,0.0,206.6202,0.812044879440314,VLG12BR_219,pop,N,38893.56440236051,0.0,False
69769.53450758367,811.5511,-16785.922162645154,-63210.45145116379,9950.775348815987,50.84387698120231,4.039801962344613,32647.0,0.788237,459.1696,0.0,206.5902,0.8119995183792945,VLG12BR_219,pop,N,38890.96514836723,0.0,False
69764.13398082022,818.1491,-17483.54111662912,-64604.158994294354,9950.775543278154,50.831322308843895,4.029933447403456,32647.0,0.788229,459.1649,0.0,206.5604,0.8119552921600877,VLG12BR_219,pop,N,38888.45737608,0.0,False
69758.73378152486,824.7471,-18180.427071069455,-65998.21510713699,9950.775735663568,50.81876369099937,4.020080697925184,32647.0,0.788222,459.1609,0.0,206.5326,0.8119118616047188,VLG12BR_219,pop,N,38886.01371863639,0.0,False
69753.33389979845,831.3451,-18876.63203147707,-67392.59650349735,9950.775926015802,50.80620133884479,4.01024296126174,32647.0,0.788213,459.1555,0.0,206.504,0.8118668503346234,VLG12BR_219,pop,N,38883.44296193342,0.0,False
69747.9343528304,837.943,-19572.132945273876,-68787.30875904016,9950.776114375203,50.793635206299044,4.00042055478383,32647.0,0.7882,459.148,0.0,206.4789,0.8118194657263722,VLG12BR_219,pop,N,38880.6814783333,0.0,False
69742.53516658992,844.541,-20267.010095294892,-70182.30313068461,9950.776300777152,50.78106573223519,3.9906123227962973,32647.0,0.788188,459.141,0.0,206.4496,0.8117726502506623,VLG12BR_219,pop,N,38877.96599129173,0.0,False
69737.13633417923,851.139,-20961.162122053378,-71577.63189807866,9950.776485263023,50.7684924532505,3.980819699082995,32647.0,0.788176,459.134,0.0,206.4283,0.8117258380111663,VLG12BR_219,pop,N,38875.25098044028,0.0,False
69731.73785537948,857.737,-21654.785812182185,-72973.19686609182,9950.776667870638,50.755916248428136,3.9710398691009803,32647.0,0.788167,459.1287,0.0,206.4003,0.8116809535661593,VLG12BR_219,pop,N,38872.69105185038,0.0,False
69726.33970901954,864.3349,-22347.719952252144,-74369.0845877192,9950.776848640293,50.74333634835607,3.9612751196140583,32647.0,0.788157,459.1233,0.0,206.3806,0.8116359593494844,VLG12BR_219,pop,N,38870.12242924617,0.0,False
69720.9418975163,870.9329,-23040.165242670297,-75765.19433336778,9950.77702760741,50.73075365414395,3.95152258181619,32647.0,0.788149,459.1184,0.0,206.3543,0.8115915347476569,VLG12BR_219,pop,N,38867.59966657716,0.0,False
69715.54441510586,877.5309,-23731.96197107613,-77161.6068586438,9950.77720480789,50.718167448687964,3.9417845202450437,32647.0,0.788139,459.1127,0.0,206.3376,0.8115462076986696,VLG12BR_219,pop,N,38865.004570697754,0.0,False
69710.147270054,884.1289,-24423.344398313406,-78558.2031921352,9950.777380274361,50.705578795088385,3.93205758986005,32647.0,0.788129,459.1068,0.0,206.3149,0.8115006575285888,VLG12BR_219,pop,N,38862.391714490426,0.0,False
69704.75046608703,890.7268,-25114.16307730201,-79955.0558982334,9950.777554039272,50.69298704956294,3.9223439086411354,32647.0,0.788118,459.1002,0.0,206.2997,0.8114543178599967,VLG12BR_219,pop,N,38859.71568320253,0.0,False
69699.35401034082,897.3248,-25804.603230806537,-81352.07087686166,9950.777726133723,50.68039305286977,3.912640831350425,32647.0,0.788107,459.094,0.0,206.2802,0.8114084345783779,VLG12BR_219,pop,N,38857.076440411205,0.0,False
69693.95789831154,903.9228,-26494.557244079224,-82749.30257500267,9950.777896589527,50.66779632245384,3.9029498805492184,32647.0,0.788097,459.0882,0.0,206.2656,0.8113630077804904,VLG12BR_219,pop,N,38854.473959899566,0.0,False
69688.5621256961,910.5208,-27184.14570933589,-84146.69264567339,9950.778065437347,50.65519737986773,3.893269332168691,32647.0,0.788087,459.0821,0.0,206.2501,0.8113172444666319,VLG12BR_219,pop,N,38851.84465963042,0.0,False
69683.16669552523,917.1188,-27873.346961817926,-85544.25067335617,9950.778232706287,50.64259614205443,3.8835994860405254,32647.0,0.788077,459.0766,0.0,206.2373,0.811272164360926,VLG12BR_219,pop,N,38849.270256857526,0.0,False
69677.77160053219,923.7167,-28562.22807317115,-86941.94578315079,9950.77839842597,50.62999288551531,3.8739393805824074,32647.0,0.788068,459.0712,0.0,206.2249,0.8112272010011597,VLG12BR_219,pop,N,38846.70533609339,0.0,False
69672.37684020119,930.3147,-29250.79952697623,-88339.77287328652,9950.77856262421,50.617387657521704,3.864288859101054,32647.0,0.788059,459.0661,0.0,206.2144,0.8111825810892457,VLG12BR_219,pop,N,38844.16804032726,0.0,False
69666.98241032318,936.9127,-29939.106694522936,-89737.71085510618,9950.77872532838,50.60478064725366,3.854647269396448,32647.0,0.788051,459.0613,0.0,206.2045,0.8111383047032246,VLG12BR_219,pop,N,38841.658352916034,0.0,False
69661.58830751955,943.5107,-30627.166274990956,-91135.75251729281,9950.778886565853,50.59217192039631,3.845014367124721,32647.0,0.788044,459.0573,0.0,206.1964,0.8110949387345497,VLG12BR_219,pop,N,38839.22161539832,0.0,False
69656.19452205417,950.1086,-31315.02169118123,-92533.87954693011,9950.779046362628,50.57956164094181,3.835389528755949,32647.0,0.788038,459.0535,0.0,206.1889,0.8110518031825377,VLG12BR_219,pop,N,38836.8033708738,0.0,False
69650.8010511013,956.7066,-32002.68815713663,-93932.08531706102,9950.779204744445,50.566949869146406,3.825772531687325,32647.0,0.788032,459.0502,0.0,206.1833,0.8110092382741351,VLG12BR_219,pop,N,38834.43081825926,0.0,False
69645.40788975872,963.3046,-32690.21193200246,-95330.34860860609,9950.779361736099,50.5543367946638,3.8161627127991977,32647.0,0.788026,459.0466,0.0,206.1787,0.8109663369611159,VLG12BR_219,pop,N,38832.03139440793,0.0,False
69640.01504121878,969.9026,-33377.61945046157,-96728.6553746075,9950.779517360796,50.541722543574295,3.806559690699881,32647.0,0.788021,459.0438,0.0,206.1759,0.8109243467262627,VLG12BR_219,pop,N,38829.70484744853,0.0,False
69634.62249585772,976.5005,-34064.95408391555,-98126.98735355186,9950.779671642726,50.52910727873622,3.796962844322789,32647.0,0.788015,459.0406,0.0,206.1737,0.8108819066655304,VLG12BR_219,pop,N,38827.34235642614,0.0,False
69629.23025835124,983.0985,-34752.23048976922,-99525.33582769819,9950.779824603904,50.51649107870106,3.787371960125017,32647.0,0.78801,459.0373,0.0,206.1727,0.8108393569781268,VLG12BR_219,pop,N,38824.9711303962,0.0,False
69623.8383293379,989.6965,-35439.477898712845,-100923.6862113413,9950.779976266427,50.50387407382818,3.7777866181186632,32647.0,0.788004,459.034,0.0,206.1717,0.810796811085931,VLG12BR_219,pop,N,38822.60023669973,0.0,False
