mass,ts,x,y,h,latitude,longitude,altitude,mach,tas,vertical_rate,heading,fuelflow,fid,obj,map_type,thrust,cost_grid,max_fuel
71037.09172428463,0.0,34058.24855157534,101161.12164332422,30.480000304479823,52.321300505698744,4.779960154005953,100.0,0.3,198.3755,2549.0,183.0038,1.8596185680792128,VLG12BR_219,fuel,DN,125532.8151788468,0.08514526951305029,False
71023.11104839637,7.5173,34018.390233021804,100401.53408054909,127.81898406507239,52.314472023905715,4.779296809862346,419.0,0.319802,211.2371,2624.0,183.0038,1.850447606730362,VLG12BR_219,fuel,DN,121814.47516255235,0.07686947423544792,False
71009.19931728275,15.0345,33975.92649096295,99592.29446615135,228.0286318546081,52.30719717966894,4.778590334377335,748.0,0.340555,224.69,2699.0,194.2796,1.8411398406703614,VLG12BR_219,fuel,DN,118708.19774536471,0.06621017041962572,False
70995.35774926242,22.5518,33763.22103210689,98756.5776435851,331.1089436733495,52.29969466275979,4.775377994843936,1086.0,0.362063,238.6012,2774.0,199.4167,1.8324742850172173,VLG12BR_219,fuel,DN,116220.57696808205,0.052894593609416715,False
70981.58171404526,30.069,33458.66341999324,97892.54489509476,437.0599195213442,52.291942988835345,4.770813456361305,1434.0,0.384127,252.8365,2850.0,199.4202,1.8252200151975488,VLG12BR_219,fuel,DN,114358.24289598013,0.04575104520245522,False
70967.86159877389,37.5863,33135.75858285515,96976.63742440009,545.8815593985531,52.28372573231678,4.7659757016623665,1791.0,0.406554,267.2664,2925.0,199.4268,1.8196113483978416,VLG12BR_219,fuel,DN,113027.88717152378,0.03945155769215342,False
70954.18437575221,45.1035,32794.19944520926,96008.17491492146,657.5738633048137,52.275036759813666,4.760860455588517,2157.0,0.429164,281.7697,3000.0,199.4306,1.8159648192198659,VLG12BR_219,fuel,DN,112206.72625552563,0.03483264570046605,False
70940.53538501948,52.6208,32433.933438143657,94986.88531646457,772.1368312394167,52.265873591828424,4.755467245662839,2533.0,0.451791,296.2364,3000.0,199.4322,1.8060830922561797,VLG12BR_219,fuel,DN,110128.88164671398,0.0317202016678603,False
70926.96187628538,60.138,32054.943471414856,93912.61245182305,886.6997991762332,52.25623478677438,4.7497961509422675,2909.0,0.474822,310.9278,3000.0,199.4395,1.7980617762657793,VLG12BR_219,fuel,DN,108576.19308342732,0.028919284631386436,False
70913.44996260584,67.6553,31656.833800824097,92784.59878104615,1001.2627671131323,52.24611351471868,4.743841650974851,3285.0,0.498093,325.7358,3000.0,199.4493,1.79220120253308,VLG12BR_219,fuel,DN,107505.63728355739,0.026620755739284564,False
70899.9834326727,75.1726,31239.39396563274,91602.46424562161,1115.8257350500967,52.235506326791196,4.73760100782935,3661.0,0.521453,340.5613,3000.0,199.4524,1.7885800289133946,VLG12BR_219,fuel,DN,106868.13094717701,0.02456173947299031,False
70886.54542318905,82.6898,30802.737144480503,90366.11891621893,1230.3887029871141,52.22441236254594,4.731076284303259,4037.0,0.544767,355.3159,3000.0,199.4508,1.7870961911078505,VLG12BR_219,fuel,DN,106611.83530362761,0.022863602332780255,False
70873.11978647788,90.2071,30347.059380192088,89075.80483109585,1344.9516709241752,52.21283374072671,4.724270806210707,4413.0,0.567916,369.9221,3000.0,199.452,1.7875195686826457,VLG12BR_219,fuel,DN,106684.67905633623,0.021946097540074844,False
70859.69206515353,97.7243,29872.49454524128,87732.10214989791,1459.5146388612725,52.200775622859155,4.717187030617502,4788.0,0.590798,384.3133,3000.0,199.454,1.7895507271629933,VLG12BR_219,fuel,DN,107037.3209804547,0.02117218970868944,False
70846.25007619812,105.2416,29379.305676334996,86335.81660534124,1574.0776067984011,52.188245190752134,4.709829340837515,5164.0,0.613325,398.4336,3000.0,199.4509,1.7928389484033624,VLG12BR_219,fuel,DN,107619.74548150436,0.020564440148322538,False
70832.78415915163,112.7588,28867.969739695895,84887.90614722754,1688.640574735556,52.17525098305867,4.702205278050538,5540.0,0.635425,412.2371,3000.0,199.4448,1.7970556893433258,VLG12BR_219,fuel,DN,108388.80876332358,0.020123162110734484,False
70819.28716559257,120.2761,28338.98212390393,83389.5091265782,1803.2035426727343,52.16180315988374,4.694322670688161,5916.0,0.65704,425.687,3000.0,199.4414,1.8018924498714928,VLG12BR_219,fuel,DN,109304.23863822129,0.01980935257184183,False
70805.75426982078,127.7933,27792.74289961095,81841.94669191641,1917.766510609932,52.1479135303014,4.686187964513662,6292.0,0.678124,438.7549,3000.0,199.4395,1.8070810966462703,VLG12BR_219,fuel,DN,110329.90179161588,0.01965061868394078,False
70792.1826721636,135.3106,27229.70969452419,80246.63450774648,2032.3294785471464,52.133594750604495,4.677808454525207,6668.0,0.698643,451.4202,3000.0,199.4346,1.812400395137166,VLG12BR_219,fuel,DN,111433.84881034195,0.01990143642985296,False
70778.57125265729,142.8278,26650.489926323924,78605.01951150227,2146.892446484375,52.118859751566106,4.669193627293871,7044.0,0.718573,463.6685,3000.0,199.4292,1.8176761969187978,VLG12BR_219,fuel,DN,112588.09803086732,0.0201722455158179,False
70764.92021789767,150.3451,26055.649221637217,76918.6203939328,2261.455414421617,52.10372211244271,4.660352353804009,7419.0,0.737899,475.4917,3000.0,199.4278,1.8227867227540653,VLG12BR_219,fuel,DN,113770.42027194938,0.0205723944840265,False
70751.23076989125,157.8624,25445.623443159733,75189.0349096925,2376.018382358871,52.088196130701235,4.651291601318307,7795.0,0.756612,486.8862,3000.0,199.428,1.8276251566366633,VLG12BR_219,fuel,DN,114956.5754500567,0.0209205379704795,False
70737.50481395824,165.3796,24820.916406441775,73417.84969602023,2490.5813502961337,52.07229600159641,4.642019320676026,8171.0,0.774713,497.8531,3000.0,199.4273,1.8321410838202266,VLG12BR_219,fuel,DN,116131.10612374969,0.021185488900025484,False
70723.74471250013,172.8969,24182.1120002281,71606.61860767369,2605.144318233404,52.05603562332739,4.6325446190547,8547.0,0.792205,508.3968,3000.0,199.4286,1.8363019798848454,VLG12BR_219,fuel,DN,117296.08795605006,0.021575234212561134,False
70709.95263474807,180.4141,23529.688576254197,69756.9135904216,2719.707286170683,52.03942906301702,4.622875046758082,8923.0,0.809094,518.5214,3000.0,199.4332,1.8400931172735462,VLG12BR_219,fuel,DN,118553.79944047544,0.022077531797848875,False
70696.12802952208,187.9314,22864.07996636609,67870.3049889429,2834.270254107969,52.02249037661657,4.613017489043512,9299.0,0.82,524.7871,3000.0,199.4363,1.841349650814666,VLG12BR_219,fuel,DN,119222.72974301173,0.022667659887722395,False
70682.28694752626,195.4486,22190.30006227457,65960.86531845416,2948.8332220452576,52.005345872095205,4.603046537729763,9675.0,0.82,524.0622,3000.0,199.4375,1.838096970174098,VLG12BR_219,fuel,DN,118252.6327152029,0.02331428706739776,False
70668.47002326061,202.9659,21517.416252488918,64054.089025077,3063.3961899825413,51.988224444053195,4.593096475292949,10051.0,0.82,523.3362,3000.0,199.4396,1.834722497101203,VLG12BR_219,fuel,DN,117296.72146766479,0.023991189382563536,False
70654.67813481549,210.4831,20845.396336357724,62149.991620142784,3177.959157919821,51.97112623769945,4.583166791332965,10426.0,0.82,522.6093,3000.0,199.4402,1.8312360439797968,VLG12BR_219,fuel,DN,116356.95621055442,0.02467937155286523,False
70640.91214624092,218.0004,20174.296960645654,60248.5572761791,3292.5221258570978,51.954051113018686,4.573258270805654,10802.0,0.82,521.8814,3000.0,199.4377,1.8276237430983338,VLG12BR_219,fuel,DN,115429.21091043224,0.02537998663629958,False
70627.17290528618,225.5177,19504.217407713393,58349.75513503985,3407.0850937943696,51.93699879359117,4.5633723187348645,11178.0,0.82,521.1524,3000.0,199.4352,1.823895525615076,VLG12BR_219,fuel,DN,114515.4068901629,0.026094795015295782,False
70613.46124121791,233.0349,18835.160362659964,56453.58845156177,3521.6480617316383,51.919969313509135,4.553508931726789,11554.0,0.82,520.4224,3000.0,199.4331,1.8200540039053095,VLG12BR_219,fuel,DN,113615.48922614954,0.026818003913734175,False
70599.77796272418,240.5522,18167.116309788824,54560.06480297526,3636.211029668898,51.902962746129326,4.543667928846579,11930.0,0.82,519.6914,3000.0,199.4302,1.8161019923887398,VLG12BR_219,fuel,DN,112729.38040021736,0.02636677022148426,False
70586.12385590974,248.0694,17500.110833281768,52669.17940122201,3750.7739976061544,51.88597905244142,4.5338496402351485,12306.0,0.82,518.9594,3000.0,199.4275,1.812042563605345,VLG12BR_219,fuel,DN,111857.0044187178,0.02470896344987629,False
70572.49968238773,255.5867,16834.136364700415,50780.93917285213,3865.336965543404,51.869018299891835,4.524053913377044,12682.0,0.82,518.2263,3000.0,199.425,1.807878956729449,VLG12BR_219,fuel,DN,110998.2649068734,0.023078525485181675,False
70558.90617747189,263.1039,16169.19176097054,48895.34879526267,3979.8999334806513,51.85208053545985,4.514280689458475,13057.0,0.82,517.4922,3000.0,199.4215,1.8036245933025887,VLG12BR_219,fuel,DN,110154.89360247145,0.021473953072169136,False
70545.344048472,270.6212,15505.308367965963,47012.40150855923,4094.462901417891,51.83516570234272,4.5045303821211045,13433.0,0.82,516.7571,3000.0,199.4164,1.7992638666036782,VLG12BR_219,fuel,DN,109323.22545830115,0.019911311771433765,False
70531.81397309508,278.1384,14842.539541706732,45132.082819200725,4209.025869355124,51.81827367373595,4.494803724401244,13809.0,0.82,516.0209,3000.0,199.4097,1.7948102247114956,VLG12BR_219,fuel,DN,108504.98184867224,0.018254360750893664,False
70518.31659795353,285.6557,14180.93726925882,43254.378750134514,4323.588837292354,51.801404327751264,4.4851014285516575,14185.0,0.82,515.2837,3000.0,199.4019,1.7902678981179028,VLG12BR_219,fuel,DN,107700.11638269332,0.016595754850872047,False
70504.85253718166,293.1729,13520.5396077827,41379.28026883054,4438.151805229575,51.7845575875325,4.475424003648102,14561.0,0.82,514.5454,3000.0,199.3928,1.7856411279668163,VLG12BR_219,fuel,DN,106908.54253545048,0.014992931159896491,False
70491.42237115945,300.6902,12861.392060119259,39506.77575750063,4552.714773166789,51.7677333529636,4.465772066272352,14937.0,0.82,513.806,3000.0,199.3832,1.7809343928630728,VLG12BR_219,fuel,DN,106130.19674072292,0.013438508648802541,False
70478.02664534416,308.2075,12203.50882786611,37636.86465356132,4667.277741103998,51.75093162422708,4.456145777959418,15313.0,0.82,513.0656,3000.0,199.3744,1.7761523970424662,VLG12BR_219,fuel,DN,105365.0367894629,0.011934303091749726,False
70464.66586920788,315.7247,11546.86370795731,35769.56062890475,4781.840709041199,51.73415253039713,4.446544713850405,15688.0,0.82,512.3241,3000.0,199.3672,1.7713109984326727,VLG12BR_219,fuel,DN,104614.55799537923,0.011258296244163463,False
70451.34051527933,323.242,10891.407972147148,33904.885278290596,4896.403676978391,51.717396272092685,4.436968122979424,16064.0,0.82,511.5815,3000.0,199.3612,1.7663928389388515,VLG12BR_219,fuel,DN,103875.52188860154,0.010646450329624912,False
70438.0510182882,330.7592,10237.100257777907,32042.85760630823,5010.966644915579,51.700663026254595,4.427415362218248,16440.0,0.82,510.8378,3000.0,199.3566,1.7614139024663338,VLG12BR_219,fuel,DN,103149.47692449592,0.010049150946368822,False
70424.79777440905,338.2765,9583.899135063235,30183.496645699106,5125.529612852756,51.6839529698644,4.417885788358799,16816.0,0.82,510.0931,3000.0,199.3524,1.7563793216199333,VLG12BR_219,fuel,DN,102436.3870634207,0.009474957747666867,False
70411.58114060169,345.7937,8931.791548824918,28326.811471120578,5240.092580789924,51.66726618968441,4.408379170253847,17192.0,0.82,509.3473,3000.0,199.3477,1.751294136310985,VLG12BR_219,fuel,DN,101736.18087863277,0.009012284915485606,False
70398.40143404539,353.311,8280.792195694545,26472.801428680188,5354.655548727083,51.65060268449778,4.398895679130331,17568.0,0.82,508.6004,3000.0,199.3423,1.74616353014647,VLG12BR_219,fuel,DN,101048.80793241494,0.008928124094344257,False
70385.25893166248,360.8282,7630.9290313214315,24621.461233767288,5469.218516664232,51.633962411312766,4.389435678065774,17944.0,0.82,507.8523,3000.0,199.3358,1.740992654008107,VLG12BR_219,fuel,DN,100374.20234688133,0.008834748821892086,False
70372.1538697284,368.3455,6982.233687600829,22772.784340429396,5583.781484601371,51.617345315859914,4.3799995829534275,18319.0,0.82,507.1032,3000.0,199.3281,1.7357990181623608,VLG12BR_219,fuel,DN,99713.72644039823,0.008734603272037109,False
70359.08644356353,375.8628,6334.750275540988,20926.759857382396,5698.344452538501,51.60075130477817,4.370587989816504,18695.0,0.82,506.353,3000.0,199.319,1.7305637606267195,VLG12BR_219,fuel,DN,99064.54300401808,0.008628023412863273,False
70346.05680730334,383.38,5688.519222582157,19083.378224666674,5812.90742047562,51.5841802969007,4.361201440687046,19071.0,0.82,505.6016,3000.0,199.3093,1.7253040970198534,VLG12BR_219,fuel,DN,98427.99553142651,0.00855297210617699,False
70333.06507374196,390.8973,5043.565280191113,17242.63541608368,5927.47038841273,51.56763226113308,4.351840250248066,19447.0,0.82,504.8492,3000.0,199.2991,1.7200254996082338,VLG12BR_219,fuel,DN,97804.07799409592,0.008536320292865924,False
70320.11131424537,398.4145,4399.902532604563,15404.53117507354,6042.033356349823,51.55110720045778,4.3425045786155945,19823.0,0.82,504.0956,3000.0,199.2886,1.7147331223403297,VLG12BR_219,fuel,DN,97192.72007495271,0.008525647973596655,False
70307.19555872974,405.9318,3757.541586637325,13569.06649068756,6156.596324286906,51.534605129124735,4.333194535505292,20199.0,0.82,503.3409,3000.0,199.2775,1.7094323400071716,VLG12BR_219,fuel,DN,96593.90356146754,0.0068443995464585365,False
70294.31779570032,413.449,3116.503130295368,11736.23885288336,6271.15929222398,51.51812602988512,4.323910376224148,20575.0,0.82,502.585,3000.0,199.2656,1.7041283539044918,VLG12BR_219,fuel,DN,96007.58046763644,0.0036526560414838313,False
70281.47797234672,420.9663,2476.8109313927894,9906.044709151884,6385.722260161039,51.50166987616998,4.31465240030713,20951.0,0.82,501.8281,3000.0,199.2528,1.6988265564475622,VLG12BR_219,fuel,DN,95433.75240951523,0.00042538515997413726,False
70268.67599469052,428.4835,1838.494587800871,8078.478507867923,6500.28522809809,51.48523662348993,4.305420991160627,21326.0,0.82,501.0699,3000.0,199.2394,1.6935443569663862,VLG12BR_219,fuel,DN,94873.49063218094,0.0,False
70255.9117277801,436.0008,1201.5762380850808,6253.537343701375,6614.8481960351255,51.46882625125905,4.296216424088737,21702.0,0.82,500.3107,3000.0,199.2255,1.6882622942322256,VLG12BR_219,fuel,DN,94324.49906101776,0.0,False
70243.18499592948,443.518,566.0691190568643,4431.2214540531195,6729.41116397215,51.45243876716882,4.287038845641102,22078.0,0.82,499.5502,3000.0,199.2112,1.6829976931114787,VLG12BR_219,fuel,DN,93787.8844974658,0.0,False
70230.49558299646,451.0353,-68.01260043216874,2611.530783371121,6843.974131909157,51.43607417597932,4.277888415682983,22454.0,0.82,498.7886,3000.0,199.1962,1.6777557526788205,VLG12BR_219,fuel,DN,93263.65826776583,0.0,False
70217.8432326959,458.5526,-700.6476651907021,794.4628419909222,6958.53709984615,51.419732457344146,4.268765397793941,22830.0,0.82,498.0259,3000.0,199.1801,1.672541472210424,VLG12BR_219,fuel,DN,92751.80448317772,0.0,False
70205.22764894484,466.0698,-1331.7997787860315,-1019.990051831251,7073.10006778313,51.403413537592115,4.259670309810697,23206.0,0.82,497.262,3000.0,199.1626,1.6673597268267184,VLG12BR_219,fuel,DN,92252.29640908436,0.0,False
70192.64849623507,473.5871,-1961.426996836384,-2831.837486683334,7187.663035720096,51.38711735471846,4.250603695547814,23582.0,0.82,496.4969,3000.0,199.1441,1.6622153886556565,VLG12BR_219,fuel,DN,91765.12506947278,0.0,False
70180.10540002983,481.1043,-2589.4943285130175,-4641.086572665322,7302.226003657047,51.37084384882768,4.241565989946403,23957.0,0.82,495.7306,3000.0,199.1245,1.6571253842456826,VLG12BR_219,fuel,DN,91291.22818741183,0.0,False
70167.59794718116,488.6216,-3215.971937273547,-6447.742572626089,7416.788971593979,51.3545929779088,4.232557575571891,24333.0,0.82,494.9631,3000.0,199.1041,1.6520701006021898,VLG12BR_219,fuel,DN,90828.6875281618,0.0,False
70155.12568636399,496.1388,-3840.8324662720293,-8251.809834364603,7531.351939530893,51.338364709009966,4.223578800000349,24709.0,0.82,494.1945,3000.0,199.0842,1.6470664319692467,VLG12BR_219,fuel,DN,90378.48962621458,0.0,False
70142.68812852459,503.6561,-4464.091797746179,-10053.277691779913,7645.914907467793,51.3221591440838,4.2146293881644095,25085.0,0.82,493.4246,2975.0,199.066,1.6383988095359612,VLG12BR_219,fuel,DN,89598.68436767363,0.0,False
70130.31225640926,511.1733,-5085.826223580011,-11852.188550539095,7759.514480893342,51.30597590719379,4.205708197190994,25458.0,0.82,492.66,2900.0,199.0497,1.6219603781188485,VLG12BR_219,fuel,DN,88148.66241050439,0.0,False
70118.05482875122,518.6906,-5706.147953499473,-13648.66895221837,7870.243390289957,51.28981386504392,4.196813571070628,25821.0,0.82,491.9136,2824.0,199.0366,1.6049159913333129,VLG12BR_219,fuel,DN,86704.57899424029,0.0,False
70105.91906274449,526.2079,-6325.18073802108,-15442.746695603208,7978.101635657267,51.273672771718005,4.18794368943825,26175.0,0.82,491.1855,2749.0,199.027,1.5875870331915556,VLG12BR_219,fuel,DN,85292.25452457067,0.0,False
70093.90807388809,533.7251,-6943.0581098422435,-17234.446581263182,8083.089216995144,51.25755240758819,4.179096594135805,26519.0,0.82,490.4757,2674.0,199.0193,1.5698449954210556,VLG12BR_219,fuel,DN,83897.99782404484,0.0,False
70082.02487587053,541.2424,-7559.861659394611,-19023.8116692187,8185.2061343035275,51.241452388913046,4.170271076554152,26854.0,0.819967,489.7648,2599.0,199.0135,1.5516825133605334,VLG12BR_219,fuel,DN,82517.76499351242,0.0,False
70070.27262692171,548.7596,-8175.648220509223,-20810.813906178657,8284.452387582387,51.22537297147669,4.1614662840206735,27180.0,0.818765,488.3748,2524.0,199.0084,1.5327684229513376,VLG12BR_219,fuel,DN,81063.62888372672,0.0,False
70058.66309969212,556.2769,-8789.582340509398,-22592.95762965476,8380.827976831695,51.20933661632592,4.152694112910109,27496.0,0.817597,487.0255,2449.0,199.0017,1.5134913217987245,VLG12BR_219,fuel,DN,79630.6961502624,0.0,False
70047.19905529695,563.7941,-9401.666268545061,-24370.405427533395,8474.332902051432,51.19334186800803,4.143954475067836,27803.0,0.816463,485.7176,2373.0,198.995,1.4936515697426245,VLG12BR_219,fuel,DN,78203.26196560696,0.0,False
70035.88314027456,571.3114,-10011.952503173923,-26143.30424285577,8564.967163241594,51.17738741084045,4.135246562492028,28100.0,0.815353,484.4437,2298.0,198.9855,1.4736679647269535,VLG12BR_219,fuel,DN,76807.78230495108,0.0,False
70024.71798454435,578.8286,-10620.396827243016,-27911.80527468519,8652.730760402166,51.16147189241764,4.126570956543876,28388.0,0.814267,483.2045,2223.0,198.9718,1.4533464286638784,VLG12BR_219,fuel,DN,75428.82530498496,0.0,False
70013.70611021642,586.3459,-11226.911472581385,-29676.076343140216,8737.62369353314,51.14559381187431,4.117928863827648,28667.0,0.813204,481.9989,2148.0,198.9594,1.4326993970558197,VLG12BR_219,fuel,DN,74065.35120148888,0.0,False
70002.84995172128,593.8631,-11831.582127108308,-31436.221734607338,8819.645962634511,51.129752236448496,4.109319002800531,28936.0,0.812166,480.8291,2073.0,198.9455,1.4117538703136647,VLG12BR_219,fuel,DN,72717.32677170062,0.0,False
69992.15182082566,601.3804,-12434.408993099667,-33192.38353026788,8898.797567706275,51.113945894956835,4.100741320491501,29196.0,0.811123,479.6757,1998.0,198.9275,1.390498954073309,VLG12BR_219,fuel,DN,71381.28297058688,0.0,False
69981.6141786647,608.8977,-13035.285819533094,-34944.66118720766,8975.078508748435,51.09817390194752,4.09219728803851,29446.0,0.810089,478.5487,1922.0,198.912,1.3687281467421193,VLG12BR_219,fuel,DN,70044.03441870835,0.0,False
69971.23926824598,616.4149,-13634.324931766221,-36693.120166403234,9048.488785760974,51.08243567288325,4.083685245030387,29687.0,0.809071,477.4505,1847.0,198.8953,1.3469095366714712,VLG12BR_219,fuel,DN,68732.73987526781,0.0,False
69961.02921334343,623.9322,-14231.526357962994,-38437.8739695436,9119.028398743907,51.06673019349242,4.0752051428858165,29918.0,0.808037,476.3637,1772.0,198.8739,1.3248269572722555,VLG12BR_219,fuel,DN,67431.49238739282,0.0,False
69950.98626939519,631.4494,-14826.76328929732,-40179.008111149866,9186.69734769722,51.05105670446446,4.066758747361061,30140.0,0.807002,475.2962,1697.0,198.8553,1.3024827520900777,VLG12BR_219,fuel,DN,66139.95469994958,0.0,False
69941.11250553331,638.9667,-15420.144678814517,-41916.55978325767,9251.495632620918,51.035414875180734,4.058344448799143,30353.0,0.805964,474.2468,1622.0,198.8371,1.2798872012148879,VLG12BR_219,fuel,DN,64857.463863469435,0.0,False
69931.40992000248,646.4839,-16011.70895516099,-43650.58562047003,9313.423253515002,51.01980420167067,4.049961649219283,30556.0,0.804937,473.2242,1546.0,198.821,1.2568059706494787,VLG12BR_219,fuel,DN,63570.517699534845,0.0,False
69921.88031752255,654.0012,-16601.55320392624,-45381.157769704536,9372.480210379468,51.00422403856622,4.041608914382316,30750.0,0.803888,472.2086,1471.0,198.8089,1.2337462307039955,VLG12BR_219,fuel,DN,62304.80055761697,0.0,False
69912.52566955295,661.5184,-17189.80469377115,-47108.25675976752,9428.666503214325,50.98867456310311,4.033284376997949,30934.0,0.80285,471.2201,1396.0,198.7983,1.2104848722142072,VLG12BR_219,fuel,DN,61047.90979384392,0.0,False
69903.34761080524,669.0357,-17776.543988833466,-48831.961547005405,9481.982132019566,50.97315506825182,4.0249868441714725,31109.0,0.801801,470.2448,1321.0,198.7918,1.1870112072016585,VLG12BR_219,fuel,DN,59797.65630548392,0.0,False
69894.34786900759,676.553,-18361.910853946218,-50552.273722367645,9532.427096795187,50.95766554049085,4.0167142760848105,31274.0,0.800759,469.2933,1246.0,198.7854,1.163354460182138,VLG12BR_219,fuel,DN,58555.01177979438,0.0,False
69885.52795311707,684.0702,-18945.938665416023,-52269.27529650462,9580.001397541202,50.942205246010566,4.008466158404868,31430.0,0.799697,468.3506,1171.0,198.7812,1.1395026588139645,VLG12BR_219,fuel,DN,57317.81681484139,0.0,False
69876.889480629,691.5875,-19528.702408939527,-53982.97169068719,9624.705034257608,50.92677413820733,4.000241380311396,31577.0,0.798638,467.4297,1095.0,198.7752,1.1151855767941772,VLG12BR_219,fuel,DN,56072.37220559219,0.0,False
69868.43381986266,699.1047,-20110.173123772864,-55693.45749653556,9666.538006944409,50.911371371888436,3.992040320130668,31714.0,0.797561,466.518,1020.0,198.7683,1.0909907359079296,VLG12BR_219,fuel,DN,54846.58976362257,0.0,False
69860.16241314654,706.622,-20690.33721126306,-57400.770492208874,9705.500315601608,50.8959966123364,3.9838631341040465,31842.0,0.796455,465.6087,945.0,198.7645,1.0666255773328137,VLG12BR_219,fuel,DN,53624.74204386388,0.0,False
69852.07670395773,714.1392,-21269.287665404154,-59104.884129227285,9741.591960229209,50.88065009941076,3.975708455519233,31961.0,0.795351,464.7213,870.0,198.7601,1.0421143390473935,VLG12BR_219,fuel,DN,52408.16002305134,0.0,False
69844.17780375139,721.6565,-21847.03113973394,-60805.88108882677,9774.81294082721,50.86533109355783,3.9675761562215492,32070.0,0.794188,463.819,795.0,198.7573,1.0174497851228599,VLG12BR_219,fuel,DN,51193.988344611134,0.0,False
69836.46720091686,729.1737,-22423.59847216567,-62503.68492022095,9805.163257395632,50.85004028532909,3.9594657545218968,32169.0,0.793021,462.9338,720.0,198.7581,0.9926658308080972,VLG12BR_219,fuel,DN,49984.58595651998,0.0,False
69828.9458904605,736.691,-22999.11571468066,-64198.31837021293,9832.642909934477,50.83477746922414,3.951375419476247,32259.0,0.791801,462.0378,644.0,198.7582,0.9674282037530824,VLG12BR_219,fuel,DN,48762.454552559815,0.0,False
69821.61512906002,744.2082,-23573.54721618965,-65889.74486101465,9857.251898443754,50.81954297938492,3.943305620717772,32340.0,0.790552,461.1445,569.0,198.7536,0.94237239916018,VLG12BR_219,fuel,DN,47557.71737305019,0.0,False
69814.47591393768,751.7255,-24146.755342690125,-67578.01709188423,9878.990222923474,50.80433635149054,3.9352582842684987,32411.0,0.789254,460.2421,494.0,198.7469,0.9172016446086048,VLG12BR_219,fuel,DN,46355.05710238616,0.0,False
69807.5292971812,759.2428,-24718.669550352715,-69263.11700940313,9897.857883373663,50.789157755143755,3.927234374863278,32473.0,0.78791,459.3326,419.0,198.74,0.8919148616747695,VLG12BR_219,fuel,DN,45154.07897360959,0.0,False
69800.77621198885,766.76,-25289.26922275955,-70945.01767918613,9913.85487979434,50.77400743787548,3.9192341453421715,32526.0,0.786525,458.4183,344.0,198.7318,0.8665229093609847,VLG12BR_219,fuel,DN,43954.81260925524,0.0,False
69794.21746611425,774.2773,-25858.512560647403,-72623.70915094158,9926.98121218554,50.75888549549195,3.911258150492073,32569.0,0.785077,457.4872,269.0,198.7256,0.8410328541780434,VLG12BR_219,fuel,DN,42756.57586555095,0.0,False
69787.85392400376,781.7945,-26426.435864656847,-74299.10512000705,9937.236880547307,50.7437927070146,3.9033058289725666,32602.0,0.783564,456.5375,193.0,198.7196,0.8151269404859001,VLG12BR_219,fuel,DN,41544.29636727198,0.0,False
69781.68637255885,789.3118,-26993.02210750284,-75971.1307490324,9944.62188487974,50.728729750679406,3.8953773782205277,32627.0,0.781996,455.575,118.0,198.7159,0.7894429050006042,VLG12BR_219,fuel,DN,40347.10285135042,0.0,False
69775.71542877132,796.829,-27558.321156818783,-77639.71166749008,9949.136225183005,50.71369729736662,3.887472045037435,32642.0,0.780342,454.5816,43.0,198.7168,0.763668021819782,VLG12BR_219,fuel,DN,39149.481665864085,0.0,False
69769.94183596835,804.3463,-28122.42870517346,-79304.68428555127,9950.779901457609,50.69869681786038,3.879588419379875,32647.0,0.77936,453.9986,-0.0,198.7131,0.7488232475595531,VLG12BR_219,fuel,DN,38461.349426225264,0.0,False
69764.28177111027,811.8635,-28685.71220821963,-80967.57839562219,9950.779901383437,50.68371454035173,3.871721367598836,32647.0,0.779359,453.9978,-0.0,198.7101,0.7487758982329102,VLG12BR_219,fuel,DN,38459.101194688934,0.0,False
69758.62207705608,819.3808,-29248.905725458742,-82630.49991959875,9950.779901309257,50.668731491884124,3.8638606162506273,32647.0,0.779362,453.9999,-0.0,198.7147,0.7487320028583497,VLG12BR_219,fuel,DN,38457.073063891046,0.0,False
69752.96271874035,826.8981,-29812.235819437294,-84293.38352645915,9950.779901235072,50.65374824914304,3.8560029396210895,32647.0,0.779375,454.0076,-0.0,198.7114,0.7486947739417427,VLG12BR_219,fuel,DN,38455.469762075336,0.0,False
69747.30362496283,834.4153,-30375.47910245008,-85956.32806627515,9950.779901160871,50.63876393515944,3.848151509435031,32647.0,0.779376,454.0079,-0.0,198.7023,0.7486487529455716,VLG12BR_219,fuel,DN,38453.30588214944,0.0,False
69741.6448886505,841.9326,-30938.459368626838,-87619.36289490816,9950.77990108667,50.623778296253,3.8403088192852683,32647.0,0.779388,454.0148,-0.0,198.7028,0.7486105902694071,VLG12BR_219,fuel,DN,38451.64276969269,0.0,False
69735.98642673549,849.4498,-31501.463626656558,-89282.41786832143,9950.779901012453,50.6087919489361,3.8324707872399735,32647.0,0.779378,454.0092,-0.0,198.7018,0.7485575630820986,VLG12BR_219,fuel,DN,38449.0321698308,0.0,False
69730.32839699858,856.9671,-32064.430526321612,-90945.46235030274,9950.779900938225,50.59380517267472,3.8246382744581777,32647.0,0.779374,454.0066,-0.0,198.6918,0.7485081110480039,VLG12BR_219,fuel,DN,38446.64941897763,0.0,False
69724.67076055173,864.4843,-32627.104592513067,-92608.59543875966,9950.779900863983,50.57881709143378,3.8168149013942294,32647.0,0.779345,453.99,-0.0,198.6893,0.7484420037600932,VLG12BR_219,fuel,DN,38443.205910590346,0.0,False
69719.01369276154,872.0016,-33189.68683399236,-94271.69194369615,9950.77990078973,50.56382882095158,3.8089978018657313,32647.0,0.779322,453.9763,-0.0,198.6933,0.7483793524928715,VLG12BR_219,fuel,DN,38439.98308514961,0.0,False
69713.3571581692,879.5188,-33752.36637898714,-95934.69938721781,9950.779900715475,50.54884082299082,3.801184287408223,32647.0,0.779296,453.9611,-0.0,198.6862,0.7483149209938544,VLG12BR_219,fuel,DN,38436.647512351105,0.0,False
69707.70117444904,887.0361,-34314.82172485062,-97597.72072427004,9950.77990064121,50.53385219108949,3.7933789114574203,32647.0,0.779268,453.9451,-0.0,198.6798,0.7482495423936313,VLG12BR_219,fuel,DN,38433.252329675764,0.0,False
69702.04575155371,894.5533,-34877.07238909121,-99260.74603129672,9950.77990056693,50.51886301456185,3.785581388425498,32647.0,0.779254,453.937,-0.0,198.6855,0.7481935701096463,VLG12BR_219,fuel,DN,38430.45567782105,0.0,False
69696.39079023538,902.0706,-35439.477801392706,-100923.6861167506,9950.779900492647,50.50387407468479,3.7777866194855827,32647.0,0.77924,453.929,-0.0,198.6912,0.7481377217270346,VLG12BR_219,fuel,DN,38427.66708788036,0.0,False
71037.09172434508,0.0,34058.248551797085,101161.12164339055,30.480000302490037,52.32130050569932,4.779960154009222,100.0,0.3,198.3755,2005.0,183.0038,1.790278699980725,VLG12BR_219,pop,DN,107165.01243616675,0.08514526951166311,False
71023.28054293086,7.7132,34017.2228000058,100379.2860813689,109.03286793650335,52.314272020497214,4.77927738394268,358.0,0.32627,215.5552,2082.0,183.0038,1.7649288267301195,VLG12BR_219,pop,DN,103075.41606929636,0.07901357784560774,False
71009.66553159538,15.4263,33972.62588550818,99529.39419180487,190.60797679984344,52.306631723110875,4.778535431636208,625.0,0.353687,233.4533,2159.0,194.1257,1.7441024158933691,VLG12BR_219,pop,DN,100150.35533622364,0.07064351667072405,False
70996.2122437059,23.1395,33747.59802183838,98635.21878188144,275.2053268947625,52.29860424219608,4.77513607426771,903.0,0.381872,251.8151,2236.0,190.5034,1.7296446823662044,VLG12BR_219,pop,DN,98292.2519021437,0.05676185137020119,False
70982.87189788399,30.8527,33566.23731427462,97657.00723506178,362.8249182219477,52.28981827592262,4.772371564969394,1190.0,0.410475,270.4073,2313.0,187.2597,1.7221544769233113,VLG12BR_219,pop,DN,97376.03064249737,0.04807848503044465,False
70969.59098084651,38.5658,33431.201158392854,96596.9628998086,453.4667507816709,52.280293522340905,4.770280950103086,1488.0,0.439188,289.0239,2390.0,184.2764,1.7212445985039184,VLG12BR_219,pop,DN,97266.7056216675,0.042008081207620535,False
70956.31879678222,46.279,33346.013062377504,95457.71917030863,547.1308245740056,52.27005348645934,4.76891594304004,1795.0,0.467744,307.4877,2468.0,181.6594,1.7260991312446374,VLG12BR_219,pop,DN,97854.87334417787,0.03666665779503239,False
70943.01227123964,53.9922,33310.810804691784,94242.60919745015,643.8171395989075,52.25912816015343,4.768278464678298,2112.0,0.49592,325.6502,2545.0,179.3681,1.7350337904716995,VLG12BR_219,pop,DN,98970.35296781646,0.032524316949639455,False
70929.63827981162,61.7053,33325.01022028303,92955.07967888332,743.5256958562344,52.247548586775615,4.768359771674852,2439.0,0.523533,343.3896,2622.0,177.2752,1.7468857542092593,VLG12BR_219,pop,DN,100523.02739810335,0.02954120877844425,False
70916.17410427704,69.4185,33389.56383778198,91598.70950297164,846.256493345719,52.23534689263954,4.769173643231263,2776.0,0.550434,360.6084,2699.0,175.4028,1.760402490932429,VLG12BR_219,pop,DN,102411.18613982655,0.02677360148055559,False
70902.60663920734,77.1317,33503.8676963195,90177.17099386104,952.0095320668959,52.222556124957755,4.770710944372608,3123.0,0.576508,377.2311,2776.0,174.0702,1.7745309344046358,VLG12BR_219,pop,DN,104545.12872210678,0.024571554644010517,False
70888.93087972376,84.8448,33658.002746298655,88693.18234880011,1060.784812018929,52.209201304455775,4.772825699868273,3480.0,0.601669,393.2011,2853.0,173.498,1.7884567732603966,VLG12BR_219,pop,DN,106846.73492278493,0.02301290313244196,False
70875.14810295214,92.558,33834.11327955182,87147.9677471525,1172.5823332000882,52.195294501648746,4.775255479909338,3847.0,0.625856,408.479,2930.0,173.7703,1.8016054357744093,VLG12BR_219,pop,DN,109248.86386046125,0.02144025917585925,False
70861.2640405893,100.2712,34009.44095861281,85541.80003462466,1287.4020956051206,52.180839549545205,4.777666157081388,4224.0,0.649029,423.0397,3000.0,175.1044,1.8130933081917342,VLG12BR_219,pop,DN,111581.91087448332,0.019911698098268198,False
70847.29159779249,107.9843,34152.24734668324,83874.53692926196,1404.9507428932993,52.16583712748223,4.779592331522807,4609.0,0.671205,436.8958,3000.0,176.8282,1.818763878152238,VLG12BR_219,pop,DN,112834.14392021166,0.018435947963730933,False
70833.27564845735,115.6975,34247.88151407358,82148.74731397818,1522.4993901818846,52.15031126605971,4.780819960194218,4995.0,0.682311,443.5165,3000.0,176.4197,1.8201012963992127,VLG12BR_219,pop,DN,113140.7269473827,0.017048676510669433,False
70819.24952362872,123.4107,34357.46098042403,80397.42620989728,1640.0480374705978,52.13455492496948,4.782248484933854,5381.0,0.687698,446.4042,3000.0,175.857,1.819062196764473,VLG12BR_219,pop,DN,112902.13777601063,0.016732214628306197,False
70805.23159661079,131.1238,34485.06246202067,78635.82335607994,1757.596684759217,52.118704983953776,4.783938927223308,5766.0,0.69362,449.6277,3000.0,175.3221,1.818228186759227,VLG12BR_219,pop,DN,112712.60178776212,0.01660869596764176,False
70791.22034017286,138.837,34630.15054068164,76862.72496351384,1875.1453320477426,52.10275054994359,4.785883036317838,6152.0,0.699521,452.8268,3000.0,174.8579,1.8173522169127967,VLG12BR_219,pop,DN,112515.36670117528,0.01649374124190029,False
70777.21602221785,146.5501,34790.73525974725,75078.20225944648,1992.6939793361726,52.08669237598349,4.788051412218744,6538.0,0.705512,456.0723,3000.0,174.4407,1.8164879911473693,VLG12BR_219,pop,DN,112322.57931583592,0.016387356030754037,False
70763.21855284728,154.2633,34965.560677583846,73282.06436458991,2110.2426266245066,52.070528812501685,4.790425405633695,6923.0,0.711562,459.3444,3000.0,174.1023,1.8156302690586616,VLG12BR_219,pop,DN,112132.97484683013,0.016278797138085385,False
70749.22794345913,161.9765,35152.326954619915,71474.06113504586,2227.791273912749,52.05425774332939,4.79297111837616,7309.0,0.717191,462.333,3000.0,174.086,1.8145499037582353,VLG12BR_219,pop,DN,111896.5519452461,0.016117466325777177,False
70735.2458575733,169.6896,35340.828954907694,69654.30283673068,2345.339921200904,52.037880798117385,4.795539167267999,7695.0,0.722748,465.2641,3000.0,174.4873,1.8134046236926171,VLG12BR_219,pop,DN,111648.76877144384,0.01592630755679896,False
70721.27279868504,177.4028,35517.701053133955,67821.68057511139,2462.8885684889724,52.02138885700012,4.797934073218029,8080.0,0.728194,468.1131,3000.0,175.2864,1.8121834048550194,VLG12BR_219,pop,DN,111387.69220092369,0.015716891318777484,False
70707.30941919863,185.116,35669.927601704025,65975.49202625727,2580.4372157769544,52.00477644893951,4.799965799368395,8466.0,0.733578,470.9118,3000.0,176.4618,1.8108898624185843,VLG12BR_219,pop,DN,111114.5810559105,0.015500884391791892,False
70693.35621760288,192.8291,35784.93499845902,64115.47507412432,2697.985863064852,51.98804204353102,4.801451095135325,8852.0,0.73892,473.6727,3000.0,177.9468,1.809539293366511,VLG12BR_219,pop,DN,110833.077926862,0.015278463828374143,False
70679.41363518957,200.5423,35852.095957434685,62242.143976388375,2815.5345103526633,51.97119096974161,4.802235483106308,9237.0,0.744224,476.399,3000.0,179.5618,1.808141149539425,VLG12BR_219,pop,DN,110545.46272936562,0.015052556747470918,False
70665.48210877756,208.2555,35866.514646172895,60356.83721828558,2933.0831576403893,51.95423559288971,4.8022484470786235,9623.0,0.749661,479.1995,3000.0,181.2704,1.8067564095423434,VLG12BR_219,pop,DN,110264.30004827649,0.014844519660031266,False
70651.56146925011,215.9686,35824.467427018266,58460.81958933847,3050.6318049280267,51.937187525973755,4.801436678056967,10009.0,0.755236,482.0772,3000.0,183.0719,1.8053967303839387,VLG12BR_219,pop,DN,109991.69371128295,0.014654024396006856,False
70637.65152393692,223.6818,35722.22577527264,56555.64918749009,3168.18045221557,51.92006100197785,4.799746916300344,10394.0,0.76092,485.0137,3000.0,184.9624,1.8040583973137394,VLG12BR_219,pop,DN,109726.62258994312,0.014489093462482545,False
70623.75217829294,231.395,35556.17886594882,54643.27086476831,3285.729099503016,51.902873702560996,4.797127745640245,10780.0,0.76824,488.9795,3000.0,186.8535,1.8034554982115338,VLG12BR_219,pop,DN,109608.24201040798,0.014428539509730323,False
70609.85767306807,239.1081,35325.23294247546,52721.77645638126,3403.27774679034,51.88560847434121,4.793564108888505,11166.0,0.775896,493.1451,3000.0,188.7343,1.802987135398877,VLG12BR_219,pop,DN,109517.077763588,0.014520086450600463,False
70595.96695085888,246.8213,35028.836372362224,50792.545658148316,3520.8263940775214,51.868277673230516,4.789049216409804,11551.0,0.781956,496.2826,3000.0,190.6123,1.801722834361568,VLG12BR_219,pop,DN,109274.62366707568,0.014614039373128817,False
70582.08614533754,254.5345,34667.08293051114,48861.81858921387,3638.375041364526,51.85093730070973,4.78358617777291,11937.0,0.786528,498.4644,3000.0,192.5295,1.7996774292026416,VLG12BR_219,pop,DN,108889.85524592342,0.014706665085991498,False
70568.22107655504,262.2476,34239.057735387585,46935.81929159314,3755.923688651312,51.833643253106764,4.777163392935107,12323.0,0.79011,500.0112,3000.0,195.7295,1.7970903051859886,VLG12BR_219,pop,DN,108414.39604914108,0.0148614163285836,False
70554.37578024801,269.9608,33702.52423316998,45030.80592151099,3873.472335937858,51.81654412966966,4.76916910117759,12708.0,0.792213,500.615,3000.0,199.2841,1.7937152135412666,VLG12BR_219,pop,DN,107805.53840460758,0.014703793353359584,False
70540.55643447435,277.674,33048.1218441879,43160.46264771649,3991.0209832242176,51.799763224849706,4.759470169805233,13094.0,0.793879,500.9383,3000.0,202.3792,1.790041390054637,VLG12BR_219,pop,DN,107160.76092651463,0.014403449623394047,False
70526.76522169734,285.3871,32293.20165522177,41326.99713416504,4108.5696305104,51.78331897013955,4.748320724559478,13480.0,0.795192,501.0354,3000.0,205.075,1.7861186145902337,VLG12BR_219,pop,DN,106491.24068323085,0.014060667863881965,False
70513.0040319597,293.1003,31452.71919048927,39530.72247117487,4226.118277796418,51.76721292924838,4.73593945174644,13865.0,0.796185,500.9277,3000.0,207.4401,1.7819733010946925,VLG12BR_219,pop,DN,105803.06590919849,0.013651842700923861,False
70499.27465652715,300.8135,30539.02682478163,37771.044722482686,4343.666925082286,51.751438698886325,4.722506770783588,14251.0,0.797348,500.9233,3000.0,209.1858,1.7778330889404856,VLG12BR_219,pop,DN,105137.83607226035,0.013173560482183528,False
70485.57682073115,308.5266,29572.163389672103,36040.03657344505,4461.215572367999,51.73592357113297,4.708313801283969,14637.0,0.798427,500.8638,3000.0,210.3407,1.773583694613387,VLG12BR_219,pop,DN,104474.5716455955,0.012930028972238597,False
70471.91128341918,316.2398,28570.726497501462,34329.07696835933,4578.764219653519,51.720588793291654,4.693630343340458,15022.0,0.799238,500.6329,3000.0,211.2958,1.7691444505183722,VLG12BR_219,pop,DN,103799.09945746759,0.012632611519731751,False
70458.27960258257,323.953,27541.389660521123,32635.83407828303,4696.312866938868,51.70541288288817,4.678553376263151,15408.0,0.799802,500.2444,3000.0,212.0651,1.7645076969495277,VLG12BR_219,pop,DN,103111.05548673536,0.012258824628805138,False
70444.68325094682,331.6661,26490.23260735982,30957.875400641795,4813.861514224069,51.69037352489056,4.663171146857763,15794.0,0.800061,499.6643,3000.0,212.3782,1.7596611412888432,VLG12BR_219,pop,DN,102408.64712132071,0.011794743337554068,False
70431.123942329,339.3793,25431.15901218868,29287.635136567136,4931.410161509161,51.67540192865969,4.647684898081169,16179.0,0.800437,499.1548,3000.0,212.2298,1.754832068329532,VLG12BR_219,pop,DN,101729.26927343987,0.011243801744546512,False
70417.60150165782,347.0925,24377.49443926571,27616.37454163463,5048.958808794128,51.66041888488274,4.632287235567644,16565.0,0.801337,498.9703,3000.0,211.2228,1.7502041428257766,VLG12BR_219,pop,DN,101102.08183526684,0.010996694739012635,False
70404.11386685589,354.8056,23353.746231756304,25927.48492390517,5166.507456078883,51.64527404451336,4.617332144024216,16950.0,0.802161,498.735,3000.0,210.1738,1.7455020049755319,VLG12BR_219,pop,DN,100480.44605866921,0.010878665594592427,False
70390.66161853934,362.5188,22361.561352535395,24220.94773893793,5284.056103363412,51.62996734208954,4.602843197748424,17336.0,0.802928,498.4623,3000.0,209.1158,1.7407174126433964,VLG12BR_219,pop,DN,99863.31321189331,0.01074120520512788,False
70377.24521323513,370.232,21401.58746129115,22497.330280346825,5401.604750647709,51.61450402511041,4.588829492875385,17722.0,0.80365,498.1587,3000.0,208.0464,1.7358712911601413,VLG12BR_219,pop,DN,99253.22505818334,0.010585252315433133,False
70363.86502903468,377.9451,20474.516472273368,20757.165541097304,5519.153397931774,51.59888902980478,4.575300735646226,18107.0,0.804339,497.8326,3000.0,206.9735,1.7309864796656387,VLG12BR_219,pop,DN,98652.80433196417,0.01041416542485218,False
70350.52135106345,385.6583,19580.78261065074,19001.10499357096,5636.702045215615,51.58312836558277,4.562262880616085,18493.0,0.804921,497.4379,3000.0,206.1429,1.7260087893267675,VLG12BR_219,pop,DN,98053.6899845342,0.010179308582024513,False
70337.21477998415,393.3715,18713.29164753211,17233.684441006153,5754.25069249926,51.5672632212967,4.549613145263611,18879.0,0.805477,497.0252,3000.0,205.622,1.7209940992662738,VLG12BR_219,pop,DN,97463.7632748792,0.00993172872567525,False
70323.94550216437,401.0846,17862.61581187658,15459.932343046603,5871.799339782684,51.551339241747016,4.537215113510762,19264.0,0.806056,496.6239,3000.0,205.2375,1.7159809412722828,VLG12BR_219,pop,DN,96887.95067078559,0.009745284598870025,False
70310.7134393564,408.7978,17024.542917009137,13681.957892127679,5989.34798706588,51.53537560095472,4.525007770933307,19650.0,0.806647,496.228,3000.0,204.9379,1.710944697393734,VLG12BR_219,pop,DN,96322.82698697313,0.009591463237180313,False
70297.518518901,416.511,16196.44420024049,11901.05551789154,6106.896634348829,51.519384073724545,4.512953013804276,20036.0,0.811339,498.3488,3000.0,204.7343,1.7077004627437764,VLG12BR_219,pop,DN,96077.08412883816,0.009132678803357271,False
70284.3399795317,424.2241,15371.155648816453,10109.575428678756,6224.445281630637,51.503296105362374,4.5009468633326355,20421.0,0.819299,502.4635,3000.0,204.6402,1.7058787962420714,VLG12BR_219,pop,DN,96166.9589913718,0.005453867413072765,False
70271.15545891576,431.9373,14541.999934140447,8301.89133288474,6341.993928909488,51.487061283606124,4.488892671879375,20807.0,0.82,502.1171,3000.0,204.6156,1.7007487356152693,VLG12BR_219,pop,DN,95639.67159755978,0.0018136983896054385,False
70258.00638029618,439.6504,13714.195311179707,6495.106354988705,6459.542576183524,51.47083327718339,4.476866609429749,21193.0,0.82,501.3397,3000.0,204.6136,1.695307690846405,VLG12BR_219,pop,DN,95058.62990027151,0.0,False
70244.89708008815,447.3636,12887.739494435651,4691.105215581388,6577.091223454861,51.454629043295554,4.464868673724618,21578.0,0.82,500.561,3000.0,204.6132,1.689890182863255,VLG12BR_219,pop,DN,94491.79575416943,0.0,False
70231.82738356774,455.0768,12062.58804983353,2889.913582383938,6694.639870725578,51.438448821266334,4.452898172664541,21964.0,0.82,499.7811,3000.0,204.6134,1.6844769885378152,VLG12BR_219,pop,DN,93936.87995172507,0.0,False
70218.79707105679,462.7899,11238.722232338796,1091.545377664738,6812.1885179956535,51.42229274411349,4.440954784757775,22350.0,0.82,499.0001,3000.0,204.6138,1.6790860894161925,VLG12BR_219,pop,DN,93395.03073717564,0.0,False
70205.80587826799,470.5031,10416.137431362426,-703.9919263418685,6929.737165265067,51.40616088670435,4.429038392225707,22735.0,0.82,498.2177,3000.0,204.6142,1.6737350552555452,VLG12BR_219,pop,DN,92867.22430948606,0.0,False
70192.85349668785,478.2163,9594.837774837464,-2496.694835335933,7047.285812533798,51.390053288318484,4.417149003330031,23121.0,0.82,497.4342,3000.0,204.6144,1.668404723113151,VLG12BR_219,pop,DN,92351.38534907397,0.0,False
70179.93957399295,485.9294,8774.829613683976,-4286.560847967119,7164.834459801826,51.37396997964128,4.405286659032067,23507.0,0.82,496.6494,3000.0,204.6145,1.6631126275588204,VLG12BR_219,pop,DN,91848.54150531028,0.0,False
70167.06371449532,493.6426,7956.11894311785,-6073.58727424235,7282.383107069124,51.357910993119816,4.393451396439425,23892.0,0.82,495.8634,3000.0,204.6144,1.6578761809376457,VLG12BR_219,pop,DN,91359.64826692149,0.0,False
70154.2254796126,501.3558,7138.712879119628,-7857.771911714964,7399.931754335674,51.34187635638621,4.381643270023729,24278.0,0.82,495.0761,3000.0,204.6141,1.652676076380532,VLG12BR_219,pop,DN,90882.7616050544,0.0,False
70141.42438835917,509.0689,6322.621223586798,-9639.113762274925,7517.480401601458,51.32586608558927,4.3698623734060185,24664.0,0.82,494.2876,3000.0,204.6135,1.6475296240915105,VLG12BR_219,pop,DN,90418.87378061184,0.0,False
70128.65991785393,516.7821,5507.854809648061,-11417.612273724151,7635.029048866449,51.30988019241904,4.358108814788229,25049.0,0.82,493.4978,2981.0,204.6127,1.6396331577918064,VLG12BR_219,pop,DN,89709.06218315885,0.0,False
70115.95280804898,524.4953,4694.399515273964,-13193.3154365678,7751.8298591545,51.29391825207673,4.346382342270208,25433.0,0.82,492.7118,2904.0,204.6117,1.6227803144544906,VLG12BR_219,pop,DN,88218.68917640105,0.0,False
70103.37019430156,532.2084,3882.1843515318674,-14966.387001498888,7865.608428242342,51.27797879901086,4.334681885544867,25806.0,0.82,491.9449,2827.0,204.6107,1.6054648471139186,VLG12BR_219,pop,DN,86749.47277341789,0.0,False
70090.91555655687,539.9216,3071.181467601037,-16736.89355445135,7976.364756113226,51.26206124092387,4.323006997864154,26169.0,0.82,491.1972,2750.0,204.6096,1.5876910162143045,VLG12BR_219,pop,DN,85299.69908452049,0.0,False
70078.59226198206,547.6348,2261.364067140527,-18504.9025066957,8084.098842761588,51.246164978014136,4.311357248734415,26523.0,0.82,490.4689,2672.0,204.6083,1.5692869944464345,VLG12BR_219,pop,DN,83854.05077401872,0.0,False
70066.40356483312,555.3479,1452.7072430833375,-20270.482467894,8188.81068818466,51.23028939961076,4.29973223596468,26866.0,0.819799,489.64,2595.0,204.6068,1.5505781564632253,VLG12BR_219,pop,DN,82425.08010694837,0.0,False
70054.3541556664,563.0611,645.385803460678,-22033.270175944195,8290.500292380797,51.21443777863131,4.288134426623631,27200.0,0.818566,488.2153,2518.0,204.6051,1.5311314911059133,VLG12BR_219,pop,DN,80933.87554322273,0.0,False
70042.4552241662,570.7743,-159.60617037191756,-23791.11470580109,8389.167655348918,51.19862945848083,4.276579850627198,27524.0,0.817368,486.8327,2441.0,204.603,1.5112960639294486,VLG12BR_219,pop,DN,79464.4390587552,0.0,False
70030.70975376843,578.4874,-962.329212041245,-25544.167843747924,8484.812777088273,51.1828630622766,4.265064071237524,27837.0,0.816189,485.4836,2364.0,204.6008,1.4910957851324556,VLG12BR_219,pop,DN,78015.14350341517,0.0,False
70019.12071719093,586.2006,-1762.8292969319314,-27292.550666668558,8577.435657598306,51.16713754261065,4.253588033448144,28141.0,0.815046,484.177,2287.0,204.5982,1.4705238021033855,VLG12BR_219,pop,DN,76584.56744450126,0.0,False
70007.69085373402,593.9138,-2561.1670483206603,-29036.417103914646,8667.03629687861,51.151451525597956,4.242150795986508,28435.0,0.813925,482.9048,2210.0,204.5954,1.4496034321192608,VLG12BR_219,pop,DN,75171.35434613188,0.0,False
69996.42289649547,601.6269,-3357.3899939477515,-30775.89079797964,8753.614694928869,51.13580390943232,4.230751607861582,28719.0,0.812828,481.6677,2132.0,204.5923,1.4281282895684468,VLG12BR_219,pop,DN,73760.56468157223,0.0,False
69985.31945729099,609.3401,-4151.5474355112065,-32511.098527562695,8837.170851748824,51.120193563787666,4.219389695034487,28993.0,0.81174,480.4583,2055.0,204.589,1.4065436129287994,VLG12BR_219,pop,DN,72378.47581133945,0.0,False
69974.38313852737,617.0533,-4943.6770394805835,-34242.13941107547,8917.704767338299,51.10461960688208,4.208064452105372,29258.0,0.810678,479.285,1978.0,204.5855,1.3846394139825646,VLG12BR_219,pop,DN,71010.55437271766,0.0,False
69963.61633212944,624.7664,-5733.831336886391,-35969.14205177171,8995.216441697137,51.0890808913736,4.19677506320722,29512.0,0.809609,478.1287,1901.0,204.5818,1.3624447325224582,VLG12BR_219,pop,DN,69655.19519634293,0.0,False
69953.02157159355,632.4796,-6522.032822974496,-37692.166337545576,9069.705874825238,51.07357688790811,4.1855211435396305,29756.0,0.808563,477.0076,1824.0,204.5781,1.339968745210938,VLG12BR_219,pop,DN,68312.91184715444,0.0,False
69942.60105997357,640.1928,-7308.3352140547395,-39411.33654594465,9141.173066722518,51.05810648750009,4.174301864120113,29991.0,0.807513,475.9052,1747.0,204.5743,1.317201970716291,VLG12BR_219,pop,DN,66980.82744115002,0.0,False
69932.3571144759,647.9059,-8092.767048077636,-41126.7167330122,9209.618017388917,51.0426691227745,4.163116757112526,30215.0,0.806473,474.8297,1670.0,204.5705,1.2941867966111067,VLG12BR_219,pop,DN,65660.16413040983,0.0,False
69922.29185317851,655.6191,-8875.371789865174,-42838.39938481344,9275.040726824414,51.027263970254886,4.151965143297953,30430.0,0.80542,473.7678,1593.0,204.5668,1.2709017594926313,VLG12BR_219,pop,DN,64348.007996123066,0.0,False
69912.40746947988,663.3323,-9656.171784494532,-44546.429084893556,9337.441195028996,51.01189063734702,4.140846645921291,30635.0,0.804397,472.7445,1515.0,204.5631,1.2471209631603077,VLG12BR_219,pop,DN,63032.33304648634,0.0,False
69902.70574317414,671.0454,-10435.231116382067,-46250.94022455429,9396.819422002669,50.99654792287903,4.12976029545305,30829.0,0.803325,471.714,1438.0,204.5596,1.223366190721463,VLG12BR_219,pop,DN,61737.447055956756,0.0,False
69893.18895117257,678.7586,-11212.54109127229,-47951.90020036984,9453.175407745479,50.98123612854343,4.118706159356919,31014.0,0.802293,470.7278,1361.0,204.5564,1.19939448053365,VLG12BR_219,pop,DN,60452.26501113362,0.0,False
69883.85861454837,686.4718,-11988.182779021097,-49649.460833770565,9506.509152257477,50.96595389559547,4.10768302920065,31189.0,0.801209,469.7322,1284.0,204.5536,1.1751962915335108,VLG12BR_219,pop,DN,59172.040379533806,0.0,False
69874.71685471704,694.1849,-12762.150706684894,-51343.578411314375,9556.820655538746,50.95070162523623,4.096690928066365,31354.0,0.800141,468.7672,1207.0,204.5511,1.15080755365964,VLG12BR_219,pop,DN,57899.85352393295,0.0,False
69865.7651868219,701.8981,-13534.50469282273,-53034.353955116516,9604.109917589387,50.93547841548621,4.085728952463732,31510.0,0.799034,467.8004,1130.0,204.549,1.126205615046123,VLG12BR_219,pop,DN,56632.06570480865,0.0,False
69857.0054501035,709.6112,-14305.249810394824,-54721.77206346077,9648.376938409538,50.92028441240488,4.07479697745196,31655.0,0.797934,466.8581,1053.0,204.5473,1.1014429155625178,VLG12BR_219,pop,DN,55371.428256307125,0.0,False
69848.43905074889,717.3244,-15074.43636472509,-56405.91204924417,9689.62171799936,50.90511890901872,4.063894237142147,31790.0,0.796788,465.9103,975.0,204.5462,1.0762016160120942,VLG12BR_219,pop,DN,54100.128784946515,0.0,False
69840.06768929175,725.0376,-15842.070615283215,-58086.74149042021,9727.84425635906,50.88998220412767,4.053020590484095,31915.0,0.795641,464.983,898.0,204.5458,1.0510968170084902,VLG12BR_219,pop,DN,52848.9860921128,0.0,False
69831.89263522149,732.7507,-16608.206358229792,-59764.32031900258,9763.044553488888,50.87487376453657,4.042175223217932,32031.0,0.794453,464.0526,821.0,204.546,1.0258182842681567,VLG12BR_219,pop,DN,51600.883666472524,0.0,False
69823.9153663283,740.4639,-17372.855953969054,-61438.623968207634,9795.222609389153,50.85979381790541,4.031357909055959,32137.0,0.793249,463.1337,744.0,204.5468,1.0003990159551805,VLG12BR_219,pop,DN,50357.16348199141,0.0,False
69816.13707484234,748.1771,-18136.05185006457,-63109.68252852717,9824.378424060234,50.84474209962515,4.02056813855883,32232.0,0.792004,462.2113,667.0,204.5482,0.9748480240397859,VLG12BR_219,pop,DN,49116.7721829135,0.0,False
69808.55904599468,755.8902,-18897.80221576865,-64777.47195434443,9850.51199750261,50.82971883254366,4.00980574616874,32318.0,0.790734,461.2953,590.0,204.5501,0.9491605695936156,VLG12BR_219,pop,DN,47879.469798248334,0.0,False
69801.18233812958,763.6034,-19658.132109987873,-66442.0034218147,9873.623329716882,50.814723922106765,3.9990703279681004,32394.0,0.78941,460.3686,513.0,204.5526,0.9233425579799439,VLG12BR_219,pop,DN,46644.10909166856,0.0,False
69794.0081284891,771.3166,-20417.037074871594,-68103.22650913832,9893.712420703854,50.79975782861195,3.988361897294958,32460.0,0.788054,459.4439,436.0,204.5556,0.8974147407775372,VLG12BR_219,pop,DN,45411.501494453805,0.0,False
69787.03732668754,779.0297,-21174.53400959928,-69761.13680262312,9910.779270464602,50.78482059780965,3.9776801660604333,32516.0,0.786643,458.5077,358.0,204.5594,0.8710550135509898,VLG12BR_219,pop,DN,44165.68638629632,0.0,False
69780.2709109374,786.7429,-21930.623598137416,-71415.67825883225,9924.823879000642,50.7699127402684,3.9670250740902784,32562.0,0.785175,457.5585,281.0,204.5636,0.8449058280779269,VLG12BR_219,pop,DN,42935.843377075435,0.0,False
69773.7097704668,794.4561,-22685.294528644536,-73066.79434633907,9935.846246314271,50.75503477138888,3.9563967314341713,32598.0,0.78365,456.5971,204.0,204.5678,0.8186604020147352,VLG12BR_219,pop,DN,41707.17990161072,0.0,False
69767.35468030532,802.1692,-23438.524248479887,-74714.4358190709,9943.846372409327,50.74018714154428,3.9457954078622666,32624.0,0.782043,455.6073,127.0,204.5722,0.792309694288243,VLG12BR_219,pop,DN,40478.322017220635,0.0,False
69761.20651031319,809.8824,-24190.268346895355,-76358.49401565437,9948.824257293543,50.72537083644453,3.9352216791015056,32640.0,0.780362,454.5955,50.0,204.5768,0.7658684746445372,VLG12BR_219,pop,DN,39249.62381236773,0.0,False
69755.2659407594,817.5956,-24940.49246996776,-77998.88263041602,9950.779900990136,50.710586640516986,3.9246759780944056,32647.0,0.779221,453.9174,-0.0,204.5815,0.7486064497137928,VLG12BR_219,pop,DN,38449.53261481958,0.0,False
69749.46037497639,825.3087,-25689.742454029245,-79636.78726093651,9950.779900959113,50.69582387411919,3.9141505890293855,32647.0,0.779215,453.914,-0.0,204.5862,0.74855481135829,VLG12BR_219,pop,DN,38447.03212477782,0.0,False
69743.65523311733,833.0219,-26439.123622539024,-81274.61702720114,9950.779900927575,50.68106082591308,3.9036299633426355,32647.0,0.779208,453.91,-0.0,204.5911,0.7485024660396804,VLG12BR_219,pop,DN,38444.48667951383,0.0,False
69737.8505220899,840.7351,-27188.63599651494,-82912.3695326435,9950.779900895524,50.66629751803835,3.8931140946508336,32647.0,0.779201,453.9062,-0.0,204.5957,0.7484503642066964,VLG12BR_219,pop,DN,38441.956735397194,0.0,False
69732.04624064459,848.4482,-27938.274847963014,-84550.04733113102,9950.779900862985,50.651533928344314,3.882603044295004,32647.0,0.779196,453.9031,-0.0,204.6,0.7483991002083599,VLG12BR_219,pop,DN,38439.48006039275,0.0,False
69726.24237852571,856.1614,-28688.031475604184,-86187.65786435205,9950.779900829966,50.63676999094474,3.872096930279289,32647.0,0.779189,453.899,-0.0,204.604,0.7483466535355765,VLG12BR_219,pop,DN,38436.9282206393,0.0,False
69720.43894883287,863.8746,-29437.894406286377,-87825.20189238888,9950.779900796477,50.62200570022678,3.861595909273824,32647.0,0.779182,453.8947,-0.0,204.6077,0.7482939748891917,VLG12BR_219,pop,DN,38434.361667657155,0.0,False
69714.63595398568,871.5877,-30187.856618663005,-89462.68177542863,9950.779900762522,50.60724103601264,3.8511000748068756,32647.0,0.779175,453.8909,-0.0,204.6112,0.7482418964948458,VLG12BR_219,pop,DN,38431.8332727741,0.0,False
69708.8333880041,879.3009,-30937.912627488993,-91100.10203282948,9950.779900728117,50.59247595865969,3.840609498730159,32647.0,0.779167,453.8863,-0.0,204.6143,0.7481888726330483,VLG12BR_219,pop,DN,38429.24485271558,0.0,False
69703.03126095074,887.0141,-31688.051042693023,-92737.46442524421,9950.779900693264,50.57771045368546,3.830124336223074,32647.0,0.779161,453.8828,-0.0,204.617,0.748137162709646,VLG12BR_219,pop,DN,38426.73989316663,0.0,False
69697.22955912117,894.7272,-32438.259381363965,-94374.7793137715,9950.77990065798,50.56294442938214,3.8196447585120823,32647.0,0.779153,453.8781,-0.0,204.6191,0.7480840313393482,VLG12BR_219,pop,DN,38424.14471488028,0.0,False
69691.42829629382,902.4404,-33188.51997214763,-96012.05007488144,9950.779900622276,50.548177857215535,3.8091710094902127,32647.0,0.779147,453.8747,-0.0,204.6206,0.7480324521516353,VLG12BR_219,pop,DN,38421.648079921884,0.0,False
69685.62745716816,910.1536,-33938.81976257061,-97649.28788004335,9950.77990058615,50.53341063836904,3.798703268140794,32647.0,0.77914,453.8706,-0.0,204.6217,0.7479800460515906,VLG12BR_219,pop,DN,38419.09898431878,0.0,False
69679.82705025257,917.8667,-34689.14351106085,-99286.49679145684,9950.77990054962,50.518642738156586,3.7882417436043836,32647.0,0.779134,453.8672,-0.0,204.6223,0.747928478715163,VLG12BR_219,pop,DN,38416.60311547267,0.0,False
69674.02706621285,925.5799,-35439.477802020636,-100923.68611704114,9950.779900512684,50.50387407468214,3.777786619476733,32647.0,0.779129,453.8639,-0.0,204.6229,0.7478770363343179,VLG12BR_219,pop,DN,38414.11517284671,0.0,False
71037.09172428463,0.0,34058.24855157534,101161.12164332422,30.480000304479823,52.321300505698744,4.779960154005953,100.0,0.3,198.3755,2549.0,183.0038,1.8596185680792128,VLG12BR_219,fuel,D,125532.8151788468,0.18817267396666157,False
71023.11104839637,7.5173,34018.390233021804,100401.53408054909,127.81898406507239,52.314472023905715,4.779296809862346,419.0,0.319802,211.2371,2624.0,183.0038,1.850447606730362,VLG12BR_219,fuel,D,121814.47516255235,0.15212706831286876,False
71009.19931728275,15.0345,33975.92649096295,99592.29446615135,228.0286318546081,52.30719717966894,4.778590334377335,748.0,0.340555,224.69,2699.0,194.2796,1.8411398406703614,VLG12BR_219,fuel,D,118708.19774536471,0.11891340154273106,False
70995.35774926242,22.5518,33763.22103210689,98756.5776435851,331.1089436733495,52.29969466275979,4.775377994843936,1086.0,0.362063,238.6012,2774.0,199.4167,1.8324742850172173,VLG12BR_219,fuel,D,116220.57696808205,0.08818823099712392,False
70981.58171404526,30.069,33458.66341999324,97892.54489509476,437.0599195213442,52.291942988835345,4.770813456361305,1434.0,0.384127,252.8365,2850.0,199.4202,1.8252200151975488,VLG12BR_219,fuel,D,114358.24289598013,0.07060208561550972,False
70967.86159877389,37.5863,33135.75858285515,96976.63742440009,545.8815593985531,52.28372573231678,4.7659757016623665,1791.0,0.406554,267.2664,2925.0,199.4268,1.8196113483978416,VLG12BR_219,fuel,D,113027.88717152378,0.05517176109613035,False
70954.18437575221,45.1035,32794.19944520926,96008.17491492146,657.5738633048137,52.275036759813666,4.760860455588517,2157.0,0.429164,281.7697,3000.0,199.4306,1.8159648192198659,VLG12BR_219,fuel,D,112206.72625552563,0.044585491332569734,False
70940.53538501948,52.6208,32433.933438143657,94986.88531646457,772.1368312394167,52.265873591828424,4.755467245662839,2533.0,0.451791,296.2364,3000.0,199.4322,1.8060830922561797,VLG12BR_219,fuel,D,110128.88164671398,0.03850030247254649,False
70926.96187628538,60.138,32054.943471414856,93912.61245182305,886.6997991762332,52.25623478677438,4.7497961509422675,2909.0,0.474822,310.9278,3000.0,199.4395,1.7980617762657793,VLG12BR_219,fuel,D,108576.19308342732,0.03317021576293749,False
70913.44996260584,67.6553,31656.833800824097,92784.59878104615,1001.2627671131323,52.24611351471868,4.743841650974851,3285.0,0.498093,325.7358,3000.0,199.4493,1.79220120253308,VLG12BR_219,fuel,D,107505.63728355739,0.029290949474613425,False
70899.9834326727,75.1726,31239.39396563274,91602.46424562161,1115.8257350500967,52.235506326791196,4.73760100782935,3661.0,0.521453,340.5613,3000.0,199.4524,1.7885800289133946,VLG12BR_219,fuel,D,106868.13094717701,0.026010406041963023,False
70886.54542318905,82.6898,30802.737144480503,90366.11891621893,1230.3887029871141,52.22441236254594,4.731076284303259,4037.0,0.544767,355.3159,3000.0,199.4508,1.7870961911078505,VLG12BR_219,fuel,D,106611.83530362761,0.023477581720839802,False
70873.11978647788,90.2071,30347.059380192088,89075.80483109585,1344.9516709241752,52.21283374072671,4.724270806210707,4413.0,0.567916,369.9221,3000.0,199.452,1.7875195686826457,VLG12BR_219,fuel,D,106684.67905633623,0.022413494261358427,False
70859.69206515353,97.7243,29872.49454524128,87732.10214989791,1459.5146388612725,52.200775622859155,4.717187030617502,4788.0,0.590798,384.3133,3000.0,199.454,1.7895507271629933,VLG12BR_219,fuel,D,107037.3209804547,0.021520036989979355,False
70846.25007619812,105.2416,29379.305676334996,86335.81660534124,1574.0776067984011,52.188245190752134,4.709829340837515,5164.0,0.613325,398.4336,3000.0,199.4509,1.7928389484033624,VLG12BR_219,fuel,D,107619.74548150436,0.02081407855568746,False
70832.78415915163,112.7588,28867.969739695895,84887.90614722754,1688.640574735556,52.17525098305867,4.702205278050538,5540.0,0.635425,412.2371,3000.0,199.4448,1.7970556893433258,VLG12BR_219,fuel,D,108388.80876332358,0.020285875246436588,False
70819.28716559257,120.2761,28338.98212390393,83389.5091265782,1803.2035426727343,52.16180315988374,4.694322670688161,5916.0,0.65704,425.687,3000.0,199.4414,1.8018924498714928,VLG12BR_219,fuel,D,109304.23863822129,0.019901130082505093,False
70805.75426982078,127.7933,27792.74289961095,81841.94669191641,1917.766510609932,52.1479135303014,4.686187964513662,6292.0,0.678124,438.7549,3000.0,199.4395,1.8070810966462703,VLG12BR_219,fuel,D,110329.90179161588,0.019677487766983526,False
70792.1826721636,135.3106,27229.70969452419,80246.63450774648,2032.3294785471464,52.133594750604495,4.677808454525207,6668.0,0.698643,451.4202,3000.0,199.4346,1.812400395137166,VLG12BR_219,fuel,D,111433.84881034195,0.019890996937167893,False
70778.57125265729,142.8278,26650.489926323924,78605.01951150227,2146.892446484375,52.118859751566106,4.669193627293871,7044.0,0.718573,463.6685,3000.0,199.4292,1.8176761969187978,VLG12BR_219,fuel,D,112588.09803086732,0.020138485471946153,False
70764.92021789767,150.3451,26055.649221637217,76918.6203939328,2261.455414421617,52.10372211244271,4.660352353804009,7419.0,0.737899,475.4917,3000.0,199.4278,1.8227867227540653,VLG12BR_219,fuel,D,113770.42027194938,0.02053995258169432,False
70751.23076989125,157.8624,25445.623443159733,75189.0349096925,2376.018382358871,52.088196130701235,4.651291601318307,7795.0,0.756612,486.8862,3000.0,199.428,1.8276251566366633,VLG12BR_219,fuel,D,114956.5754500567,0.020891037308392642,False
70737.50481395824,165.3796,24820.916406441775,73417.84969602023,2490.5813502961337,52.07229600159641,4.642019320676026,8171.0,0.774713,497.8531,3000.0,199.4273,1.8321410838202266,VLG12BR_219,fuel,D,116131.10612374969,0.021140533809220943,False
70723.74471250013,172.8969,24182.1120002281,71606.61860767369,2605.144318233404,52.05603562332739,4.6325446190547,8547.0,0.792205,508.3968,3000.0,199.4286,1.8363019798848454,VLG12BR_219,fuel,D,117296.08795605006,0.021710747343447342,False
70709.95263474807,180.4141,23529.688576254197,69756.9135904216,2719.707286170683,52.03942906301702,4.622875046758082,8923.0,0.809094,518.5214,3000.0,199.4332,1.8400931172735462,VLG12BR_219,fuel,D,118553.79944047544,0.0224805543632916,False
70696.12802952208,187.9314,22864.07996636609,67870.3049889429,2834.270254107969,52.02249037661657,4.613017489043512,9299.0,0.82,524.7871,3000.0,199.4363,1.841349650814666,VLG12BR_219,fuel,D,119222.72974301173,0.023352420020557846,False
70682.28694752626,195.4486,22190.30006227457,65960.86531845416,2948.8332220452576,52.005345872095205,4.603046537729763,9675.0,0.82,524.0622,3000.0,199.4375,1.838096970174098,VLG12BR_219,fuel,D,118252.6327152029,0.024298686017903918,False
70668.47002326061,202.9659,21517.416252488918,64054.089025077,3063.3961899825413,51.988224444053195,4.593096475292949,10051.0,0.82,523.3362,3000.0,199.4396,1.834722497101203,VLG12BR_219,fuel,D,117296.72146766479,0.025289670424457275,False
70654.67813481549,210.4831,20845.396336357724,62149.991620142784,3177.959157919821,51.97112623769945,4.583166791332965,10426.0,0.82,522.6093,3000.0,199.4402,1.8312360439797968,VLG12BR_219,fuel,D,116356.95621055442,0.026292176602614195,False
70640.91214624092,218.0004,20174.296960645654,60248.5572761791,3292.5221258570978,51.954051113018686,4.573258270805654,10802.0,0.82,521.8814,3000.0,199.4377,1.8276237430983338,VLG12BR_219,fuel,D,115429.21091043224,0.027351626631166998,False
70627.17290528618,225.5177,19504.217407713393,58349.75513503985,3407.0850937943696,51.93699879359117,4.5633723187348645,11178.0,0.82,521.1524,3000.0,199.4352,1.823895525615076,VLG12BR_219,fuel,D,114515.4068901629,0.028462900410565664,False
70613.46124121791,233.0349,18835.160362659964,56453.58845156177,3521.6480617316383,51.919969313509135,4.553508931726789,11554.0,0.82,520.4224,3000.0,199.4331,1.8200540039053095,VLG12BR_219,fuel,D,113615.48922614954,0.02961462372538872,False
70599.77796272418,240.5522,18167.116309788824,54560.06480297526,3636.211029668898,51.902962746129326,4.543667928846579,11930.0,0.82,519.6914,3000.0,199.4302,1.8161019923887398,VLG12BR_219,fuel,D,112729.38040021736,0.029219731026897955,False
70586.12385590974,248.0694,17500.110833281768,52669.17940122201,3750.7739976061544,51.88597905244142,4.5338496402351485,12306.0,0.82,518.9594,3000.0,199.4275,1.812042563605345,VLG12BR_219,fuel,D,111857.0044187178,0.02712344763551223,False
70572.49968238773,255.5867,16834.136364700415,50780.93917285213,3865.336965543404,51.869018299891835,4.524053913377044,12682.0,0.82,518.2263,3000.0,199.425,1.807878956729449,VLG12BR_219,fuel,D,110998.2649068734,0.02506092808350734,False
70558.90617747189,263.1039,16169.19176097054,48895.34879526267,3979.8999334806513,51.85208053545985,4.514280689458475,13057.0,0.82,517.4922,3000.0,199.4215,1.8036245933025887,VLG12BR_219,fuel,D,110154.89360247145,0.023033952354863628,False
70545.344048472,270.6212,15505.308367965963,47012.40150855923,4094.462901417891,51.83516570234272,4.5045303821211045,13433.0,0.82,516.7571,3000.0,199.4164,1.7992638666036782,VLG12BR_219,fuel,D,109323.22545830115,0.021060354723201686,False
70531.81397309508,278.1384,14842.539541706732,45132.082819200725,4209.025869355124,51.81827367373595,4.494803724401244,13809.0,0.82,516.0209,3000.0,199.4097,1.7948102247114956,VLG12BR_219,fuel,D,108504.98184867224,0.019184522927878665,False
70518.31659795353,285.6557,14180.93726925882,43254.378750134514,4323.588837292354,51.801404327751264,4.4851014285516575,14185.0,0.82,515.2837,3000.0,199.4019,1.7902678981179028,VLG12BR_219,fuel,D,107700.11638269332,0.017393831607092708,False
70504.85253718166,293.1729,13520.5396077827,41379.28026883054,4438.151805229575,51.7845575875325,4.475424003648102,14561.0,0.82,514.5454,3000.0,199.3928,1.7856411279668163,VLG12BR_219,fuel,D,106908.54253545048,0.015654732552794138,False
70491.42237115945,300.6902,12861.392060119259,39506.77575750063,4552.714773166789,51.7677333529636,4.465772066272352,14937.0,0.82,513.806,3000.0,199.3832,1.7809343928630728,VLG12BR_219,fuel,D,106130.19674072292,0.013961128809476978,False
70478.02664534416,308.2075,12203.50882786611,37636.86465356132,4667.277741103998,51.75093162422708,4.456145777959418,15313.0,0.82,513.0656,3000.0,199.3744,1.7761523970424662,VLG12BR_219,fuel,D,105365.0367894629,0.012315691006187022,False
70464.66586920788,315.7247,11546.86370795731,35769.56062890475,4781.840709041199,51.73415253039713,4.446544713850405,15688.0,0.82,512.3241,3000.0,199.3672,1.7713109984326727,VLG12BR_219,fuel,D,104614.55799537923,0.011591893826536583,False
70451.34051527933,323.242,10891.407972147148,33904.885278290596,4896.403676978391,51.717396272092685,4.436968122979424,16064.0,0.82,511.5815,3000.0,199.3612,1.7663928389388515,VLG12BR_219,fuel,D,103875.52188860154,0.010937253432987992,False
70438.0510182882,330.7592,10237.100257777907,32042.85760630823,5010.966644915579,51.700663026254595,4.427415362218248,16440.0,0.82,510.8378,3000.0,199.3566,1.7614139024663338,VLG12BR_219,fuel,D,103149.47692449592,0.01030120716980159,False
70424.79777440905,338.2765,9583.899135063235,30183.496645699106,5125.529612852756,51.6839529698644,4.417885788358799,16816.0,0.82,510.0931,3000.0,199.3524,1.7563793216199333,VLG12BR_219,fuel,D,102436.3870634207,0.009692226750298901,False
70411.58114060169,345.7937,8931.791548824918,28326.811471120578,5240.092580789924,51.66726618968441,4.408379170253847,17192.0,0.82,509.3473,3000.0,199.3477,1.751294136310985,VLG12BR_219,fuel,D,101736.18087863277,0.009196178285371774,False
70398.40143404539,353.311,8280.792195694545,26472.801428680188,5354.655548727083,51.65060268449778,4.398895679130331,17568.0,0.82,508.6004,3000.0,199.3423,1.74616353014647,VLG12BR_219,fuel,D,101048.80793241494,0.009070782344447038,False
70385.25893166248,360.8282,7630.9290313214315,24621.461233767288,5469.218516664232,51.633962411312766,4.389435678065774,17944.0,0.82,507.8523,3000.0,199.3358,1.740992654008107,VLG12BR_219,fuel,D,100374.20234688133,0.008937869035559196,False
70372.1538697284,368.3455,6982.233687600829,22772.784340429396,5583.781484601371,51.617345315859914,4.3799995829534275,18319.0,0.82,507.1032,3000.0,199.3281,1.7357990181623608,VLG12BR_219,fuel,D,99713.72644039823,0.008799879385102224,False
70359.08644356353,375.8628,6334.750275540988,20926.759857382396,5698.344452538501,51.60075130477817,4.370587989816504,18695.0,0.82,506.353,3000.0,199.319,1.7305637606267195,VLG12BR_219,fuel,D,99064.54300401808,0.008657244503773972,False
70346.05680730334,383.38,5688.519222582157,19083.378224666674,5812.90742047562,51.5841802969007,4.361201440687046,19071.0,0.82,505.6016,3000.0,199.3093,1.7253040970198534,VLG12BR_219,fuel,D,98427.99553142651,0.008549640517283765,False
70333.06507374196,390.8973,5043.565280191113,17242.63541608368,5927.47038841273,51.56763226113308,4.351840250248066,19447.0,0.82,504.8492,3000.0,199.2991,1.7200254996082338,VLG12BR_219,fuel,D,97804.07799409592,0.008505975796835728,False
70320.11131424537,398.4145,4399.902532604563,15404.53117507354,6042.033356349823,51.55110720045778,4.3425045786155945,19823.0,0.82,504.0956,3000.0,199.2886,1.7147331223403297,VLG12BR_219,fuel,D,97192.72007495271,0.008472012299898734,False
70307.19555872974,405.9318,3757.541586637325,13569.06649068756,6156.596324286906,51.534605129124735,4.333194535505292,20199.0,0.82,503.3409,3000.0,199.2775,1.7094323400071716,VLG12BR_219,fuel,D,96593.90356146754,0.006783928083600887,False
70294.31779570032,413.449,3116.503130295368,11736.23885288336,6271.15929222398,51.51812602988512,4.323910376224148,20575.0,0.82,502.585,3000.0,199.2656,1.7041283539044918,VLG12BR_219,fuel,D,96007.58046763644,0.0036117174408045716,False
70281.47797234672,420.9663,2476.8109313927894,9906.044709151884,6385.722260161039,51.50166987616998,4.31465240030713,20951.0,0.82,501.8281,3000.0,199.2528,1.6988265564475622,VLG12BR_219,fuel,D,95433.75240951523,0.00041962547298780595,False
70268.67599469052,428.4835,1838.494587800871,8078.478507867923,6500.28522809809,51.48523662348993,4.305420991160627,21326.0,0.82,501.0699,3000.0,199.2394,1.6935443569663862,VLG12BR_219,fuel,D,94873.49063218094,0.0,False
70255.9117277801,436.0008,1201.5762380850808,6253.537343701375,6614.8481960351255,51.46882625125905,4.296216424088737,21702.0,0.82,500.3107,3000.0,199.2255,1.6882622942322256,VLG12BR_219,fuel,D,94324.49906101776,0.0,False
70243.18499592948,443.518,566.0691190568643,4431.2214540531195,6729.41116397215,51.45243876716882,4.287038845641102,22078.0,0.82,499.5502,3000.0,199.2112,1.6829976931114787,VLG12BR_219,fuel,D,93787.8844974658,0.0,False
70230.49558299646,451.0353,-68.01260043216874,2611.530783371121,6843.974131909157,51.43607417597932,4.277888415682983,22454.0,0.82,498.7886,3000.0,199.1962,1.6777557526788205,VLG12BR_219,fuel,D,93263.65826776583,0.0,False
70217.8432326959,458.5526,-700.6476651907021,794.4628419909222,6958.53709984615,51.419732457344146,4.268765397793941,22830.0,0.82,498.0259,3000.0,199.1801,1.672541472210424,VLG12BR_219,fuel,D,92751.80448317772,0.0,False
70205.22764894484,466.0698,-1331.7997787860315,-1019.990051831251,7073.10006778313,51.403413537592115,4.259670309810697,23206.0,0.82,497.262,3000.0,199.1626,1.6673597268267184,VLG12BR_219,fuel,D,92252.29640908436,0.0,False
70192.64849623507,473.5871,-1961.426996836384,-2831.837486683334,7187.663035720096,51.38711735471846,4.250603695547814,23582.0,0.82,496.4969,3000.0,199.1441,1.6622153886556565,VLG12BR_219,fuel,D,91765.12506947278,0.0,False
70180.10540002983,481.1043,-2589.4943285130175,-4641.086572665322,7302.226003657047,51.37084384882768,4.241565989946403,23957.0,0.82,495.7306,3000.0,199.1245,1.6571253842456826,VLG12BR_219,fuel,D,91291.22818741183,0.0,False
70167.59794718116,488.6216,-3215.971937273547,-6447.742572626089,7416.788971593979,51.3545929779088,4.232557575571891,24333.0,0.82,494.9631,3000.0,199.1041,1.6520701006021898,VLG12BR_219,fuel,D,90828.6875281618,0.0,False
70155.12568636399,496.1388,-3840.8324662720293,-8251.809834364603,7531.351939530893,51.338364709009966,4.223578800000349,24709.0,0.82,494.1945,3000.0,199.0842,1.6470664319692467,VLG12BR_219,fuel,D,90378.48962621458,0.0,False
70142.68812852459,503.6561,-4464.091797746179,-10053.277691779913,7645.914907467793,51.3221591440838,4.2146293881644095,25085.0,0.82,493.4246,2975.0,199.066,1.6383988095359612,VLG12BR_219,fuel,D,89598.68436767363,0.0,False
70130.31225640926,511.1733,-5085.826223580011,-11852.188550539095,7759.514480893342,51.30597590719379,4.205708197190994,25458.0,0.82,492.66,2900.0,199.0497,1.6219603781188485,VLG12BR_219,fuel,D,88148.66241050439,0.0,False
70118.05482875122,518.6906,-5706.147953499473,-13648.66895221837,7870.243390289957,51.28981386504392,4.196813571070628,25821.0,0.82,491.9136,2824.0,199.0366,1.6049159913333129,VLG12BR_219,fuel,D,86704.57899424029,0.0,False
70105.91906274449,526.2079,-6325.18073802108,-15442.746695603208,7978.101635657267,51.273672771718005,4.18794368943825,26175.0,0.82,491.1855,2749.0,199.027,1.5875870331915556,VLG12BR_219,fuel,D,85292.25452457067,0.0,False
70093.90807388809,533.7251,-6943.0581098422435,-17234.446581263182,8083.089216995144,51.25755240758819,4.179096594135805,26519.0,0.82,490.4757,2674.0,199.0193,1.5698449954210556,VLG12BR_219,fuel,D,83897.99782404484,0.0,False
70082.02487587053,541.2424,-7559.861659394611,-19023.8116692187,8185.2061343035275,51.241452388913046,4.170271076554152,26854.0,0.819967,489.7648,2599.0,199.0135,1.5516825133605334,VLG12BR_219,fuel,D,82517.76499351242,0.0,False
70070.27262692171,548.7596,-8175.648220509223,-20810.813906178657,8284.452387582387,51.22537297147669,4.1614662840206735,27180.0,0.818765,488.3748,2524.0,199.0084,1.5327684229513376,VLG12BR_219,fuel,D,81063.62888372672,0.0,False
70058.66309969212,556.2769,-8789.582340509398,-22592.95762965476,8380.827976831695,51.20933661632592,4.152694112910109,27496.0,0.817597,487.0255,2449.0,199.0017,1.5134913217987245,VLG12BR_219,fuel,D,79630.6961502624,0.0,False
70047.19905529695,563.7941,-9401.666268545061,-24370.405427533395,8474.332902051432,51.19334186800803,4.143954475067836,27803.0,0.816463,485.7176,2373.0,198.995,1.4936515697426245,VLG12BR_219,fuel,D,78203.26196560696,0.0,False
70035.88314027456,571.3114,-10011.952503173923,-26143.30424285577,8564.967163241594,51.17738741084045,4.135246562492028,28100.0,0.815353,484.4437,2298.0,198.9855,1.4736679647269535,VLG12BR_219,fuel,D,76807.78230495108,0.0,False
70024.71798454435,578.8286,-10620.396827243016,-27911.80527468519,8652.730760402166,51.16147189241764,4.126570956543876,28388.0,0.814267,483.2045,2223.0,198.9718,1.4533464286638784,VLG12BR_219,fuel,D,75428.82530498496,0.0,False
70013.70611021642,586.3459,-11226.911472581385,-29676.076343140216,8737.62369353314,51.14559381187431,4.117928863827648,28667.0,0.813204,481.9989,2148.0,198.9594,1.4326993970558197,VLG12BR_219,fuel,D,74065.35120148888,0.0,False
70002.84995172128,593.8631,-11831.582127108308,-31436.221734607338,8819.645962634511,51.129752236448496,4.109319002800531,28936.0,0.812166,480.8291,2073.0,198.9455,1.4117538703136647,VLG12BR_219,fuel,D,72717.32677170062,0.0,False
69992.15182082566,601.3804,-12434.408993099667,-33192.38353026788,8898.797567706275,51.113945894956835,4.100741320491501,29196.0,0.811123,479.6757,1998.0,198.9275,1.390498954073309,VLG12BR_219,fuel,D,71381.28297058688,0.0,False
69981.6141786647,608.8977,-13035.285819533094,-34944.66118720766,8975.078508748435,51.09817390194752,4.09219728803851,29446.0,0.810089,478.5487,1922.0,198.912,1.3687281467421193,VLG12BR_219,fuel,D,70044.03441870835,0.0,False
69971.23926824598,616.4149,-13634.324931766221,-36693.120166403234,9048.488785760974,51.08243567288325,4.083685245030387,29687.0,0.809071,477.4505,1847.0,198.8953,1.3469095366714712,VLG12BR_219,fuel,D,68732.73987526781,0.0,False
69961.02921334343,623.9322,-14231.526357962994,-38437.8739695436,9119.028398743907,51.06673019349242,4.0752051428858165,29918.0,0.808037,476.3637,1772.0,198.8739,1.3248269572722555,VLG12BR_219,fuel,D,67431.49238739282,0.0,False
69950.98626939519,631.4494,-14826.76328929732,-40179.008111149866,9186.69734769722,51.05105670446446,4.066758747361061,30140.0,0.807002,475.2962,1697.0,198.8553,1.3024827520900777,VLG12BR_219,fuel,D,66139.95469994958,0.0,False
69941.11250553331,638.9667,-15420.144678814517,-41916.55978325767,9251.495632620918,51.035414875180734,4.058344448799143,30353.0,0.805964,474.2468,1622.0,198.8371,1.2798872012148879,VLG12BR_219,fuel,D,64857.463863469435,0.0,False
69931.40992000248,646.4839,-16011.70895516099,-43650.58562047003,9313.423253515002,51.01980420167067,4.049961649219283,30556.0,0.804937,473.2242,1546.0,198.821,1.2568059706494787,VLG12BR_219,fuel,D,63570.517699534845,0.0,False
69921.88031752255,654.0012,-16601.55320392624,-45381.157769704536,9372.480210379468,51.00422403856622,4.041608914382316,30750.0,0.803888,472.2086,1471.0,198.8089,1.2337462307039955,VLG12BR_219,fuel,D,62304.80055761697,0.0,False
69912.52566955295,661.5184,-17189.80469377115,-47108.25675976752,9428.666503214325,50.98867456310311,4.033284376997949,30934.0,0.80285,471.2201,1396.0,198.7983,1.2104848722142072,VLG12BR_219,fuel,D,61047.90979384392,0.0,False
69903.34761080524,669.0357,-17776.543988833466,-48831.961547005405,9481.982132019566,50.97315506825182,4.0249868441714725,31109.0,0.801801,470.2448,1321.0,198.7918,1.1870112072016585,VLG12BR_219,fuel,D,59797.65630548392,0.0,False
69894.34786900759,676.553,-18361.910853946218,-50552.273722367645,9532.427096795187,50.95766554049085,4.0167142760848105,31274.0,0.800759,469.2933,1246.0,198.7854,1.163354460182138,VLG12BR_219,fuel,D,58555.01177979438,0.0,False
69885.52795311707,684.0702,-18945.938665416023,-52269.27529650462,9580.001397541202,50.942205246010566,4.008466158404868,31430.0,0.799697,468.3506,1171.0,198.7812,1.1395026588139645,VLG12BR_219,fuel,D,57317.81681484139,0.0,False
69876.889480629,691.5875,-19528.702408939527,-53982.97169068719,9624.705034257608,50.92677413820733,4.000241380311396,31577.0,0.798638,467.4297,1095.0,198.7752,1.1151855767941772,VLG12BR_219,fuel,D,56072.37220559219,0.0,False
69868.43381986266,699.1047,-20110.173123772864,-55693.45749653556,9666.538006944409,50.911371371888436,3.992040320130668,31714.0,0.797561,466.518,1020.0,198.7683,1.0909907359079296,VLG12BR_219,fuel,D,54846.58976362257,0.0,False
69860.16241314654,706.622,-20690.33721126306,-57400.770492208874,9705.500315601608,50.8959966123364,3.9838631341040465,31842.0,0.796455,465.6087,945.0,198.7645,1.0666255773328137,VLG12BR_219,fuel,D,53624.74204386388,0.0,False
69852.07670395773,714.1392,-21269.287665404154,-59104.884129227285,9741.591960229209,50.88065009941076,3.975708455519233,31961.0,0.795351,464.7213,870.0,198.7601,1.0421143390473935,VLG12BR_219,fuel,D,52408.16002305134,0.0,False
69844.17780375139,721.6565,-21847.03113973394,-60805.88108882677,9774.81294082721,50.86533109355783,3.9675761562215492,32070.0,0.794188,463.819,795.0,198.7573,1.0174497851228599,VLG12BR_219,fuel,D,51193.988344611134,0.0,False
69836.46720091686,729.1737,-22423.59847216567,-62503.68492022095,9805.163257395632,50.85004028532909,3.9594657545218968,32169.0,0.793021,462.9338,720.0,198.7581,0.9926658308080972,VLG12BR_219,fuel,D,49984.58595651998,0.0,False
69828.9458904605,736.691,-22999.11571468066,-64198.31837021293,9832.642909934477,50.83477746922414,3.951375419476247,32259.0,0.791801,462.0378,644.0,198.7582,0.9674282037530824,VLG12BR_219,fuel,D,48762.454552559815,0.0,False
69821.61512906002,744.2082,-23573.54721618965,-65889.74486101465,9857.251898443754,50.81954297938492,3.943305620717772,32340.0,0.790552,461.1445,569.0,198.7536,0.94237239916018,VLG12BR_219,fuel,D,47557.71737305019,0.0,False
69814.47591393768,751.7255,-24146.755342690125,-67578.01709188423,9878.990222923474,50.80433635149054,3.9352582842684987,32411.0,0.789254,460.2421,494.0,198.7469,0.9172016446086048,VLG12BR_219,fuel,D,46355.05710238616,0.0,False
69807.5292971812,759.2428,-24718.669550352715,-69263.11700940313,9897.857883373663,50.789157755143755,3.927234374863278,32473.0,0.78791,459.3326,419.0,198.74,0.8919148616747695,VLG12BR_219,fuel,D,45154.07897360959,0.0,False
69800.77621198885,766.76,-25289.26922275955,-70945.01767918613,9913.85487979434,50.77400743787548,3.9192341453421715,32526.0,0.786525,458.4183,344.0,198.7318,0.8665229093609847,VLG12BR_219,fuel,D,43954.81260925524,0.0,False
69794.21746611425,774.2773,-25858.512560647403,-72623.70915094158,9926.98121218554,50.75888549549195,3.911258150492073,32569.0,0.785077,457.4872,269.0,198.7256,0.8410328541780434,VLG12BR_219,fuel,D,42756.57586555095,0.0,False
69787.85392400376,781.7945,-26426.435864656847,-74299.10512000705,9937.236880547307,50.7437927070146,3.9033058289725666,32602.0,0.783564,456.5375,193.0,198.7196,0.8151269404859001,VLG12BR_219,fuel,D,41544.29636727198,0.0,False
69781.68637255885,789.3118,-26993.02210750284,-75971.1307490324,9944.62188487974,50.728729750679406,3.8953773782205277,32627.0,0.781996,455.575,118.0,198.7159,0.7894429050006042,VLG12BR_219,fuel,D,40347.10285135042,0.0,False
69775.71542877132,796.829,-27558.321156818783,-77639.71166749008,9949.136225183005,50.71369729736662,3.887472045037435,32642.0,0.780342,454.5816,43.0,198.7168,0.763668021819782,VLG12BR_219,fuel,D,39149.481665864085,0.0,False
69769.94183596835,804.3463,-28122.42870517346,-79304.68428555127,9950.779901457609,50.69869681786038,3.879588419379875,32647.0,0.77936,453.9986,-0.0,198.7131,0.7488232475595531,VLG12BR_219,fuel,D,38461.349426225264,0.0,False
69764.28177111027,811.8635,-28685.71220821963,-80967.57839562219,9950.779901383437,50.68371454035173,3.871721367598836,32647.0,0.779359,453.9978,-0.0,198.7101,0.7487758982329102,VLG12BR_219,fuel,D,38459.101194688934,0.0,False
69758.62207705608,819.3808,-29248.905725458742,-82630.49991959875,9950.779901309257,50.668731491884124,3.8638606162506273,32647.0,0.779362,453.9999,-0.0,198.7147,0.7487320028583497,VLG12BR_219,fuel,D,38457.073063891046,0.0,False
69752.96271874035,826.8981,-29812.235819437294,-84293.38352645915,9950.779901235072,50.65374824914304,3.8560029396210895,32647.0,0.779375,454.0076,-0.0,198.7114,0.7486947739417427,VLG12BR_219,fuel,D,38455.469762075336,0.0,False
69747.30362496283,834.4153,-30375.47910245008,-85956.32806627515,9950.779901160871,50.63876393515944,3.848151509435031,32647.0,0.779376,454.0079,-0.0,198.7023,0.7486487529455716,VLG12BR_219,fuel,D,38453.30588214944,0.0,False
69741.6448886505,841.9326,-30938.459368626838,-87619.36289490816,9950.77990108667,50.623778296253,3.8403088192852683,32647.0,0.779388,454.0148,-0.0,198.7028,0.7486105902694071,VLG12BR_219,fuel,D,38451.64276969269,0.0,False
69735.98642673549,849.4498,-31501.463626656558,-89282.41786832143,9950.779901012453,50.6087919489361,3.8324707872399735,32647.0,0.779378,454.0092,-0.0,198.7018,0.7485575630820986,VLG12BR_219,fuel,D,38449.0321698308,0.0,False
69730.32839699858,856.9671,-32064.430526321612,-90945.46235030274,9950.779900938225,50.59380517267472,3.8246382744581777,32647.0,0.779374,454.0066,-0.0,198.6918,0.7485081110480039,VLG12BR_219,fuel,D,38446.64941897763,0.0,False
69724.67076055173,864.4843,-32627.104592513067,-92608.59543875966,9950.779900863983,50.57881709143378,3.8168149013942294,32647.0,0.779345,453.99,-0.0,198.6893,0.7484420037600932,VLG12BR_219,fuel,D,38443.205910590346,0.0,False
69719.01369276154,872.0016,-33189.68683399236,-94271.69194369615,9950.77990078973,50.56382882095158,3.8089978018657313,32647.0,0.779322,453.9763,-0.0,198.6933,0.7483793524928715,VLG12BR_219,fuel,D,38439.98308514961,0.0,False
69713.3571581692,879.5188,-33752.36637898714,-95934.69938721781,9950.779900715475,50.54884082299082,3.801184287408223,32647.0,0.779296,453.9611,-0.0,198.6862,0.7483149209938544,VLG12BR_219,fuel,D,38436.647512351105,0.0,False
69707.70117444904,887.0361,-34314.82172485062,-97597.72072427004,9950.77990064121,50.53385219108949,3.7933789114574203,32647.0,0.779268,453.9451,-0.0,198.6798,0.7482495423936313,VLG12BR_219,fuel,D,38433.252329675764,0.0,False
69702.04575155371,894.5533,-34877.07238909121,-99260.74603129672,9950.77990056693,50.51886301456185,3.785581388425498,32647.0,0.779254,453.937,-0.0,198.6855,0.7481935701096463,VLG12BR_219,fuel,D,38430.45567782105,0.0,False
69696.39079023538,902.0706,-35439.477801392706,-100923.6861167506,9950.779900492647,50.50387407468479,3.7777866194855827,32647.0,0.77924,453.929,-0.0,198.6912,0.7481377217270346,VLG12BR_219,fuel,D,38427.66708788036,0.0,False
71037.09172428776,0.0,34058.24855156273,101161.12164332096,30.480000304683344,52.321300505698716,4.779960154005767,100.0,0.3,198.3755,1846.0,183.0038,1.7558530865576765,VLG12BR_219,pop,D,101760.39202878112,0.18817267396642498,False
71023.5782782419,7.6947,34017.28877188359,100380.5433263374,102.63038461551164,52.31428332278463,4.779278481701197,337.0,0.327941,216.6748,1923.0,183.0038,1.7251680404831702,VLG12BR_219,pop,D,97741.12258616276,0.15953397436748354,False
71010.30218389873,15.3894,33972.534466634286,99527.65201337289,177.78855019175597,52.306616061394756,4.778533910982869,583.0,0.357021,235.6881,2000.0,194.5458,1.7019191653769365,VLG12BR_219,pop,D,95036.1230564474,0.13247993983209475,False
70997.20670211357,23.0841,33739.13798086124,98628.14193806596,255.9544970335421,52.29854111758109,4.775010961029572,840.0,0.386814,255.1296,2077.0,194.2266,1.6877771926317011,VLG12BR_219,pop,D,93502.35667637915,0.10237165955345562,False
70984.22205600613,30.7788,33491.853296924455,97652.78693315365,337.128225140908,52.289784840320024,4.771277559630368,1106.0,0.416937,274.7445,2154.0,191.0424,1.6827774297112834,VLG12BR_219,pop,D,92977.66897779188,0.07965417694447567,False
70971.27804199628,38.4735,33284.265245596434,96589.045384417,421.30973451386967,52.28023119608345,4.768120394322224,1382.0,0.447061,294.3132,2231.0,187.9073,1.6858519081454404,VLG12BR_219,pop,D,93299.2797175897,0.0649853170601506,False
70958.31250893799,46.1682,33124.51761673925,95438.87996553897,508.49902515243326,52.269897392704344,4.765659134334382,1668.0,0.476909,313.6506,2307.0,184.9637,1.6951495919463584,VLG12BR_219,pop,D,94292.41347252554,0.05211131585013498,False
70945.27587860984,53.8628,33017.42815027084,94205.84339283626,598.6960970565974,52.25881513513656,4.763964555329884,1964.0,0.50625,332.6048,2384.0,182.336,1.709248369695545,VLG12BR_219,pop,D,95862.43553316762,0.04123628769075929,False
70932.13264508575,61.5575,32963.92604744837,92894.31235482625,691.9009502263572,52.24702376047393,4.763050248481545,2270.0,0.5349,351.0533,2461.0,179.5914,1.7261587567789443,VLG12BR_219,pop,D,97862.17325902774,0.035003997825197496,False
70918.86083747576,69.2522,32973.807522427174,91508.79429573617,788.1135846617044,52.23456323834004,4.763059924907156,2586.0,0.562714,368.9002,2538.0,176.5158,1.744344725096307,VLG12BR_219,pop,D,100182.59524095632,0.02982072304699286,False
70905.45025752734,76.9469,33062.29801375067,90055.39202064951,887.3340003626233,52.221487541627766,4.764216908453511,2911.0,0.589581,386.073,2615.0,173.823,1.7625913673068632,VLG12BR_219,pop,D,102730.2466175302,0.026210265220357236,False
70891.90011062843,84.6416,33226.27732201618,88540.28362530647,989.5621973290902,52.2078523846387,4.766474963407099,3247.0,0.615422,402.5194,2692.0,172.0671,1.7799894556346145,VLG12BR_219,pop,D,105421.2773180173,0.02431330814632868,False
70878.21648302904,92.3363,33445.572263368726,86966.55476121216,1094.7981755610695,52.19368667415866,4.769537358478689,3592.0,0.64018,418.2044,2769.0,171.259,1.7959743824153074,VLG12BR_219,pop,D,108189.1206379408,0.02254068810460272,False
70864.40997768583,100.031,33696.45407246902,85334.8383865927,1203.0419350585037,52.178997485494996,4.773055293309151,3947.0,0.663826,433.1079,2846.0,171.5862,1.8102194065572852,VLG12BR_219,pop,D,110974.377269787,0.02076278135671506,False
70850.49369966946,107.7257,33946.62525713484,83643.49425531262,1314.293475821291,52.16377200812735,4.776554540157448,4312.0,0.674022,439.1925,2923.0,173.2663,1.8171635287042474,VLG12BR_219,pop,D,112473.12358163542,0.019061562358747865,False
70836.52376402798,115.4204,34149.90309362935,81921.81472658114,1428.5527978491905,52.14827651646115,4.779361130421209,4687.0,0.683797,444.9697,3000.0,175.477,1.8232762119077623,VLG12BR_219,pop,D,113887.31160064696,0.017398597947432697,False
70822.50654509154,123.1151,34288.40581015528,80170.97476524903,1545.819901141118,52.1325227314118,4.781213884684682,5072.0,0.689614,448.1415,3000.0,175.0351,1.8224746743548785,VLG12BR_219,pop,D,113696.24986168687,0.017111538731759433,False
70808.49567088754,130.8098,34441.49578612043,78408.7313167165,1663.0870044343592,52.11666546190775,4.783277831642061,5456.0,0.695429,451.3007,3000.0,174.414,1.8216543709349515,VLG12BR_219,pop,D,113502.54448868631,0.016946505606898827,False
70794.49134407072,138.5045,34614.89708683478,76635.78941336539,1780.3541077275913,52.100710680423745,4.785636603418627,5841.0,0.701335,454.5073,3000.0,173.7879,1.8208391990188346,VLG12BR_219,pop,D,113311.84353590489,0.0167985389885161,False
70780.49346969549,146.1991,34809.035177345264,74852.21449319586,1897.6212110208137,52.084658931472696,4.788296103258098,6226.0,0.707272,457.7227,3000.0,173.1816,1.8200110239873815,VLG12BR_219,pop,D,113119.89007147285,0.01667049047941705,False
70766.50214947444,153.8938,35023.54891475093,73058.14163632413,2014.8883143140265,52.06851143266928,4.791250722053894,6611.0,0.713374,461.0336,3000.0,172.6987,1.8192278559367587,VLG12BR_219,pop,D,112939.99166454001,0.016554469545949208,False
70752.51703589488,161.5885,35254.84491935796,71252.92624790741,2132.1554176072304,52.05226259345071,4.794447507033072,6995.0,0.719451,464.3164,3000.0,172.6659,1.8184145438954609,VLG12BR_219,pop,D,112754.80369661632,0.016445045553825276,False
70738.53842365602,169.2832,35488.832863781055,69434.94091498326,2249.4225209004244,52.03589865897177,4.797680025541549,7380.0,0.72539,467.498,3000.0,173.1176,1.8175036649964051,VLG12BR_219,pop,D,112549.3343201108,0.016308719466272468,False
70724.56700810448,176.9779,35709.9926669104,67602.65120156833,2366.689624193609,52.019406824000065,4.8007212575434215,7765.0,0.731247,470.6155,3000.0,174.0149,1.8165258666667088,VLG12BR_219,pop,D,112330.9914219447,0.01614376365238371,False
70710.60330773097,184.6726,35903.719787876515,65754.83766048856,2483.956727486785,52.00277707922237,4.8033579223996075,8149.0,0.736975,473.6391,3000.0,175.3276,1.8154662337206864,VLG12BR_219,pop,D,112096.90731708889,0.015961216573097493,False
70696.64801918327,192.3673,36056.041197133534,63891.13056038905,2601.223830779951,51.98600703146748,4.805386370257476,8534.0,0.742372,476.4385,3000.0,176.9493,1.8142129368742042,VLG12BR_219,pop,D,111823.34812706606,0.015764898139932072,False
70682.70257813824,200.062,36156.149386367186,62012.78366846512,2718.490934073108,51.96910868811673,4.806649642670107,8919.0,0.747847,479.2774,3000.0,178.6778,1.8129581169681686,VLG12BR_219,pop,D,111552.9424369448,0.015530429376420355,False
70668.76699753555,207.7567,36199.8110668981,60121.02736589146,2835.7580373662563,51.952093412620634,4.807086954146509,9304.0,0.753435,482.1778,3000.0,180.485,1.8117178993437069,VLG12BR_219,pop,D,111289.00742057693,0.015315926143195812,False
70654.84116497838,215.4514,36183.69478941305,58217.344290386376,2953.025140659395,51.9349747627999,4.806650804780997,9688.0,0.759226,485.197,3000.0,182.3629,1.8105436511702122,VLG12BR_219,pop,D,111042.0685546447,0.015120242904929129,False
70640.92463945643,223.1461,36104.71238375077,56303.260455081254,3070.292243952526,51.917766651407874,4.805297329949968,10073.0,0.764966,488.1722,3000.0,184.304,1.809299275340245,VLG12BR_219,pop,D,110783.43153495216,0.014945391840899483,False
70627.01789763528,230.8408,35960.05656725262,54381.196866983504,3187.5593472456435,51.900490998997185,4.802986928791523,10458.0,0.772088,492.0165,3000.0,186.2535,1.8086742586429354,VLG12BR_219,pop,D,110654.70401234258,0.014917861140952154,False
70613.11615191324,238.5354,35748.43873353817,52450.02716273619,3304.826450538749,51.88313770181377,4.799701822163944,10843.0,0.779304,495.9066,3000.0,188.217,1.8080646197604797,VLG12BR_219,pop,D,110531.01276653874,0.015015445921605683,False
70599.21923725268,246.2301,35468.57615711115,50511.9885235946,3422.093553831839,51.86572687805858,4.795424702854929,11227.0,0.784722,498.6402,3000.0,190.1913,1.8065649419121181,VLG12BR_219,pop,D,110231.36464265235,0.015115656871466822,False
70585.33397391079,253.9248,35120.195291328484,48574.08461867569,3539.3606571249097,51.848321420023076,4.790153467858831,11612.0,0.788923,500.5905,3000.0,192.1573,1.804418348490591,VLG12BR_219,pop,D,109811.65123630734,0.015219894571419618,False
70571.46512882055,261.6195,34703.91227462248,46641.721868908666,3656.6277604179586,51.830969775275996,4.7838987752020214,11997.0,0.791367,501.4186,3000.0,194.4546,1.801352875792375,VLG12BR_219,pop,D,109222.68933648136,0.015323546839401885,False
70557.61978239914,269.3142,34209.68554320831,44724.42613323828,3773.894863710978,51.81375806691068,4.776516610119637,12382.0,0.793237,501.8788,3000.0,198.0367,1.797934295170014,VLG12BR_219,pop,D,108583.73025669396,0.015026115975909256,False
70543.80061034724,277.0089,33596.071373463936,42840.02449649642,3891.161967003981,51.79684889153941,4.767407290728599,12766.0,0.794941,502.2291,3000.0,201.4733,1.7943693575905137,VLG12BR_219,pop,D,107937.5996087222,0.01474955428880659,False
70530.0087260906,284.7036,32870.0958040083,40994.506277001514,4008.429070296965,51.78029529763212,4.756675268141386,13151.0,0.796298,502.3563,3000.0,204.4492,1.7905472846086496,VLG12BR_219,pop,D,107264.33073617319,0.014431920321494608,False
70516.24600024086,292.3983,32049.080228693034,39188.7116204377,4125.6961735899295,51.764103405865136,4.744573835672721,13536.0,0.797344,502.2845,3000.0,207.0472,1.7864950487101674,VLG12BR_219,pop,D,106570.53219414785,0.014053441819774604,False
70502.51419338459,300.093,31147.186560391612,37422.24501107161,4242.963276882877,51.74826844984203,4.731309843306954,13920.0,0.798274,502.1366,3000.0,208.9507,1.7823215232323757,VLG12BR_219,pop,D,105877.16738325602,0.01363780097421305,False
70488.81426725807,307.7877,30187.400502026285,35687.22773458143,4360.2303801758035,51.73271794524555,4.717217272668271,14305.0,0.799457,502.1444,3000.0,210.18,1.7781949084534667,VLG12BR_219,pop,D,105214.97571007197,0.013478227218453577,False
70475.14557147506,315.4824,29190.598849464346,33973.17809826055,4477.497483468709,51.717356245063115,4.702598866506677,14690.0,0.800327,501.9529,3000.0,211.1693,1.773841829594735,VLG12BR_219,pop,D,104533.91920876288,0.01321211888921372,False
70461.50987238993,323.1771,28164.747892516803,32277.246540245385,4594.764586761593,51.70215712621452,4.687570339527093,15075.0,0.800893,501.5686,3000.0,211.9621,1.7692694738023662,VLG12BR_219,pop,D,103836.0443478613,0.012845017266936962,False
70447.90891958388,330.8717,27116.338681839843,30596.96638090077,4712.03169005446,51.68709793382577,4.672225905800197,15459.0,0.801309,501.0879,3000.0,212.5223,1.7645704295833549,VLG12BR_219,pop,D,103137.66479622803,0.01238716863225306,False
70434.34378344678,338.5664,26052.575312978228,28928.628127265587,4829.298793347316,51.67214484900356,4.656669924928865,15844.0,0.801978,500.7633,3000.0,212.2038,1.7599307837087177,VLG12BR_219,pop,D,102470.76453232323,0.011826564269090317,False
70420.81368569368,346.2611,24998.79268119883,27255.49283336157,4946.565896640155,51.65714612429002,4.641268557775765,16229.0,0.802868,500.5747,3000.0,211.2709,1.7553481923487007,VLG12BR_219,pop,D,101833.35253984803,0.011656796598860358,False
70407.31792082713,353.9558,23972.778695383975,25566.065893224306,5063.832999932968,51.641997687683,4.626278679350293,16614.0,0.80359,500.278,3000.0,210.3008,1.750629297650496,VLG12BR_219,pop,D,101192.08390022078,0.011507548310362506,False
70393.85753267893,361.6505,22976.11264100993,23860.527667591698,5181.100103225759,51.62670125201142,4.611722914277675,16998.0,0.804275,499.9563,3000.0,209.2955,1.7458567893421628,VLG12BR_219,pop,D,100560.00669977575,0.011327110411325812,False
70380.4329288138,369.3452,22010.146747220057,22138.882381853175,5298.367206518526,51.611256961678016,4.597620546970065,17383.0,0.804905,499.598,3000.0,208.2588,1.7410025506579068,VLG12BR_219,pop,D,99932.728226509,0.011125031883108956,False
70367.04457583609,377.0399,21076.163152973146,20401.296331922964,5415.6343098112675,51.595666425527654,4.583989821957513,17768.0,0.805477,499.2014,3000.0,207.2934,1.7360814109767564,VLG12BR_219,pop,D,99311.74389950813,0.010900831694919597,False
70353.69292281813,384.7346,20172.311104859436,18649.62089756553,5532.901413103987,51.57994652200641,4.570803706443247,18153.0,0.805817,498.6591,3000.0,206.6436,1.7310153090881701,VLG12BR_219,pop,D,98683.58567812692,0.010561586105232283,False
70340.37922192247,392.4293,19289.34974230509,16889.731533193288,5650.168516396686,51.56415055475422,4.557928487898357,18537.0,0.806246,498.17,3000.0,206.1515,1.7259765670134313,VLG12BR_219,pop,D,98075.38309218647,0.010234606922542149,False
70327.10315745327,400.124,18422.39112061895,15124.068094687651,5767.435619689366,51.548300726482466,4.545293344746104,18922.0,0.806699,497.6938,3000.0,205.8244,1.7209138665031936,VLG12BR_219,pop,D,97479.05415575489,0.009970700436464076,False
70313.86468109928,407.8187,17566.350888681594,13355.186170959705,5884.702722982024,51.53242025471047,4.532824693600518,19307.0,0.807185,497.2358,3000.0,205.5821,1.7158470031217112,VLG12BR_219,pop,D,96896.58201515836,0.00975550963792329,False
70300.6636626871,415.5134,16718.58556559457,11584.340498503518,6001.969826274659,51.516520553684614,4.520484240031422,19692.0,0.807821,496.8682,3000.0,205.4142,1.7108320627990163,VLG12BR_219,pop,D,96336.58076094711,0.009576429649197391,False
70287.49935323707,423.208,15876.637714916546,9812.33897604325,6119.236929567254,51.50060899738327,4.508236397716354,20076.0,0.813011,499.2947,3000.0,205.2921,1.7078295362808318,VLG12BR_219,pop,D,96142.47892613418,0.008731405841340759,False
70274.34801943711,430.9027,15034.364538293014,8029.857456185287,6236.504032859623,51.48460192371083,4.495991965196035,20461.0,0.82,502.8138,3000.0,205.2405,1.705572258166559,VLG12BR_219,pop,D,96164.91206391304,0.005062202994255954,False
70261.19512835753,438.5974,14187.752983796963,6234.009823381638,6353.771136151613,51.468473478132516,4.483692962040554,20846.0,0.82,502.0393,3000.0,205.2246,1.7001383701421715,VLG12BR_219,pop,D,95573.55244815603,0.001442036206328516,False
70248.08195532924,446.2921,13342.947610054309,4440.708774184939,6471.038239443182,51.45236660292778,4.471428819797777,21230.0,0.82,501.2636,3000.0,205.2118,1.6947230261942938,VLG12BR_219,pop,D,94996.39764760816,0.0,False
70235.00836736488,453.9868,12499.853996679145,2650.0042042893415,6588.305342734691,51.4362817587304,4.459198120568292,21615.0,0.82,500.4867,3000.0,205.196,1.6893069306501842,VLG12BR_219,pop,D,94431.0874284168,0.0,False
70221.974186674,461.6815,11658.567963070114,861.8564382825701,6705.572446026138,51.42021859623854,4.447002188319187,22000.0,0.82,499.7086,3000.0,205.1788,1.6839080106601316,VLG12BR_219,pop,D,93878.77941628257,0.0,False
70208.9791909688,469.3762,10819.132381937718,-923.7491887588152,6822.839549317527,51.40417699286416,4.434841582887003,22385.0,0.82,498.9292,3000.0,205.1592,1.6785316506358463,VLG12BR_219,pop,D,93339.43858601281,0.0,False
70196.02311380861,477.0709,9981.621930737076,-2706.842209892054,6940.1066526088425,51.38815669231121,4.422717321555259,22769.0,0.82,498.1487,3000.0,205.136,1.6731956955432388,VLG12BR_219,pop,D,92814.11149958652,0.0,False
70183.1056449815,484.7656,9146.149185759066,-4487.4698236570375,7057.373755900087,51.37215727952515,4.410630966701389,23154.0,0.82,497.3669,3000.0,205.1099,1.6678806181259311,VLG12BR_219,pop,D,92300.65635562228,0.0,False
70170.22643091885,492.4603,8312.806425939973,-6265.669525804132,7174.6408591912605,51.356178427669306,4.39858378811631,23539.0,0.82,496.5839,3000.0,205.083,1.662604092373589,VLG12BR_219,pop,D,91800.1412224737,0.0,False
70157.38507513798,500.155,7481.6159741452975,-8041.445891060978,7291.907962482365,51.34022010702597,4.386576048979891,23924.0,0.82,495.7996,3000.0,205.0577,1.6573712225471688,VLG12BR_219,pop,D,91312.54557782147,0.0,False
70144.58113870872,507.8497,6652.527822000783,-9814.76961615674,7409.175065773395,51.32428259291592,4.374606972475108,24308.0,0.82,495.0142,3000.0,205.0353,1.6521992534592276,VLG12BR_219,pop,D,90838.81005736455,0.0,False
70131.8141407405,515.5443,5825.451023465873,-11585.59233448756,7526.442169064346,51.30836633174027,4.362675193947865,24693.0,0.82,494.2274,3000.0,205.0161,1.647068807985236,VLG12BR_219,pop,D,90377.03206337935,0.0,False
70119.08355888545,523.239,5000.287765209474,-13353.862579965984,7643.709272355221,51.29247179706948,4.350779251149398,25078.0,0.82,493.4394,2975.0,204.9997,1.6382771790266482,VLG12BR_219,pop,D,89586.38580432313,0.0,False
70106.4163424538,530.9337,4176.921574822209,-15119.597752204261,7760.0127735453025,51.27659884267325,4.338917413996195,25459.0,0.82,492.6567,2898.0,204.9858,1.6214129899669607,VLG12BR_219,pop,D,88099.76787343188,0.0,False
70093.87329527085,538.6284,3355.2046452806276,-16882.913169290496,7873.308493473106,51.260746441269475,4.327087503502311,25831.0,0.82,491.893,2821.0,204.9742,1.6040636485509743,VLG12BR_219,pop,D,86632.49860404473,0.0,False
70081.45786368285,546.3231,2535.0362920602897,-18643.84084205758,7983.5964321369565,51.244914313768525,4.315288022226861,26193.0,0.82,491.1484,2745.0,204.9645,1.5864267099842708,VLG12BR_219,pop,D,85198.323780648,0.0,False
70069.17338226065,554.0178,1716.3261105461434,-20402.417959314265,8090.876589536291,51.229102133953766,4.303517622667015,26545.0,0.82,490.423,2668.0,204.9559,1.568186269138874,VLG12BR_219,pop,D,83768.9627449137,0.0,False
70057.02307370213,561.7125,899.0077895878875,-22158.693292622862,8195.14896567083,51.21330947091976,4.29177530539993,26887.0,0.82,489.717,2591.0,204.9473,1.5495215478455542,VLG12BR_219,pop,D,82357.35348345326,0.0,False
70045.01004922287,569.4072,83.0482857046679,-23912.73143307055,8296.413560540414,51.19753575112821,4.280060550303835,27219.0,0.819037,488.4561,2514.0,204.9383,1.5301540755480965,VLG12BR_219,pop,D,80888.34336374939,0.0,False
70033.14492331378,577.1019,-730.6092570615612,-25662.543018985954,8394.67037414493,51.18179883903782,4.268388793435814,27542.0,0.817868,487.0936,2437.0,204.9295,1.510313022127343,VLG12BR_219,pop,D,79421.37813820352,0.0,False
70021.43251627783,584.7966,-1541.801966847509,-27407.75561207826,8489.9194064843,51.16610212664015,4.256758521236883,27854.0,0.816668,485.7335,2360.0,204.9225,1.4900924107617688,VLG12BR_219,pop,D,77970.70711248415,0.0,False
70009.87617794824,592.4913,-2350.5900547777605,-29148.347385970847,8582.160657558472,51.150445825821194,4.245170614955062,28157.0,0.81555,484.4444,2283.0,204.9183,1.4695159029076186,VLG12BR_219,pop,D,76542.19256866776,0.0,False
69998.47824432945,600.186,-3157.174858001963,-30884.53106108695,8671.394127367403,51.13482803402172,4.233622115281737,28449.0,0.814452,483.1875,2206.0,204.9158,1.4486043083835385,VLG12BR_219,pop,D,75131.32905303633,0.0,False
69987.24144781263,607.8806,-3961.658893399099,-32616.395163480563,8757.619815911059,51.11924796509849,4.2221114834939835,28732.0,0.813309,481.9258,2129.0,204.9125,1.4273259281589081,VLG12BR_219,pop,D,73731.83201049744,0.0,False
69976.16889582662,615.5753,-4764.011488007857,-34343.92822269307,8840.837723189421,51.10370573269698,4.2106390902083835,29005.0,0.812295,480.7618,2052.0,204.9072,1.4057611446672604,VLG12BR_219,pop,D,72354.69837952536,0.0,False
69965.26224904356,623.27,-5564.333414074139,-36067.50615492054,8921.047849202465,51.08819796545886,4.199203429703564,29269.0,0.811147,479.5398,1975.0,204.9006,1.3838281060518762,VLG12BR_219,pop,D,70981.70617324336,0.0,False
69954.5251013712,630.9647,-6362.4874163720715,-37786.93437748515,8998.25019395018,51.072726424698935,4.187806398506529,29522.0,0.810181,478.4462,1898.0,204.8937,1.361665181026786,VLG12BR_219,pop,D,69632.87560525717,0.0,False
69943.95850981047,638.6594,-7158.6788126428255,-39502.67416476584,9072.444757432553,51.05728696989132,4.176445000655669,29765.0,0.809012,477.254,1821.0,204.8867,1.3391494225007472,VLG12BR_219,pop,D,68283.51468220446,0.0,False
69933.56639814802,646.3541,-7952.738245290948,-41214.368813502064,9143.631539649574,51.041882820798534,4.1651215893660805,29999.0,0.808117,476.2441,1744.0,204.8793,1.3164340099927019,VLG12BR_219,pop,D,66960.65337904374,0.0,False
69923.34892798348,654.0488,-8744.956852106627,-42922.67436671559,9211.81054060124,51.026508083184545,4.153831952061367,30222.0,0.806909,475.0716,1667.0,204.8702,1.2933650006016304,VLG12BR_219,pop,D,65630.6975139367,0.0,False
69913.310666047,661.7435,-9535.01408165435,-44627.02522667443,9276.981760287546,51.01116785785207,4.142580598569128,30436.0,0.805981,474.0846,1590.0,204.8587,1.2701249582003598,VLG12BR_219,pop,D,64325.77347182411,0.0,False
69903.4515472822,669.4382,-10323.143237071296,-46328.11741782937,9339.145198708495,50.995855891291534,4.131364150163055,30640.0,0.804887,473.0208,1513.0,204.8457,1.2465880983678728,VLG12BR_219,pop,D,63020.73862368324,0.0,False
69893.77483051032,677.1329,-11109.174530500055,-48025.69037386619,9398.300855864083,50.98057453932528,4.120184967142896,30834.0,0.803837,472.0043,1436.0,204.8332,1.22283768826618,VLG12BR_219,pop,D,61726.80776695088,0.0,False
69884.28206819118,684.8276,-11893.202760154769,-49719.90124297853,9454.44873175432,50.96532239656779,4.109041640210917,31019.0,0.802779,471.004,1359.0,204.8226,1.198854147833197,VLG12BR_219,pop,D,60440.095926420676,0.0,False
69874.97512596556,692.5223,-12675.30775323662,-51410.7788190177,9507.588826379206,50.95009921172414,4.097932972639318,31193.0,0.801745,470.039,1283.0,204.8129,1.1749644449157937,VLG12BR_219,pop,D,59177.13938686921,0.0,False
69865.85553049544,700.2169,-13455.575008167272,-53098.43217469386,9557.721139738756,50.934904010931845,4.086857691731042,31357.0,0.800555,469.0037,1206.0,204.8028,1.1505443420091375,VLG12BR_219,pop,D,57899.061961069114,0.0,False
69856.9260889966,707.9116,-14233.874715279877,-54782.6104679555,9604.845671832973,50.9197390619631,4.07581758483388,31512.0,0.799625,468.1409,1129.0,204.7926,1.1260289800577619,VLG12BR_219,pop,D,56640.48208681878,0.0,False
69848.18635999924,715.6063,-15010.490154835632,-56463.92914142978,9648.962422661873,50.90459883177152,4.06480857990428,31657.0,0.798401,467.1278,1052.0,204.783,1.1012212777775403,VLG12BR_219,pop,D,55373.604000060834,0.0,False
69839.6400098938,723.301,-15785.187682952177,-58141.83621049284,9690.07139222547,50.8894882988777,4.05383393404437,31792.0,0.797264,466.1857,975.0,204.7738,1.0762837893351425,VLG12BR_219,pop,D,54117.12354414229,0.0,False
69831.28773067101,730.9957,-16558.0968708043,-59816.57597654538,9728.172580523791,50.874405271385164,4.042891755581434,31917.0,0.796214,465.3155,898.0,204.7636,1.0512320897389205,VLG12BR_219,pop,D,52870.608701787954,0.0,False
69823.13010871354,738.6904,-17329.306889571384,-61488.415566667776,9763.26598755685,50.85934735262072,4.03198073416603,32032.0,0.794947,464.3399,821.0,204.7542,1.0259404906019656,VLG12BR_219,pop,D,51619.064158547815,0.0,False
69815.16994268022,746.3851,-18098.665299065917,-63156.9605529199,9795.351613324689,50.84431810249813,4.021102971636528,32137.0,0.793795,463.4516,744.0,204.7493,1.0005685528247654,VLG12BR_219,pop,D,50378.14730818123,0.0,False
69807.40742526259,754.0798,-18866.447359631486,-64822.45966655255,9824.429457827335,50.829315283610086,4.01025450785805,32232.0,0.792572,462.5424,667.0,204.7439,0.9750408891781558,VLG12BR_219,pop,D,49138.71665340333,0.0,False
69799.84406046203,761.7745,-19632.6020196719,-66484.83977524498,9850.499521064845,50.81433956279124,3.9994360170692933,32318.0,0.791234,461.5872,590.0,204.7345,0.9493314610258554,VLG12BR_219,pop,D,47898.20385575537,0.0,False
69792.48157771089,769.4692,-20396.935166635973,-68143.98438410787,9873.561803037284,50.79939200216261,3.9886502052700377,32394.0,0.790067,460.7524,513.0,204.7253,0.9236109249084817,VLG12BR_219,pop,D,46670.077795564925,0.0,False
69785.31944242353,777.1639,-21159.6504414017,-69800.31904708238,9893.61630374473,50.78446877546689,3.9778941479973517,32459.0,0.788618,459.7732,436.0,204.7174,0.8976576021438845,VLG12BR_219,pop,D,45433.49233669163,0.0,False
69778.36045929304,784.8586,-21920.544681645595,-71453.30241746605,9910.663023187282,50.76957476632796,3.9671706545339,32515.0,0.787256,458.8659,359.0,204.7094,0.871660099067846,VLG12BR_219,pop,D,44204.64414519931,0.0,False
69771.6045164455,792.5532,-22679.73598771216,-73103.18799568423,9924.701961365095,50.75470769856326,3.9564780089400045,32561.0,0.785854,457.9552,282.0,204.701,0.8455693670495263,VLG12BR_219,pop,D,42977.80076591655,0.0,False
69765.05237377726,800.2479,-23437.204617956944,-74749.96483272183,9935.733118278398,50.73986767918761,3.945816441482527,32598.0,0.784313,456.9839,205.0,204.6922,0.819322932982822,VLG12BR_219,pop,D,41748.000007517614,0.0,False
69758.7054284158,807.9426,-24192.83586914626,-76393.41580140757,9943.756493927585,50.72505667346057,3.935187517525612,32624.0,0.782765,456.0284,128.0,204.6804,0.7930310458295435,VLG12BR_219,pop,D,40521.81933584925,0.0,False
69752.56397520307,815.6373,-24946.571731456905,-78033.63086772393,9948.77208831343,50.71027388302357,3.9245920146366835,32640.0,0.781085,455.0165,51.0,204.6696,0.766611761331198,VLG12BR_219,pop,D,39293.163227552934,0.0,False
69746.62913733967,823.332,-25698.344377513666,-79670.38949773279,9950.779901438264,50.69552130257504,3.914030827836563,32647.0,0.780011,454.378,-0.0,204.661,0.7490843586333165,VLG12BR_219,pop,D,38481.28248785922,0.0,False
69740.8321029939,831.0267,-26448.829226526777,-81304.988531585,9950.779901365939,50.680787247133836,3.9034944105285727,32647.0,0.77992,454.325,-0.0,204.6514,0.7489736359526338,VLG12BR_219,pop,D,38474.97782417121,0.0,False
69735.0361352674,838.7214,-27198.952833608462,-82939.5225134667,9950.779901293552,50.666052842601914,3.8929697348358943,32647.0,0.779946,454.34,-0.0,204.6416,0.7489441258954592,VLG12BR_219,pop,D,38473.88963881755,0.0,False
69729.24035067507,846.4161,-27948.82198689679,-84574.23882168558,9950.77990122112,50.651315861597396,3.8824552925499143,32647.0,0.779946,454.3397,-0.0,204.6338,0.7488963521576963,VLG12BR_219,pop,D,38471.62873071785,0.0,False
69723.44494910902,854.1108,-28698.466387158736,-86209.0566634535,9950.779901148633,50.636577031290514,3.871950646712281,32647.0,0.779929,454.3302,-0.0,204.6287,0.7488375938625442,VLG12BR_219,pop,D,38468.66271746175,0.0,False
69717.65004959393,861.8055,-29447.94988874111,-87843.90676463918,9950.779901076105,50.621836973362456,3.861454877080546,32647.0,0.779888,454.3059,-0.0,204.6249,0.7487611600728341,VLG12BR_219,pop,D,38464.56322804564,0.0,False
69711.85584302619,869.5002,-30197.28589078225,-89478.71882561552,9950.779901003525,50.607096321024756,3.8509677788835055,32647.0,0.779925,454.3279,-0.0,204.6206,0.7487400492566425,VLG12BR_219,pop,D,38464.012499528224,0.0,False
69706.06172894448,877.1949,-30946.535482520914,-91113.66643833977,9950.779900930898,50.59235351153659,3.8404884920045435,32647.0,0.779887,454.3055,-0.0,204.6153,0.7486658896967946,VLG12BR_219,pop,D,38460.05929181916,0.0,False
69700.26828358504,884.8896,-31695.595784108013,-92748.60323791459,9950.77990085823,50.57760986822345,3.8300184532331714,32647.0,0.779878,454.3006,-0.0,204.6098,0.7486126487568523,VLG12BR_219,pop,D,38457.44785505258,0.0,False
69694.47528007568,892.5842,-32444.492321182126,-94383.59365238332,9950.779900785516,50.56286481205622,3.8195572971536422,32647.0,0.779875,454.2984,-0.0,204.6058,0.7485626406349035,VLG12BR_219,pop,D,38455.04363398368,0.0,False
69688.68268287308,900.2789,-33193.26958554115,-96018.62920607024,9950.77990071276,50.548118418409096,3.8091043843500048,32647.0,0.779874,454.2983,-0.0,204.6042,0.7485151492262481,VLG12BR_219,pop,D,38452.80062910619,0.0,False
69682.89046548985,907.9736,-33942.00041905058,-97653.68541200759,9950.77990063996,50.533370904752324,3.798658673583329,32647.0,0.779851,454.2846,-0.0,204.6046,0.7484514043085231,VLG12BR_219,pop,D,38449.51643191127,0.0,False
69677.09880312657,915.6683,-34690.72235049111,-99288.68620489363,9950.77990056712,50.518622954142685,3.7882196193280184,32647.0,0.779857,454.288,-0.0,204.6056,0.7484081102384188,VLG12BR_219,pop,D,38447.54217001911,0.0,False
69671.30747558332,923.363,-35439.477801438145,-100923.68611677364,9950.779900494239,50.503874074684575,3.7777866194849437,32647.0,0.779862,454.2913,-0.0,204.6066,0.7483647046637214,VLG12BR_219,pop,D,38445.56063181852,0.0,False
71037.09172428463,0.0,34058.24855157534,101161.12164332422,30.480000304479823,52.321300505698744,4.779960154005953,100.0,0.3,198.3755,2549.0,183.0038,1.8596185680792128,VLG12BR_219,fuel,D,125532.8151788468,0.18817267396666157,True
71023.11104839637,7.5173,34018.390233021804,100401.53408054909,127.81898406507239,52.314472023905715,4.779296809862346,419.0,0.319802,211.2371,2624.0,183.0038,1.850447606730362,VLG12BR_219,fuel,D,121814.47516255235,0.15212706831286876,True
71009.19931728275,15.0345,33975.92649096295,99592.29446615135,228.0286318546081,52.30719717966894,4.778590334377335,748.0,0.340555,224.69,2699.0,194.2796,1.8411398406703614,VLG12BR_219,fuel,D,118708.19774536471,0.11891340154273106,True
70995.35774926242,22.5518,33763.22103210689,98756.5776435851,331.1089436733495,52.29969466275979,4.775377994843936,1086.0,0.362063,238.6012,2774.0,199.4167,1.8324742850172173,VLG12BR_219,fuel,D,116220.57696808205,0.08818823099712392,True
70981.58171404526,30.069,33458.66341999324,97892.54489509476,437.0599195213442,52.291942988835345,4.770813456361305,1434.0,0.384127,252.8365,2850.0,199.4202,1.8252200151975488,VLG12BR_219,fuel,D,114358.24289598013,0.07060208561550972,True
70967.86159877389,37.5863,33135.75858285515,96976.63742440009,545.8815593985531,52.28372573231678,4.7659757016623665,1791.0,0.406554,267.2664,2925.0,199.4268,1.8196113483978416,VLG12BR_219,fuel,D,113027.88717152378,0.05517176109613035,True
70954.18437575221,45.1035,32794.19944520926,96008.17491492146,657.5738633048137,52.275036759813666,4.760860455588517,2157.0,0.429164,281.7697,3000.0,199.4306,1.8159648192198659,VLG12BR_219,fuel,D,112206.72625552563,0.044585491332569734,True
70940.53538501948,52.6208,32433.933438143657,94986.88531646457,772.1368312394167,52.265873591828424,4.755467245662839,2533.0,0.451791,296.2364,3000.0,199.4322,1.8060830922561797,VLG12BR_219,fuel,D,110128.88164671398,0.03850030247254649,True
70926.96187628538,60.138,32054.943471414856,93912.61245182305,886.6997991762332,52.25623478677438,4.7497961509422675,2909.0,0.474822,310.9278,3000.0,199.4395,1.7980617762657793,VLG12BR_219,fuel,D,108576.19308342732,0.03317021576293749,True
70913.44996260584,67.6553,31656.833800824097,92784.59878104615,1001.2627671131323,52.24611351471868,4.743841650974851,3285.0,0.498093,325.7358,3000.0,199.4493,1.79220120253308,VLG12BR_219,fuel,D,107505.63728355739,0.029290949474613425,True
70899.9834326727,75.1726,31239.39396563274,91602.46424562161,1115.8257350500967,52.235506326791196,4.73760100782935,3661.0,0.521453,340.5613,3000.0,199.4524,1.7885800289133946,VLG12BR_219,fuel,D,106868.13094717701,0.026010406041963023,True
70886.54542318905,82.6898,30802.737144480503,90366.11891621893,1230.3887029871141,52.22441236254594,4.731076284303259,4037.0,0.544767,355.3159,3000.0,199.4508,1.7870961911078505,VLG12BR_219,fuel,D,106611.83530362761,0.023477581720839802,True
70873.11978647788,90.2071,30347.059380192088,89075.80483109585,1344.9516709241752,52.21283374072671,4.724270806210707,4413.0,0.567916,369.9221,3000.0,199.452,1.7875195686826457,VLG12BR_219,fuel,D,106684.67905633623,0.022413494261358427,True
70859.69206515353,97.7243,29872.49454524128,87732.10214989791,1459.5146388612725,52.200775622859155,4.717187030617502,4788.0,0.590798,384.3133,3000.0,199.454,1.7895507271629933,VLG12BR_219,fuel,D,107037.3209804547,0.021520036989979355,True
70846.25007619812,105.2416,29379.305676334996,86335.81660534124,1574.0776067984011,52.188245190752134,4.709829340837515,5164.0,0.613325,398.4336,3000.0,199.4509,1.7928389484033624,VLG12BR_219,fuel,D,107619.74548150436,0.02081407855568746,True
70832.78415915163,112.7588,28867.969739695895,84887.90614722754,1688.640574735556,52.17525098305867,4.702205278050538,5540.0,0.635425,412.2371,3000.0,199.4448,1.7970556893433258,VLG12BR_219,fuel,D,108388.80876332358,0.020285875246436588,True
70819.28716559257,120.2761,28338.98212390393,83389.5091265782,1803.2035426727343,52.16180315988374,4.694322670688161,5916.0,0.65704,425.687,3000.0,199.4414,1.8018924498714928,VLG12BR_219,fuel,D,109304.23863822129,0.019901130082505093,True
70805.75426982078,127.7933,27792.74289961095,81841.94669191641,1917.766510609932,52.1479135303014,4.686187964513662,6292.0,0.678124,438.7549,3000.0,199.4395,1.8070810966462703,VLG12BR_219,fuel,D,110329.90179161588,0.019677487766983526,True
70792.1826721636,135.3106,27229.70969452419,80246.63450774648,2032.3294785471464,52.133594750604495,4.677808454525207,6668.0,0.698643,451.4202,3000.0,199.4346,1.812400395137166,VLG12BR_219,fuel,D,111433.84881034195,0.019890996937167893,True
70778.57125265729,142.8278,26650.489926323924,78605.01951150227,2146.892446484375,52.118859751566106,4.669193627293871,7044.0,0.718573,463.6685,3000.0,199.4292,1.8176761969187978,VLG12BR_219,fuel,D,112588.09803086732,0.020138485471946153,True
70764.92021789767,150.3451,26055.649221637217,76918.6203939328,2261.455414421617,52.10372211244271,4.660352353804009,7419.0,0.737899,475.4917,3000.0,199.4278,1.8227867227540653,VLG12BR_219,fuel,D,113770.42027194938,0.02053995258169432,True
70751.23076989125,157.8624,25445.623443159733,75189.0349096925,2376.018382358871,52.088196130701235,4.651291601318307,7795.0,0.756612,486.8862,3000.0,199.428,1.8276251566366633,VLG12BR_219,fuel,D,114956.5754500567,0.020891037308392642,True
70737.50481395824,165.3796,24820.916406441775,73417.84969602023,2490.5813502961337,52.07229600159641,4.642019320676026,8171.0,0.774713,497.8531,3000.0,199.4273,1.8321410838202266,VLG12BR_219,fuel,D,116131.10612374969,0.021140533809220943,True
70723.74471250013,172.8969,24182.1120002281,71606.61860767369,2605.144318233404,52.05603562332739,4.6325446190547,8547.0,0.792205,508.3968,3000.0,199.4286,1.8363019798848454,VLG12BR_219,fuel,D,117296.08795605006,0.021710747343447342,True
70709.95263474807,180.4141,23529.688576254197,69756.9135904216,2719.707286170683,52.03942906301702,4.622875046758082,8923.0,0.809094,518.5214,3000.0,199.4332,1.8400931172735462,VLG12BR_219,fuel,D,118553.79944047544,0.0224805543632916,True
70696.12802952208,187.9314,22864.07996636609,67870.3049889429,2834.270254107969,52.02249037661657,4.613017489043512,9299.0,0.82,524.7871,3000.0,199.4363,1.841349650814666,VLG12BR_219,fuel,D,119222.72974301173,0.023352420020557846,True
70682.28694752626,195.4486,22190.30006227457,65960.86531845416,2948.8332220452576,52.005345872095205,4.603046537729763,9675.0,0.82,524.0622,3000.0,199.4375,1.838096970174098,VLG12BR_219,fuel,D,118252.6327152029,0.024298686017903918,True
70668.47002326061,202.9659,21517.416252488918,64054.089025077,3063.3961899825413,51.988224444053195,4.593096475292949,10051.0,0.82,523.3362,3000.0,199.4396,1.834722497101203,VLG12BR_219,fuel,D,117296.72146766479,0.025289670424457275,True
70654.67813481549,210.4831,20845.396336357724,62149.991620142784,3177.959157919821,51.97112623769945,4.583166791332965,10426.0,0.82,522.6093,3000.0,199.4402,1.8312360439797968,VLG12BR_219,fuel,D,116356.95621055442,0.026292176602614195,True
70640.91214624092,218.0004,20174.296960645654,60248.5572761791,3292.5221258570978,51.954051113018686,4.573258270805654,10802.0,0.82,521.8814,3000.0,199.4377,1.8276237430983338,VLG12BR_219,fuel,D,115429.21091043224,0.027351626631166998,True
70627.17290528618,225.5177,19504.217407713393,58349.75513503985,3407.0850937943696,51.93699879359117,4.5633723187348645,11178.0,0.82,521.1524,3000.0,199.4352,1.823895525615076,VLG12BR_219,fuel,D,114515.4068901629,0.028462900410565664,True
70613.46124121791,233.0349,18835.160362659964,56453.58845156177,3521.6480617316383,51.919969313509135,4.553508931726789,11554.0,0.82,520.4224,3000.0,199.4331,1.8200540039053095,VLG12BR_219,fuel,D,113615.48922614954,0.02961462372538872,True
70599.77796272418,240.5522,18167.116309788824,54560.06480297526,3636.211029668898,51.902962746129326,4.543667928846579,11930.0,0.82,519.6914,3000.0,199.4302,1.8161019923887398,VLG12BR_219,fuel,D,112729.38040021736,0.029219731026897955,True
70586.12385590974,248.0694,17500.110833281768,52669.17940122201,3750.7739976061544,51.88597905244142,4.5338496402351485,12306.0,0.82,518.9594,3000.0,199.4275,1.812042563605345,VLG12BR_219,fuel,D,111857.0044187178,0.02712344763551223,True
70572.49968238773,255.5867,16834.136364700415,50780.93917285213,3865.336965543404,51.869018299891835,4.524053913377044,12682.0,0.82,518.2263,3000.0,199.425,1.807878956729449,VLG12BR_219,fuel,D,110998.2649068734,0.02506092808350734,True
70558.90617747189,263.1039,16169.19176097054,48895.34879526267,3979.8999334806513,51.85208053545985,4.514280689458475,13057.0,0.82,517.4922,3000.0,199.4215,1.8036245933025887,VLG12BR_219,fuel,D,110154.89360247145,0.023033952354863628,True
70545.344048472,270.6212,15505.308367965963,47012.40150855923,4094.462901417891,51.83516570234272,4.5045303821211045,13433.0,0.82,516.7571,3000.0,199.4164,1.7992638666036782,VLG12BR_219,fuel,D,109323.22545830115,0.021060354723201686,True
70531.81397309508,278.1384,14842.539541706732,45132.082819200725,4209.025869355124,51.81827367373595,4.494803724401244,13809.0,0.82,516.0209,3000.0,199.4097,1.7948102247114956,VLG12BR_219,fuel,D,108504.98184867224,0.019184522927878665,True
70518.31659795353,285.6557,14180.93726925882,43254.378750134514,4323.588837292354,51.801404327751264,4.4851014285516575,14185.0,0.82,515.2837,3000.0,199.4019,1.7902678981179028,VLG12BR_219,fuel,D,107700.11638269332,0.017393831607092708,True
70504.85253718166,293.1729,13520.5396077827,41379.28026883054,4438.151805229575,51.7845575875325,4.475424003648102,14561.0,0.82,514.5454,3000.0,199.3928,1.7856411279668163,VLG12BR_219,fuel,D,106908.54253545048,0.015654732552794138,True
70491.42237115945,300.6902,12861.392060119259,39506.77575750063,4552.714773166789,51.7677333529636,4.465772066272352,14937.0,0.82,513.806,3000.0,199.3832,1.7809343928630728,VLG12BR_219,fuel,D,106130.19674072292,0.013961128809476978,True
70478.02664534416,308.2075,12203.50882786611,37636.86465356132,4667.277741103998,51.75093162422708,4.456145777959418,15313.0,0.82,513.0656,3000.0,199.3744,1.7761523970424662,VLG12BR_219,fuel,D,105365.0367894629,0.012315691006187022,True
70464.66586920788,315.7247,11546.86370795731,35769.56062890475,4781.840709041199,51.73415253039713,4.446544713850405,15688.0,0.82,512.3241,3000.0,199.3672,1.7713109984326727,VLG12BR_219,fuel,D,104614.55799537923,0.011591893826536583,True
70451.34051527933,323.242,10891.407972147148,33904.885278290596,4896.403676978391,51.717396272092685,4.436968122979424,16064.0,0.82,511.5815,3000.0,199.3612,1.7663928389388515,VLG12BR_219,fuel,D,103875.52188860154,0.010937253432987992,True
70438.0510182882,330.7592,10237.100257777907,32042.85760630823,5010.966644915579,51.700663026254595,4.427415362218248,16440.0,0.82,510.8378,3000.0,199.3566,1.7614139024663338,VLG12BR_219,fuel,D,103149.47692449592,0.01030120716980159,True
70424.79777440905,338.2765,9583.899135063235,30183.496645699106,5125.529612852756,51.6839529698644,4.417885788358799,16816.0,0.82,510.0931,3000.0,199.3524,1.7563793216199333,VLG12BR_219,fuel,D,102436.3870634207,0.009692226750298901,True
70411.58114060169,345.7937,8931.791548824918,28326.811471120578,5240.092580789924,51.66726618968441,4.408379170253847,17192.0,0.82,509.3473,3000.0,199.3477,1.751294136310985,VLG12BR_219,fuel,D,101736.18087863277,0.009196178285371774,True
70398.40143404539,353.311,8280.792195694545,26472.801428680188,5354.655548727083,51.65060268449778,4.398895679130331,17568.0,0.82,508.6004,3000.0,199.3423,1.74616353014647,VLG12BR_219,fuel,D,101048.80793241494,0.009070782344447038,True
70385.25893166248,360.8282,7630.9290313214315,24621.461233767288,5469.218516664232,51.633962411312766,4.389435678065774,17944.0,0.82,507.8523,3000.0,199.3358,1.740992654008107,VLG12BR_219,fuel,D,100374.20234688133,0.008937869035559196,True
70372.1538697284,368.3455,6982.233687600829,22772.784340429396,5583.781484601371,51.617345315859914,4.3799995829534275,18319.0,0.82,507.1032,3000.0,199.3281,1.7357990181623608,VLG12BR_219,fuel,D,99713.72644039823,0.008799879385102224,True
70359.08644356353,375.8628,6334.750275540988,20926.759857382396,5698.344452538501,51.60075130477817,4.370587989816504,18695.0,0.82,506.353,3000.0,199.319,1.7305637606267195,VLG12BR_219,fuel,D,99064.54300401808,0.008657244503773972,True
70346.05680730334,383.38,5688.519222582157,19083.378224666674,5812.90742047562,51.5841802969007,4.361201440687046,19071.0,0.82,505.6016,3000.0,199.3093,1.7253040970198534,VLG12BR_219,fuel,D,98427.99553142651,0.008549640517283765,True
70333.06507374196,390.8973,5043.565280191113,17242.63541608368,5927.47038841273,51.56763226113308,4.351840250248066,19447.0,0.82,504.8492,3000.0,199.2991,1.7200254996082338,VLG12BR_219,fuel,D,97804.07799409592,0.008505975796835728,True
70320.11131424537,398.4145,4399.902532604563,15404.53117507354,6042.033356349823,51.55110720045778,4.3425045786155945,19823.0,0.82,504.0956,3000.0,199.2886,1.7147331223403297,VLG12BR_219,fuel,D,97192.72007495271,0.008472012299898734,True
70307.19555872974,405.9318,3757.541586637325,13569.06649068756,6156.596324286906,51.534605129124735,4.333194535505292,20199.0,0.82,503.3409,3000.0,199.2775,1.7094323400071716,VLG12BR_219,fuel,D,96593.90356146754,0.006783928083600887,True
70294.31779570032,413.449,3116.503130295368,11736.23885288336,6271.15929222398,51.51812602988512,4.323910376224148,20575.0,0.82,502.585,3000.0,199.2656,1.7041283539044918,VLG12BR_219,fuel,D,96007.58046763644,0.0036117174408045716,True
70281.47797234672,420.9663,2476.8109313927894,9906.044709151884,6385.722260161039,51.50166987616998,4.31465240030713,20951.0,0.82,501.8281,3000.0,199.2528,1.6988265564475622,VLG12BR_219,fuel,D,95433.75240951523,0.00041962547298780595,True
70268.67599469052,428.4835,1838.494587800871,8078.478507867923,6500.28522809809,51.48523662348993,4.305420991160627,21326.0,0.82,501.0699,3000.0,199.2394,1.6935443569663862,VLG12BR_219,fuel,D,94873.49063218094,0.0,True
70255.9117277801,436.0008,1201.5762380850808,6253.537343701375,6614.8481960351255,51.46882625125905,4.296216424088737,21702.0,0.82,500.3107,3000.0,199.2255,1.6882622942322256,VLG12BR_219,fuel,D,94324.49906101776,0.0,True
70243.18499592948,443.518,566.0691190568643,4431.2214540531195,6729.41116397215,51.45243876716882,4.287038845641102,22078.0,0.82,499.5502,3000.0,199.2112,1.6829976931114787,VLG12BR_219,fuel,D,93787.8844974658,0.0,True
70230.49558299646,451.0353,-68.01260043216874,2611.530783371121,6843.974131909157,51.43607417597932,4.277888415682983,22454.0,0.82,498.7886,3000.0,199.1962,1.6777557526788205,VLG12BR_219,fuel,D,93263.65826776583,0.0,True
70217.8432326959,458.5526,-700.6476651907021,794.4628419909222,6958.53709984615,51.419732457344146,4.268765397793941,22830.0,0.82,498.0259,3000.0,199.1801,1.672541472210424,VLG12BR_219,fuel,D,92751.80448317772,0.0,True
70205.22764894484,466.0698,-1331.7997787860315,-1019.990051831251,7073.10006778313,51.403413537592115,4.259670309810697,23206.0,0.82,497.262,3000.0,199.1626,1.6673597268267184,VLG12BR_219,fuel,D,92252.29640908436,0.0,True
70192.64849623507,473.5871,-1961.426996836384,-2831.837486683334,7187.663035720096,51.38711735471846,4.250603695547814,23582.0,0.82,496.4969,3000.0,199.1441,1.6622153886556565,VLG12BR_219,fuel,D,91765.12506947278,0.0,True
70180.10540002983,481.1043,-2589.4943285130175,-4641.086572665322,7302.226003657047,51.37084384882768,4.241565989946403,23957.0,0.82,495.7306,3000.0,199.1245,1.6571253842456826,VLG12BR_219,fuel,D,91291.22818741183,0.0,True
70167.59794718116,488.6216,-3215.971937273547,-6447.742572626089,7416.788971593979,51.3545929779088,4.232557575571891,24333.0,0.82,494.9631,3000.0,199.1041,1.6520701006021898,VLG12BR_219,fuel,D,90828.6875281618,0.0,True
70155.12568636399,496.1388,-3840.8324662720293,-8251.809834364603,7531.351939530893,51.338364709009966,4.223578800000349,24709.0,0.82,494.1945,3000.0,199.0842,1.6470664319692467,VLG12BR_219,fuel,D,90378.48962621458,0.0,True
70142.68812852459,503.6561,-4464.091797746179,-10053.277691779913,7645.914907467793,51.3221591440838,4.2146293881644095,25085.0,0.82,493.4246,2975.0,199.066,1.6383988095359612,VLG12BR_219,fuel,D,89598.68436767363,0.0,True
70130.31225640926,511.1733,-5085.826223580011,-11852.188550539095,7759.514480893342,51.30597590719379,4.205708197190994,25458.0,0.82,492.66,2900.0,199.0497,1.6219603781188485,VLG12BR_219,fuel,D,88148.66241050439,0.0,True
70118.05482875122,518.6906,-5706.147953499473,-13648.66895221837,7870.243390289957,51.28981386504392,4.196813571070628,25821.0,0.82,491.9136,2824.0,199.0366,1.6049159913333129,VLG12BR_219,fuel,D,86704.57899424029,0.0,True
70105.91906274449,526.2079,-6325.18073802108,-15442.746695603208,7978.101635657267,51.273672771718005,4.18794368943825,26175.0,0.82,491.1855,2749.0,199.027,1.5875870331915556,VLG12BR_219,fuel,D,85292.25452457067,0.0,True
70093.90807388809,533.7251,-6943.0581098422435,-17234.446581263182,8083.089216995144,51.25755240758819,4.179096594135805,26519.0,0.82,490.4757,2674.0,199.0193,1.5698449954210556,VLG12BR_219,fuel,D,83897.99782404484,0.0,True
70082.02487587053,541.2424,-7559.861659394611,-19023.8116692187,8185.2061343035275,51.241452388913046,4.170271076554152,26854.0,0.819967,489.7648,2599.0,199.0135,1.5516825133605334,VLG12BR_219,fuel,D,82517.76499351242,0.0,True
70070.27262692171,548.7596,-8175.648220509223,-20810.813906178657,8284.452387582387,51.22537297147669,4.1614662840206735,27180.0,0.818765,488.3748,2524.0,199.0084,1.5327684229513376,VLG12BR_219,fuel,D,81063.62888372672,0.0,True
70058.66309969212,556.2769,-8789.582340509398,-22592.95762965476,8380.827976831695,51.20933661632592,4.152694112910109,27496.0,0.817597,487.0255,2449.0,199.0017,1.5134913217987245,VLG12BR_219,fuel,D,79630.6961502624,0.0,True
70047.19905529695,563.7941,-9401.666268545061,-24370.405427533395,8474.332902051432,51.19334186800803,4.143954475067836,27803.0,0.816463,485.7176,2373.0,198.995,1.4936515697426245,VLG12BR_219,fuel,D,78203.26196560696,0.0,True
70035.88314027456,571.3114,-10011.952503173923,-26143.30424285577,8564.967163241594,51.17738741084045,4.135246562492028,28100.0,0.815353,484.4437,2298.0,198.9855,1.4736679647269535,VLG12BR_219,fuel,D,76807.78230495108,0.0,True
70024.71798454435,578.8286,-10620.396827243016,-27911.80527468519,8652.730760402166,51.16147189241764,4.126570956543876,28388.0,0.814267,483.2045,2223.0,198.9718,1.4533464286638784,VLG12BR_219,fuel,D,75428.82530498496,0.0,True
70013.70611021642,586.3459,-11226.911472581385,-29676.076343140216,8737.62369353314,51.14559381187431,4.117928863827648,28667.0,0.813204,481.9989,2148.0,198.9594,1.4326993970558197,VLG12BR_219,fuel,D,74065.35120148888,0.0,True
70002.84995172128,593.8631,-11831.582127108308,-31436.221734607338,8819.645962634511,51.129752236448496,4.109319002800531,28936.0,0.812166,480.8291,2073.0,198.9455,1.4117538703136647,VLG12BR_219,fuel,D,72717.32677170062,0.0,True
69992.15182082566,601.3804,-12434.408993099667,-33192.38353026788,8898.797567706275,51.113945894956835,4.100741320491501,29196.0,0.811123,479.6757,1998.0,198.9275,1.390498954073309,VLG12BR_219,fuel,D,71381.28297058688,0.0,True
69981.6141786647,608.8977,-13035.285819533094,-34944.66118720766,8975.078508748435,51.09817390194752,4.09219728803851,29446.0,0.810089,478.5487,1922.0,198.912,1.3687281467421193,VLG12BR_219,fuel,D,70044.03441870835,0.0,True
69971.23926824598,616.4149,-13634.324931766221,-36693.120166403234,9048.488785760974,51.08243567288325,4.083685245030387,29687.0,0.809071,477.4505,1847.0,198.8953,1.3469095366714712,VLG12BR_219,fuel,D,68732.73987526781,0.0,True
69961.02921334343,623.9322,-14231.526357962994,-38437.8739695436,9119.028398743907,51.06673019349242,4.0752051428858165,29918.0,0.808037,476.3637,1772.0,198.8739,1.3248269572722555,VLG12BR_219,fuel,D,67431.49238739282,0.0,True
69950.98626939519,631.4494,-14826.76328929732,-40179.008111149866,9186.69734769722,51.05105670446446,4.066758747361061,30140.0,0.807002,475.2962,1697.0,198.8553,1.3024827520900777,VLG12BR_219,fuel,D,66139.95469994958,0.0,True
69941.11250553331,638.9667,-15420.144678814517,-41916.55978325767,9251.495632620918,51.035414875180734,4.058344448799143,30353.0,0.805964,474.2468,1622.0,198.8371,1.2798872012148879,VLG12BR_219,fuel,D,64857.463863469435,0.0,True
69931.40992000248,646.4839,-16011.70895516099,-43650.58562047003,9313.423253515002,51.01980420167067,4.049961649219283,30556.0,0.804937,473.2242,1546.0,198.821,1.2568059706494787,VLG12BR_219,fuel,D,63570.517699534845,0.0,True
69921.88031752255,654.0012,-16601.55320392624,-45381.157769704536,9372.480210379468,51.00422403856622,4.041608914382316,30750.0,0.803888,472.2086,1471.0,198.8089,1.2337462307039955,VLG12BR_219,fuel,D,62304.80055761697,0.0,True
69912.52566955295,661.5184,-17189.80469377115,-47108.25675976752,9428.666503214325,50.98867456310311,4.033284376997949,30934.0,0.80285,471.2201,1396.0,198.7983,1.2104848722142072,VLG12BR_219,fuel,D,61047.90979384392,0.0,True
69903.34761080524,669.0357,-17776.543988833466,-48831.961547005405,9481.982132019566,50.97315506825182,4.0249868441714725,31109.0,0.801801,470.2448,1321.0,198.7918,1.1870112072016585,VLG12BR_219,fuel,D,59797.65630548392,0.0,True
69894.34786900759,676.553,-18361.910853946218,-50552.273722367645,9532.427096795187,50.95766554049085,4.0167142760848105,31274.0,0.800759,469.2933,1246.0,198.7854,1.163354460182138,VLG12BR_219,fuel,D,58555.01177979438,0.0,True
69885.52795311707,684.0702,-18945.938665416023,-52269.27529650462,9580.001397541202,50.942205246010566,4.008466158404868,31430.0,0.799697,468.3506,1171.0,198.7812,1.1395026588139645,VLG12BR_219,fuel,D,57317.81681484139,0.0,True
69876.889480629,691.5875,-19528.702408939527,-53982.97169068719,9624.705034257608,50.92677413820733,4.000241380311396,31577.0,0.798638,467.4297,1095.0,198.7752,1.1151855767941772,VLG12BR_219,fuel,D,56072.37220559219,0.0,True
69868.43381986266,699.1047,-20110.173123772864,-55693.45749653556,9666.538006944409,50.911371371888436,3.992040320130668,31714.0,0.797561,466.518,1020.0,198.7683,1.0909907359079296,VLG12BR_219,fuel,D,54846.58976362257,0.0,True
69860.16241314654,706.622,-20690.33721126306,-57400.770492208874,9705.500315601608,50.8959966123364,3.9838631341040465,31842.0,0.796455,465.6087,945.0,198.7645,1.0666255773328137,VLG12BR_219,fuel,D,53624.74204386388,0.0,True
69852.07670395773,714.1392,-21269.287665404154,-59104.884129227285,9741.591960229209,50.88065009941076,3.975708455519233,31961.0,0.795351,464.7213,870.0,198.7601,1.0421143390473935,VLG12BR_219,fuel,D,52408.16002305134,0.0,True
69844.17780375139,721.6565,-21847.03113973394,-60805.88108882677,9774.81294082721,50.86533109355783,3.9675761562215492,32070.0,0.794188,463.819,795.0,198.7573,1.0174497851228599,VLG12BR_219,fuel,D,51193.988344611134,0.0,True
69836.46720091686,729.1737,-22423.59847216567,-62503.68492022095,9805.163257395632,50.85004028532909,3.9594657545218968,32169.0,0.793021,462.9338,720.0,198.7581,0.9926658308080972,VLG12BR_219,fuel,D,49984.58595651998,0.0,True
69828.9458904605,736.691,-22999.11571468066,-64198.31837021293,9832.642909934477,50.83477746922414,3.951375419476247,32259.0,0.791801,462.0378,644.0,198.7582,0.9674282037530824,VLG12BR_219,fuel,D,48762.454552559815,0.0,True
69821.61512906002,744.2082,-23573.54721618965,-65889.74486101465,9857.251898443754,50.81954297938492,3.943305620717772,32340.0,0.790552,461.1445,569.0,198.7536,0.94237239916018,VLG12BR_219,fuel,D,47557.71737305019,0.0,True
69814.47591393768,751.7255,-24146.755342690125,-67578.01709188423,9878.990222923474,50.80433635149054,3.9352582842684987,32411.0,0.789254,460.2421,494.0,198.7469,0.9172016446086048,VLG12BR_219,fuel,D,46355.05710238616,0.0,True
69807.5292971812,759.2428,-24718.669550352715,-69263.11700940313,9897.857883373663,50.789157755143755,3.927234374863278,32473.0,0.78791,459.3326,419.0,198.74,0.8919148616747695,VLG12BR_219,fuel,D,45154.07897360959,0.0,True
69800.77621198885,766.76,-25289.26922275955,-70945.01767918613,9913.85487979434,50.77400743787548,3.9192341453421715,32526.0,0.786525,458.4183,344.0,198.7318,0.8665229093609847,VLG12BR_219,fuel,D,43954.81260925524,0.0,True
69794.21746611425,774.2773,-25858.512560647403,-72623.70915094158,9926.98121218554,50.75888549549195,3.911258150492073,32569.0,0.785077,457.4872,269.0,198.7256,0.8410328541780434,VLG12BR_219,fuel,D,42756.57586555095,0.0,True
69787.85392400376,781.7945,-26426.435864656847,-74299.10512000705,9937.236880547307,50.7437927070146,3.9033058289725666,32602.0,0.783564,456.5375,193.0,198.7196,0.8151269404859001,VLG12BR_219,fuel,D,41544.29636727198,0.0,True
69781.68637255885,789.3118,-26993.02210750284,-75971.1307490324,9944.62188487974,50.728729750679406,3.8953773782205277,32627.0,0.781996,455.575,118.0,198.7159,0.7894429050006042,VLG12BR_219,fuel,D,40347.10285135042,0.0,True
69775.71542877132,796.829,-27558.321156818783,-77639.71166749008,9949.136225183005,50.71369729736662,3.887472045037435,32642.0,0.780342,454.5816,43.0,198.7168,0.763668021819782,VLG12BR_219,fuel,D,39149.481665864085,0.0,True
69769.94183596835,804.3463,-28122.42870517346,-79304.68428555127,9950.779901457609,50.69869681786038,3.879588419379875,32647.0,0.77936,453.9986,-0.0,198.7131,0.7488232475595531,VLG12BR_219,fuel,D,38461.349426225264,0.0,True
69764.28177111027,811.8635,-28685.71220821963,-80967.57839562219,9950.779901383437,50.68371454035173,3.871721367598836,32647.0,0.779359,453.9978,-0.0,198.7101,0.7487758982329102,VLG12BR_219,fuel,D,38459.101194688934,0.0,True
69758.62207705608,819.3808,-29248.905725458742,-82630.49991959875,9950.779901309257,50.668731491884124,3.8638606162506273,32647.0,0.779362,453.9999,-0.0,198.7147,0.7487320028583497,VLG12BR_219,fuel,D,38457.073063891046,0.0,True
69752.96271874035,826.8981,-29812.235819437294,-84293.38352645915,9950.779901235072,50.65374824914304,3.8560029396210895,32647.0,0.779375,454.0076,-0.0,198.7114,0.7486947739417427,VLG12BR_219,fuel,D,38455.469762075336,0.0,True
69747.30362496283,834.4153,-30375.47910245008,-85956.32806627515,9950.779901160871,50.63876393515944,3.848151509435031,32647.0,0.779376,454.0079,-0.0,198.7023,0.7486487529455716,VLG12BR_219,fuel,D,38453.30588214944,0.0,True
69741.6448886505,841.9326,-30938.459368626838,-87619.36289490816,9950.77990108667,50.623778296253,3.8403088192852683,32647.0,0.779388,454.0148,-0.0,198.7028,0.7486105902694071,VLG12BR_219,fuel,D,38451.64276969269,0.0,True
69735.98642673549,849.4498,-31501.463626656558,-89282.41786832143,9950.779901012453,50.6087919489361,3.8324707872399735,32647.0,0.779378,454.0092,-0.0,198.7018,0.7485575630820986,VLG12BR_219,fuel,D,38449.0321698308,0.0,True
69730.32839699858,856.9671,-32064.430526321612,-90945.46235030274,9950.779900938225,50.59380517267472,3.8246382744581777,32647.0,0.779374,454.0066,-0.0,198.6918,0.7485081110480039,VLG12BR_219,fuel,D,38446.64941897763,0.0,True
69724.67076055173,864.4843,-32627.104592513067,-92608.59543875966,9950.779900863983,50.57881709143378,3.8168149013942294,32647.0,0.779345,453.99,-0.0,198.6893,0.7484420037600932,VLG12BR_219,fuel,D,38443.205910590346,0.0,True
69719.01369276154,872.0016,-33189.68683399236,-94271.69194369615,9950.77990078973,50.56382882095158,3.8089978018657313,32647.0,0.779322,453.9763,-0.0,198.6933,0.7483793524928715,VLG12BR_219,fuel,D,38439.98308514961,0.0,True
69713.3571581692,879.5188,-33752.36637898714,-95934.69938721781,9950.779900715475,50.54884082299082,3.801184287408223,32647.0,0.779296,453.9611,-0.0,198.6862,0.7483149209938544,VLG12BR_219,fuel,D,38436.647512351105,0.0,True
69707.70117444904,887.0361,-34314.82172485062,-97597.72072427004,9950.77990064121,50.53385219108949,3.7933789114574203,32647.0,0.779268,453.9451,-0.0,198.6798,0.7482495423936313,VLG12BR_219,fuel,D,38433.252329675764,0.0,True
69702.04575155371,894.5533,-34877.07238909121,-99260.74603129672,9950.77990056693,50.51886301456185,3.785581388425498,32647.0,0.779254,453.937,-0.0,198.6855,0.7481935701096463,VLG12BR_219,fuel,D,38430.45567782105,0.0,True
69696.39079023538,902.0706,-35439.477801392706,-100923.6861167506,9950.779900492647,50.50387407468479,3.7777866194855827,32647.0,0.77924,453.929,-0.0,198.6912,0.7481377217270346,VLG12BR_219,fuel,D,38427.66708788036,0.0,True
71037.09172428588,0.0,34058.24855156263,101161.12164332061,30.480000304694233,52.321300505698716,4.7799601540057655,100.0,0.3,198.3755,2018.0,183.0038,1.7927635374462443,VLG12BR_219,pop,D,107606.22324859192,0.18817267396642007,True
71023.54516762792,7.5549,34018.067133679375,100395.376715216,107.92315561075033,52.31441667088107,4.7792914335174395,354.0,0.32559,215.1087,2093.0,183.0038,1.7682312330239567,VLG12BR_219,pop,D,103571.22120981448,0.1580527751190608,True
71010.18385838336,15.1097,33974.47867092399,99564.70308453987,188.26577147239172,52.30694914056839,4.7785662509569935,618.0,0.352285,232.5338,2169.0,194.3361,1.748012784401776,VLG12BR_219,pop,D,100675.41198152496,0.12987706731902832,True
70996.97719073675,22.6646,33751.75000064334,98693.19599905841,271.5078478897282,52.299125375419635,4.775202948577142,891.0,0.37973,250.4132,2245.0,191.621,1.7336708704237487,VLG12BR_219,pop,D,98797.29828820181,0.09907848825444505,True
70983.8811127856,30.2195,33556.56245069965,97744.08159899294,357.6493848627937,52.29060192104777,4.772238013083184,1173.0,0.407599,268.5283,2320.0,188.5658,1.725630979567,VLG12BR_219,pop,D,97797.62279511533,0.07832476790575257,True
70970.84660902487,37.7743,33401.75691019301,96716.3330481654,446.69038239160164,52.281368796311384,4.769860004618354,1466.0,0.4356,286.6851,2396.0,185.7403,1.7240392795072161,VLG12BR_219,pop,D,97603.82789891685,0.0636516568745245,True
70957.82654690012,45.3292,33290.7494477604,95612.04064754015,538.6308404761563,52.27144462861898,4.768119082027759,1767.0,0.463482,304.7157,2471.0,183.3317,1.7276458860108705,VLG12BR_219,pop,D,98044.85082273706,0.05080108351815071,True
70944.78018658255,52.8841,33222.17978709601,94434.16308640172,633.4707591164556,52.260856135328744,4.766995208380717,2078.0,0.491032,322.4784,2547.0,181.2926,1.7356514169670931,VLG12BR_219,pop,D,99049.13147590938,0.0409718634039499,True
70931.67551208258,60.4389,33194.00943448581,93185.64798087806,731.210138312493,52.24962996445904,4.766458343417591,2399.0,0.518072,339.8557,2622.0,179.2585,1.7464609389382524,VLG12BR_219,pop,D,100465.81252400372,0.035319564969477725,True
70918.489868116,67.9938,33211.04396643377,91869.47219907574,831.8489780642568,52.23779260652016,4.766578930040836,2729.0,0.544459,356.7533,2698.0,177.2126,1.7592191096174075,VLG12BR_219,pop,D,102240.32419427465,0.030286331904507545,True
70905.2094321395,75.5486,33278.2445627727,90489.24332262446,935.3872783717271,52.22537620433362,4.767429630331725,3069.0,0.57008,373.0966,2773.0,175.4485,1.7726281122057461,VLG12BR_219,pop,D,104246.91634661745,0.02631397729938046,True
70891.82798562442,83.1035,33392.93425771084,89048.52308291034,1041.8250392348696,52.21241293493468,4.768970867327517,3418.0,0.59485,388.8295,2849.0,174.2507,1.7861452054866658,VLG12BR_219,pop,D,106449.02939675012,0.024526894778747713,True
70878.34535316961,90.6584,33543.83087262589,87549.79004016757,1151.1622606536234,52.19892574561246,4.771036699347479,3777.0,0.618704,403.9113,2924.0,173.6624,1.7989596770990064,VLG12BR_219,pop,D,108744.74602174341,0.022774134830207474,True
70864.76578156152,98.2132,33716.56301463802,85994.54927752649,1263.3989426278533,52.18492902006673,4.77341594068279,4145.0,0.641603,418.3154,3000.0,173.7237,1.810888661550753,VLG12BR_219,pop,D,111114.32911690147,0.021103681796707872,True
70851.09644240212,105.7681,33893.73890305516,84383.60888810533,1378.5350851571463,52.170431071510265,4.775853290754457,4523.0,0.66352,432.0264,3000.0,174.4791,1.8163627045247437,VLG12BR_219,pop,D,112294.7772644829,0.01951505858403557,True
70837.38597843866,113.323,34054.79528874496,82717.34191722258,1493.6712276880455,52.155436515440485,4.778047242807915,4900.0,0.684806,445.288,3000.0,176.0448,1.8219434476975143,VLG12BR_219,pop,D,113570.59810929587,0.017945033473901112,True
70823.6334826599,120.8778,34173.82371662515,80995.79858933242,1608.8073702189663,52.13994741463812,4.779618352011466,5278.0,0.705432,458.0828,3000.0,178.1513,1.8274168840617833,VLG12BR_219,pop,D,114904.05110680177,0.017064745108875137,True
70809.83957863937,128.4327,34231.10062226456,79221.27242579756,1723.9435127498982,52.123985636585246,4.7802785508458605,5656.0,0.725379,470.4006,3000.0,178.9651,1.8326472835999548,VLG12BR_219,pop,D,116267.2098552692,0.01686901760653849,True
70796.0059958506,135.9876,34264.03218199433,77398.1847707449,1839.0796552808383,52.10758864769748,4.780576940198451,6034.0,0.744638,482.2373,3000.0,178.6204,1.8375402210674232,VLG12BR_219,pop,D,117635.06057420553,0.0167120083665073,True
70782.13520192628,143.5424,34309.04031044027,75529.28376778249,1954.2157978117862,52.09077891419175,4.7810472751198505,6411.0,0.763209,493.5942,3000.0,178.2983,1.842047639584924,VLG12BR_219,pop,D,118988.86019322282,0.01657809903000422,True
70768.23010198328,151.0973,34365.86689720244,73616.49848920545,2069.35194034274,52.073573798233696,4.781685769576862,6789.0,0.781098,504.4767,3000.0,178.0085,1.8461315527060378,VLG12BR_219,pop,D,120308.02346918307,0.016453696225487834,True
70754.29378975749,158.6522,34433.83805221081,71661.71354752753,2184.488082873698,52.05599028728861,4.782482549934133,7167.0,0.798315,514.8938,3000.0,177.9441,1.8497968684260813,VLG12BR_219,pop,D,121617.48698045571,0.016381862346493685,True
70740.32859104544,166.207,34505.46240170074,69666.50903240425,2299.6242254046597,52.038043053109476,4.78332805394194,7545.0,0.814865,524.8498,3000.0,178.2011,1.8530528374154005,VLG12BR_219,pop,D,123062.02563663544,0.01632034215810509,True
70726.3338029853,173.7619,34569.352352289745,67632.29581278843,2414.7603679356243,52.01974549058063,4.784055938051733,7922.0,0.816212,524.9964,3000.0,178.7599,1.8507942613666493,VLG12BR_219,pop,D,122252.1339862563,0.01624588222554755,True
70712.35540663249,181.3168,34613.41024709752,65596.98992726988,2529.8965104665804,52.0014393317735,4.784493460154483,8300.0,0.816152,524.2363,3000.0,179.5872,1.8479055439722811,VLG12BR_219,pop,D,121224.9449283065,0.016167575878129677,True
70698.39884235644,188.8716,34628.05639578856,63564.220773503104,2645.0326529975287,51.983157814600546,4.784501466705832,8678.0,0.81609,523.4746,3000.0,180.5839,1.8448897553056718,VLG12BR_219,pop,D,120212.47087600261,0.016050238869592906,True
70684.46504825771,196.4265,34607.372179187056,61534.471243577755,2760.1687955284688,51.96490564912699,4.783994146188918,9056.0,0.816002,522.6948,3000.0,181.625,1.8417371727736944,VLG12BR_219,pop,D,119210.67193295166,0.015852216438363716,True
70670.55505213047,203.9814,34549.89568150973,59508.4688878224,2875.3049380594016,51.94668946167743,4.782950869883269,9433.0,0.8159,521.9051,3000.0,182.7047,1.8384606149077496,VLG12BR_219,pop,D,118223.67906204613,0.015672907493184594,True
70656.66983275737,211.5362,34454.39969176259,57486.981581951324,2990.4410805903253,51.92851621887034,4.781354466113188,9811.0,0.815796,521.1129,3000.0,184.0815,1.835051468071365,VLG12BR_219,pop,D,117249.03033658599,0.015508246607515276,True
70642.81031572982,219.0911,34310.57892746321,55471.450070716965,3105.5772231212404,51.91039948838946,4.77905551633959,10189.0,0.815727,520.343,3000.0,186.8227,1.8315356674710437,VLG12BR_219,pop,D,116294.391377584,0.01540234096265645,True
70628.97725353156,226.6459,34070.88551462969,53468.08102626159,3220.7133656521464,51.89239795020678,4.775362612408784,10567.0,0.815696,519.5962,3000.0,189.6851,1.8279171254270787,VLG12BR_219,pop,D,115359.569831395,0.015645378675935576,True
70615.17136163576,234.2008,33731.93699074436,51482.0488717656,3335.849508183039,51.87455821042786,4.770228633725115,10944.0,0.815755,518.9055,3000.0,192.362,1.8242317229744025,VLG12BR_219,pop,D,114453.4069243728,0.015933871583421175,True
70601.39309754885,241.7557,33301.179468297196,49516.64260092124,3450.9856507139198,51.856909214183645,4.763763970956559,11322.0,0.815889,518.2612,3000.0,194.8582,1.8204607716000236,VLG12BR_219,pop,D,113569.18306664954,0.01624579113489826,True
70587.64293281693,249.3105,32785.876914773755,47574.287887110215,3566.121793244785,51.839472130062006,4.756076058578583,11700.0,0.816197,517.7263,3000.0,197.1858,1.8166644915827357,VLG12BR_219,pop,D,112721.83497514433,0.01656229888993838,True
70573.92083514531,256.8654,32192.730809125507,45656.45536379445,3681.257935775633,51.822259557938686,4.747263842794446,12078.0,0.816532,517.2071,3000.0,199.5547,1.812778410021057,VLG12BR_219,pop,D,111890.62321778921,0.01656679608797225,True
70560.22737897396,264.4203,31521.497379941356,43766.68590321153,3796.394078306471,51.805303102148855,4.73732525318077,12455.0,0.816676,516.5649,3000.0,201.7277,1.8087077827954723,VLG12BR_219,pop,D,111048.2294414821,0.01613483164325188,True
70546.5641627101,271.9751,30780.019868485833,41906.05075054237,3911.530220837296,51.788611679765324,4.726375510241202,12833.0,0.816783,515.8982,3000.0,203.6288,1.804510199631151,VLG12BR_219,pop,D,110212.20968540426,0.015640635324515404,True
70532.93205752934,279.53,29978.264732447562,40073.41817693455,4026.6663633681133,51.772174297246785,4.71456028493163,13211.0,0.816827,515.191,3000.0,205.296,1.8001849388757816,VLG12BR_219,pop,D,109381.3478128066,0.015081505833540995,True
70519.33204656829,287.0849,29124.709296814945,38267.37800568775,4141.802505898921,51.75597757116952,4.702003358758444,13589.0,0.816886,514.4916,3000.0,206.66,1.7957735642251789,VLG12BR_219,pop,D,108565.5724077149,0.014448966673900396,True
70505.76470913315,294.6397,28229.626226704833,36484.60328056088,4256.938648429718,51.73999082677064,4.688854242508212,13966.0,0.816934,513.7841,3000.0,207.5491,1.791277788023861,VLG12BR_219,pop,D,107763.3358745974,0.013994556448990877,True
70492.23072022507,302.1946,27308.26226635915,34718.376138139465,4372.074790960507,51.724152708180114,4.675334198302159,14344.0,0.816921,513.0376,3000.0,208.2462,1.7866558833740858,VLG12BR_219,pop,D,106965.22899697124,0.013608329536319679,True
70478.7309849545,309.7495,26366.85356298888,32966.05197947722,4487.210933491285,51.708439010398344,4.661533782274643,14722.0,0.816858,512.2584,3000.0,208.4706,1.7819270437388255,VLG12BR_219,pop,D,106174.50467669725,0.013085700655489994,True
70465.26633258568,317.3043,25420.036132069734,31220.096189661075,4602.3470760220525,51.69278121130965,4.647664954854298,15100.0,0.816746,511.4479,3000.0,208.5411,1.777096793469813,VLG12BR_219,pop,D,105391.68643844282,0.01245741538665516,True
70451.83755722971,324.8592,24472.579336384915,29478.080619307784,4717.48321855281,51.67715724093079,4.633796731162705,15477.0,0.816726,510.6933,3000.0,208.4582,1.7722531158392982,VLG12BR_219,pop,D,104634.48829670146,0.011845398223626841,True
70438.44466078664,332.4141,23529.044105525838,27737.281064601775,4832.619361083561,51.66154240797831,4.619995016287775,15855.0,0.816762,509.9731,3000.0,207.968,1.767361409797731,VLG12BR_219,pop,D,103895.20993717422,0.011520167193571936,True
70425.08777794156,339.9689,22601.752714046193,25990.951016762687,4947.755503614299,51.64587556664942,4.606437877838406,16233.0,0.816769,509.2336,3000.0,207.4432,1.7623931893241829,VLG12BR_219,pop,D,103165.64526077396,0.01137962801186443,True
70411.76747386005,347.5238,21691.823225980785,24238.75738181138,5062.891646145022,51.63015376130824,4.593141284404025,16611.0,0.816795,508.5051,3000.0,206.9016,1.7573785408088756,VLG12BR_219,pop,D,102451.14633840017,0.011208380438711911,True
70398.48400728659,355.0787,20799.783558625146,22480.571105903087,5178.027788675733,51.614375898747824,4.580112649384791,16988.0,0.816832,507.782,3000.0,206.3439,1.7523295689630412,VLG12BR_219,pop,D,101752.08458046705,0.011008932428675618,True
70385.23764358883,362.6335,19926.148511829197,20716.310908732532,5293.163931206427,51.598541317431206,4.567359188099613,17366.0,0.816843,507.0416,3000.0,205.8033,1.7472095432571273,VLG12BR_219,pop,D,101061.56086569204,0.010790127760965919,True
70372.02881440504,370.1884,19070.45517273749,18946.48251823982,5408.300073737111,51.58265466933173,4.554873986481749,17744.0,0.816851,506.2984,3000.0,205.4061,1.7420472484020486,VLG12BR_219,pop,D,100383.56306184665,0.010495319505149675,True
70358.85778138206,377.7432,18228.292706814525,17173.38073798989,5523.436216267782,51.56673681902003,4.542593109179879,18122.0,0.816898,505.578,3000.0,205.142,1.7368685350564466,VLG12BR_219,pop,D,99722.19230562754,0.01020601012652658,True
70345.72452536748,385.2981,17395.5062175361,15398.95620978494,5638.572358798438,51.55080550013887,4.530456371036952,18499.0,0.816961,504.8662,3000.0,204.9346,1.7316789096852776,VLG12BR_219,pop,D,99076.32310496431,0.00996677349851485,True
70332.62911447856,392.853,16570.317283440705,13624.043696237895,5753.708501329082,51.534868315661875,4.5184379570444575,18877.0,0.817045,504.1668,3000.0,204.7789,1.7264621764963892,VLG12BR_219,pop,D,98443.66755490139,0.00976560420055853,True
70319.57153900554,400.4078,15751.096408829886,11849.370022289564,5868.8446438597075,51.51893188277272,4.506514227647166,19255.0,0.817154,503.481,3000.0,204.6695,1.7212360170093117,VLG12BR_219,pop,D,97825.67310512278,0.009601172226259105,True
70306.55173314514,407.9627,14936.380812637957,10075.563773116133,5983.980786390319,51.50300192092072,4.494663973798024,19632.0,0.817277,502.8022,3000.0,204.5871,1.716012298648112,VLG12BR_219,pop,D,97222.48652397795,0.009474169152694398,True
70293.56965265005,415.5176,14125.316041654456,8302.994028926261,6099.116928920912,51.48708179184491,4.482874785423328,20010.0,0.819545,503.44,3000.0,204.5306,1.711752376329423,VLG12BR_219,pop,D,96832.83811936472,0.009278846785484237,True
70280.6122755128,423.0724,13314.971156851832,6527.371840704715,6214.253071451452,51.471133010711235,4.471104110670159,20388.0,0.82,502.9606,3000.0,204.508,1.70662860250847,VLG12BR_219,pop,D,96281.5275625186,0.005714730556853233,True
70267.6904336871,430.6273,12506.103572660943,4753.130636445284,6329.389213981875,51.45519543587083,4.4593630384826275,20766.0,0.82,502.2004,3000.0,204.505,1.701293599620279,VLG12BR_219,pop,D,95698.38464310096,0.002182358917008187,True
70254.80689584446,438.1822,11698.557144894266,2981.5423308555714,6444.5253565121575,51.439280516977306,4.447649315671013,21143.0,0.82,501.4391,3000.0,204.5062,1.6959758396125035,VLG12BR_219,pop,D,95128.99753104326,0.0,True
70241.96154534334,445.737,10892.204673883503,1212.6698684061319,6559.66149904237,51.423388829829676,4.435961060220914,21521.0,0.82,500.6766,3000.0,204.5075,1.6906556730765236,VLG12BR_219,pop,D,94570.97883127135,0.0,True
70229.15422385391,453.2919,10087.045038132128,-553.4812565259111,6674.797641572559,51.40752043080962,4.4242982079899456,21899.0,0.82,499.9129,3000.0,204.5087,1.6853507426383783,VLG12BR_219,pop,D,94025.49312225485,0.0,True
70216.38473162503,460.8468,9283.081172532678,-2316.907375766942,6789.933784102712,51.39167536017416,4.412660753354801,22277.0,0.82,499.148,3000.0,204.5099,1.6800662222300728,VLG12BR_219,pop,D,93492.52046071796,0.0,True
70203.65282778913,468.4016,8480.318620028134,-4077.6059872358383,6905.06992663284,51.37585364804393,4.401048728926467,22654.0,0.82,498.382,3000.0,204.5108,1.6748196325571907,VLG12BR_219,pop,D,92973.10171501356,0.0,True
70190.95823070184,475.9565,7678.765068156868,-5835.575543683114,7020.206069162931,51.36005531600347,4.389462199481873,23032.0,0.82,497.6148,3000.0,204.5115,1.6695912238090571,VLG12BR_219,pop,D,92465.09218930174,0.0,True
70178.30061831162,483.5114,6878.429945031834,-7590.815268408402,7135.342211692992,51.344280378276906,4.377901256103633,23410.0,0.82,496.8464,3000.0,204.5119,1.6643983584440063,VLG12BR_219,pop,D,91969.5535788394,0.0,True
70165.67962855614,491.0662,6079.324052980259,-9343.324988031593,7250.478354223021,51.328528843016535,4.366366010139831,23788.0,0.82,496.0768,3000.0,204.512,1.6592459467038858,VLG12BR_219,pop,D,91486.47842059523,0.0,True
70153.0948597812,498.6211,5281.459242780936,-11093.104983670657,7365.614496753014,51.312800713831436,4.354856587730887,24165.0,0.82,495.3061,3000.0,204.5118,1.654150964929269,VLG12BR_219,pop,D,91016.80371778316,0.0,True
70140.545871179,506.1759,4484.848101985248,-12840.155848457642,7480.750639282971,51.29709599138592,4.343373125002355,24543.0,0.82,494.5341,3000.0,204.5112,1.649093792054506,VLG12BR_219,pop,D,90558.61734197555,0.0,True
70128.03218324226,513.7308,3689.5036549195547,-14584.478350323163,7595.886781812897,51.28141467484386,4.3319157637845604,24921.0,0.82,493.7609,3000.0,204.5102,1.6440913256520526,VLG12BR_219,pop,D,90112.89274202194,0.0,True
70115.5532782308,521.2857,2895.439114018281,-16326.073318157054,7711.02292434278,51.26575676297254,4.320484648182204,25299.0,0.82,492.9865,2932.0,204.5088,1.628860187423312,VLG12BR_219,pop,D,88749.06598474261,0.0,True
70103.18456126173,528.8405,2102.5892576524598,-18065.11359910146,7823.542340974523,51.25012070799329,4.309078794040261,25668.0,0.82,492.2286,2856.0,204.5071,1.6119772523663338,VLG12BR_219,pop,D,87294.91888757618,0.0,True
70090.93739703871,536.3954,1310.9316464462306,-19801.67785286053,7933.162297052116,51.234505808777584,4.297697834891113,26027.0,0.82,491.489,2781.0,204.505,1.5948125720096904,VLG12BR_219,pop,D,85873.74544102125,0.0,True
70078.81498984006,543.9503,520.4489828868805,-21535.832887708195,8039.882792574728,51.2189114706952,4.286341479327076,26378.0,0.82,490.7679,2705.0,204.5025,1.5770302484729894,VLG12BR_219,pop,D,84455.79017939474,0.0,True
70066.82043998242,551.5051,-268.8763868458023,-23267.645659601454,8143.703827542081,51.203337084944515,4.275011204287878,26718.0,0.82,490.0654,2630.0,204.4997,1.5590224538488333,VLG12BR_219,pop,D,83070.09119510294,0.0,True
70054.95674397421,559.06,-1057.0624599594664,-24997.183271288148,8244.625401954037,51.18778204221291,4.263703296662804,27049.0,0.819423,489.0374,2554.0,204.4966,1.540252115082529,VLG12BR_219,pop,D,81642.14053185671,0.0,True
70043.23121400201,566.6149,-1843.5725600896983,-26723.294973927477,8342.647515810515,51.172256723921386,4.2524270489210965,27371.0,0.818241,487.6679,2479.0,204.4931,1.5210858443191995,VLG12BR_219,pop,D,80198.65681437141,0.0,True
70031.65151918816,574.1697,-2627.8446108838275,-28444.773230500974,8437.77016911146,51.15677200053435,4.241190455918546,27683.0,0.817073,486.3282,2403.0,204.4893,1.501361226446729,VLG12BR_219,pop,D,78760.58585364446,0.0,True
70020.22053618693,581.7246,-3409.915768088831,-30161.72506061111,8529.993361856838,51.14132691988577,4.2299929145537325,27986.0,0.815949,485.0348,2327.0,204.4851,1.4812732965724795,VLG12BR_219,pop,D,77341.94334872508,0.0,True
70008.94082466586,589.2795,-4189.849598669825,-31874.315080690674,8619.317094046619,51.12592001139144,4.218833445916625,28279.0,0.814839,483.7701,2252.0,204.4806,1.4610511619334012,VLG12BR_219,pop,D,75954.18981755368,0.0,True
69997.81506015142,596.8343,-4967.681644600515,-33582.64609828426,8705.741365680784,51.110550360185904,4.207711474634156,28562.0,0.813756,482.5421,2176.0,204.4757,1.440296486754821,VLG12BR_219,pop,D,74569.39099825159,0.0,True
69986.84571546089,604.3892,-5743.460210485368,-35286.84864049964,8789.26617675931,51.09521680175385,4.19662624488345,28836.0,0.81268,481.3392,2101.0,204.4706,1.4194313024735803,VLG12BR_219,pop,D,73212.67951323243,0.0,True
69976.03531199618,611.9441,-6517.214952278197,-36987.01183784964,8869.891527282194,51.07991854378052,4.18557726936912,29101.0,0.811629,480.1709,2025.0,204.4651,1.3980330283601987,VLG12BR_219,pop,D,71856.2624867223,0.0,True
69965.38614983026,619.4989,-7288.991482956148,-38683.25928881116,8947.617417249423,51.0646544835702,4.174563834748385,29356.0,0.810581,479.0249,1950.0,204.4593,1.376572809145646,VLG12BR_219,pop,D,70526.7294817613,0.0,True
69954.90059474699,627.0538,-8058.815398485172,-40375.66980203694,9022.443846660994,51.049423921230556,4.1635855152070675,29601.0,0.809548,477.9082,1874.0,204.4532,1.354602739629696,VLG12BR_219,pop,D,69195.90204626508,0.0,True
69944.58082932314,634.6087,-8826.724161138502,-42064.34728470763,9094.370815516895,51.034225930794484,4.152641717257268,29837.0,0.808512,476.8103,1799.0,204.4468,1.3325908137953744,VLG12BR_219,pop,D,67889.70626488084,0.0,True
69934.42907831093,642.1635,-9592.73892315231,-43749.35844853306,9163.398323817126,51.019059920838416,4.141732081418603,30064.0,0.807489,475.7402,1723.0,204.4401,1.3100676381477847,VLG12BR_219,pop,D,66580.12618557276,0.0,True
69924.44736574031,649.7184,-10356.895553023061,-45430.80090652406,9229.52637156169,51.003925021621356,4.13085603998141,30281.0,0.80646,474.687,1647.0,204.4332,1.287291875417204,VLG12BR_219,pop,D,65280.162880992015,0.0,True
69914.63776547811,657.2732,-11119.213169688046,-47108.73370204473,9292.754958750575,50.98882071036703,4.120013265063464,30488.0,0.805434,473.6562,1572.0,204.4261,1.2645389102115847,VLG12BR_219,pop,D,64004.02870692304,0.0,True
69905.00219555825,664.8281,-11879.72042426357,-48783.23487557103,9353.084085383782,50.973746293120506,4.109203294343622,30686.0,0.804401,472.6411,1496.0,204.4188,1.2412856969175197,VLG12BR_219,pop,D,62721.57738621693,0.0,True
69895.54257262048,672.383,-12638.436064098856,-50454.358640772654,9410.513751461318,50.958701290239695,4.098425807467708,30874.0,0.803371,471.6485,1421.0,204.4113,1.21808662493684,VLG12BR_219,pop,D,61461.984744304136,0.0,True
69886.26064312465,679.9378,-13395.390507145577,-52122.18253012862,9465.04395698318,50.94368501196699,4.087680319383903,31053.0,0.802323,470.6654,1345.0,204.4037,1.1943951479852895,VLG12BR_219,pop,D,60194.52097200059,0.0,True
69877.15823384176,687.4927,-14150.594315202963,-53786.73756064513,9516.67470194937,50.92869718716601,4.076966627940815,31223.0,0.801275,469.7023,1270.0,204.3959,1.1707738869335411,VLG12BR_219,pop,D,58948.387767820735,0.0,True
69868.23695323941,695.0476,-14904.07598338321,-55448.09152391436,9565.405986359898,50.91373721342583,4.066284277360509,31383.0,0.800216,468.7533,1194.0,204.3882,1.1466872207871486,VLG12BR_219,pop,D,57694.37902968669,0.0,True
69859.49840038655,702.6024,-15655.855411100722,-57106.29070039897,9611.237810214767,50.8988046818442,4.055632934778348,31533.0,0.799135,467.811,1119.0,204.3803,1.1227029570323204,VLG12BR_219,pop,D,56460.27157194971,0.0,True
69850.94418147136,710.1573,-16405.941390808315,-58761.35529029138,9654.170173513976,50.88389941824703,4.045012425407584,31674.0,0.798052,466.8886,1043.0,204.3725,1.0982567702578971,VLG12BR_219,pop,D,55217.54722688805,0.0,True
69842.57565178772,717.7122,-17154.36415737999,-60413.35124524504,9694.20307625754,50.869020836292314,4.034422271588571,31805.0,0.796938,465.9673,968.0,204.3647,1.0739362515698776,VLG12BR_219,pop,D,53993.64392833024,0.0,True
69834.39431593059,725.267,-17901.125800427933,-62062.27784729551,9731.336518445469,50.85416894990148,4.023862394582382,31927.0,0.795816,465.0616,892.0,204.3569,1.0491631715841783,VLG12BR_219,pop,D,52760.08186300663,0.0,True
69826.40140835647,732.8219,-18646.25154426171,-63708.18525050509,9765.570500077765,50.83934331470373,4.01333238902015,32039.0,0.794663,464.158,816.0,204.3493,1.0242405132256172,VLG12BR_219,pop,D,51530.36084336725,0.0,True
69818.59824711364,740.3768,-19389.74762040049,-65351.07419447826,9796.905021154458,50.82454393120332,4.002832118323294,32142.0,0.793485,463.2598,741.0,204.3419,0.9994739582234857,VLG12BR_219,pop,D,50318.68011780537,0.0,True
69810.98601478153,747.9316,-20131.62702692456,-66990.95762398846,9825.340081675555,50.80977068984369,3.992361350584025,32235.0,0.792284,462.3684,665.0,204.3345,0.9742786148553224,VLG12BR_219,pop,D,49096.18441038362,0.0,True
69803.56578904635,755.4865,-20871.901913634752,-68627.85341660095,9850.875681641088,50.79502343664319,3.981919866759025,32319.0,0.791042,461.4725,590.0,204.3274,0.9492559889695515,VLG12BR_219,pop,D,47890.559327032424,0.0,True
69796.33869614256,763.0414,-21610.569107116415,-70261.73884314601,9873.511821051083,50.7803023832883,3.971507663867447,32393.0,0.789766,460.5772,514.0,204.3204,0.9238116808564465,VLG12BR_219,pop,D,46673.16627184681,0.0,True
69789.30570378252,770.5962,-22347.633989044312,-71892.60896135033,9893.248499905587,50.76560758116079,3.9611246183151043,32458.0,0.788458,459.6826,439.0,204.3136,0.8985684718524836,VLG12BR_219,pop,D,45472.75679800341,0.0,True
69782.46768179254,778.1511,-23083.102028288504,-73520.45957518954,9910.08571820465,50.75093907487254,3.950770605544842,32513.0,0.787084,458.7692,363.0,204.3071,0.8728977169991912,VLG12BR_219,pop,D,44258.669062293775,0.0,True
69775.8256534053,785.706,-23816.949519727037,-75145.21543162531,9924.023475948345,50.73629754921108,3.940445911141707,32559.0,0.785681,457.8589,288.0,204.3008,0.8474530796691968,VLG12BR_219,pop,D,43061.509138359805,0.0,True
69769.38026226721,793.2608,-24549.18795677571,-76766.88000906393,9935.06177313678,50.721682979512295,3.9301503251508043,32595.0,0.7842,456.9226,212.0,204.2949,0.8215852340861105,VLG12BR_219,pop,D,41849.784452415646,0.0,True
69763.1324251063,800.8157,-25279.782301076586,-78385.35239309889,9943.20060977016,50.70709628188377,3.919884291575546,32622.0,0.782663,455.9731,137.0,204.2892,0.795947728607558,VLG12BR_219,pop,D,40653.524214688,0.0,True
69757.08279329189,808.3705,-26008.718514949513,-80000.57752016805,9948.439985848867,50.6925379592886,3.9096479583225032,32639.0,0.781046,454.996,61.0,204.2838,0.7698963069208558,VLG12BR_219,pop,D,39442.274310646906,0.0,True
69751.2320993575,815.9254,-26735.959190207308,-81612.44922429456,9950.779901374046,50.67800897538198,3.899441800736776,32647.0,0.77968,454.1852,-0.0,204.2788,0.7488920142620745,VLG12BR_219,pop,D,38468.30579392388,0.0,True
69745.54256072994,823.4803,-27461.77435690151,-83221.54180657168,9950.779901300775,50.6635041598385,3.8892619821870267,32647.0,0.779675,454.182,-0.0,204.2742,0.7488416114135876,VLG12BR_219,pop,D,38465.863878239215,0.0,True
69739.85342764299,831.0351,-28187.45494848726,-84830.68141075545,9950.779901227477,50.648998040123566,3.8790903692367156,32647.0,0.779672,454.1806,-0.0,204.2699,0.7487933599073533,VLG12BR_219,pop,D,38463.559601605,0.0,True
69734.16467646048,838.59,-28913.01390088987,-86439.87012516438,9950.779901154152,50.63449059831545,3.86892677038595,32647.0,0.779668,454.178,-0.0,204.2661,0.7487436839595827,VLG12BR_219,pop,D,38461.16415159495,0.0,True
69728.47632301653,846.1449,-29638.46126544273,-88049.09806167771,9950.779901080805,50.61998192427907,3.858771034308356,32647.0,0.779663,454.1751,-0.0,204.2627,0.7486936561871782,VLG12BR_219,pop,D,38458.746179525064,0.0,True
69722.78837107681,853.6997,-30363.80881042377,-89658.3586210055,9950.779901007432,50.605472078160304,3.848622985731946,32647.0,0.779661,454.1738,-0.0,204.2597,0.7486455422840927,VLG12BR_219,pop,D,38456.45057342772,0.0,True
69717.10080038306,861.2546,-31089.07114258384,-91267.65201086567,9950.779900934032,50.59096105867618,3.8384824099189583,32647.0,0.779655,454.1704,-0.0,204.2572,0.7485949298801886,VLG12BR_219,pop,D,38453.9951788066,0.0,True
69711.41363751715,868.8095,-31814.257168221015,-92876.96524971275,9950.779900860614,50.57644898339487,3.8283491719825875,32647.0,0.779651,454.1679,-0.0,204.2551,0.7485453967631481,VLG12BR_219,pop,D,38451.6087718459,0.0,True
69705.72687048,876.3643,-32539.380413003477,-94486.29625752162,9950.77990078717,50.561935871540655,3.818223072672436,32647.0,0.779648,454.1662,-0.0,204.2534,0.7484968240008567,VLG12BR_219,pop,D,38449.2837128985,0.0,True
69700.04048962367,883.9192,-33264.45387539607,-96095.64240300783,9950.779900713706,50.547421747257104,3.808103920380474,32647.0,0.77964,454.1618,-0.0,204.2522,0.7484450355980412,VLG12BR_219,pop,D,38446.75315368564,0.0,True
69694.35452934966,891.4741,-33989.484886411614,-97704.98878589264,9950.779900640218,50.5329067452899,3.797991602766726,32647.0,0.779638,454.1607,-0.0,204.2513,0.7483971908830023,VLG12BR_219,pop,D,38444.47454359115,0.0,True
69688.66894738605,899.0289,-34714.490488535266,-99314.34193400053,9950.779900566706,50.51839080706122,3.7878858721790283,32647.0,0.779631,454.1567,-0.0,204.2509,0.7483458910248899,VLG12BR_219,pop,D,38441.975203587026,0.0,True
69682.9837808862,906.5838,-35439.47780140576,-100923.68611675857,9950.779900493175,50.50387407468472,3.7777866194853997,32647.0,0.779624,454.1526,-0.0,204.2505,0.7482944773581002,VLG12BR_219,pop,D,38439.468619869316,0.0,True
71037.09172428463,0.0,34058.24855157534,101161.12164332422,30.480000304479823,52.321300505698744,4.779960154005953,100.0,0.3,198.3755,2549.0,183.0038,1.8596185680792128,VLG12BR_219,fuel,N,125532.8151788468,0.08769505812799615,False
71023.11104839637,7.5173,34018.390233021804,100401.53408054909,127.81898406507239,52.314472023905715,4.779296809862346,419.0,0.319802,211.2371,2624.0,183.0038,1.850447606730362,VLG12BR_219,fuel,N,121814.47516255235,0.06831797888915868,False
71009.19931728275,15.0345,33975.92649096295,99592.29446615135,228.0286318546081,52.30719717966894,4.778590334377335,748.0,0.340555,224.69,2699.0,194.2796,1.8411398406703614,VLG12BR_219,fuel,N,118708.19774536471,0.053435305394615905,False
70995.35774926242,22.5518,33763.22103210689,98756.5776435851,331.1089436733495,52.29969466275979,4.775377994843936,1086.0,0.362063,238.6012,2774.0,199.4167,1.8324742850172173,VLG12BR_219,fuel,N,116220.57696808205,0.046324751577305104,False
70981.58171404526,30.069,33458.66341999324,97892.54489509476,437.0599195213442,52.291942988835345,4.770813456361305,1434.0,0.384127,252.8365,2850.0,199.4202,1.8252200151975488,VLG12BR_219,fuel,N,114358.24289598013,0.04141650344144282,False
70967.86159877389,37.5863,33135.75858285515,96976.63742440009,545.8815593985531,52.28372573231678,4.7659757016623665,1791.0,0.406554,267.2664,2925.0,199.4268,1.8196113483978416,VLG12BR_219,fuel,N,113027.88717152378,0.03653881658187372,False
70954.18437575221,45.1035,32794.19944520926,96008.17491492146,657.5738633048137,52.275036759813666,4.760860455588517,2157.0,0.429164,281.7697,3000.0,199.4306,1.8159648192198659,VLG12BR_219,fuel,N,112206.72625552563,0.03266803952216985,False
70940.53538501948,52.6208,32433.933438143657,94986.88531646457,772.1368312394167,52.265873591828424,4.755467245662839,2533.0,0.451791,296.2364,3000.0,199.4322,1.8060830922561797,VLG12BR_219,fuel,N,110128.88164671398,0.029980409565032153,False
70926.96187628538,60.138,32054.943471414856,93912.61245182305,886.6997991762332,52.25623478677438,4.7497961509422675,2909.0,0.474822,310.9278,3000.0,199.4395,1.7980617762657793,VLG12BR_219,fuel,N,108576.19308342732,0.027278495204868136,False
70913.44996260584,67.6553,31656.833800824097,92784.59878104615,1001.2627671131323,52.24611351471868,4.743841650974851,3285.0,0.498093,325.7358,3000.0,199.4493,1.79220120253308,VLG12BR_219,fuel,N,107505.63728355739,0.025078033310624463,False
70899.9834326727,75.1726,31239.39396563274,91602.46424562161,1115.8257350500967,52.235506326791196,4.73760100782935,3661.0,0.521453,340.5613,3000.0,199.4524,1.7885800289133946,VLG12BR_219,fuel,N,106868.13094717701,0.023029279486705412,False
70886.54542318905,82.6898,30802.737144480503,90366.11891621893,1230.3887029871141,52.22441236254594,4.731076284303259,4037.0,0.544767,355.3159,3000.0,199.4508,1.7870961911078505,VLG12BR_219,fuel,N,106611.83530362761,0.02134818701601985,False
70873.11978647788,90.2071,30347.059380192088,89075.80483109585,1344.9516709241752,52.21283374072671,4.724270806210707,4413.0,0.567916,369.9221,3000.0,199.452,1.7875195686826457,VLG12BR_219,fuel,N,106684.67905633623,0.02082188540691517,False
70859.69206515353,97.7243,29872.49454524128,87732.10214989791,1459.5146388612725,52.200775622859155,4.717187030617502,4788.0,0.590798,384.3133,3000.0,199.454,1.7895507271629933,VLG12BR_219,fuel,N,107037.3209804547,0.020441425816230888,False
70846.25007619812,105.2416,29379.305676334996,86335.81660534124,1574.0776067984011,52.188245190752134,4.709829340837515,5164.0,0.613325,398.4336,3000.0,199.4509,1.7928389484033624,VLG12BR_219,fuel,N,107619.74548150436,0.020220331693850527,False
70832.78415915163,112.7588,28867.969739695895,84887.90614722754,1688.640574735556,52.17525098305867,4.702205278050538,5540.0,0.635425,412.2371,3000.0,199.4448,1.7970556893433258,VLG12BR_219,fuel,N,108388.80876332358,0.020145152133699117,False
70819.28716559257,120.2761,28338.98212390393,83389.5091265782,1803.2035426727343,52.16180315988374,4.694322670688161,5916.0,0.65704,425.687,3000.0,199.4414,1.8018924498714928,VLG12BR_219,fuel,N,109304.23863822129,0.020172511172763287,False
70805.75426982078,127.7933,27792.74289961095,81841.94669191641,1917.766510609932,52.1479135303014,4.686187964513662,6292.0,0.678124,438.7549,3000.0,199.4395,1.8070810966462703,VLG12BR_219,fuel,N,110329.90179161588,0.020324294129278702,False
70792.1826721636,135.3106,27229.70969452419,80246.63450774648,2032.3294785471464,52.133594750604495,4.677808454525207,6668.0,0.698643,451.4202,3000.0,199.4346,1.812400395137166,VLG12BR_219,fuel,N,111433.84881034195,0.020406571139920508,False
70778.57125265729,142.8278,26650.489926323924,78605.01951150227,2146.892446484375,52.118859751566106,4.669193627293871,7044.0,0.718573,463.6685,3000.0,199.4292,1.8176761969187978,VLG12BR_219,fuel,N,112588.09803086732,0.020504707964128555,False
70764.92021789767,150.3451,26055.649221637217,76918.6203939328,2261.455414421617,52.10372211244271,4.660352353804009,7419.0,0.737899,475.4917,3000.0,199.4278,1.8227867227540653,VLG12BR_219,fuel,N,113770.42027194938,0.020736633579631913,False
70751.23076989125,157.8624,25445.623443159733,75189.0349096925,2376.018382358871,52.088196130701235,4.651291601318307,7795.0,0.756612,486.8862,3000.0,199.428,1.8276251566366633,VLG12BR_219,fuel,N,114956.5754500567,0.020945730374052337,False
70737.50481395824,165.3796,24820.916406441775,73417.84969602023,2490.5813502961337,52.07229600159641,4.642019320676026,8171.0,0.774713,497.8531,3000.0,199.4273,1.8321410838202266,VLG12BR_219,fuel,N,116131.10612374969,0.021096473093024953,False
70723.74471250013,172.8969,24182.1120002281,71606.61860767369,2605.144318233404,52.05603562332739,4.6325446190547,8547.0,0.792205,508.3968,3000.0,199.4286,1.8363019798848454,VLG12BR_219,fuel,N,117296.08795605006,0.021603080542470104,False
70709.95263474807,180.4141,23529.688576254197,69756.9135904216,2719.707286170683,52.03942906301702,4.622875046758082,8923.0,0.809094,518.5214,3000.0,199.4332,1.8400931172735462,VLG12BR_219,fuel,N,118553.79944047544,0.022337358408941084,False
70696.12802952208,187.9314,22864.07996636609,67870.3049889429,2834.270254107969,52.02249037661657,4.613017489043512,9299.0,0.82,524.7871,3000.0,199.4363,1.841349650814666,VLG12BR_219,fuel,N,119222.72974301173,0.023196525716743188,False
70682.28694752626,195.4486,22190.30006227457,65960.86531845416,2948.8332220452576,52.005345872095205,4.603046537729763,9675.0,0.82,524.0622,3000.0,199.4375,1.838096970174098,VLG12BR_219,fuel,N,118252.6327152029,0.024152011109153423,False
70668.47002326061,202.9659,21517.416252488918,64054.089025077,3063.3961899825413,51.988224444053195,4.593096475292949,10051.0,0.82,523.3362,3000.0,199.4396,1.834722497101203,VLG12BR_219,fuel,N,117296.72146766479,0.02517582063008595,False
70654.67813481549,210.4831,20845.396336357724,62149.991620142784,3177.959157919821,51.97112623769945,4.583166791332965,10426.0,0.82,522.6093,3000.0,199.4402,1.8312360439797968,VLG12BR_219,fuel,N,116356.95621055442,0.026353471161235403,False
70640.91214624092,218.0004,20174.296960645654,60248.5572761791,3292.5221258570978,51.954051113018686,4.573258270805654,10802.0,0.82,521.8814,3000.0,199.4377,1.8276237430983338,VLG12BR_219,fuel,N,115429.21091043224,0.027551892274459956,False
70627.17290528618,225.5177,19504.217407713393,58349.75513503985,3407.0850937943696,51.93699879359117,4.5633723187348645,11178.0,0.82,521.1524,3000.0,199.4352,1.823895525615076,VLG12BR_219,fuel,N,114515.4068901629,0.028770464478572216,False
70613.46124121791,233.0349,18835.160362659964,56453.58845156177,3521.6480617316383,51.919969313509135,4.553508931726789,11554.0,0.82,520.4224,3000.0,199.4331,1.8200540039053095,VLG12BR_219,fuel,N,113615.48922614954,0.030003136980337755,False
70599.77796272418,240.5522,18167.116309788824,54560.06480297526,3636.211029668898,51.902962746129326,4.543667928846579,11930.0,0.82,519.6914,3000.0,199.4302,1.8161019923887398,VLG12BR_219,fuel,N,112729.38040021736,0.02957812203790435,False
70586.12385590974,248.0694,17500.110833281768,52669.17940122201,3750.7739976061544,51.88597905244142,4.5338496402351485,12306.0,0.82,518.9594,3000.0,199.4275,1.812042563605345,VLG12BR_219,fuel,N,111857.0044187178,0.027350480987832146,False
70572.49968238773,255.5867,16834.136364700415,50780.93917285213,3865.336965543404,51.869018299891835,4.524053913377044,12682.0,0.82,518.2263,3000.0,199.425,1.807878956729449,VLG12BR_219,fuel,N,110998.2649068734,0.02517317032656334,False
70558.90617747189,263.1039,16169.19176097054,48895.34879526267,3979.8999334806513,51.85208053545985,4.514280689458475,13057.0,0.82,517.4922,3000.0,199.4215,1.8036245933025887,VLG12BR_219,fuel,N,110154.89360247145,0.023047750656227578,False
70545.344048472,270.6212,15505.308367965963,47012.40150855923,4094.462901417891,51.83516570234272,4.5045303821211045,13433.0,0.82,516.7571,3000.0,199.4164,1.7992638666036782,VLG12BR_219,fuel,N,109323.22545830115,0.020991509439826448,False
70531.81397309508,278.1384,14842.539541706732,45132.082819200725,4209.025869355124,51.81827367373595,4.494803724401244,13809.0,0.82,516.0209,3000.0,199.4097,1.7948102247114956,VLG12BR_219,fuel,N,108504.98184867224,0.01904038017700753,False
70518.31659795353,285.6557,14180.93726925882,43254.378750134514,4323.588837292354,51.801404327751264,4.4851014285516575,14185.0,0.82,515.2837,3000.0,199.4019,1.7902678981179028,VLG12BR_219,fuel,N,107700.11638269332,0.01719239271342308,False
70504.85253718166,293.1729,13520.5396077827,41379.28026883054,4438.151805229575,51.7845575875325,4.475424003648102,14561.0,0.82,514.5454,3000.0,199.3928,1.7856411279668163,VLG12BR_219,fuel,N,106908.54253545048,0.015417573451103068,False
70491.42237115945,300.6902,12861.392060119259,39506.77575750063,4552.714773166789,51.7677333529636,4.465772066272352,14937.0,0.82,513.806,3000.0,199.3832,1.7809343928630728,VLG12BR_219,fuel,N,106130.19674072292,0.013708209199730637,False
70478.02664534416,308.2075,12203.50882786611,37636.86465356132,4667.277741103998,51.75093162422708,4.456145777959418,15313.0,0.82,513.0656,3000.0,199.3744,1.7761523970424662,VLG12BR_219,fuel,N,105365.0367894629,0.012064871330901691,False
70464.66586920788,315.7247,11546.86370795731,35769.56062890475,4781.840709041199,51.73415253039713,4.446544713850405,15688.0,0.82,512.3241,3000.0,199.3672,1.7713109984326727,VLG12BR_219,fuel,N,104614.55799537923,0.011374023554243027,False
70451.34051527933,323.242,10891.407972147148,33904.885278290596,4896.403676978391,51.717396272092685,4.436968122979424,16064.0,0.82,511.5815,3000.0,199.3612,1.7663928389388515,VLG12BR_219,fuel,N,103875.52188860154,0.010752039325837825,False
70438.0510182882,330.7592,10237.100257777907,32042.85760630823,5010.966644915579,51.700663026254595,4.427415362218248,16440.0,0.82,510.8378,3000.0,199.3566,1.7614139024663338,VLG12BR_219,fuel,N,103149.47692449592,0.010136542062862791,False
70424.79777440905,338.2765,9583.899135063235,30183.496645699106,5125.529612852756,51.6839529698644,4.417885788358799,16816.0,0.82,510.0931,3000.0,199.3524,1.7563793216199333,VLG12BR_219,fuel,N,102436.3870634207,0.009545525295605456,False
70411.58114060169,345.7937,8931.791548824918,28326.811471120578,5240.092580789924,51.66726618968441,4.408379170253847,17192.0,0.82,509.3473,3000.0,199.3477,1.751294136310985,VLG12BR_219,fuel,N,101736.18087863277,0.009066705962137026,False
70398.40143404539,353.311,8280.792195694545,26472.801428680188,5354.655548727083,51.65060268449778,4.398895679130331,17568.0,0.82,508.6004,3000.0,199.3423,1.74616353014647,VLG12BR_219,fuel,N,101048.80793241494,0.00896359680230153,False
70385.25893166248,360.8282,7630.9290313214315,24621.461233767288,5469.218516664232,51.633962411312766,4.389435678065774,17944.0,0.82,507.8523,3000.0,199.3358,1.740992654008107,VLG12BR_219,fuel,N,100374.20234688133,0.008853024398683927,False
70372.1538697284,368.3455,6982.233687600829,22772.784340429396,5583.781484601371,51.617345315859914,4.3799995829534275,18319.0,0.82,507.1032,3000.0,199.3281,1.7357990181623608,VLG12BR_219,fuel,N,99713.72644039823,0.008737212169034869,False
70359.08644356353,375.8628,6334.750275540988,20926.759857382396,5698.344452538501,51.60075130477817,4.370587989816504,18695.0,0.82,506.353,3000.0,199.319,1.7305637606267195,VLG12BR_219,fuel,N,99064.54300401808,0.008616257140493681,False
70346.05680730334,383.38,5688.519222582157,19083.378224666674,5812.90742047562,51.5841802969007,4.361201440687046,19071.0,0.82,505.6016,3000.0,199.3093,1.7253040970198534,VLG12BR_219,fuel,N,98427.99553142651,0.008524078094632894,False
70333.06507374196,390.8973,5043.565280191113,17242.63541608368,5927.47038841273,51.56763226113308,4.351840250248066,19447.0,0.82,504.8492,3000.0,199.2991,1.7200254996082338,VLG12BR_219,fuel,N,97804.07799409592,0.008484616279499636,False
70320.11131424537,398.4145,4399.902532604563,15404.53117507354,6042.033356349823,51.55110720045778,4.3425045786155945,19823.0,0.82,504.0956,3000.0,199.2886,1.7147331223403297,VLG12BR_219,fuel,N,97192.72007495271,0.008450939501239136,False
70307.19555872974,405.9318,3757.541586637325,13569.06649068756,6156.596324286906,51.534605129124735,4.333194535505292,20199.0,0.82,503.3409,3000.0,199.2775,1.7094323400071716,VLG12BR_219,fuel,N,96593.90356146754,0.006765485054626776,False
70294.31779570032,413.449,3116.503130295368,11736.23885288336,6271.15929222398,51.51812602988512,4.323910376224148,20575.0,0.82,502.585,3000.0,199.2656,1.7041283539044918,VLG12BR_219,fuel,N,96007.58046763644,0.0036002082730975894,False
70281.47797234672,420.9663,2476.8109313927894,9906.044709151884,6385.722260161039,51.50166987616998,4.31465240030713,20951.0,0.82,501.8281,3000.0,199.2528,1.6988265564475622,VLG12BR_219,fuel,N,95433.75240951523,0.0004169195227131078,False
70268.67599469052,428.4835,1838.494587800871,8078.478507867923,6500.28522809809,51.48523662348993,4.305420991160627,21326.0,0.82,501.0699,3000.0,199.2394,1.6935443569663862,VLG12BR_219,fuel,N,94873.49063218094,0.0,False
70255.9117277801,436.0008,1201.5762380850808,6253.537343701375,6614.8481960351255,51.46882625125905,4.296216424088737,21702.0,0.82,500.3107,3000.0,199.2255,1.6882622942322256,VLG12BR_219,fuel,N,94324.49906101776,0.0,False
70243.18499592948,443.518,566.0691190568643,4431.2214540531195,6729.41116397215,51.45243876716882,4.287038845641102,22078.0,0.82,499.5502,3000.0,199.2112,1.6829976931114787,VLG12BR_219,fuel,N,93787.8844974658,0.0,False
70230.49558299646,451.0353,-68.01260043216874,2611.530783371121,6843.974131909157,51.43607417597932,4.277888415682983,22454.0,0.82,498.7886,3000.0,199.1962,1.6777557526788205,VLG12BR_219,fuel,N,93263.65826776583,0.0,False
70217.8432326959,458.5526,-700.6476651907021,794.4628419909222,6958.53709984615,51.419732457344146,4.268765397793941,22830.0,0.82,498.0259,3000.0,199.1801,1.672541472210424,VLG12BR_219,fuel,N,92751.80448317772,0.0,False
70205.22764894484,466.0698,-1331.7997787860315,-1019.990051831251,7073.10006778313,51.403413537592115,4.259670309810697,23206.0,0.82,497.262,3000.0,199.1626,1.6673597268267184,VLG12BR_219,fuel,N,92252.29640908436,0.0,False
70192.64849623507,473.5871,-1961.426996836384,-2831.837486683334,7187.663035720096,51.38711735471846,4.250603695547814,23582.0,0.82,496.4969,3000.0,199.1441,1.6622153886556565,VLG12BR_219,fuel,N,91765.12506947278,0.0,False
70180.10540002983,481.1043,-2589.4943285130175,-4641.086572665322,7302.226003657047,51.37084384882768,4.241565989946403,23957.0,0.82,495.7306,3000.0,199.1245,1.6571253842456826,VLG12BR_219,fuel,N,91291.22818741183,0.0,False
70167.59794718116,488.6216,-3215.971937273547,-6447.742572626089,7416.788971593979,51.3545929779088,4.232557575571891,24333.0,0.82,494.9631,3000.0,199.1041,1.6520701006021898,VLG12BR_219,fuel,N,90828.6875281618,0.0,False
70155.12568636399,496.1388,-3840.8324662720293,-8251.809834364603,7531.351939530893,51.338364709009966,4.223578800000349,24709.0,0.82,494.1945,3000.0,199.0842,1.6470664319692467,VLG12BR_219,fuel,N,90378.48962621458,0.0,False
70142.68812852459,503.6561,-4464.091797746179,-10053.277691779913,7645.914907467793,51.3221591440838,4.2146293881644095,25085.0,0.82,493.4246,2975.0,199.066,1.6383988095359612,VLG12BR_219,fuel,N,89598.68436767363,0.0,False
70130.31225640926,511.1733,-5085.826223580011,-11852.188550539095,7759.514480893342,51.30597590719379,4.205708197190994,25458.0,0.82,492.66,2900.0,199.0497,1.6219603781188485,VLG12BR_219,fuel,N,88148.66241050439,0.0,False
70118.05482875122,518.6906,-5706.147953499473,-13648.66895221837,7870.243390289957,51.28981386504392,4.196813571070628,25821.0,0.82,491.9136,2824.0,199.0366,1.6049159913333129,VLG12BR_219,fuel,N,86704.57899424029,0.0,False
70105.91906274449,526.2079,-6325.18073802108,-15442.746695603208,7978.101635657267,51.273672771718005,4.18794368943825,26175.0,0.82,491.1855,2749.0,199.027,1.5875870331915556,VLG12BR_219,fuel,N,85292.25452457067,0.0,False
70093.90807388809,533.7251,-6943.0581098422435,-17234.446581263182,8083.089216995144,51.25755240758819,4.179096594135805,26519.0,0.82,490.4757,2674.0,199.0193,1.5698449954210556,VLG12BR_219,fuel,N,83897.99782404484,0.0,False
70082.02487587053,541.2424,-7559.861659394611,-19023.8116692187,8185.2061343035275,51.241452388913046,4.170271076554152,26854.0,0.819967,489.7648,2599.0,199.0135,1.5516825133605334,VLG12BR_219,fuel,N,82517.76499351242,0.0,False
70070.27262692171,548.7596,-8175.648220509223,-20810.813906178657,8284.452387582387,51.22537297147669,4.1614662840206735,27180.0,0.818765,488.3748,2524.0,199.0084,1.5327684229513376,VLG12BR_219,fuel,N,81063.62888372672,0.0,False
70058.66309969212,556.2769,-8789.582340509398,-22592.95762965476,8380.827976831695,51.20933661632592,4.152694112910109,27496.0,0.817597,487.0255,2449.0,199.0017,1.5134913217987245,VLG12BR_219,fuel,N,79630.6961502624,0.0,False
70047.19905529695,563.7941,-9401.666268545061,-24370.405427533395,8474.332902051432,51.19334186800803,4.143954475067836,27803.0,0.816463,485.7176,2373.0,198.995,1.4936515697426245,VLG12BR_219,fuel,N,78203.26196560696,0.0,False
70035.88314027456,571.3114,-10011.952503173923,-26143.30424285577,8564.967163241594,51.17738741084045,4.135246562492028,28100.0,0.815353,484.4437,2298.0,198.9855,1.4736679647269535,VLG12BR_219,fuel,N,76807.78230495108,0.0,False
70024.71798454435,578.8286,-10620.396827243016,-27911.80527468519,8652.730760402166,51.16147189241764,4.126570956543876,28388.0,0.814267,483.2045,2223.0,198.9718,1.4533464286638784,VLG12BR_219,fuel,N,75428.82530498496,0.0,False
70013.70611021642,586.3459,-11226.911472581385,-29676.076343140216,8737.62369353314,51.14559381187431,4.117928863827648,28667.0,0.813204,481.9989,2148.0,198.9594,1.4326993970558197,VLG12BR_219,fuel,N,74065.35120148888,0.0,False
70002.84995172128,593.8631,-11831.582127108308,-31436.221734607338,8819.645962634511,51.129752236448496,4.109319002800531,28936.0,0.812166,480.8291,2073.0,198.9455,1.4117538703136647,VLG12BR_219,fuel,N,72717.32677170062,0.0,False
69992.15182082566,601.3804,-12434.408993099667,-33192.38353026788,8898.797567706275,51.113945894956835,4.100741320491501,29196.0,0.811123,479.6757,1998.0,198.9275,1.390498954073309,VLG12BR_219,fuel,N,71381.28297058688,0.0,False
69981.6141786647,608.8977,-13035.285819533094,-34944.66118720766,8975.078508748435,51.09817390194752,4.09219728803851,29446.0,0.810089,478.5487,1922.0,198.912,1.3687281467421193,VLG12BR_219,fuel,N,70044.03441870835,0.0,False
69971.23926824598,616.4149,-13634.324931766221,-36693.120166403234,9048.488785760974,51.08243567288325,4.083685245030387,29687.0,0.809071,477.4505,1847.0,198.8953,1.3469095366714712,VLG12BR_219,fuel,N,68732.73987526781,0.0,False
69961.02921334343,623.9322,-14231.526357962994,-38437.8739695436,9119.028398743907,51.06673019349242,4.0752051428858165,29918.0,0.808037,476.3637,1772.0,198.8739,1.3248269572722555,VLG12BR_219,fuel,N,67431.49238739282,0.0,False
69950.98626939519,631.4494,-14826.76328929732,-40179.008111149866,9186.69734769722,51.05105670446446,4.066758747361061,30140.0,0.807002,475.2962,1697.0,198.8553,1.3024827520900777,VLG12BR_219,fuel,N,66139.95469994958,0.0,False
69941.11250553331,638.9667,-15420.144678814517,-41916.55978325767,9251.495632620918,51.035414875180734,4.058344448799143,30353.0,0.805964,474.2468,1622.0,198.8371,1.2798872012148879,VLG12BR_219,fuel,N,64857.463863469435,0.0,False
69931.40992000248,646.4839,-16011.70895516099,-43650.58562047003,9313.423253515002,51.01980420167067,4.049961649219283,30556.0,0.804937,473.2242,1546.0,198.821,1.2568059706494787,VLG12BR_219,fuel,N,63570.517699534845,0.0,False
69921.88031752255,654.0012,-16601.55320392624,-45381.157769704536,9372.480210379468,51.00422403856622,4.041608914382316,30750.0,0.803888,472.2086,1471.0,198.8089,1.2337462307039955,VLG12BR_219,fuel,N,62304.80055761697,0.0,False
69912.52566955295,661.5184,-17189.80469377115,-47108.25675976752,9428.666503214325,50.98867456310311,4.033284376997949,30934.0,0.80285,471.2201,1396.0,198.7983,1.2104848722142072,VLG12BR_219,fuel,N,61047.90979384392,0.0,False
69903.34761080524,669.0357,-17776.543988833466,-48831.961547005405,9481.982132019566,50.97315506825182,4.0249868441714725,31109.0,0.801801,470.2448,1321.0,198.7918,1.1870112072016585,VLG12BR_219,fuel,N,59797.65630548392,0.0,False
69894.34786900759,676.553,-18361.910853946218,-50552.273722367645,9532.427096795187,50.95766554049085,4.0167142760848105,31274.0,0.800759,469.2933,1246.0,198.7854,1.163354460182138,VLG12BR_219,fuel,N,58555.01177979438,0.0,False
69885.52795311707,684.0702,-18945.938665416023,-52269.27529650462,9580.001397541202,50.942205246010566,4.008466158404868,31430.0,0.799697,468.3506,1171.0,198.7812,1.1395026588139645,VLG12BR_219,fuel,N,57317.81681484139,0.0,False
69876.889480629,691.5875,-19528.702408939527,-53982.97169068719,9624.705034257608,50.92677413820733,4.000241380311396,31577.0,0.798638,467.4297,1095.0,198.7752,1.1151855767941772,VLG12BR_219,fuel,N,56072.37220559219,0.0,False
69868.43381986266,699.1047,-20110.173123772864,-55693.45749653556,9666.538006944409,50.911371371888436,3.992040320130668,31714.0,0.797561,466.518,1020.0,198.7683,1.0909907359079296,VLG12BR_219,fuel,N,54846.58976362257,0.0,False
69860.16241314654,706.622,-20690.33721126306,-57400.770492208874,9705.500315601608,50.8959966123364,3.9838631341040465,31842.0,0.796455,465.6087,945.0,198.7645,1.0666255773328137,VLG12BR_219,fuel,N,53624.74204386388,0.0,False
69852.07670395773,714.1392,-21269.287665404154,-59104.884129227285,9741.591960229209,50.88065009941076,3.975708455519233,31961.0,0.795351,464.7213,870.0,198.7601,1.0421143390473935,VLG12BR_219,fuel,N,52408.16002305134,0.0,False
69844.17780375139,721.6565,-21847.03113973394,-60805.88108882677,9774.81294082721,50.86533109355783,3.9675761562215492,32070.0,0.794188,463.819,795.0,198.7573,1.0174497851228599,VLG12BR_219,fuel,N,51193.988344611134,0.0,False
69836.46720091686,729.1737,-22423.59847216567,-62503.68492022095,9805.163257395632,50.85004028532909,3.9594657545218968,32169.0,0.793021,462.9338,720.0,198.7581,0.9926658308080972,VLG12BR_219,fuel,N,49984.58595651998,0.0,False
69828.9458904605,736.691,-22999.11571468066,-64198.31837021293,9832.642909934477,50.83477746922414,3.951375419476247,32259.0,0.791801,462.0378,644.0,198.7582,0.9674282037530824,VLG12BR_219,fuel,N,48762.454552559815,0.0,False
69821.61512906002,744.2082,-23573.54721618965,-65889.74486101465,9857.251898443754,50.81954297938492,3.943305620717772,32340.0,0.790552,461.1445,569.0,198.7536,0.94237239916018,VLG12BR_219,fuel,N,47557.71737305019,0.0,False
69814.47591393768,751.7255,-24146.755342690125,-67578.01709188423,9878.990222923474,50.80433635149054,3.9352582842684987,32411.0,0.789254,460.2421,494.0,198.7469,0.9172016446086048,VLG12BR_219,fuel,N,46355.05710238616,0.0,False
69807.5292971812,759.2428,-24718.669550352715,-69263.11700940313,9897.857883373663,50.789157755143755,3.927234374863278,32473.0,0.78791,459.3326,419.0,198.74,0.8919148616747695,VLG12BR_219,fuel,N,45154.07897360959,0.0,False
69800.77621198885,766.76,-25289.26922275955,-70945.01767918613,9913.85487979434,50.77400743787548,3.9192341453421715,32526.0,0.786525,458.4183,344.0,198.7318,0.8665229093609847,VLG12BR_219,fuel,N,43954.81260925524,0.0,False
69794.21746611425,774.2773,-25858.512560647403,-72623.70915094158,9926.98121218554,50.75888549549195,3.911258150492073,32569.0,0.785077,457.4872,269.0,198.7256,0.8410328541780434,VLG12BR_219,fuel,N,42756.57586555095,0.0,False
69787.85392400376,781.7945,-26426.435864656847,-74299.10512000705,9937.236880547307,50.7437927070146,3.9033058289725666,32602.0,0.783564,456.5375,193.0,198.7196,0.8151269404859001,VLG12BR_219,fuel,N,41544.29636727198,0.0,False
69781.68637255885,789.3118,-26993.02210750284,-75971.1307490324,9944.62188487974,50.728729750679406,3.8953773782205277,32627.0,0.781996,455.575,118.0,198.7159,0.7894429050006042,VLG12BR_219,fuel,N,40347.10285135042,0.0,False
69775.71542877132,796.829,-27558.321156818783,-77639.71166749008,9949.136225183005,50.71369729736662,3.887472045037435,32642.0,0.780342,454.5816,43.0,198.7168,0.763668021819782,VLG12BR_219,fuel,N,39149.481665864085,0.0,False
69769.94183596835,804.3463,-28122.42870517346,-79304.68428555127,9950.779901457609,50.69869681786038,3.879588419379875,32647.0,0.77936,453.9986,-0.0,198.7131,0.7488232475595531,VLG12BR_219,fuel,N,38461.349426225264,0.0,False
69764.28177111027,811.8635,-28685.71220821963,-80967.57839562219,9950.779901383437,50.68371454035173,3.871721367598836,32647.0,0.779359,453.9978,-0.0,198.7101,0.7487758982329102,VLG12BR_219,fuel,N,38459.101194688934,0.0,False
69758.62207705608,819.3808,-29248.905725458742,-82630.49991959875,9950.779901309257,50.668731491884124,3.8638606162506273,32647.0,0.779362,453.9999,-0.0,198.7147,0.7487320028583497,VLG12BR_219,fuel,N,38457.073063891046,0.0,False
69752.96271874035,826.8981,-29812.235819437294,-84293.38352645915,9950.779901235072,50.65374824914304,3.8560029396210895,32647.0,0.779375,454.0076,-0.0,198.7114,0.7486947739417427,VLG12BR_219,fuel,N,38455.469762075336,0.0,False
69747.30362496283,834.4153,-30375.47910245008,-85956.32806627515,9950.779901160871,50.63876393515944,3.848151509435031,32647.0,0.779376,454.0079,-0.0,198.7023,0.7486487529455716,VLG12BR_219,fuel,N,38453.30588214944,0.0,False
69741.6448886505,841.9326,-30938.459368626838,-87619.36289490816,9950.77990108667,50.623778296253,3.8403088192852683,32647.0,0.779388,454.0148,-0.0,198.7028,0.7486105902694071,VLG12BR_219,fuel,N,38451.64276969269,0.0,False
69735.98642673549,849.4498,-31501.463626656558,-89282.41786832143,9950.779901012453,50.6087919489361,3.8324707872399735,32647.0,0.779378,454.0092,-0.0,198.7018,0.7485575630820986,VLG12BR_219,fuel,N,38449.0321698308,0.0,False
69730.32839699858,856.9671,-32064.430526321612,-90945.46235030274,9950.779900938225,50.59380517267472,3.8246382744581777,32647.0,0.779374,454.0066,-0.0,198.6918,0.7485081110480039,VLG12BR_219,fuel,N,38446.64941897763,0.0,False
69724.67076055173,864.4843,-32627.104592513067,-92608.59543875966,9950.779900863983,50.57881709143378,3.8168149013942294,32647.0,0.779345,453.99,-0.0,198.6893,0.7484420037600932,VLG12BR_219,fuel,N,38443.205910590346,0.0,False
69719.01369276154,872.0016,-33189.68683399236,-94271.69194369615,9950.77990078973,50.56382882095158,3.8089978018657313,32647.0,0.779322,453.9763,-0.0,198.6933,0.7483793524928715,VLG12BR_219,fuel,N,38439.98308514961,0.0,False
69713.3571581692,879.5188,-33752.36637898714,-95934.69938721781,9950.779900715475,50.54884082299082,3.801184287408223,32647.0,0.779296,453.9611,-0.0,198.6862,0.7483149209938544,VLG12BR_219,fuel,N,38436.647512351105,0.0,False
69707.70117444904,887.0361,-34314.82172485062,-97597.72072427004,9950.77990064121,50.53385219108949,3.7933789114574203,32647.0,0.779268,453.9451,-0.0,198.6798,0.7482495423936313,VLG12BR_219,fuel,N,38433.252329675764,0.0,False
69702.04575155371,894.5533,-34877.07238909121,-99260.74603129672,9950.77990056693,50.51886301456185,3.785581388425498,32647.0,0.779254,453.937,-0.0,198.6855,0.7481935701096463,VLG12BR_219,fuel,N,38430.45567782105,0.0,False
69696.39079023538,902.0706,-35439.477801392706,-100923.6861167506,9950.779900492647,50.50387407468479,3.7777866194855827,32647.0,0.77924,453.929,-0.0,198.6912,0.7481377217270346,VLG12BR_219,fuel,N,38427.66708788036,0.0,False
71037.09174051475,0.0,34058.24866153663,101161.12165331597,30.480000066192797,52.32130050578179,4.779960155624749,100.0,0.3,198.3755,2121.0,183.0038,1.8108118905058581,VLG12BR_219,pop,N,111098.2288610468,0.0876950584516216,False
71022.83485073791,7.8716,34016.40645422663,100363.72616921649,115.30210335921741,52.31413214114555,4.779263799902691,378.0,0.325511,215.0384,2200.0,183.0038,1.7890584479090783,VLG12BR_219,pop,N,106951.3653680715,0.0690617885302075,False
71008.75023813975,15.7432,33971.02930410817,99498.96455858546,203.2718735077565,52.30635816886801,4.778508874056056,667.0,0.352201,232.4386,2279.0,175.5666,1.7703360366148848,VLG12BR_219,pop,N,103892.39811973428,0.05462154831054292,False
70994.81458009782,23.6148,34043.412818542085,98565.37551340194,294.38931094312494,52.297957978520074,4.779478892869226,966.0,0.379706,250.3321,2357.0,177.3612,1.756288327263006,VLG12BR_219,pop,N,101821.95334091836,0.04745812026095819,False
70980.9899440632,31.4864,34089.85775863041,97557.62652722729,388.6544157821217,52.28889246541278,4.780059693585687,1275.0,0.407686,268.4912,2436.0,179.0848,1.7481249861176336,VLG12BR_219,pop,N,100690.63023712113,0.04235869856263123,False
70967.23174373576,39.358,34107.14426669557,96475.4541818414,486.0671880593886,52.279159465002905,4.7802041367224986,1595.0,0.435836,286.7117,2515.0,179.6043,1.745592062163136,VLG12BR_219,pop,N,100349.16854710321,0.03756701087427332,False
70953.4957032666,47.2296,34115.12766578764,95319.44354937867,586.6276277648474,52.26876301430005,4.780204335662088,1925.0,0.463889,304.8162,2594.0,174.7583,1.7480134304313624,VLG12BR_219,pop,N,100675.49957967593,0.032867007091114474,False
70939.74273702718,55.1011,34227.43158440718,94095.30137333424,690.3357348549459,52.25774740726648,4.781730247766441,2265.0,0.491619,322.6541,2672.0,169.4093,1.7542215986035903,VLG12BR_219,pop,N,101530.91190276225,0.029955109246992715,False
70925.94165848511,62.9727,34466.62419973052,92816.03593411883,797.1915092510108,52.246228162466856,4.785113477695073,2615.0,0.518838,340.101,2751.0,166.789,1.7634010330744672,VLG12BR_219,pop,N,102849.28085553751,0.027373551027709622,False
70912.0701036206,70.8443,34780.17710925022,91480.35472333884,907.1949508148788,52.23419680639814,4.789581037764166,2976.0,0.545394,357.0564,2830.0,166.7223,1.7742974398547995,VLG12BR_219,pop,N,104508.34071068038,0.024516818670565158,False
70898.11418681094,78.7159,35111.028475252344,90078.31781825222,1020.3460592980921,52.22156745404402,4.794293233058262,3348.0,0.571167,373.4418,2908.0,168.5214,1.7858661050192124,VLG12BR_219,pop,N,106401.46015402547,0.02243186377298314,False
70884.06737868825,86.5875,35410.88070613444,88601.67572634657,1136.6448341749315,52.208268982531166,4.798540038560221,3729.0,0.596066,389.1979,2987.0,169.9981,1.7976043534803918,VLG12BR_219,pop,N,108490.80603585525,0.021018123956476953,False
70869.92900692267,94.4591,35683.63963712626,87055.08965524462,1256.091273830937,52.19434310744896,4.802379474649278,4121.0,0.620027,404.2825,3000.0,170.8293,1.803302282564603,VLG12BR_219,pop,N,109578.25810276541,0.0198167769056288,False
70855.74649625197,102.3307,35943.68088779134,85444.32702061432,1376.0543322057413,52.1798408008968,4.806023203376451,4515.0,0.643355,418.9091,3000.0,171.075,1.8085230653699322,VLG12BR_219,pop,N,110623.65027497191,0.01882816782036824,False
70841.52337599664,110.2023,36206.01755940219,83773.84467913059,1496.0173906968967,52.16480117984962,4.809691855526727,4908.0,0.657596,427.5836,3000.0,170.7621,1.8107635472533532,VLG12BR_219,pop,N,111088.09659096265,0.01792207754488422,False
70827.28294167672,118.0739,36483.12064663885,82070.0916911273,1615.98044924193,52.149461275635076,4.813570892635282,5302.0,0.661363,429.4303,3000.0,170.2345,1.8088963002298661,VLG12BR_219,pop,N,110700.3331733378,0.017121738173319006,False
70813.05739483784,125.9455,36777.17276449567,80361.58417885605,1735.943507769878,52.134077366320064,4.817695089908857,5695.0,0.6676,432.8708,3000.0,169.8825,1.807994736936714,VLG12BR_219,pop,N,110515.56276651283,0.01694298189102899,False
70798.83920797257,133.8171,37084.16476241823,78641.18064311572,1855.9065662584362,52.118585471720024,4.822004686850058,6089.0,0.673971,436.3857,3000.0,169.5451,1.8071194894340994,VLG12BR_219,pop,N,110337.67192014202,0.016843474516652444,False
70784.6281147993,141.6887,37403.86878288497,76908.59836840005,1975.8696247079777,52.10298304469825,4.826496093764617,6483.0,0.680428,439.9442,3000.0,169.2375,1.8062593910424214,VLG12BR_219,pop,N,110164.25837576867,0.01675746934195602,False
70770.42399689402,149.5602,37735.56406591576,75163.58242971668,2095.8326831174727,52.08726782121405,4.831158511702771,6876.0,0.686992,443.5586,3000.0,168.9827,1.805430850111691,VLG12BR_219,pop,N,109998.49329353147,0.016665059244550747,False
70756.22666872526,157.4318,38077.81823428001,73405.67379026324,2215.7957414860157,52.07143575134985,4.835970719594645,7270.0,0.693173,446.9132,3000.0,168.7698,1.8044076051795752,VLG12BR_219,pop,N,109795.48085480678,0.016575598906799945,False
70742.03760058375,165.3034,38429.25188145508,71635.70887291721,2335.758799819456,52.05549443422062,4.840912443140753,7663.0,0.697515,449.0718,3000.0,168.7758,1.8025652221307833,VLG12BR_219,pop,N,109434.5802615151,0.016262632526066457,False
70727.86330333295,173.175,38782.202408793666,69857.12428674349,2455.721858126193,52.03947529341949,4.845871876414892,8057.0,0.701396,450.9252,3000.0,169.2861,1.8004680063646952,VLG12BR_219,pop,N,109030.7525607628,0.015874652672140714,False
70713.7057173607,181.0466,39120.694879302275,68068.0851674531,2575.6849164091386,52.0233629499809,4.850615302608719,8450.0,0.70494,452.5539,3000.0,170.2966,1.7981819882165109,VLG12BR_219,pop,N,108598.68649363323,0.015480388571465378,False
70699.56639489936,188.9182,39428.694969562435,66266.84801585879,2695.6479746699943,52.00714288700203,4.854908478962174,8844.0,0.708222,454.0073,3000.0,171.8096,1.7957203808280604,VLG12BR_219,pop,N,108142.4657943965,0.015076596260993343,False
70685.44664918388,196.7898,39689.86677521552,64452.27650547742,2815.6110329102726,51.99080609907877,4.858513167275546,9238.0,0.711425,455.4032,3000.0,173.8153,1.7931707378242927,VLG12BR_219,pop,N,107679.33413633698,0.014678600982538885,False
70671.34717062056,204.6614,39887.9803855227,62624.052172388234,2935.5740911277157,51.97435094709356,4.861193125004669,9631.0,0.715483,457.3385,3000.0,176.1309,1.790958523075469,VLG12BR_219,pop,N,107284.89257916075,0.014392341417878592,False
70657.26537816276,212.533,40012.59655656812,60781.49038306916,3055.537149319275,51.95777208574079,4.862796928559868,10025.0,0.719732,459.3873,3000.0,178.631,1.7887735550851829,VLG12BR_219,pop,N,106901.76468515646,0.01413850845912829,False
70643.20098930135,220.4046,40056.91644388581,58926.94541941292,3175.500207484251,51.94109121791821,4.8632268530055525,10418.0,0.724179,461.5535,3000.0,181.3095,1.7866381236706435,VLG12BR_219,pop,N,106533.27549861472,0.013911076711422197,False
70629.15368754114,228.2762,40014.320320418694,57063.5779860384,3295.4632656214417,51.924337254019996,4.86238804119039,10812.0,0.728907,463.8893,3000.0,184.1552,1.7845728888893129,VLG12BR_219,pop,N,106182.28378406996,0.01371093590788177,False
70615.12285099569,236.1478,39878.581471985104,55195.18069181074,3415.4263237291925,51.907544717372666,4.860191590187389,11205.0,0.73474,466.9176,3000.0,187.0702,1.7829782717284584,VLG12BR_219,pop,N,105914.77383876717,0.013564244476720829,False
70601.10486101841,244.0193,39646.49214566423,53323.92229709705,3535.389381797201,51.890733262306846,4.856592533707391,11599.0,0.742134,470.9248,3000.0,189.9174,1.782062083031794,VLG12BR_219,pop,N,105762.41844814274,0.01363044242360363,False
70587.0943184104,251.8909,39318.94248105743,51450.501719549255,3655.3524398196496,51.87390898204877,4.851605491479568,11993.0,0.749946,475.1815,3000.0,192.7105,1.7813173182470996,VLG12BR_219,pop,N,105639.27811802136,0.013711124711946267,False
70573.08987644479,259.7625,38896.694112339566,49578.43710443959,3775.3154977931254,51.857103284968375,4.845243508320517,12386.0,0.758189,479.6957,3000.0,195.4302,1.780766493964035,VLG12BR_219,pop,N,105548.60775195618,0.013812289367036578,False
70559.09008768818,267.6341,38381.224617352236,47710.87848929794,3895.278555713881,51.840344174329,4.837529969201093,12780.0,0.766943,484.5156,3000.0,198.0738,1.7804335892399434,VLG12BR_219,pop,N,105493.97459790269,0.013927588711989224,False
70545.09316048677,275.5057,37774.10338215476,45850.51128249272,4015.241613580375,51.82365542787226,4.828489482641244,13173.0,0.773158,487.7168,3000.0,200.9496,1.7788472185419069,VLG12BR_219,pop,N,105235.59402070442,0.01392824611934093,False
70531.10901310784,283.3773,37069.772557303164,44010.83095201335,4135.204671403307,51.807158471893345,4.818044090132141,13567.0,0.777526,489.7423,3000.0,203.7268,1.7762954340964243,VLG12BR_219,pop,N,104826.55417721995,0.013695679573986996,False
70517.14510042524,291.2489,36273.83074674422,42199.924544404,4255.167729181662,51.79092529582877,4.806277442695711,13961.0,0.780978,491.1818,3000.0,206.2753,1.7732331962180574,VLG12BR_219,pop,N,104345.8099463585,0.013449743314275045,False
70503.2053519414,299.1205,35395.57258377034,40420.97216195581,4375.13078691284,51.774983514376956,4.793326168329635,14354.0,0.78368,492.1428,3000.0,208.6314,1.7697495716049951,VLG12BR_219,pop,N,103811.09088059445,0.013189331761633075,False
70489.29308213037,306.9921,34443.058038298885,38676.214660169746,4495.093844596035,51.75935239272596,4.779308592209734,14748.0,0.785809,492.7389,3000.0,210.9778,1.7659104695239485,VLG12BR_219,pop,N,103235.48331687956,0.012906745857781043,False
70475.41092990284,314.8637,33418.66979572045,36969.84797511492,4615.056902226511,51.744069141567124,4.764260538145428,15141.0,0.788377,493.6037,3000.0,212.4881,1.7622379049622214,VLG12BR_219,pop,N,102700.66169611627,0.012744576358628992,False
70461.55746708464,322.7353,32347.782875524448,35288.120322653216,4735.019959783534,51.72900823161258,4.7485498442938745,15535.0,0.790647,494.277,3000.0,213.4492,1.7583478661097607,VLG12BR_219,pop,N,102148.01795166242,0.012689087701816567,False
70447.73417192772,330.6069,31247.33616034051,33622.318717981136,4854.9830172680795,51.71409009690874,4.73242201246104,15928.0,0.792303,494.5612,3000.0,214.1844,1.754108066729553,VLG12BR_219,pop,N,101558.12948455125,0.012519846509543936,False
70433.94384762428,338.4785,30124.960496137304,31969.82525395138,4974.946074688651,51.69929061204715,4.715987793876049,16322.0,0.793466,494.5343,3000.0,214.7294,1.7495619280305634,VLG12BR_219,pop,N,100938.7689486369,0.012248724129999066,False
70420.18882480144,346.35,28986.98281305761,30328.175415127535,5094.9091320564385,51.684587156962166,4.699338923569587,16716.0,0.794222,494.2503,3000.0,215.1065,1.7447693520097696,VLG12BR_219,pop,N,100299.48240640224,0.011880479139675902,False
70406.47108207618,354.2216,27838.889378960317,28694.99666897051,5214.872189383605,51.66995803061412,4.682554864758152,17109.0,0.795182,494.0908,3000.0,214.6442,1.7400443997223551,VLG12BR_219,pop,N,99686.58160875336,0.01143784595376849,False
70392.78999467028,362.0932,26704.380733381422,27053.14362076803,5334.835246654072,51.65524785716124,4.665977905946203,17503.0,0.796566,494.1913,3000.0,213.3643,1.7354686921512594,VLG12BR_219,pop,N,99111.70445058364,0.011346492541608518,False
70379.14395010342,369.9648,25606.606934434287,25386.02295753181,5454.798303847391,51.640306442309466,4.649942181146801,17896.0,0.797787,494.1867,3000.0,211.9898,1.730786495798447,VLG12BR_219,pop,N,98536.3893865695,0.01120996357007158,False
70365.5337788638,377.8364,24549.151722108272,23693.06897615491,5574.761360964014,51.6251287611553,4.63449927369056,18290.0,0.798892,494.1071,3000.0,210.612,1.7260024994617946,VLG12BR_219,pop,N,97961.5723285102,0.011056796259387528,False
70351.96008028366,385.708,23532.875377110173,21975.460183104657,5694.724418003375,51.60972560744798,4.619661365576568,18683.0,0.799914,493.9729,3000.0,209.2259,1.7211606725073814,VLG12BR_219,pop,N,97392.67177447141,0.010888386130328059,False
70338.42328182962,393.5796,22558.712141358166,20234.24969153071,5814.6874749645895,51.594106641451354,4.60544165275632,19077.0,0.800779,493.7387,3000.0,207.9886,1.716209588611662,VLG12BR_219,pop,N,96822.30213108336,0.010706927501889042,False
70324.9241052136,401.4512,21622.82180340349,18473.252613769757,5934.650531857903,51.57830654292421,4.591784361660605,19471.0,0.801309,493.2955,3000.0,207.262,1.7110908780644178,VLG12BR_219,pop,N,96240.72925779154,0.010371702265778736,False
70311.46403018136,409.3228,20710.164060736246,16702.130324831658,6054.613588698932,51.56241294575281,4.578472062512468,19864.0,0.803799,494.0551,3000.0,206.713,1.7068172743591945,VLG12BR_219,pop,N,95800.33940781232,0.010055035388903285,False
70298.03418037237,417.1944,19813.136651884943,14919.598199315835,6174.576645238473,51.54641468039032,4.565394462939874,20258.0,0.81291,498.8712,3000.0,206.4018,1.7053671846305556,VLG12BR_219,pop,N,95866.30421749598,0.007298963431642035,False
70284.59982183212,425.066,18917.127391342015,13114.738376272955,6294.53970058664,51.53021412875309,4.5523395785869925,20651.0,0.82,502.4304,3000.0,206.287,1.7030056541184375,VLG12BR_219,pop,N,95884.62922651722,0.0033744010660942854,False
70271.16420414699,432.9376,18018.347731887065,11295.157111063801,6414.502754085353,51.513879822404306,4.539253199961722,21045.0,0.82,501.6376,3000.0,206.257,1.6974505701751923,VLG12BR_219,pop,N,95286.35126399224,0.0,False
70257.77005982264,440.8091,17121.94449279488,9477.992193247648,6534.465806973093,51.49756571607753,4.5262106591456615,21439.0,0.82,500.8434,3000.0,206.237,1.6919047979409332,VLG12BR_219,pop,N,94701.70637544911,0.0,False
70244.41722226865,448.6807,16227.601417843414,7663.406313274108,6654.428859659534,51.48127329526638,4.513207329411418,21832.0,0.82,500.048,3000.0,206.2162,1.686386811890287,VLG12BR_219,pop,N,94131.8044058331,0.0,False
70231.1054747807,456.5523,15335.343858974897,5851.392999093496,6774.391912137714,51.46500251280626,4.500243512838001,22226.0,0.82,499.2512,3000.0,206.1946,1.6808775122135942,VLG12BR_219,pop,N,93574.35021214407,0.0,False
70217.8345521372,464.4239,14445.197522069917,4041.945664631721,6894.354964400568,51.44875332063259,4.487319516189435,22619.0,0.82,498.4532,3000.0,206.1722,1.6754075906284027,VLG12BR_219,pop,N,93031.5355464484,0.0,False
70204.60414100908,472.2955,13557.187071609846,2235.0582977191452,7014.3180164409505,51.43252567604171,4.474435630760931,23013.0,0.82,497.654,3000.0,206.1491,1.6699580334603081,VLG12BR_219,pop,N,92501.221305893,0.0,False
70191.4138804097,480.1671,12671.335314189577,430.7258603937045,7134.281068251634,51.41631954536729,4.461592120627127,23406.0,0.82,496.8534,3000.0,206.1253,1.664558976109114,VLG12BR_219,pop,N,91985.42885840627,0.0,False
70178.26336217854,488.0387,11787.663114780078,-1371.055672436163,7254.244119825356,51.400134904405355,4.448789221557518,23800.0,0.82,496.0516,3000.0,206.101,1.6591915591143949,VLG12BR_219,pop,N,91482.1755357954,0.0,False
70165.15213149444,495.9103,10906.189823030874,-3170.289524696456,7374.20717115485,51.38397173655754,4.43602714745225,24194.0,0.82,495.2484,3000.0,206.076,1.6538734347642523,VLG12BR_219,pop,N,90992.4455279578,0.0,False
70152.07968741367,503.7819,10026.933788356451,-4966.978373408898,7494.170222232846,51.3678300304789,4.4233060982137875,24587.0,0.82,494.4439,3000.0,206.0505,1.6486220230585409,VLG12BR_219,pop,N,90517.1471970739,0.0,False
70139.04548342808,511.6535,9149.912587655283,-6761.1244612473865,7614.133273052147,51.3517097788251,4.410626263415871,24981.0,0.82,493.6382,2994.0,206.0244,1.6425325792404237,VLG12BR_219,pop,N,89972.4561070761,0.0,False
70126.05582592229,519.5251,8275.135002798263,-8552.745534928912,7733.852930089376,51.335610834712035,4.397987706453564,25374.0,0.82,492.8327,2915.0,205.9979,1.625356136346399,VLG12BR_219,pop,N,88442.60529422686,0.0,False
70113.19522892513,527.3967,7402.520939867424,-10342.03784750517,7850.424930042326,51.31953144661032,4.385389208781573,25756.0,0.82,492.0471,2836.0,205.9709,1.6076840743310328,VLG12BR_219,pop,N,86934.51591714218,0.0,False
70100.46740994164,535.2682,6532.047786513551,-12129.075079287604,7963.849267557548,51.303470963706275,4.372830384700324,26128.0,0.82,491.2815,2758.0,205.9436,1.5896896990792682,VLG12BR_219,pop,N,85460.1873110055,0.0,False
70087.87596439118,543.1398,5663.690452878697,-13913.929987270663,8074.125940857541,51.2874287431201,4.360310813952893,26490.0,0.819999,490.536,2679.0,205.916,1.571060451629862,VLG12BR_219,pop,N,83991.3173938173,0.0,False
70075.42436607076,551.0114,4797.421421643326,-15696.674216296466,8181.254949059178,51.2714041517518,4.347830042440486,26841.0,0.819998,489.8098,2600.0,205.8882,1.551987601981576,VLG12BR_219,pop,N,82541.40783498654,0.0,False
70063.11597588513,558.883,3933.212200964023,-17477.37618459501,8285.236291637435,51.255396585359115,4.335387603233517,27183.0,0.819228,488.6459,2522.0,205.8603,1.5324164626147638,VLG12BR_219,pop,N,81062.65772753757,0.0,False
70050.96022841068,566.7546,3071.840777229182,-19254.43691291678,8386.069968246667,51.23942043044208,4.322994629802497,27513.0,0.818006,487.2337,2443.0,205.8322,1.5121247396980793,VLG12BR_219,pop,N,79555.52998090979,0.0,False
70038.96418362635,574.6262,2213.7475992977197,-21026.946739006617,8483.755978645122,51.2234838803946,4.3106573734622184,27834.0,0.816826,485.8693,2364.0,205.804,1.4914214598913351,VLG12BR_219,pop,N,78069.3826332452,0.0,False
70027.13083434907,582.4978,1358.849604799407,-22795.07567730909,8578.294322656659,51.207585422755166,4.298374549304074,28144.0,0.815684,484.55,2285.0,205.7756,1.470347361824628,VLG12BR_219,pop,N,76603.93460916381,0.0,False
70015.46308291795,590.3694,507.0695554029601,-24558.984074897868,8669.68500014903,51.19172363145865,4.286144959667645,28444.0,0.814538,483.2502,2207.0,205.747,1.4491061790422326,VLG12BR_219,pop,N,75168.39911256125,0.0,False
70003.96404972606,598.241,-341.62365778191145,-26318.739884949748,8757.92801102099,51.17589789465291,4.273970075618752,28733.0,0.813415,481.9869,2128.0,205.7182,1.4273120319258514,VLG12BR_219,pop,N,73736.46207364801,0.0,False
69992.6365105217,606.1126,-1187.289468870514,-28074.47298393812,8843.023355194224,51.16010705182591,4.261845085863613,29013.0,0.812313,480.7574,2049.0,205.6892,1.4051600391149528,VLG12BR_219,pop,N,72319.55779137251,0.0,False
69981.48316047314,613.9842,-2029.9816132179637,-29826.304103120743,8924.971032608002,51.14435005609349,4.249771008216128,29281.0,0.81122,479.556,1971.0,205.6599,1.3829339837024186,VLG12BR_219,pop,N,70932.02357550163,0.0,False
69970.50665638727,621.8558,-2869.7438211754247,-31574.33378696977,9003.771043215562,51.128626017700604,4.237747135917017,29540.0,0.81014,478.3847,1892.0,205.6303,1.3601493248879282,VLG12BR_219,pop,N,69543.35350436438,0.0,False
69959.70952289733,629.7274,-3706.623563621926,-33318.66822430129,9079.423386981623,51.112933995785546,4.225772710825164,29788.0,0.809066,477.2385,1813.0,205.6006,1.337070194782172,VLG12BR_219,pop,N,68167.43241497372,0.0,False
69949.0942399242,637.5989,-4540.6618726762235,-35059.3956148593,9151.928063880614,51.09727321097473,4.213847069026896,30026.0,0.808,476.1192,1734.0,205.5708,1.3136978242930302,VLG12BR_219,pop,N,66803.15270222217,0.0,False
69938.66316006849,645.4705,-5371.905187456977,-36796.60892372863,9221.285073895471,51.0816428406836,4.201969471217002,30254.0,0.806931,475.0203,1656.0,205.5409,1.2902971254100608,VLG12BR_219,pop,N,65463.425124319896,0.0,False
69928.41862056848,653.3421,-6200.390898434282,-38530.37583295293,9287.494417016793,51.06604228946778,4.190139309217744,30471.0,0.805867,473.9465,1577.0,205.5112,1.2663906209644296,VLG12BR_219,pop,N,64120.16448727359,0.0,False
69918.362791953,661.2137,-7026.1667758789545,-40260.78069330058,9350.556093242332,51.050470811569646,4.178355828336221,30678.0,0.804797,472.8908,1498.0,205.4816,1.2422239810935287,VLG12BR_219,pop,N,62785.781606766366,0.0,False
69908.49783724957,669.0853,-7849.269547394853,-41987.88171090226,9410.470102576728,51.03492789616995,4.166618433217381,30874.0,0.803723,471.8555,1420.0,205.4521,1.2180940035582566,VLG12BR_219,pop,N,61474.74010207987,0.0,False
69898.82578951366,676.9569,-8669.74027982758,-43711.74491105069,9467.236445031478,51.019412961792,4.154926468183312,31060.0,0.802643,470.8383,1341.0,205.4227,1.1934622804012918,VLG12BR_219,pop,N,60157.21192223736,0.0,False
69889.34861293453,684.8285,-9487.616324178616,-45432.42761007483,9520.855120625109,51.003925505047434,4.143279332096077,31236.0,0.801553,469.8371,1262.0,205.3935,1.1686051445681285,VLG12BR_219,pop,N,58846.82057682085,0.0,False
69880.06819777291,692.7001,-10302.932351736297,-47149.979630543436,9571.326129383575,50.988465089717536,4.13167646339033,31402.0,0.800451,468.8506,1183.0,205.3646,1.1435335415230552,VLG12BR_219,pop,N,57543.010450986876,0.0,False
69870.98635367058,700.5717,-11115.72198438498,-48864.44468063844,9618.649471340967,50.973031334337485,4.120117316673096,31557.0,0.799337,467.8793,1105.0,205.336,1.118559820797949,VLG12BR_219,pop,N,56260.290085411594,0.0,False
69862.10478096425,708.4433,-11926.02226452934,-50575.867666236256,9662.825146540445,50.95762384635343,4.108601299044716,31702.0,0.798203,466.9186,1026.0,205.3077,1.0931075269015613,VLG12BR_219,pop,N,54968.57559542804,0.0,False
69853.42514150885,716.3149,-12733.865093228636,-52284.274753630925,9703.853155035626,50.94224240159079,4.097127891679022,31837.0,0.797054,465.9702,947.0,205.2801,1.0674733668699208,VLG12BR_219,pop,N,53682.07527999859,0.0,False
69844.94897077678,724.1865,-13539.288849771485,-53989.696971875645,9741.733496892468,50.92688673175684,4.085696484586011,31961.0,0.79588,465.0294,869.0,205.2531,1.0419764363364934,VLG12BR_219,pop,N,52415.01572219176,0.0,False
69836.67776317704,732.058,-14342.327569180015,-55692.14634396803,9776.466172191858,50.91155673932511,4.074306530224975,32075.0,0.794684,464.0971,790.0,205.2269,1.0160209368551083,VLG12BR_219,pop,N,51137.71732754369,0.0,False
69828.61289635918,739.9296,-15143.02048478001,-57391.63625997482,9808.051181033235,50.896252314095996,4.062957407978876,32179.0,0.793457,463.169,711.0,205.2016,0.9899104978815523,VLG12BR_219,pop,N,49864.06029411616,0.0,False
69820.75569879507,747.8012,-15941.403164511052,-59088.16251443906,9836.488523539718,50.88097350394314,4.0516485497900785,32272.0,0.7922,462.2448,632.0,205.1774,0.9636670931987827,VLG12BR_219,pop,N,48594.172918930955,0.0,False
69813.10739283315,755.6728,-16737.513962301975,-60781.71877574126,9861.778199865597,50.86572037553345,4.0403793486672965,32355.0,0.790906,461.3204,554.0,205.1543,0.9375985632578727,VLG12BR_219,pop,N,47341.74798835407,0.0,False
69805.66914620959,763.5444,-17531.38623454429,-62472.28242661531,9883.920210207598,50.850493141886346,4.029149268909581,32428.0,0.789572,460.3945,475.0,205.1324,0.9110928398306418,VLG12BR_219,pop,N,46077.21122991278,0.0,False
69798.44203335136,771.416,-18323.051444666045,-64159.82545574599,9902.91455482268,50.835292064360466,4.017957802152899,32490.0,0.788192,459.4629,396.0,205.1115,0.8844766227897836,VLG12BR_219,pop,N,44815.055268124226,0.0,False
69791.42706890857,779.2876,-19112.532736047888,-65844.30564939753,9918.761234057749,50.820117532097214,4.0068045582920275,32542.0,0.78676,458.5225,318.0,205.0917,0.8580655167317826,VLG12BR_219,pop,N,43569.22032523548,0.0,False
69784.62519328504,787.1592,-19899.844890974728,-67525.6708468325,9931.460248403162,50.80497002381012,3.9956892659522176,32584.0,0.785269,457.5693,239.0,205.0728,0.8312284806756833,VLG12BR_219,pop,N,42309.793441445814,0.0,False
69778.03728541837,795.0308,-20684.991417783265,-69203.85543626023,9941.011598599864,50.78985013945968,3.984611813429385,32615.0,0.783711,456.5981,160.0,205.0546,0.804297475575932,VLG12BR_219,pop,N,41051.32143875807,0.0,False
69771.66417164658,802.9024,-21467.96345274032,-70878.7773247555,9947.415285889416,50.77475862762043,3.973572263728867,32636.0,0.782077,455.6034,81.0,205.0371,0.7772649963302227,VLG12BR_219,pop,N,39792.859246651344,0.0,False
69765.50663241182,810.774,-22248.740751116144,-72550.33466704424,9950.671312764243,50.759696414943676,3.9625708398240325,32647.0,0.780354,454.5781,3.0,205.0203,0.7504587118777715,VLG12BR_219,pop,N,38548.59138390796,0.0,False
69759.56542091926,818.6456,-23027.290754959766,-74218.39945371624,9950.779686719334,50.74466466393178,3.951607937041255,32647.0,0.780288,454.5389,0.0,205.0042,0.7493824874661739,VLG12BR_219,pop,N,38498.66699073168,0.0,False
69753.63210799788,826.5171,-23805.30743642282,-75886.53943513232,9950.779701664453,50.72963122942438,3.940659660889972,32647.0,0.780281,454.5354,0.0,204.9891,0.749329786956701,VLG12BR_219,pop,N,38496.10541081217,0.0,False
69747.69923858024,834.3887,-24582.87757123889,-77554.87185242998,9950.779716438417,50.71459505670193,3.929724772137446,32647.0,0.780276,454.5322,0.0,204.975,0.7492774515951757,VLG12BR_219,pop,N,38493.56738997434,0.0,False
69741.76680754696,842.2603,-25360.03204016061,-79223.38386979626,9950.779731045077,50.69955626283501,3.918802818714332,32647.0,0.780271,454.5291,0.0,204.9621,0.7492252421623211,VLG12BR_219,pop,N,38491.03748308934,0.0,False
69735.83481463713,850.1319,-26136.804123200818,-80892.05993793525,9950.779745488095,50.684514989017764,3.9078933147761656,32647.0,0.780265,454.526,0.0,204.9503,0.7491730390237263,VLG12BR_219,pop,N,38488.50796999765,0.0,False
69729.9032593152,858.0035,-26913.228566031525,-82560.88394501517,9950.779759771038,50.66947138125249,3.8969957541348386,32647.0,0.78026,454.5227,0.0,204.9397,0.7491206027704291,VLG12BR_219,pop,N,38485.9634150668,0.0,False
69723.97214374477,865.8751,-27689.339490917228,-84229.83919276169,9950.779773897319,50.654425590655634,3.8861096399163992,32647.0,0.780254,454.5195,0.0,204.9303,0.749068292473333,VLG12BR_219,pop,N,38483.42697382203,0.0,False
69718.04146789615,873.7467,-28465.169696012355,-85898.91035462277,9950.779787870255,50.63937775588721,3.8752344946282244,32647.0,0.780249,454.5162,0.0,204.9219,0.7490158687104276,VLG12BR_219,pop,N,38480.883211469736,0.0,False
69712.11123189458,881.6183,-29240.74957468579,-87568.08318934776,9950.779801693061,50.62432800579068,3.8643698754386273,32647.0,0.780243,454.5129,0.0,204.9145,0.7489634511843377,VLG12BR_219,pop,N,38478.33984564287,0.0,False
69706.18143603415,889.4899,-30016.106907335023,-89237.34462925298,9950.779815368858,50.60927645862638,3.853515377090128,32647.0,0.780237,454.5096,0.0,204.9079,0.7489110398970567,VLG12BR_219,pop,N,38475.79687637735,0.0,False
69700.2520799177,897.3615,-30791.267280307027,-90906.68286967718,9950.779828900684,50.594223221262524,3.8426706259245553,32647.0,0.780232,454.5063,0.0,204.9021,0.7488586348449275,VLG12BR_219,pop,N,38473.254303442365,0.0,False
69694.32316353542,905.2331,-31566.254726507766,-92576.08670838669,9950.779842291458,50.57916839509575,3.8318352707169785,32647.0,0.780226,454.503,0.0,204.8972,0.7488062360274597,VLG12BR_219,pop,N,38470.712126756596,0.0,False
69688.39468642752,913.1047,-32341.092970189133,-94245.5452455892,9950.779855544031,50.564112078689845,3.8210089649973935,32647.0,0.78022,454.4998,0.0,204.8931,0.7487539632638813,VLG12BR_219,pop,N,38468.17805942877,0.0,False
69682.46664807436,920.9763,-33115.80663729865,-95915.04719061169,9950.779868661162,50.54905437394384,3.810191349854838,32647.0,0.780215,454.4966,0.0,204.89,0.7487016967608966,VLG12BR_219,pop,N,38465.64438661211,0.0,False
69676.53904790906,928.8478,-33890.422299956335,-97584.58037199994,9950.779881645538,50.533995390430746,3.7993820391315194,32647.0,0.78021,454.4935,0.0,204.8878,0.748649556371876,VLG12BR_219,pop,N,38463.118820224074,0.0,False
69670.61188509873,936.7194,-34664.968999528784,-99254.13156714948,9950.77989449975,50.51893524688575,3.7885806120438255,32647.0,0.780204,454.4903,0.0,204.8867,0.7485973023902013,VLG12BR_219,pop,N,38460.58593485514,0.0,False
69664.68516003429,944.591,-35439.477878190526,-100923.6861737107,9950.779907226322,50.50387407416785,3.777786618405216,32647.0,0.780199,454.4872,0.0,204.8855,0.7485451745530574,VLG12BR_219,pop,N,38458.061154443516,0.0,False
71037.09172428463,0.0,34058.24855157534,101161.12164332422,30.480000304479823,52.321300505698744,4.779960154005953,100.0,0.3,198.3755,2549.0,183.0038,1.8596185680792128,VLG12BR_219,fuel,DN,125532.8151788468,0.08514526951305029,True
71023.11104839637,7.5173,34018.390233021804,100401.53408054909,127.81898406507239,52.314472023905715,4.779296809862346,419.0,0.319802,211.2371,2624.0,183.0038,1.850447606730362,VLG12BR_219,fuel,DN,121814.47516255235,0.07686947423544792,True
71009.19931728275,15.0345,33975.92649096295,99592.29446615135,228.0286318546081,52.30719717966894,4.778590334377335,748.0,0.340555,224.69,2699.0,194.2796,1.8411398406703614,VLG12BR_219,fuel,DN,118708.19774536471,0.06621017041962572,True
70995.35774926242,22.5518,33763.22103210689,98756.5776435851,331.1089436733495,52.29969466275979,4.775377994843936,1086.0,0.362063,238.6012,2774.0,199.4167,1.8324742850172173,VLG12BR_219,fuel,DN,116220.57696808205,0.052894593609416715,True
70981.58171404526,30.069,33458.66341999324,97892.54489509476,437.0599195213442,52.291942988835345,4.770813456361305,1434.0,0.384127,252.8365,2850.0,199.4202,1.8252200151975488,VLG12BR_219,fuel,DN,114358.24289598013,0.04575104520245522,True
70967.86159877389,37.5863,33135.75858285515,96976.63742440009,545.8815593985531,52.28372573231678,4.7659757016623665,1791.0,0.406554,267.2664,2925.0,199.4268,1.8196113483978416,VLG12BR_219,fuel,DN,113027.88717152378,0.03945155769215342,True
70954.18437575221,45.1035,32794.19944520926,96008.17491492146,657.5738633048137,52.275036759813666,4.760860455588517,2157.0,0.429164,281.7697,3000.0,199.4306,1.8159648192198659,VLG12BR_219,fuel,DN,112206.72625552563,0.03483264570046605,True
70940.53538501948,52.6208,32433.933438143657,94986.88531646457,772.1368312394167,52.265873591828424,4.755467245662839,2533.0,0.451791,296.2364,3000.0,199.4322,1.8060830922561797,VLG12BR_219,fuel,DN,110128.88164671398,0.0317202016678603,True
70926.96187628538,60.138,32054.943471414856,93912.61245182305,886.6997991762332,52.25623478677438,4.7497961509422675,2909.0,0.474822,310.9278,3000.0,199.4395,1.7980617762657793,VLG12BR_219,fuel,DN,108576.19308342732,0.028919284631386436,True
70913.44996260584,67.6553,31656.833800824097,92784.59878104615,1001.2627671131323,52.24611351471868,4.743841650974851,3285.0,0.498093,325.7358,3000.0,199.4493,1.79220120253308,VLG12BR_219,fuel,DN,107505.63728355739,0.026620755739284564,True
70899.9834326727,75.1726,31239.39396563274,91602.46424562161,1115.8257350500967,52.235506326791196,4.73760100782935,3661.0,0.521453,340.5613,3000.0,199.4524,1.7885800289133946,VLG12BR_219,fuel,DN,106868.13094717701,0.02456173947299031,True
70886.54542318905,82.6898,30802.737144480503,90366.11891621893,1230.3887029871141,52.22441236254594,4.731076284303259,4037.0,0.544767,355.3159,3000.0,199.4508,1.7870961911078505,VLG12BR_219,fuel,DN,106611.83530362761,0.022863602332780255,True
70873.11978647788,90.2071,30347.059380192088,89075.80483109585,1344.9516709241752,52.21283374072671,4.724270806210707,4413.0,0.567916,369.9221,3000.0,199.452,1.7875195686826457,VLG12BR_219,fuel,DN,106684.67905633623,0.021946097540074844,True
70859.69206515353,97.7243,29872.49454524128,87732.10214989791,1459.5146388612725,52.200775622859155,4.717187030617502,4788.0,0.590798,384.3133,3000.0,199.454,1.7895507271629933,VLG12BR_219,fuel,DN,107037.3209804547,0.02117218970868944,True
70846.25007619812,105.2416,29379.305676334996,86335.81660534124,1574.0776067984011,52.188245190752134,4.709829340837515,5164.0,0.613325,398.4336,3000.0,199.4509,1.7928389484033624,VLG12BR_219,fuel,DN,107619.74548150436,0.020564440148322538,True
70832.78415915163,112.7588,28867.969739695895,84887.90614722754,1688.640574735556,52.17525098305867,4.702205278050538,5540.0,0.635425,412.2371,3000.0,199.4448,1.7970556893433258,VLG12BR_219,fuel,DN,108388.80876332358,0.020123162110734484,True
70819.28716559257,120.2761,28338.98212390393,83389.5091265782,1803.2035426727343,52.16180315988374,4.694322670688161,5916.0,0.65704,425.687,3000.0,199.4414,1.8018924498714928,VLG12BR_219,fuel,DN,109304.23863822129,0.01980935257184183,True
70805.75426982078,127.7933,27792.74289961095,81841.94669191641,1917.766510609932,52.1479135303014,4.686187964513662,6292.0,0.678124,438.7549,3000.0,199.4395,1.8070810966462703,VLG12BR_219,fuel,DN,110329.90179161588,0.01965061868394078,True
70792.1826721636,135.3106,27229.70969452419,80246.63450774648,2032.3294785471464,52.133594750604495,4.677808454525207,6668.0,0.698643,451.4202,3000.0,199.4346,1.812400395137166,VLG12BR_219,fuel,DN,111433.84881034195,0.01990143642985296,True
70778.57125265729,142.8278,26650.489926323924,78605.01951150227,2146.892446484375,52.118859751566106,4.669193627293871,7044.0,0.718573,463.6685,3000.0,199.4292,1.8176761969187978,VLG12BR_219,fuel,DN,112588.09803086732,0.0201722455158179,True
70764.92021789767,150.3451,26055.649221637217,76918.6203939328,2261.455414421617,52.10372211244271,4.660352353804009,7419.0,0.737899,475.4917,3000.0,199.4278,1.8227867227540653,VLG12BR_219,fuel,DN,113770.42027194938,0.0205723944840265,True
70751.23076989125,157.8624,25445.623443159733,75189.0349096925,2376.018382358871,52.088196130701235,4.651291601318307,7795.0,0.756612,486.8862,3000.0,199.428,1.8276251566366633,VLG12BR_219,fuel,DN,114956.5754500567,0.0209205379704795,True
70737.50481395824,165.3796,24820.916406441775,73417.84969602023,2490.5813502961337,52.07229600159641,4.642019320676026,8171.0,0.774713,497.8531,3000.0,199.4273,1.8321410838202266,VLG12BR_219,fuel,DN,116131.10612374969,0.021185488900025484,True
70723.74471250013,172.8969,24182.1120002281,71606.61860767369,2605.144318233404,52.05603562332739,4.6325446190547,8547.0,0.792205,508.3968,3000.0,199.4286,1.8363019798848454,VLG12BR_219,fuel,DN,117296.08795605006,0.021575234212561134,True
70709.95263474807,180.4141,23529.688576254197,69756.9135904216,2719.707286170683,52.03942906301702,4.622875046758082,8923.0,0.809094,518.5214,3000.0,199.4332,1.8400931172735462,VLG12BR_219,fuel,DN,118553.79944047544,0.022077531797848875,True
70696.12802952208,187.9314,22864.07996636609,67870.3049889429,2834.270254107969,52.02249037661657,4.613017489043512,9299.0,0.82,524.7871,3000.0,199.4363,1.841349650814666,VLG12BR_219,fuel,DN,119222.72974301173,0.022667659887722395,True
70682.28694752626,195.4486,22190.30006227457,65960.86531845416,2948.8332220452576,52.005345872095205,4.603046537729763,9675.0,0.82,524.0622,3000.0,199.4375,1.838096970174098,VLG12BR_219,fuel,DN,118252.6327152029,0.02331428706739776,True
70668.47002326061,202.9659,21517.416252488918,64054.089025077,3063.3961899825413,51.988224444053195,4.593096475292949,10051.0,0.82,523.3362,3000.0,199.4396,1.834722497101203,VLG12BR_219,fuel,DN,117296.72146766479,0.023991189382563536,True
70654.67813481549,210.4831,20845.396336357724,62149.991620142784,3177.959157919821,51.97112623769945,4.583166791332965,10426.0,0.82,522.6093,3000.0,199.4402,1.8312360439797968,VLG12BR_219,fuel,DN,116356.95621055442,0.02467937155286523,True
70640.91214624092,218.0004,20174.296960645654,60248.5572761791,3292.5221258570978,51.954051113018686,4.573258270805654,10802.0,0.82,521.8814,3000.0,199.4377,1.8276237430983338,VLG12BR_219,fuel,DN,115429.21091043224,0.02537998663629958,True
70627.17290528618,225.5177,19504.217407713393,58349.75513503985,3407.0850937943696,51.93699879359117,4.5633723187348645,11178.0,0.82,521.1524,3000.0,199.4352,1.823895525615076,VLG12BR_219,fuel,DN,114515.4068901629,0.026094795015295782,True
70613.46124121791,233.0349,18835.160362659964,56453.58845156177,3521.6480617316383,51.919969313509135,4.553508931726789,11554.0,0.82,520.4224,3000.0,199.4331,1.8200540039053095,VLG12BR_219,fuel,DN,113615.48922614954,0.026818003913734175,True
70599.77796272418,240.5522,18167.116309788824,54560.06480297526,3636.211029668898,51.902962746129326,4.543667928846579,11930.0,0.82,519.6914,3000.0,199.4302,1.8161019923887398,VLG12BR_219,fuel,DN,112729.38040021736,0.02636677022148426,True
70586.12385590974,248.0694,17500.110833281768,52669.17940122201,3750.7739976061544,51.88597905244142,4.5338496402351485,12306.0,0.82,518.9594,3000.0,199.4275,1.812042563605345,VLG12BR_219,fuel,DN,111857.0044187178,0.02470896344987629,True
70572.49968238773,255.5867,16834.136364700415,50780.93917285213,3865.336965543404,51.869018299891835,4.524053913377044,12682.0,0.82,518.2263,3000.0,199.425,1.807878956729449,VLG12BR_219,fuel,DN,110998.2649068734,0.023078525485181675,True
70558.90617747189,263.1039,16169.19176097054,48895.34879526267,3979.8999334806513,51.85208053545985,4.514280689458475,13057.0,0.82,517.4922,3000.0,199.4215,1.8036245933025887,VLG12BR_219,fuel,DN,110154.89360247145,0.021473953072169136,True
70545.344048472,270.6212,15505.308367965963,47012.40150855923,4094.462901417891,51.83516570234272,4.5045303821211045,13433.0,0.82,516.7571,3000.0,199.4164,1.7992638666036782,VLG12BR_219,fuel,DN,109323.22545830115,0.019911311771433765,True
70531.81397309508,278.1384,14842.539541706732,45132.082819200725,4209.025869355124,51.81827367373595,4.494803724401244,13809.0,0.82,516.0209,3000.0,199.4097,1.7948102247114956,VLG12BR_219,fuel,DN,108504.98184867224,0.018254360750893664,True
70518.31659795353,285.6557,14180.93726925882,43254.378750134514,4323.588837292354,51.801404327751264,4.4851014285516575,14185.0,0.82,515.2837,3000.0,199.4019,1.7902678981179028,VLG12BR_219,fuel,DN,107700.11638269332,0.016595754850872047,True
70504.85253718166,293.1729,13520.5396077827,41379.28026883054,4438.151805229575,51.7845575875325,4.475424003648102,14561.0,0.82,514.5454,3000.0,199.3928,1.7856411279668163,VLG12BR_219,fuel,DN,106908.54253545048,0.014992931159896491,True
70491.42237115945,300.6902,12861.392060119259,39506.77575750063,4552.714773166789,51.7677333529636,4.465772066272352,14937.0,0.82,513.806,3000.0,199.3832,1.7809343928630728,VLG12BR_219,fuel,DN,106130.19674072292,0.013438508648802541,True
70478.02664534416,308.2075,12203.50882786611,37636.86465356132,4667.277741103998,51.75093162422708,4.456145777959418,15313.0,0.82,513.0656,3000.0,199.3744,1.7761523970424662,VLG12BR_219,fuel,DN,105365.0367894629,0.011934303091749726,True
70464.66586920788,315.7247,11546.86370795731,35769.56062890475,4781.840709041199,51.73415253039713,4.446544713850405,15688.0,0.82,512.3241,3000.0,199.3672,1.7713109984326727,VLG12BR_219,fuel,DN,104614.55799537923,0.011258296244163463,True
70451.34051527933,323.242,10891.407972147148,33904.885278290596,4896.403676978391,51.717396272092685,4.436968122979424,16064.0,0.82,511.5815,3000.0,199.3612,1.7663928389388515,VLG12BR_219,fuel,DN,103875.52188860154,0.010646450329624912,True
70438.0510182882,330.7592,10237.100257777907,32042.85760630823,5010.966644915579,51.700663026254595,4.427415362218248,16440.0,0.82,510.8378,3000.0,199.3566,1.7614139024663338,VLG12BR_219,fuel,DN,103149.47692449592,0.010049150946368822,True
70424.79777440905,338.2765,9583.899135063235,30183.496645699106,5125.529612852756,51.6839529698644,4.417885788358799,16816.0,0.82,510.0931,3000.0,199.3524,1.7563793216199333,VLG12BR_219,fuel,DN,102436.3870634207,0.009474957747666867,True
70411.58114060169,345.7937,8931.791548824918,28326.811471120578,5240.092580789924,51.66726618968441,4.408379170253847,17192.0,0.82,509.3473,3000.0,199.3477,1.751294136310985,VLG12BR_219,fuel,DN,101736.18087863277,0.009012284915485606,True
70398.40143404539,353.311,8280.792195694545,26472.801428680188,5354.655548727083,51.65060268449778,4.398895679130331,17568.0,0.82,508.6004,3000.0,199.3423,1.74616353014647,VLG12BR_219,fuel,DN,101048.80793241494,0.008928124094344257,True
70385.25893166248,360.8282,7630.9290313214315,24621.461233767288,5469.218516664232,51.633962411312766,4.389435678065774,17944.0,0.82,507.8523,3000.0,199.3358,1.740992654008107,VLG12BR_219,fuel,DN,100374.20234688133,0.008834748821892086,True
70372.1538697284,368.3455,6982.233687600829,22772.784340429396,5583.781484601371,51.617345315859914,4.3799995829534275,18319.0,0.82,507.1032,3000.0,199.3281,1.7357990181623608,VLG12BR_219,fuel,DN,99713.72644039823,0.008734603272037109,True
70359.08644356353,375.8628,6334.750275540988,20926.759857382396,5698.344452538501,51.60075130477817,4.370587989816504,18695.0,0.82,506.353,3000.0,199.319,1.7305637606267195,VLG12BR_219,fuel,DN,99064.54300401808,0.008628023412863273,True
70346.05680730334,383.38,5688.519222582157,19083.378224666674,5812.90742047562,51.5841802969007,4.361201440687046,19071.0,0.82,505.6016,3000.0,199.3093,1.7253040970198534,VLG12BR_219,fuel,DN,98427.99553142651,0.00855297210617699,True
70333.06507374196,390.8973,5043.565280191113,17242.63541608368,5927.47038841273,51.56763226113308,4.351840250248066,19447.0,0.82,504.8492,3000.0,199.2991,1.7200254996082338,VLG12BR_219,fuel,DN,97804.07799409592,0.008536320292865924,True
70320.11131424537,398.4145,4399.902532604563,15404.53117507354,6042.033356349823,51.55110720045778,4.3425045786155945,19823.0,0.82,504.0956,3000.0,199.2886,1.7147331223403297,VLG12BR_219,fuel,DN,97192.72007495271,0.008525647973596655,True
70307.19555872974,405.9318,3757.541586637325,13569.06649068756,6156.596324286906,51.534605129124735,4.333194535505292,20199.0,0.82,503.3409,3000.0,199.2775,1.7094323400071716,VLG12BR_219,fuel,DN,96593.90356146754,0.0068443995464585365,True
70294.31779570032,413.449,3116.503130295368,11736.23885288336,6271.15929222398,51.51812602988512,4.323910376224148,20575.0,0.82,502.585,3000.0,199.2656,1.7041283539044918,VLG12BR_219,fuel,DN,96007.58046763644,0.0036526560414838313,True
70281.47797234672,420.9663,2476.8109313927894,9906.044709151884,6385.722260161039,51.50166987616998,4.31465240030713,20951.0,0.82,501.8281,3000.0,199.2528,1.6988265564475622,VLG12BR_219,fuel,DN,95433.75240951523,0.00042538515997413726,True
70268.67599469052,428.4835,1838.494587800871,8078.478507867923,6500.28522809809,51.48523662348993,4.305420991160627,21326.0,0.82,501.0699,3000.0,199.2394,1.6935443569663862,VLG12BR_219,fuel,DN,94873.49063218094,0.0,True
70255.9117277801,436.0008,1201.5762380850808,6253.537343701375,6614.8481960351255,51.46882625125905,4.296216424088737,21702.0,0.82,500.3107,3000.0,199.2255,1.6882622942322256,VLG12BR_219,fuel,DN,94324.49906101776,0.0,True
70243.18499592948,443.518,566.0691190568643,4431.2214540531195,6729.41116397215,51.45243876716882,4.287038845641102,22078.0,0.82,499.5502,3000.0,199.2112,1.6829976931114787,VLG12BR_219,fuel,DN,93787.8844974658,0.0,True
70230.49558299646,451.0353,-68.01260043216874,2611.530783371121,6843.974131909157,51.43607417597932,4.277888415682983,22454.0,0.82,498.7886,3000.0,199.1962,1.6777557526788205,VLG12BR_219,fuel,DN,93263.65826776583,0.0,True
70217.8432326959,458.5526,-700.6476651907021,794.4628419909222,6958.53709984615,51.419732457344146,4.268765397793941,22830.0,0.82,498.0259,3000.0,199.1801,1.672541472210424,VLG12BR_219,fuel,DN,92751.80448317772,0.0,True
70205.22764894484,466.0698,-1331.7997787860315,-1019.990051831251,7073.10006778313,51.403413537592115,4.259670309810697,23206.0,0.82,497.262,3000.0,199.1626,1.6673597268267184,VLG12BR_219,fuel,DN,92252.29640908436,0.0,True
70192.64849623507,473.5871,-1961.426996836384,-2831.837486683334,7187.663035720096,51.38711735471846,4.250603695547814,23582.0,0.82,496.4969,3000.0,199.1441,1.6622153886556565,VLG12BR_219,fuel,DN,91765.12506947278,0.0,True
70180.10540002983,481.1043,-2589.4943285130175,-4641.086572665322,7302.226003657047,51.37084384882768,4.241565989946403,23957.0,0.82,495.7306,3000.0,199.1245,1.6571253842456826,VLG12BR_219,fuel,DN,91291.22818741183,0.0,True
70167.59794718116,488.6216,-3215.971937273547,-6447.742572626089,7416.788971593979,51.3545929779088,4.232557575571891,24333.0,0.82,494.9631,3000.0,199.1041,1.6520701006021898,VLG12BR_219,fuel,DN,90828.6875281618,0.0,True
70155.12568636399,496.1388,-3840.8324662720293,-8251.809834364603,7531.351939530893,51.338364709009966,4.223578800000349,24709.0,0.82,494.1945,3000.0,199.0842,1.6470664319692467,VLG12BR_219,fuel,DN,90378.48962621458,0.0,True
70142.68812852459,503.6561,-4464.091797746179,-10053.277691779913,7645.914907467793,51.3221591440838,4.2146293881644095,25085.0,0.82,493.4246,2975.0,199.066,1.6383988095359612,VLG12BR_219,fuel,DN,89598.68436767363,0.0,True
70130.31225640926,511.1733,-5085.826223580011,-11852.188550539095,7759.514480893342,51.30597590719379,4.205708197190994,25458.0,0.82,492.66,2900.0,199.0497,1.6219603781188485,VLG12BR_219,fuel,DN,88148.66241050439,0.0,True
70118.05482875122,518.6906,-5706.147953499473,-13648.66895221837,7870.243390289957,51.28981386504392,4.196813571070628,25821.0,0.82,491.9136,2824.0,199.0366,1.6049159913333129,VLG12BR_219,fuel,DN,86704.57899424029,0.0,True
70105.91906274449,526.2079,-6325.18073802108,-15442.746695603208,7978.101635657267,51.273672771718005,4.18794368943825,26175.0,0.82,491.1855,2749.0,199.027,1.5875870331915556,VLG12BR_219,fuel,DN,85292.25452457067,0.0,True
70093.90807388809,533.7251,-6943.0581098422435,-17234.446581263182,8083.089216995144,51.25755240758819,4.179096594135805,26519.0,0.82,490.4757,2674.0,199.0193,1.5698449954210556,VLG12BR_219,fuel,DN,83897.99782404484,0.0,True
70082.02487587053,541.2424,-7559.861659394611,-19023.8116692187,8185.2061343035275,51.241452388913046,4.170271076554152,26854.0,0.819967,489.7648,2599.0,199.0135,1.5516825133605334,VLG12BR_219,fuel,DN,82517.76499351242,0.0,True
70070.27262692171,548.7596,-8175.648220509223,-20810.813906178657,8284.452387582387,51.22537297147669,4.1614662840206735,27180.0,0.818765,488.3748,2524.0,199.0084,1.5327684229513376,VLG12BR_219,fuel,DN,81063.62888372672,0.0,True
70058.66309969212,556.2769,-8789.582340509398,-22592.95762965476,8380.827976831695,51.20933661632592,4.152694112910109,27496.0,0.817597,487.0255,2449.0,199.0017,1.5134913217987245,VLG12BR_219,fuel,DN,79630.6961502624,0.0,True
70047.19905529695,563.7941,-9401.666268545061,-24370.405427533395,8474.332902051432,51.19334186800803,4.143954475067836,27803.0,0.816463,485.7176,2373.0,198.995,1.4936515697426245,VLG12BR_219,fuel,DN,78203.26196560696,0.0,True
70035.88314027456,571.3114,-10011.952503173923,-26143.30424285577,8564.967163241594,51.17738741084045,4.135246562492028,28100.0,0.815353,484.4437,2298.0,198.9855,1.4736679647269535,VLG12BR_219,fuel,DN,76807.78230495108,0.0,True
70024.71798454435,578.8286,-10620.396827243016,-27911.80527468519,8652.730760402166,51.16147189241764,4.126570956543876,28388.0,0.814267,483.2045,2223.0,198.9718,1.4533464286638784,VLG12BR_219,fuel,DN,75428.82530498496,0.0,True
70013.70611021642,586.3459,-11226.911472581385,-29676.076343140216,8737.62369353314,51.14559381187431,4.117928863827648,28667.0,0.813204,481.9989,2148.0,198.9594,1.4326993970558197,VLG12BR_219,fuel,DN,74065.35120148888,0.0,True
70002.84995172128,593.8631,-11831.582127108308,-31436.221734607338,8819.645962634511,51.129752236448496,4.109319002800531,28936.0,0.812166,480.8291,2073.0,198.9455,1.4117538703136647,VLG12BR_219,fuel,DN,72717.32677170062,0.0,True
69992.15182082566,601.3804,-12434.408993099667,-33192.38353026788,8898.797567706275,51.113945894956835,4.100741320491501,29196.0,0.811123,479.6757,1998.0,198.9275,1.390498954073309,VLG12BR_219,fuel,DN,71381.28297058688,0.0,True
69981.6141786647,608.8977,-13035.285819533094,-34944.66118720766,8975.078508748435,51.09817390194752,4.09219728803851,29446.0,0.810089,478.5487,1922.0,198.912,1.3687281467421193,VLG12BR_219,fuel,DN,70044.03441870835,0.0,True
69971.23926824598,616.4149,-13634.324931766221,-36693.120166403234,9048.488785760974,51.08243567288325,4.083685245030387,29687.0,0.809071,477.4505,1847.0,198.8953,1.3469095366714712,VLG12BR_219,fuel,DN,68732.73987526781,0.0,True
69961.02921334343,623.9322,-14231.526357962994,-38437.8739695436,9119.028398743907,51.06673019349242,4.0752051428858165,29918.0,0.808037,476.3637,1772.0,198.8739,1.3248269572722555,VLG12BR_219,fuel,DN,67431.49238739282,0.0,True
69950.98626939519,631.4494,-14826.76328929732,-40179.008111149866,9186.69734769722,51.05105670446446,4.066758747361061,30140.0,0.807002,475.2962,1697.0,198.8553,1.3024827520900777,VLG12BR_219,fuel,DN,66139.95469994958,0.0,True
69941.11250553331,638.9667,-15420.144678814517,-41916.55978325767,9251.495632620918,51.035414875180734,4.058344448799143,30353.0,0.805964,474.2468,1622.0,198.8371,1.2798872012148879,VLG12BR_219,fuel,DN,64857.463863469435,0.0,True
69931.40992000248,646.4839,-16011.70895516099,-43650.58562047003,9313.423253515002,51.01980420167067,4.049961649219283,30556.0,0.804937,473.2242,1546.0,198.821,1.2568059706494787,VLG12BR_219,fuel,DN,63570.517699534845,0.0,True
69921.88031752255,654.0012,-16601.55320392624,-45381.157769704536,9372.480210379468,51.00422403856622,4.041608914382316,30750.0,0.803888,472.2086,1471.0,198.8089,1.2337462307039955,VLG12BR_219,fuel,DN,62304.80055761697,0.0,True
69912.52566955295,661.5184,-17189.80469377115,-47108.25675976752,9428.666503214325,50.98867456310311,4.033284376997949,30934.0,0.80285,471.2201,1396.0,198.7983,1.2104848722142072,VLG12BR_219,fuel,DN,61047.90979384392,0.0,True
69903.34761080524,669.0357,-17776.543988833466,-48831.961547005405,9481.982132019566,50.97315506825182,4.0249868441714725,31109.0,0.801801,470.2448,1321.0,198.7918,1.1870112072016585,VLG12BR_219,fuel,DN,59797.65630548392,0.0,True
69894.34786900759,676.553,-18361.910853946218,-50552.273722367645,9532.427096795187,50.95766554049085,4.0167142760848105,31274.0,0.800759,469.2933,1246.0,198.7854,1.163354460182138,VLG12BR_219,fuel,DN,58555.01177979438,0.0,True
69885.52795311707,684.0702,-18945.938665416023,-52269.27529650462,9580.001397541202,50.942205246010566,4.008466158404868,31430.0,0.799697,468.3506,1171.0,198.7812,1.1395026588139645,VLG12BR_219,fuel,DN,57317.81681484139,0.0,True
69876.889480629,691.5875,-19528.702408939527,-53982.97169068719,9624.705034257608,50.92677413820733,4.000241380311396,31577.0,0.798638,467.4297,1095.0,198.7752,1.1151855767941772,VLG12BR_219,fuel,DN,56072.37220559219,0.0,True
69868.43381986266,699.1047,-20110.173123772864,-55693.45749653556,9666.538006944409,50.911371371888436,3.992040320130668,31714.0,0.797561,466.518,1020.0,198.7683,1.0909907359079296,VLG12BR_219,fuel,DN,54846.58976362257,0.0,True
69860.16241314654,706.622,-20690.33721126306,-57400.770492208874,9705.500315601608,50.8959966123364,3.9838631341040465,31842.0,0.796455,465.6087,945.0,198.7645,1.0666255773328137,VLG12BR_219,fuel,DN,53624.74204386388,0.0,True
69852.07670395773,714.1392,-21269.287665404154,-59104.884129227285,9741.591960229209,50.88065009941076,3.975708455519233,31961.0,0.795351,464.7213,870.0,198.7601,1.0421143390473935,VLG12BR_219,fuel,DN,52408.16002305134,0.0,True
69844.17780375139,721.6565,-21847.03113973394,-60805.88108882677,9774.81294082721,50.86533109355783,3.9675761562215492,32070.0,0.794188,463.819,795.0,198.7573,1.0174497851228599,VLG12BR_219,fuel,DN,51193.988344611134,0.0,True
69836.46720091686,729.1737,-22423.59847216567,-62503.68492022095,9805.163257395632,50.85004028532909,3.9594657545218968,32169.0,0.793021,462.9338,720.0,198.7581,0.9926658308080972,VLG12BR_219,fuel,DN,49984.58595651998,0.0,True
69828.9458904605,736.691,-22999.11571468066,-64198.31837021293,9832.642909934477,50.83477746922414,3.951375419476247,32259.0,0.791801,462.0378,644.0,198.7582,0.9674282037530824,VLG12BR_219,fuel,DN,48762.454552559815,0.0,True
69821.61512906002,744.2082,-23573.54721618965,-65889.74486101465,9857.251898443754,50.81954297938492,3.943305620717772,32340.0,0.790552,461.1445,569.0,198.7536,0.94237239916018,VLG12BR_219,fuel,DN,47557.71737305019,0.0,True
69814.47591393768,751.7255,-24146.755342690125,-67578.01709188423,9878.990222923474,50.80433635149054,3.9352582842684987,32411.0,0.789254,460.2421,494.0,198.7469,0.9172016446086048,VLG12BR_219,fuel,DN,46355.05710238616,0.0,True
69807.5292971812,759.2428,-24718.669550352715,-69263.11700940313,9897.857883373663,50.789157755143755,3.927234374863278,32473.0,0.78791,459.3326,419.0,198.74,0.8919148616747695,VLG12BR_219,fuel,DN,45154.07897360959,0.0,True
69800.77621198885,766.76,-25289.26922275955,-70945.01767918613,9913.85487979434,50.77400743787548,3.9192341453421715,32526.0,0.786525,458.4183,344.0,198.7318,0.8665229093609847,VLG12BR_219,fuel,DN,43954.81260925524,0.0,True
69794.21746611425,774.2773,-25858.512560647403,-72623.70915094158,9926.98121218554,50.75888549549195,3.911258150492073,32569.0,0.785077,457.4872,269.0,198.7256,0.8410328541780434,VLG12BR_219,fuel,DN,42756.57586555095,0.0,True
69787.85392400376,781.7945,-26426.435864656847,-74299.10512000705,9937.236880547307,50.7437927070146,3.9033058289725666,32602.0,0.783564,456.5375,193.0,198.7196,0.8151269404859001,VLG12BR_219,fuel,DN,41544.29636727198,0.0,True
69781.68637255885,789.3118,-26993.02210750284,-75971.1307490324,9944.62188487974,50.728729750679406,3.8953773782205277,32627.0,0.781996,455.575,118.0,198.7159,0.7894429050006042,VLG12BR_219,fuel,DN,40347.10285135042,0.0,True
69775.71542877132,796.829,-27558.321156818783,-77639.71166749008,9949.136225183005,50.71369729736662,3.887472045037435,32642.0,0.780342,454.5816,43.0,198.7168,0.763668021819782,VLG12BR_219,fuel,DN,39149.481665864085,0.0,True
69769.94183596835,804.3463,-28122.42870517346,-79304.68428555127,9950.779901457609,50.69869681786038,3.879588419379875,32647.0,0.77936,453.9986,-0.0,198.7131,0.7488232475595531,VLG12BR_219,fuel,DN,38461.349426225264,0.0,True
69764.28177111027,811.8635,-28685.71220821963,-80967.57839562219,9950.779901383437,50.68371454035173,3.871721367598836,32647.0,0.779359,453.9978,-0.0,198.7101,0.7487758982329102,VLG12BR_219,fuel,DN,38459.101194688934,0.0,True
69758.62207705608,819.3808,-29248.905725458742,-82630.49991959875,9950.779901309257,50.668731491884124,3.8638606162506273,32647.0,0.779362,453.9999,-0.0,198.7147,0.7487320028583497,VLG12BR_219,fuel,DN,38457.073063891046,0.0,True
69752.96271874035,826.8981,-29812.235819437294,-84293.38352645915,9950.779901235072,50.65374824914304,3.8560029396210895,32647.0,0.779375,454.0076,-0.0,198.7114,0.7486947739417427,VLG12BR_219,fuel,DN,38455.469762075336,0.0,True
69747.30362496283,834.4153,-30375.47910245008,-85956.32806627515,9950.779901160871,50.63876393515944,3.848151509435031,32647.0,0.779376,454.0079,-0.0,198.7023,0.7486487529455716,VLG12BR_219,fuel,DN,38453.30588214944,0.0,True
69741.6448886505,841.9326,-30938.459368626838,-87619.36289490816,9950.77990108667,50.623778296253,3.8403088192852683,32647.0,0.779388,454.0148,-0.0,198.7028,0.7486105902694071,VLG12BR_219,fuel,DN,38451.64276969269,0.0,True
69735.98642673549,849.4498,-31501.463626656558,-89282.41786832143,9950.779901012453,50.6087919489361,3.8324707872399735,32647.0,0.779378,454.0092,-0.0,198.7018,0.7485575630820986,VLG12BR_219,fuel,DN,38449.0321698308,0.0,True
69730.32839699858,856.9671,-32064.430526321612,-90945.46235030274,9950.779900938225,50.59380517267472,3.8246382744581777,32647.0,0.779374,454.0066,-0.0,198.6918,0.7485081110480039,VLG12BR_219,fuel,DN,38446.64941897763,0.0,True
69724.67076055173,864.4843,-32627.104592513067,-92608.59543875966,9950.779900863983,50.57881709143378,3.8168149013942294,32647.0,0.779345,453.99,-0.0,198.6893,0.7484420037600932,VLG12BR_219,fuel,DN,38443.205910590346,0.0,True
69719.01369276154,872.0016,-33189.68683399236,-94271.69194369615,9950.77990078973,50.56382882095158,3.8089978018657313,32647.0,0.779322,453.9763,-0.0,198.6933,0.7483793524928715,VLG12BR_219,fuel,DN,38439.98308514961,0.0,True
69713.3571581692,879.5188,-33752.36637898714,-95934.69938721781,9950.779900715475,50.54884082299082,3.801184287408223,32647.0,0.779296,453.9611,-0.0,198.6862,0.7483149209938544,VLG12BR_219,fuel,DN,38436.647512351105,0.0,True
69707.70117444904,887.0361,-34314.82172485062,-97597.72072427004,9950.77990064121,50.53385219108949,3.7933789114574203,32647.0,0.779268,453.9451,-0.0,198.6798,0.7482495423936313,VLG12BR_219,fuel,DN,38433.252329675764,0.0,True
69702.04575155371,894.5533,-34877.07238909121,-99260.74603129672,9950.77990056693,50.51886301456185,3.785581388425498,32647.0,0.779254,453.937,-0.0,198.6855,0.7481935701096463,VLG12BR_219,fuel,DN,38430.45567782105,0.0,True
69696.39079023538,902.0706,-35439.477801392706,-100923.6861167506,9950.779900492647,50.50387407468479,3.7777866194855827,32647.0,0.77924,453.929,-0.0,198.6912,0.7481377217270346,VLG12BR_219,fuel,DN,38427.66708788036,0.0,True
71037.09172428452,0.0,34058.24855156922,101161.12164332089,30.48000030470084,52.321300505698716,4.779960154005862,100.0,0.3,198.3755,2125.0,183.0038,1.8114560933763013,VLG12BR_219,pop,DN,111233.70469094819,0.08514526951307644,True
71023.33675835934,7.5921,34017.89190873012,100392.03741985811,112.42737880354082,52.31438665153209,4.779288517795252,369.0,0.324566,214.4213,2201.0,183.0038,1.790496859323347,VLG12BR_219,pop,DN,107203.41553466642,0.07860694888819059,True
71009.7416488857,15.1843,33974.25198658342,99560.38311774004,197.30289142844313,52.30691030522818,4.778562480254778,647.0,0.350236,231.1577,2277.0,192.1815,1.7722471712617396,VLG12BR_219,pop,DN,104187.6442594939,0.06992715653166988,True
70996.28623486849,22.7764,33784.73532724248,98682.45789391815,285.1065381795044,52.29902678997649,4.775686917231687,935.0,0.376683,248.3654,2353.0,188.8627,1.758403188843987,VLG12BR_219,pop,DN,102123.17217937915,0.055949054889769985,True
70982.9373797819,30.3685,33636.00942780814,97728.65406469612,375.8383190567541,52.290458347039035,4.773404510834347,1233.0,0.4036,265.8388,2428.0,185.9674,1.7495979299154607,VLG12BR_219,pop,DN,100891.21847435489,0.04792189421418752,True
70969.65559773482,37.9606,33528.55915563518,96700.71546372988,469.4982340602031,52.28122066341851,4.771722326237959,1540.0,0.430709,283.3926,2504.0,183.4066,1.7462509305802887,VLG12BR_219,pop,DN,100437.57317225702,0.04186731674311267,True
70956.40100230514,45.5528,33463.07409408198,95600.61149510961,566.0862831898545,52.27133143374319,4.770650396993921,1857.0,0.457767,300.8641,2580.0,181.2521,1.7476373743179965,VLG12BR_219,pop,DN,100624.55682689743,0.036538043519237146,True
70943.13762919167,53.1449,33437.50190796011,94430.66053793163,665.6024664457055,52.260811648070344,4.7701584418955045,2184.0,0.484565,318.1142,2656.0,179.4047,1.752890141364682,VLG12BR_219,pop,DN,101345.10856542358,0.03270349039013331,True
70929.83598989398,60.737,33450.35869390829,93193.19397514145,768.0467838277477,52.24968236976388,4.770224507582978,2520.0,0.510926,335.0267,2732.0,177.7652,1.7610136471942748,VLG12BR_219,pop,DN,102499.87305081115,0.029760335890303188,True
70916.47411836433,68.3292,33501.18878463761,91890.67944907033,873.4192353359648,52.237965817288234,4.770841728834169,2866.0,0.536708,351.5064,2808.0,176.3486,1.7710138514497233,VLG12BR_219,pop,DN,103996.71176514233,0.027035414094767618,True
70903.03750579065,75.9213,33588.2969549348,90525.67892284108,981.7198209703258,52.22568512507812,4.771985016434185,3221.0,0.561794,367.4774,2884.0,175.3091,1.7820148167877399,VLG12BR_219,pop,DN,105754.5846101816,0.024713973859259053,True
70889.51831465319,83.5134,33705.24737155064,89100.41756677804,1092.9485407307673,52.21286068140895,4.773559661012326,3586.0,0.586096,382.8816,2960.0,174.7984,1.7932857503737443,VLG12BR_219,pop,DN,107700.02608822913,0.0231764211545803,True
70875.9142035545,91.1055,33840.33965628673,87616.45221626955,1207.1053946170887,52.19950718565387,4.775393721940527,3960.0,0.609548,397.6758,3000.0,174.8673,1.801120170874481,VLG12BR_219,pop,DN,109155.55054726696,0.02164169195716433,True
70862.25109544923,98.6977,33978.81760585334,86074.78351544093,1322.809443196949,52.185634530653616,4.777270566863174,4340.0,0.63229,411.9592,3000.0,175.5796,1.8058515162890867,VLG12BR_219,pop,DN,110082.49921215323,0.020196658730416553,True
70848.5525931413,106.2898,34102.42715024025,84475.78436457533,1438.5134917768269,52.1712471921779,4.778922474593702,4720.0,0.654479,425.8423,3000.0,176.9329,1.8111196720741027,VLG12BR_219,pop,DN,111162.84888790768,0.018788387084684523,True
70834.8144364416,113.8819,34191.14370307914,82820.0712295189,1554.2175403567196,52.156351959314605,4.780056151585462,5099.0,0.676067,439.2952,3000.0,178.8236,1.8166429131473254,VLG12BR_219,pop,DN,112357.00859897301,0.0174435115681988,True
70821.03457773737,121.4741,34226.26445272312,81109.71677865865,1669.9215889366262,52.14096864099681,4.780398239598192,5479.0,0.69702,452.2965,3000.0,179.0068,1.8221763443364145,VLG12BR_219,pop,DN,113625.59063413329,0.016681755648588214,True
70807.2127376939,129.0662,34256.80003168058,79348.41342980156,1785.625637516539,52.12512742367254,4.780667810972707,5858.0,0.717312,464.8325,3000.0,178.6063,1.8275621983789454,VLG12BR_219,pop,DN,114940.68341366861,0.0165536237426506,True
70793.34997093826,136.6583,34300.83835820392,77538.35429881628,1901.3296860964556,52.10884691234132,4.781130007556035,6238.0,0.73693,476.8959,3000.0,178.2923,1.8326648191417203,VLG12BR_219,pop,DN,116271.94291312699,0.01643883870421038,True
70779.44827450115,144.2505,34356.19974543383,75681.41114142064,2017.0337346763772,52.09214407248503,4.781752893109882,6618.0,0.75587,488.4852,3000.0,178.0012,1.8374144035986821,VLG12BR_219,pop,DN,117598.63465535748,0.016330612481612244,True
70765.51025604458,151.8426,34422.57820752156,73779.48599198162,2132.7377832563006,52.07503602561812,4.782531987867693,6997.0,0.774134,499.6036,3000.0,177.7556,1.8417753735327487,VLG12BR_219,pop,DN,118904.24300753116,0.016222487854484078,True
70751.53886707993,159.4347,34498.81106552319,71834.42679739375,2248.4418318362254,52.05753945953437,4.7834502763141975,7377.0,0.791729,510.258,3000.0,177.7121,1.8457178726990728,VLG12BR_219,pop,DN,120182.39480435094,0.016101492170156797,True
70737.53688746277,167.0268,34578.18141712726,69847.80706394004,2364.145880416154,52.039668939529804,4.784409534124759,7756.0,0.806186,518.8608,3000.0,177.9856,1.8483274759696104,VLG12BR_219,pop,DN,121170.24539403155,0.015955331742626703,True
70723.51268860509,174.619,34649.25102031646,67827.22334232427,2479.8499289960823,52.02149349291882,4.785243305852286,8136.0,0.806709,518.4812,3000.0,178.5599,1.845574691254699,VLG12BR_219,pop,DN,120243.42762151493,0.015799707864762955,True
70709.50944641238,182.2111,34700.02537965955,65807.51627837608,2595.5539775760053,52.0033271908089,4.785780054856865,8516.0,0.807139,518.0396,3000.0,179.4085,1.8426742166399466,VLG12BR_219,pop,DN,119315.38090035625,0.015642661588242467,True
70695.52827340295,189.8032,34720.86302983644,63789.008806789345,2711.2580261559237,51.98517354252781,4.785879390384368,8895.0,0.80753,517.572,3000.0,180.4572,1.8396534465431074,VLG12BR_219,pop,DN,118396.4812261787,0.015473653734833085,True
70681.57011208654,197.3954,34704.771319759944,61772.29017614359,2826.9620747358367,51.967038283602996,4.785439837195231,9275.0,0.807909,517.0945,3000.0,181.5779,1.836508203158786,VLG12BR_219,pop,DN,117486.0660572976,0.015273102759467706,True
70667.63581687608,204.9875,34649.28883897614,59758.141876370726,2942.6661233157465,51.948928588459246,4.784426213426111,9654.0,0.80814,516.5207,3000.0,182.7546,1.8331952267046197,VLG12BR_219,pop,DN,116570.25284662291,0.01508964026053215,True
70653.72674481341,212.5796,34552.56285136511,57747.80212641896,3058.3701718956513,51.93085569187467,4.7828123143480905,10034.0,0.808538,516.0525,3000.0,183.9633,1.82983605194589,VLG12BR_219,pop,DN,115687.41881358207,0.014923351098905854,True
70639.84306715516,220.1717,34413.57998963306,55741.7800226251,3174.0742204755493,51.91282420952563,4.780584136438588,10414.0,0.808654,515.4028,3000.0,186.1303,1.8262410308344652,VLG12BR_219,pop,DN,114780.20405607374,0.014780450543246757,True
70625.98667436666,227.7639,34199.11574308997,53744.97725516648,3289.778269055444,51.894880224221886,4.777258728343565,10793.0,0.809245,515.0534,3000.0,189.1916,1.8227619031055167,VLG12BR_219,pop,DN,113948.7512223432,0.014928191638734045,True
70612.1564414216,235.356,33878.538863233065,51763.82959560833,3405.4823176353307,51.87708337897003,4.772391811319552,11173.0,0.809662,514.592,3000.0,192.0453,1.8190920909573853,VLG12BR_219,pop,DN,113104.94213925196,0.015166325839253897,True
70598.35378490797,242.9481,33460.10333421097,49802.867088327395,3521.1863662152086,51.85947372638775,4.766105790719807,11552.0,0.810301,514.2696,3000.0,194.6693,1.8154352345125804,VLG12BR_219,pop,DN,112302.69822952943,0.015421311298314517,True
70584.5784562297,250.5403,32952.64875554962,47864.34083704189,3636.8904147950757,51.84207076194348,4.758531129995662,11932.0,0.810924,513.9349,3000.0,197.0856,1.8116653486282173,VLG12BR_219,pop,DN,111507.86924689982,0.01567450356280248,True
70570.83116449081,258.1324,32364.30517105764,45950.18650148851,3752.5944633749345,51.82489117363888,4.749787688474427,12312.0,0.811345,513.4704,3000.0,199.5631,1.8077019820062001,VLG12BR_219,pop,DN,110699.8101894176,0.01575619253807586,True
70557.1134433668,265.7245,31694.377094902495,44064.96886982164,3868.2985119547907,51.80797579164059,4.739866971429822,12691.0,0.811693,512.9574,3000.0,201.8441,1.8036171433022246,VLG12BR_219,pop,DN,109896.63705307558,0.015353037019143452,True
70543.42627333516,273.3166,30950.69601524244,42209.773288543496,3984.0025605346364,51.791333645748466,4.728884086290571,13071.0,0.811976,512.4025,3000.0,203.8415,1.7993985347584323,VLG12BR_219,pop,DN,109096.23158071897,0.014895603350362706,True
70529.77058251562,280.9088,30143.681830653528,40383.61426754481,4099.706609114476,51.774955015078085,4.716991361973228,13450.0,0.812162,511.7845,3000.0,205.5967,1.7950510662981705,VLG12BR_219,pop,DN,108298.56958177808,0.01438092034557287,True
70516.14745128114,288.5009,29282.15985219562,38585.2121002457,4215.41065769431,51.758827653820696,4.70431769003462,13830.0,0.812233,511.0924,3000.0,207.1287,1.7905480959916587,VLG12BR_219,pop,DN,107498.58861633416,0.013793144581308625,True
70502.55804068761,296.093,28374.100180034013,36812.89755889039,4331.114706274141,51.74293589430273,4.690979310936196,14210.0,0.812286,510.3883,3000.0,208.1574,1.7859528614052926,VLG12BR_219,pop,DN,106709.76043750014,0.013304071716420073,True
70489.00301833187,303.6852,27435.669740748563,35059.60163932774,4446.818754853965,51.72721514685495,4.67721087869121,14589.0,0.812426,509.7376,3000.0,208.8968,1.7813338388267053,VLG12BR_219,pop,DN,105945.24291208596,0.012948034672148128,True
70475.48249627437,311.2773,26475.92144537592,33320.793542270425,4562.522803433782,51.71162408649009,4.663143728848879,14969.0,0.812447,509.0109,3000.0,209.1513,1.7765685408028302,VLG12BR_219,pop,DN,105178.84887408679,0.01248929199862448,True
70461.99758285226,318.8694,25509.844675625987,31588.75081501375,4678.226852013598,51.69609247490558,4.648994957980338,15349.0,0.812428,508.2579,3000.0,209.2362,1.7717125259551336,VLG12BR_219,pop,DN,104421.316004897,0.011914667212587927,True
70448.54896390557,326.4616,24542.642731238077,29860.713709633128,4793.930900593407,51.68059523515629,4.634839864910274,15728.0,0.812357,507.4714,3000.0,209.2719,1.7667759826490186,VLG12BR_219,pop,DN,103673.22869263004,0.011342180424162502,True
70435.13735257923,334.0537,23575.87018460457,28135.964993017606,4909.634949173213,51.66512584816108,4.620700912312361,16108.0,0.812434,506.7762,3000.0,208.7946,1.761844286288895,VLG12BR_219,pop,DN,102951.86386147208,0.01093884381559947,True
70421.7623883926,341.6458,22624.81195501618,26405.60718242632,5025.3389977530105,51.64960368674211,4.606799017341284,16487.0,0.812646,506.1641,3000.0,208.1347,1.756937880050372,VLG12BR_219,pop,DN,102258.19511068356,0.010839018774832893,True
70408.42371705784,349.2379,21694.874426122125,24666.525627415092,5141.043046332796,51.63400061423868,4.593212122444598,16867.0,0.812826,505.5303,3000.0,207.4685,1.7519525222652053,VLG12BR_219,pop,DN,101571.96555758486,0.010714060095037208,True
70395.1218176895,356.8301,20786.367011149163,22918.950494162196,5256.747094912577,51.6183187967431,4.579944468530902,17247.0,0.813072,504.9363,3000.0,206.7951,1.7469544362840392,VLG12BR_219,pop,DN,100904.37654613028,0.010569594479541422,True
70381.85660624321,364.4222,19899.508792586443,21162.896092959905,5372.451143492351,51.60255846176819,4.566998964678671,17626.0,0.813227,504.2845,3000.0,206.119,1.7418811186814922,VLG12BR_219,pop,DN,100241.64833700022,0.010407898985473653,True
70368.62879846017,372.0143,19034.556363521122,19398.7914353142,5488.155192072113,51.586723563780005,4.554379077976864,18006.0,0.813453,503.6747,3000.0,205.5971,1.73679444840673,VLG12BR_219,pop,DN,99596.23468747082,0.01020364671017675,True
70355.43820802432,379.6065,18186.740588926463,17629.03513104986,5603.8592406518665,51.570835931493164,4.542015648435508,18385.0,0.813612,503.0222,3000.0,205.2769,1.7316553596697783,VLG12BR_219,pop,DN,98958.12421846305,0.009978377305574875,True
70342.28534917902,387.1986,17349.919603619262,15856.87916951872,5719.563289231613,51.554925079534954,4.529819773937227,18765.0,0.813825,502.4019,3000.0,205.0183,1.7265041921248363,VLG12BR_219,pop,DN,98335.69208535734,0.009794228256991543,True
70329.17003684674,394.7907,16522.13246644601,14083.166138297185,5835.267337811354,51.5389986939414,4.517762981908955,19145.0,0.814113,501.8259,3000.0,204.8147,1.7213660494266905,VLG12BR_219,pop,DN,97731.85610243856,0.009643295959601905,True
70316.09193083736,402.3828,15701.601676593922,12308.5699627013,5950.971386391087,51.52306292663462,4.5058194749656115,19524.0,0.814217,501.1355,3000.0,204.6639,1.7161367388829047,VLG12BR_219,pop,DN,97125.10733068181,0.009523283757518331,True
70303.05207560344,409.975,14886.87371184908,10534.276740582502,6066.675434970805,51.507128516209285,4.493968187986252,19904.0,0.81596,501.4504,3000.0,204.5597,1.7116319426432411,VLG12BR_219,pop,DN,96672.36562846076,0.009429500427734511,True
70290.04120253862,417.5671,14074.863519947068,8757.38958786999,6182.3794835505,51.49116951428049,4.482164344912593,20283.0,0.82,503.1709,3000.0,204.505,1.7081497614351364,VLG12BR_219,pop,DN,96450.28457342836,0.006731814607985798,True
70277.04474131585,425.1592,13261.762234938873,6973.611560517726,6298.083532130135,51.47514738039338,4.470352755303494,20663.0,0.82,502.4072,3000.0,204.4886,1.702787347052037,VLG12BR_219,pop,DN,95860.63308030402,0.003163683692211635,True
70264.08697968253,432.7514,12450.410990643479,5192.321856960113,6413.787580709674,51.45914639733024,4.458574813543163,21043.0,0.82,501.6424,3000.0,204.4861,1.6974283477379162,VLG12BR_219,pop,DN,95283.72129565262,0.0,True
70251.16781069519,440.3435,11640.377875440821,3413.722323467771,6529.491629289145,51.44316839829519,4.446824239630895,21422.0,0.82,500.8765,3000.0,204.4845,1.692090546844031,VLG12BR_219,pop,DN,94720.65901714368,0.0,True
70238.28708483021,447.9356,10831.636546832911,1637.8300094167141,6645.195677868601,51.42721354437106,4.435100604263007,21802.0,0.82,500.1093,3000.0,204.4828,1.6867542748571487,VLG12BR_219,pop,DN,94169.08828954719,0.0,True
70225.44461024653,455.5277,10024.19361894832,-135.35302293268768,6760.899726448035,51.411281861319495,4.423403953051874,22181.0,0.82,499.341,3000.0,204.4809,1.681449742395364,VLG12BR_219,pop,DN,93631.26373268262,0.0,True
70212.64015308827,463.1199,9218.056804970971,-1905.8251877288728,6876.603775027449,51.395373371006485,4.411734347305776,22561.0,0.82,498.5715,3000.0,204.4787,1.6761572859792002,VLG12BR_219,pop,DN,93104.96409035739,0.0,True
70199.8734378239,470.712,8413.23492096469,-3673.5853768472,6992.307823606848,51.3794880914603,4.400091864700416,22941.0,0.82,497.8008,3000.0,204.4763,1.6708944598385564,VLG12BR_219,pop,DN,92591.28295671029,0.0,True
70187.1441476178,478.3041,7609.737827811509,-5438.632932983694,7108.011872186221,51.36362603684219,4.388476599207216,23320.0,0.82,497.0289,3000.0,204.4736,1.6656785914219032,VLG12BR_219,pop,DN,92091.20116532707,0.0,True
70174.45192472967,485.8963,6807.5763409710335,-7200.967608058656,7223.7159207655795,51.34778721727345,4.376888659946542,23700.0,0.82,496.2558,3000.0,204.4706,1.6604901183333318,VLG12BR_219,pop,DN,91602.69600497356,0.0,True
70161.79637093878,493.4884,6006.762121473929,-8960.589513044095,7339.419969344917,51.33197163896176,4.365328168874978,24079.0,0.82,495.4815,3000.0,204.4672,1.6553583805600296,VLG12BR_219,pop,DN,91127.71841153568,0.0,True
70149.17704798866,501.0805,5207.307560148918,-10717.499064685564,7455.124017924229,51.316179304834186,4.353795258212959,24459.0,0.82,494.706,3000.0,204.4634,1.6502639257563754,VLG12BR_219,pop,DN,90664.36910940931,0.0,True
70136.5934780488,508.6726,4409.225661741452,-12471.696932157072,7570.828066503519,51.300410215365545,4.342290068363141,24839.0,0.82,493.9293,3000.0,204.4593,1.6452237023308203,VLG12BR_219,pop,DN,90213.61384538678,0.0,True
70124.04514419011,516.2648,3612.5299298669506,-14223.18398408739,7686.532115082786,51.28466436930003,4.330812746273017,25218.0,0.82,493.1514,2948.0,204.4547,1.632435382086077,VLG12BR_219,pop,DN,89064.86016371337,0.0,True
70111.58953747357,523.8569,2817.1739048239124,-15972.09393163667,7800.2242990262475,51.268940571159746,4.319362575461694,25591.0,0.82,492.3857,2872.0,204.4498,1.6156250373309793,VLG12BR_219,pop,DN,87604.3306485365,0.0,True
70099.25598171893,531.449,2023.1236153566267,-17718.53378661227,7910.988348844422,51.2532378653668,4.307939021096465,25955.0,0.82,491.6387,2796.0,204.4444,1.5983501048519533,VLG12BR_219,pop,DN,86162.59524764096,0.0,True
70087.047751235,539.0412,1230.3628762420983,-19462.57187911603,8018.824264536825,51.237555644059896,4.296541805607285,26308.0,0.82,490.9103,2720.0,204.4386,1.5806509992709974,VLG12BR_219,pop,DN,84740.40366833171,0.0,True
70074.96801435587,546.6333,438.87542577463023,-21204.27681910194,8123.73204610329,51.22189329681964,4.285170651326935,26653.0,0.82,490.2007,2644.0,204.4324,1.5625056300330704,VLG12BR_219,pop,DN,83334.68557158735,0.0,True
70063.01983350414,554.2254,-351.3551859532288,-22943.717438750005,8225.711693543735,51.206250194472,4.273827026784118,26987.0,0.819336,489.1131,2568.0,204.4257,1.5437662840439161,VLG12BR_219,pop,DN,81895.47900921041,0.0,True
70051.21124090512,561.8176,-1139.7046224860344,-24679.55116437534,8324.763206858117,51.19063841475647,4.2625164799959965,27312.0,0.818197,487.7632,2492.0,204.4187,1.524476466424525,VLG12BR_219,pop,DN,80437.4380594847,0.0,True
70039.54896096163,569.4097,-1925.7358565650975,-26410.845837880923,8420.886586046397,51.175066372211276,4.251246830441609,27628.0,0.816887,486.3314,2416.0,204.4113,1.504741109680466,VLG12BR_219,pop,DN,78984.5301792585,0.0,True
70028.03735136196,577.0018,-2709.304549505819,-28137.311953481585,8514.08183110856,51.1595366819872,4.2400200731422215,27933.0,0.8159,485.1135,2340.0,204.4034,1.4847508978080557,VLG12BR_219,pop,DN,77572.71499116882,0.0,True
70016.67691519432,584.5939,-3490.7444527281377,-29859.711917594894,8604.348942044582,51.14404249697309,4.2288313550917085,28229.0,0.814718,483.7998,2265.0,204.3953,1.4645463607341078,VLG12BR_219,pop,DN,76176.65670315691,0.0,True
70005.47196694431,592.1861,-4269.889680602211,-31577.705836649984,8691.68791885446,51.128586885166364,4.217682983310518,28516.0,0.813661,482.5808,2189.0,204.3867,1.4438241727501526,VLG12BR_219,pop,DN,74789.76062832086,0.0,True
69994.4243037376,599.7782,-5046.882673641999,-33291.631383544714,8776.098761538182,51.11316681919079,4.2065728517054275,28793.0,0.812527,481.3374,2113.0,204.3779,1.4227534380085785,VLG12BR_219,pop,DN,73412.32853891954,0.0,True
69983.53713060346,607.3703,-5821.674072943587,-35001.40152929032,8857.581470095727,51.09778309225054,4.195501599875404,29060.0,0.811517,480.1882,2037.0,204.3688,1.4014085116770565,VLG12BR_219,pop,DN,72056.32878543157,0.0,True
69972.81205017977,614.9625,-6594.406938302787,-36707.351618121036,8936.136044527104,51.08243269705451,4.184467119183997,29318.0,0.810474,479.0393,1961.0,204.3594,1.379740244380053,VLG12BR_219,pop,DN,70710.28998710144,0.0,True
69962.25175743995,622.5546,-7365.0734475627505,-38409.48221146833,9011.76248483231,51.06711563822143,4.173469459253241,29566.0,0.809392,477.8886,1885.0,204.3498,1.3577724649478737,VLG12BR_219,pop,DN,69374.03785506342,0.0,True
69951.85888037873,630.1467,-8133.6632978072275,-40107.785709964606,9084.460791011334,51.051831993798714,4.162508705128498,29805.0,0.808341,476.7764,1809.0,204.3399,1.3355255539747026,VLG12BR_219,pop,DN,68050.42991477944,0.0,True
69941.63544343376,637.7388,-8900.232064151158,-41802.397891816865,9154.23096306417,51.03658055139621,4.151584003254584,30034.0,0.807444,475.7762,1733.0,204.3299,1.3130655505909232,VLG12BR_219,pop,DN,66746.31649023821,0.0,True
69931.58245241412,645.331,-9664.954116567973,-43493.71511842007,9221.07300099083,51.02135775279892,4.14069281114558,30253.0,0.806216,474.6008,1657.0,204.3197,1.290243820721095,VLG12BR_219,pop,DN,65433.57334475495,0.0,True
69921.70445600871,652.9231,-10427.542832549707,-45181.11163419979,9284.986904791307,51.006169239349305,4.12983915209605,30463.0,0.805339,473.6529,1581.0,204.3095,1.2672854230679689,VLG12BR_219,pop,DN,64149.30204657916,0.0,True
69912.00082198267,660.5152,-11188.360390868553,-46865.39460812344,9345.972674465595,50.991007754587784,4.119017813836712,30663.0,0.804218,472.582,1505.0,204.2991,1.2440141666630635,VLG12BR_219,pop,DN,62860.67022272486,0.0,True
69902.4752636029,668.1074,-11947.205777521787,-48546.122710481846,9404.030310013704,50.97587727987213,4.1082316004049755,30853.0,0.803266,471.6305,1429.0,204.2886,1.2205824765324245,VLG12BR_219,pop,DN,61589.4462222511,0.0,True
69893.128342281,675.6995,-12704.26865128808,-50223.71713240431,9459.15981143563,50.96077403208594,4.0974777609453215,31034.0,0.80207,470.5565,1353.0,204.2782,1.1968417821624346,VLG12BR_219,pop,DN,60312.98471029881,0.0,True
69883.96358989073,683.2916,-13459.351089163712,-51897.73791247093,9511.361178731373,50.94570198070918,4.086759051862426,31205.0,0.801197,469.6921,1278.0,204.2677,1.1733012071106004,VLG12BR_219,pop,DN,59075.00782254453,0.0,True
69874.98025683033,690.8837,-14212.78910854564,-53568.9265482371,9560.634411900945,50.93065445788226,4.07607065024553,31367.0,0.799979,468.6464,1202.0,204.2573,1.1491558374503006,VLG12BR_219,pop,DN,57811.797570965995,0.0,True
69866.18244708248,698.4759,-14964.292060487374,-55236.63262802771,9606.979510944338,50.91563732803274,4.065416626995172,31519.0,0.798988,467.7536,1126.0,204.247,1.12492051760175,VLG12BR_219,pop,DN,56566.63743934439,0.0,True
69857.56995454423,706.068,-15714.106378524417,-56901.39482671995,9650.39647586156,50.90064574866272,4.0547934355724795,31661.0,0.797814,466.7743,1050.0,204.2367,1.100444476917284,VLG12BR_219,pop,DN,55318.76862829453,0.0,True
69849.1455087358,713.6601,-16462.095459661403,-58562.89966992182,9690.885306652612,50.88568255049613,4.044202960023862,31794.0,0.796828,465.9252,974.0,204.2265,1.0758782438987224,VLG12BR_219,pop,DN,54085.56683712006,0.0,True
69840.90901329594,721.2523,-17208.470844424177,-60221.60484044396,9728.446003317504,50.870743619333155,4.033642154952349,31917.0,0.795482,464.8863,898.0,204.2165,1.0510089064241388,VLG12BR_219,pop,DN,52840.75161014899,0.0,True
69832.8643281992,728.8444,-17952.93175622338,-61876.82730812485,9763.078565856242,50.8558351145091,4.0231152246609,32031.0,0.79456,464.115,822.0,204.2067,1.026180098247734,VLG12BR_219,pop,DN,51621.01939569691,0.0,True
69825.00944365474,736.4365,-18695.911201844407,-63529.513465174015,9794.782994268833,50.84094851930614,4.0126159965374,32135.0,0.793195,463.105,746.0,204.1971,1.0010201808474422,VLG12BR_219,pop,DN,50385.44407210813,0.0,True
69817.34865495075,744.0287,-19437.03180770038,-65178.8057107764,9823.559288555289,50.82609156579216,4.00214975430322,32230.0,0.792036,462.2355,670.0,204.1877,0.9758284307652381,VLG12BR_219,pop,DN,49163.97735169745,0.0,True
69809.88137239365,751.6208,-20176.524317224787,-66825.19700629875,9849.407448715634,50.81125982075138,3.991713188238138,32314.0,0.790833,461.3609,594.0,204.1785,0.9505210708968685,VLG12BR_219,pop,DN,47945.47560983073,0.0,True
69802.6087526232,759.2129,-20914.38666721713,-68468.66106585327,9872.327474749876,50.79645352790898,3.981306279375651,32390.0,0.789454,460.4032,518.0,204.1697,0.925001589936742,VLG12BR_219,pop,DN,46722.46882402543,0.0,True
69795.53284082882,766.805,-21650.493016691133,-70108.893722492,9892.319366658041,50.78167543465461,3.970930752664795,32455.0,0.788202,459.5395,442.0,204.1611,0.8994732551054967,VLG12BR_219,pop,DN,45509.83318866375,0.0,True
69788.653349537,774.3972,-22385.001196212863,-71746.22135544245,9909.383124440152,50.76692260735366,3.960584333862449,32511.0,0.786765,458.5879,367.0,204.1528,0.8740716333654575,VLG12BR_219,pop,DN,44307.18367260359,0.0,True
69781.97219039658,781.9893,-23117.778686639944,-73380.32163927563,9923.518748096265,50.75219795710015,3.9502688402769017,32557.0,0.785388,457.6913,291.0,204.1449,0.8483199463885558,VLG12BR_219,pop,DN,43096.38521815295,0.0,True
69775.48937034968,789.5814,-23848.921980235737,-75011.38142628198,9934.726237626444,50.7374998070341,3.939982863576447,32594.0,0.783826,456.7066,215.0,204.1374,0.8223868095484783,VLG12BR_219,pop,DN,41880.61849613183,0.0,True
69769.20660183567,797.1736,-24578.299483087998,-76639.07733099618,9943.005593030804,50.722831078146456,3.929728204480723,32621.0,0.782337,455.7842,139.0,204.1302,0.7964495632951312,VLG12BR_219,pop,DN,40671.6422439291,0.0,True
69763.12359560368,804.7657,-25306.02039463931,-78263.62204180536,9948.356814309569,50.70818986050208,3.9195032766890696,32639.0,0.780622,454.7497,63.0,204.1234,0.7703148975636149,VLG12BR_219,pop,DN,39455.65893058906,0.0,True
69757.24216350434,812.3578,-26031.915490296557,-79884.60551906622,9950.779901463424,50.69357985642696,3.909310405966859,32647.0,0.779256,453.9382,-0.0,204.117,0.748647362353098,VLG12BR_219,pop,DN,38451.86880536715,0.0,True
69751.52730713885,819.9499,-26756.34859297967,-81502.80702118725,9950.779901388849,50.67899404884361,3.899144434068589,32647.0,0.779199,453.905,-0.0,204.1111,0.7485610665898625,VLG12BR_219,pop,DN,38447.15088841757,0.0,True
69745.81323839028,827.5421,-27480.560651240823,-83120.96534873561,9950.779901314254,50.664407754753036,3.8889879181585596,32647.0,0.779235,453.9257,-0.0,204.1056,0.7485388130023085,VLG12BR_219,pop,DN,38446.50711301955,0.0,True
69740.09927678568,835.1342,-28204.650155885676,-84739.2671243828,9950.779901239648,50.64981929285695,3.8788394656831695,32647.0,0.779197,453.9034,-0.0,204.1005,0.7484654718527426,VLG12BR_219,pop,DN,38442.614060958855,0.0,True
69734.38596463688,842.7263,-28928.561383039436,-86357.55334292627,9950.779901165024,50.6352300973566,3.868699846575581,32647.0,0.779209,453.9109,-0.0,204.0959,0.7484275497213051,VLG12BR_219,pop,DN,38440.973315318726,0.0,True
69728.67292633295,850.3185,-29652.355021217,-87975.92419698536,9950.779901090385,50.620639265762016,3.8585681994555494,32647.0,0.779199,453.9051,-0.0,204.0918,0.748373826785061,VLG12BR_219,pop,DN,38438.327978943955,0.0,True
69722.96032966182,857.9106,-30376.023388641297,-89594.32618819393,9950.779901015732,50.60604728103051,3.8484446208799854,32647.0,0.779184,453.896,-0.0,204.0882,0.7483161861386645,VLG12BR_219,pop,DN,38435.43379678864,0.0,True
69717.24821501214,865.5027,-31099.575212392723,-91212.74168111487,9950.779900941068,50.59145430275352,3.8383289774674414,32647.0,0.779197,453.9037,-0.0,204.0851,0.7482785250480462,VLG12BR_219,pop,DN,38433.80912066138,0.0,True
69711.53637212316,873.0948,-31823.051153357825,-92831.22378747897,9950.779900866388,50.57685985248715,3.828220689771696,32647.0,0.779165,453.885,-0.0,204.0825,0.748209478548765,VLG12BR_219,pop,DN,38430.190597406494,0.0,True
69705.82513317802,880.687,-32546.42355080026,-94449.67217049285,9950.779900791695,50.56226483539846,3.8181201331154755,32647.0,0.779191,453.9002,-0.0,204.0804,0.7481807522637072,VLG12BR_219,pop,DN,38429.13301387285,0.0,True
69700.11406967946,888.2791,-33269.76106272666,-96068.20147234896,9950.779900716985,50.54766821793684,3.8080263378721484,32647.0,0.779151,453.8766,-0.0,204.0788,0.7481058837873713,VLG12BR_219,pop,DN,38425.14529673643,0.0,True
69694.40367173679,895.8712,-33993.01641732091,-97686.66653798842,9950.779900642263,50.53307130938379,3.7979399527048265,32647.0,0.779176,453.8916,-0.0,204.0777,0.7480769366578133,VLG12BR_219,pop,DN,38424.073060445466,0.0,True
69688.69345339904,903.4634,-34716.26580474322,-99305.19816017177,9950.779900567533,50.51847293024523,3.7878599041452947,32647.0,0.779152,453.8775,-0.0,204.0772,0.7480133757154419,VLG12BR_219,pop,DN,38420.803580220454,0.0,True
69682.98378088481,911.0555,-35439.477801393354,-100923.68611675291,9950.779900492787,50.50387407468477,3.777786619485574,32647.0,0.779128,453.8634,-0.0,204.0767,0.747949819667292,VLG12BR_219,pop,DN,38417.53494411021,0.0,True
71037.09172428463,0.0,34058.24855157534,101161.12164332422,30.480000304479823,52.321300505698744,4.779960154005953,100.0,0.3,198.3755,2549.0,183.0038,1.8596185680792128,VLG12BR_219,fuel,N,125532.8151788468,0.08769505812799615,True
71023.11104839637,7.5173,34018.390233021804,100401.53408054909,127.81898406507239,52.314472023905715,4.779296809862346,419.0,0.319802,211.2371,2624.0,183.0038,1.850447606730362,VLG12BR_219,fuel,N,121814.47516255235,0.06831797888915868,True
71009.19931728275,15.0345,33975.92649096295,99592.29446615135,228.0286318546081,52.30719717966894,4.778590334377335,748.0,0.340555,224.69,2699.0,194.2796,1.8411398406703614,VLG12BR_219,fuel,N,118708.19774536471,0.053435305394615905,True
70995.35774926242,22.5518,33763.22103210689,98756.5776435851,331.1089436733495,52.29969466275979,4.775377994843936,1086.0,0.362063,238.6012,2774.0,199.4167,1.8324742850172173,VLG12BR_219,fuel,N,116220.57696808205,0.046324751577305104,True
70981.58171404526,30.069,33458.66341999324,97892.54489509476,437.0599195213442,52.291942988835345,4.770813456361305,1434.0,0.384127,252.8365,2850.0,199.4202,1.8252200151975488,VLG12BR_219,fuel,N,114358.24289598013,0.04141650344144282,True
70967.86159877389,37.5863,33135.75858285515,96976.63742440009,545.8815593985531,52.28372573231678,4.7659757016623665,1791.0,0.406554,267.2664,2925.0,199.4268,1.8196113483978416,VLG12BR_219,fuel,N,113027.88717152378,0.03653881658187372,True
70954.18437575221,45.1035,32794.19944520926,96008.17491492146,657.5738633048137,52.275036759813666,4.760860455588517,2157.0,0.429164,281.7697,3000.0,199.4306,1.8159648192198659,VLG12BR_219,fuel,N,112206.72625552563,0.03266803952216985,True
70940.53538501948,52.6208,32433.933438143657,94986.88531646457,772.1368312394167,52.265873591828424,4.755467245662839,2533.0,0.451791,296.2364,3000.0,199.4322,1.8060830922561797,VLG12BR_219,fuel,N,110128.88164671398,0.029980409565032153,True
70926.96187628538,60.138,32054.943471414856,93912.61245182305,886.6997991762332,52.25623478677438,4.7497961509422675,2909.0,0.474822,310.9278,3000.0,199.4395,1.7980617762657793,VLG12BR_219,fuel,N,108576.19308342732,0.027278495204868136,True
70913.44996260584,67.6553,31656.833800824097,92784.59878104615,1001.2627671131323,52.24611351471868,4.743841650974851,3285.0,0.498093,325.7358,3000.0,199.4493,1.79220120253308,VLG12BR_219,fuel,N,107505.63728355739,0.025078033310624463,True
70899.9834326727,75.1726,31239.39396563274,91602.46424562161,1115.8257350500967,52.235506326791196,4.73760100782935,3661.0,0.521453,340.5613,3000.0,199.4524,1.7885800289133946,VLG12BR_219,fuel,N,106868.13094717701,0.023029279486705412,True
70886.54542318905,82.6898,30802.737144480503,90366.11891621893,1230.3887029871141,52.22441236254594,4.731076284303259,4037.0,0.544767,355.3159,3000.0,199.4508,1.7870961911078505,VLG12BR_219,fuel,N,106611.83530362761,0.02134818701601985,True
70873.11978647788,90.2071,30347.059380192088,89075.80483109585,1344.9516709241752,52.21283374072671,4.724270806210707,4413.0,0.567916,369.9221,3000.0,199.452,1.7875195686826457,VLG12BR_219,fuel,N,106684.67905633623,0.02082188540691517,True
70859.69206515353,97.7243,29872.49454524128,87732.10214989791,1459.5146388612725,52.200775622859155,4.717187030617502,4788.0,0.590798,384.3133,3000.0,199.454,1.7895507271629933,VLG12BR_219,fuel,N,107037.3209804547,0.020441425816230888,True
70846.25007619812,105.2416,29379.305676334996,86335.81660534124,1574.0776067984011,52.188245190752134,4.709829340837515,5164.0,0.613325,398.4336,3000.0,199.4509,1.7928389484033624,VLG12BR_219,fuel,N,107619.74548150436,0.020220331693850527,True
70832.78415915163,112.7588,28867.969739695895,84887.90614722754,1688.640574735556,52.17525098305867,4.702205278050538,5540.0,0.635425,412.2371,3000.0,199.4448,1.7970556893433258,VLG12BR_219,fuel,N,108388.80876332358,0.020145152133699117,True
70819.28716559257,120.2761,28338.98212390393,83389.5091265782,1803.2035426727343,52.16180315988374,4.694322670688161,5916.0,0.65704,425.687,3000.0,199.4414,1.8018924498714928,VLG12BR_219,fuel,N,109304.23863822129,0.020172511172763287,True
70805.75426982078,127.7933,27792.74289961095,81841.94669191641,1917.766510609932,52.1479135303014,4.686187964513662,6292.0,0.678124,438.7549,3000.0,199.4395,1.8070810966462703,VLG12BR_219,fuel,N,110329.90179161588,0.020324294129278702,True
70792.1826721636,135.3106,27229.70969452419,80246.63450774648,2032.3294785471464,52.133594750604495,4.677808454525207,6668.0,0.698643,451.4202,3000.0,199.4346,1.812400395137166,VLG12BR_219,fuel,N,111433.84881034195,0.020406571139920508,True
70778.57125265729,142.8278,26650.489926323924,78605.01951150227,2146.892446484375,52.118859751566106,4.669193627293871,7044.0,0.718573,463.6685,3000.0,199.4292,1.8176761969187978,VLG12BR_219,fuel,N,112588.09803086732,0.020504707964128555,True
70764.92021789767,150.3451,26055.649221637217,76918.6203939328,2261.455414421617,52.10372211244271,4.660352353804009,7419.0,0.737899,475.4917,3000.0,199.4278,1.8227867227540653,VLG12BR_219,fuel,N,113770.42027194938,0.020736633579631913,True
70751.23076989125,157.8624,25445.623443159733,75189.0349096925,2376.018382358871,52.088196130701235,4.651291601318307,7795.0,0.756612,486.8862,3000.0,199.428,1.8276251566366633,VLG12BR_219,fuel,N,114956.5754500567,0.020945730374052337,True
70737.50481395824,165.3796,24820.916406441775,73417.84969602023,2490.5813502961337,52.07229600159641,4.642019320676026,8171.0,0.774713,497.8531,3000.0,199.4273,1.8321410838202266,VLG12BR_219,fuel,N,116131.10612374969,0.021096473093024953,True
70723.74471250013,172.8969,24182.1120002281,71606.61860767369,2605.144318233404,52.05603562332739,4.6325446190547,8547.0,0.792205,508.3968,3000.0,199.4286,1.8363019798848454,VLG12BR_219,fuel,N,117296.08795605006,0.021603080542470104,True
70709.95263474807,180.4141,23529.688576254197,69756.9135904216,2719.707286170683,52.03942906301702,4.622875046758082,8923.0,0.809094,518.5214,3000.0,199.4332,1.8400931172735462,VLG12BR_219,fuel,N,118553.79944047544,0.022337358408941084,True
70696.12802952208,187.9314,22864.07996636609,67870.3049889429,2834.270254107969,52.02249037661657,4.613017489043512,9299.0,0.82,524.7871,3000.0,199.4363,1.841349650814666,VLG12BR_219,fuel,N,119222.72974301173,0.023196525716743188,True
70682.28694752626,195.4486,22190.30006227457,65960.86531845416,2948.8332220452576,52.005345872095205,4.603046537729763,9675.0,0.82,524.0622,3000.0,199.4375,1.838096970174098,VLG12BR_219,fuel,N,118252.6327152029,0.024152011109153423,True
70668.47002326061,202.9659,21517.416252488918,64054.089025077,3063.3961899825413,51.988224444053195,4.593096475292949,10051.0,0.82,523.3362,3000.0,199.4396,1.834722497101203,VLG12BR_219,fuel,N,117296.72146766479,0.02517582063008595,True
70654.67813481549,210.4831,20845.396336357724,62149.991620142784,3177.959157919821,51.97112623769945,4.583166791332965,10426.0,0.82,522.6093,3000.0,199.4402,1.8312360439797968,VLG12BR_219,fuel,N,116356.95621055442,0.026353471161235403,True
70640.91214624092,218.0004,20174.296960645654,60248.5572761791,3292.5221258570978,51.954051113018686,4.573258270805654,10802.0,0.82,521.8814,3000.0,199.4377,1.8276237430983338,VLG12BR_219,fuel,N,115429.21091043224,0.027551892274459956,True
70627.17290528618,225.5177,19504.217407713393,58349.75513503985,3407.0850937943696,51.93699879359117,4.5633723187348645,11178.0,0.82,521.1524,3000.0,199.4352,1.823895525615076,VLG12BR_219,fuel,N,114515.4068901629,0.028770464478572216,True
70613.46124121791,233.0349,18835.160362659964,56453.58845156177,3521.6480617316383,51.919969313509135,4.553508931726789,11554.0,0.82,520.4224,3000.0,199.4331,1.8200540039053095,VLG12BR_219,fuel,N,113615.48922614954,0.030003136980337755,True
70599.77796272418,240.5522,18167.116309788824,54560.06480297526,3636.211029668898,51.902962746129326,4.543667928846579,11930.0,0.82,519.6914,3000.0,199.4302,1.8161019923887398,VLG12BR_219,fuel,N,112729.38040021736,0.02957812203790435,True
70586.12385590974,248.0694,17500.110833281768,52669.17940122201,3750.7739976061544,51.88597905244142,4.5338496402351485,12306.0,0.82,518.9594,3000.0,199.4275,1.812042563605345,VLG12BR_219,fuel,N,111857.0044187178,0.027350480987832146,True
70572.49968238773,255.5867,16834.136364700415,50780.93917285213,3865.336965543404,51.869018299891835,4.524053913377044,12682.0,0.82,518.2263,3000.0,199.425,1.807878956729449,VLG12BR_219,fuel,N,110998.2649068734,0.02517317032656334,True
70558.90617747189,263.1039,16169.19176097054,48895.34879526267,3979.8999334806513,51.85208053545985,4.514280689458475,13057.0,0.82,517.4922,3000.0,199.4215,1.8036245933025887,VLG12BR_219,fuel,N,110154.89360247145,0.023047750656227578,True
70545.344048472,270.6212,15505.308367965963,47012.40150855923,4094.462901417891,51.83516570234272,4.5045303821211045,13433.0,0.82,516.7571,3000.0,199.4164,1.7992638666036782,VLG12BR_219,fuel,N,109323.22545830115,0.020991509439826448,True
70531.81397309508,278.1384,14842.539541706732,45132.082819200725,4209.025869355124,51.81827367373595,4.494803724401244,13809.0,0.82,516.0209,3000.0,199.4097,1.7948102247114956,VLG12BR_219,fuel,N,108504.98184867224,0.01904038017700753,True
70518.31659795353,285.6557,14180.93726925882,43254.378750134514,4323.588837292354,51.801404327751264,4.4851014285516575,14185.0,0.82,515.2837,3000.0,199.4019,1.7902678981179028,VLG12BR_219,fuel,N,107700.11638269332,0.01719239271342308,True
70504.85253718166,293.1729,13520.5396077827,41379.28026883054,4438.151805229575,51.7845575875325,4.475424003648102,14561.0,0.82,514.5454,3000.0,199.3928,1.7856411279668163,VLG12BR_219,fuel,N,106908.54253545048,0.015417573451103068,True
70491.42237115945,300.6902,12861.392060119259,39506.77575750063,4552.714773166789,51.7677333529636,4.465772066272352,14937.0,0.82,513.806,3000.0,199.3832,1.7809343928630728,VLG12BR_219,fuel,N,106130.19674072292,0.013708209199730637,True
70478.02664534416,308.2075,12203.50882786611,37636.86465356132,4667.277741103998,51.75093162422708,4.456145777959418,15313.0,0.82,513.0656,3000.0,199.3744,1.7761523970424662,VLG12BR_219,fuel,N,105365.0367894629,0.012064871330901691,True
70464.66586920788,315.7247,11546.86370795731,35769.56062890475,4781.840709041199,51.73415253039713,4.446544713850405,15688.0,0.82,512.3241,3000.0,199.3672,1.7713109984326727,VLG12BR_219,fuel,N,104614.55799537923,0.011374023554243027,True
70451.34051527933,323.242,10891.407972147148,33904.885278290596,4896.403676978391,51.717396272092685,4.436968122979424,16064.0,0.82,511.5815,3000.0,199.3612,1.7663928389388515,VLG12BR_219,fuel,N,103875.52188860154,0.010752039325837825,True
70438.0510182882,330.7592,10237.100257777907,32042.85760630823,5010.966644915579,51.700663026254595,4.427415362218248,16440.0,0.82,510.8378,3000.0,199.3566,1.7614139024663338,VLG12BR_219,fuel,N,103149.47692449592,0.010136542062862791,True
70424.79777440905,338.2765,9583.899135063235,30183.496645699106,5125.529612852756,51.6839529698644,4.417885788358799,16816.0,0.82,510.0931,3000.0,199.3524,1.7563793216199333,VLG12BR_219,fuel,N,102436.3870634207,0.009545525295605456,True
70411.58114060169,345.7937,8931.791548824918,28326.811471120578,5240.092580789924,51.66726618968441,4.408379170253847,17192.0,0.82,509.3473,3000.0,199.3477,1.751294136310985,VLG12BR_219,fuel,N,101736.18087863277,0.009066705962137026,True
70398.40143404539,353.311,8280.792195694545,26472.801428680188,5354.655548727083,51.65060268449778,4.398895679130331,17568.0,0.82,508.6004,3000.0,199.3423,1.74616353014647,VLG12BR_219,fuel,N,101048.80793241494,0.00896359680230153,True
70385.25893166248,360.8282,7630.9290313214315,24621.461233767288,5469.218516664232,51.633962411312766,4.389435678065774,17944.0,0.82,507.8523,3000.0,199.3358,1.740992654008107,VLG12BR_219,fuel,N,100374.20234688133,0.008853024398683927,True
70372.1538697284,368.3455,6982.233687600829,22772.784340429396,5583.781484601371,51.617345315859914,4.3799995829534275,18319.0,0.82,507.1032,3000.0,199.3281,1.7357990181623608,VLG12BR_219,fuel,N,99713.72644039823,0.008737212169034869,True
70359.08644356353,375.8628,6334.750275540988,20926.759857382396,5698.344452538501,51.60075130477817,4.370587989816504,18695.0,0.82,506.353,3000.0,199.319,1.7305637606267195,VLG12BR_219,fuel,N,99064.54300401808,0.008616257140493681,True
70346.05680730334,383.38,5688.519222582157,19083.378224666674,5812.90742047562,51.5841802969007,4.361201440687046,19071.0,0.82,505.6016,3000.0,199.3093,1.7253040970198534,VLG12BR_219,fuel,N,98427.99553142651,0.008524078094632894,True
70333.06507374196,390.8973,5043.565280191113,17242.63541608368,5927.47038841273,51.56763226113308,4.351840250248066,19447.0,0.82,504.8492,3000.0,199.2991,1.7200254996082338,VLG12BR_219,fuel,N,97804.07799409592,0.008484616279499636,True
70320.11131424537,398.4145,4399.902532604563,15404.53117507354,6042.033356349823,51.55110720045778,4.3425045786155945,19823.0,0.82,504.0956,3000.0,199.2886,1.7147331223403297,VLG12BR_219,fuel,N,97192.72007495271,0.008450939501239136,True
70307.19555872974,405.9318,3757.541586637325,13569.06649068756,6156.596324286906,51.534605129124735,4.333194535505292,20199.0,0.82,503.3409,3000.0,199.2775,1.7094323400071716,VLG12BR_219,fuel,N,96593.90356146754,0.006765485054626776,True
70294.31779570032,413.449,3116.503130295368,11736.23885288336,6271.15929222398,51.51812602988512,4.323910376224148,20575.0,0.82,502.585,3000.0,199.2656,1.7041283539044918,VLG12BR_219,fuel,N,96007.58046763644,0.0036002082730975894,True
70281.47797234672,420.9663,2476.8109313927894,9906.044709151884,6385.722260161039,51.50166987616998,4.31465240030713,20951.0,0.82,501.8281,3000.0,199.2528,1.6988265564475622,VLG12BR_219,fuel,N,95433.75240951523,0.0004169195227131078,True
70268.67599469052,428.4835,1838.494587800871,8078.478507867923,6500.28522809809,51.48523662348993,4.305420991160627,21326.0,0.82,501.0699,3000.0,199.2394,1.6935443569663862,VLG12BR_219,fuel,N,94873.49063218094,0.0,True
70255.9117277801,436.0008,1201.5762380850808,6253.537343701375,6614.8481960351255,51.46882625125905,4.296216424088737,21702.0,0.82,500.3107,3000.0,199.2255,1.6882622942322256,VLG12BR_219,fuel,N,94324.49906101776,0.0,True
70243.18499592948,443.518,566.0691190568643,4431.2214540531195,6729.41116397215,51.45243876716882,4.287038845641102,22078.0,0.82,499.5502,3000.0,199.2112,1.6829976931114787,VLG12BR_219,fuel,N,93787.8844974658,0.0,True
70230.49558299646,451.0353,-68.01260043216874,2611.530783371121,6843.974131909157,51.43607417597932,4.277888415682983,22454.0,0.82,498.7886,3000.0,199.1962,1.6777557526788205,VLG12BR_219,fuel,N,93263.65826776583,0.0,True
70217.8432326959,458.5526,-700.6476651907021,794.4628419909222,6958.53709984615,51.419732457344146,4.268765397793941,22830.0,0.82,498.0259,3000.0,199.1801,1.672541472210424,VLG12BR_219,fuel,N,92751.80448317772,0.0,True
70205.22764894484,466.0698,-1331.7997787860315,-1019.990051831251,7073.10006778313,51.403413537592115,4.259670309810697,23206.0,0.82,497.262,3000.0,199.1626,1.6673597268267184,VLG12BR_219,fuel,N,92252.29640908436,0.0,True
70192.64849623507,473.5871,-1961.426996836384,-2831.837486683334,7187.663035720096,51.38711735471846,4.250603695547814,23582.0,0.82,496.4969,3000.0,199.1441,1.6622153886556565,VLG12BR_219,fuel,N,91765.12506947278,0.0,True
70180.10540002983,481.1043,-2589.4943285130175,-4641.086572665322,7302.226003657047,51.37084384882768,4.241565989946403,23957.0,0.82,495.7306,3000.0,199.1245,1.6571253842456826,VLG12BR_219,fuel,N,91291.22818741183,0.0,True
70167.59794718116,488.6216,-3215.971937273547,-6447.742572626089,7416.788971593979,51.3545929779088,4.232557575571891,24333.0,0.82,494.9631,3000.0,199.1041,1.6520701006021898,VLG12BR_219,fuel,N,90828.6875281618,0.0,True
70155.12568636399,496.1388,-3840.8324662720293,-8251.809834364603,7531.351939530893,51.338364709009966,4.223578800000349,24709.0,0.82,494.1945,3000.0,199.0842,1.6470664319692467,VLG12BR_219,fuel,N,90378.48962621458,0.0,True
70142.68812852459,503.6561,-4464.091797746179,-10053.277691779913,7645.914907467793,51.3221591440838,4.2146293881644095,25085.0,0.82,493.4246,2975.0,199.066,1.6383988095359612,VLG12BR_219,fuel,N,89598.68436767363,0.0,True
70130.31225640926,511.1733,-5085.826223580011,-11852.188550539095,7759.514480893342,51.30597590719379,4.205708197190994,25458.0,0.82,492.66,2900.0,199.0497,1.6219603781188485,VLG12BR_219,fuel,N,88148.66241050439,0.0,True
70118.05482875122,518.6906,-5706.147953499473,-13648.66895221837,7870.243390289957,51.28981386504392,4.196813571070628,25821.0,0.82,491.9136,2824.0,199.0366,1.6049159913333129,VLG12BR_219,fuel,N,86704.57899424029,0.0,True
70105.91906274449,526.2079,-6325.18073802108,-15442.746695603208,7978.101635657267,51.273672771718005,4.18794368943825,26175.0,0.82,491.1855,2749.0,199.027,1.5875870331915556,VLG12BR_219,fuel,N,85292.25452457067,0.0,True
70093.90807388809,533.7251,-6943.0581098422435,-17234.446581263182,8083.089216995144,51.25755240758819,4.179096594135805,26519.0,0.82,490.4757,2674.0,199.0193,1.5698449954210556,VLG12BR_219,fuel,N,83897.99782404484,0.0,True
70082.02487587053,541.2424,-7559.861659394611,-19023.8116692187,8185.2061343035275,51.241452388913046,4.170271076554152,26854.0,0.819967,489.7648,2599.0,199.0135,1.5516825133605334,VLG12BR_219,fuel,N,82517.76499351242,0.0,True
70070.27262692171,548.7596,-8175.648220509223,-20810.813906178657,8284.452387582387,51.22537297147669,4.1614662840206735,27180.0,0.818765,488.3748,2524.0,199.0084,1.5327684229513376,VLG12BR_219,fuel,N,81063.62888372672,0.0,True
70058.66309969212,556.2769,-8789.582340509398,-22592.95762965476,8380.827976831695,51.20933661632592,4.152694112910109,27496.0,0.817597,487.0255,2449.0,199.0017,1.5134913217987245,VLG12BR_219,fuel,N,79630.6961502624,0.0,True
70047.19905529695,563.7941,-9401.666268545061,-24370.405427533395,8474.332902051432,51.19334186800803,4.143954475067836,27803.0,0.816463,485.7176,2373.0,198.995,1.4936515697426245,VLG12BR_219,fuel,N,78203.26196560696,0.0,True
70035.88314027456,571.3114,-10011.952503173923,-26143.30424285577,8564.967163241594,51.17738741084045,4.135246562492028,28100.0,0.815353,484.4437,2298.0,198.9855,1.4736679647269535,VLG12BR_219,fuel,N,76807.78230495108,0.0,True
70024.71798454435,578.8286,-10620.396827243016,-27911.80527468519,8652.730760402166,51.16147189241764,4.126570956543876,28388.0,0.814267,483.2045,2223.0,198.9718,1.4533464286638784,VLG12BR_219,fuel,N,75428.82530498496,0.0,True
70013.70611021642,586.3459,-11226.911472581385,-29676.076343140216,8737.62369353314,51.14559381187431,4.117928863827648,28667.0,0.813204,481.9989,2148.0,198.9594,1.4326993970558197,VLG12BR_219,fuel,N,74065.35120148888,0.0,True
70002.84995172128,593.8631,-11831.582127108308,-31436.221734607338,8819.645962634511,51.129752236448496,4.109319002800531,28936.0,0.812166,480.8291,2073.0,198.9455,1.4117538703136647,VLG12BR_219,fuel,N,72717.32677170062,0.0,True
69992.15182082566,601.3804,-12434.408993099667,-33192.38353026788,8898.797567706275,51.113945894956835,4.100741320491501,29196.0,0.811123,479.6757,1998.0,198.9275,1.390498954073309,VLG12BR_219,fuel,N,71381.28297058688,0.0,True
69981.6141786647,608.8977,-13035.285819533094,-34944.66118720766,8975.078508748435,51.09817390194752,4.09219728803851,29446.0,0.810089,478.5487,1922.0,198.912,1.3687281467421193,VLG12BR_219,fuel,N,70044.03441870835,0.0,True
69971.23926824598,616.4149,-13634.324931766221,-36693.120166403234,9048.488785760974,51.08243567288325,4.083685245030387,29687.0,0.809071,477.4505,1847.0,198.8953,1.3469095366714712,VLG12BR_219,fuel,N,68732.73987526781,0.0,True
69961.02921334343,623.9322,-14231.526357962994,-38437.8739695436,9119.028398743907,51.06673019349242,4.0752051428858165,29918.0,0.808037,476.3637,1772.0,198.8739,1.3248269572722555,VLG12BR_219,fuel,N,67431.49238739282,0.0,True
69950.98626939519,631.4494,-14826.76328929732,-40179.008111149866,9186.69734769722,51.05105670446446,4.066758747361061,30140.0,0.807002,475.2962,1697.0,198.8553,1.3024827520900777,VLG12BR_219,fuel,N,66139.95469994958,0.0,True
69941.11250553331,638.9667,-15420.144678814517,-41916.55978325767,9251.495632620918,51.035414875180734,4.058344448799143,30353.0,0.805964,474.2468,1622.0,198.8371,1.2798872012148879,VLG12BR_219,fuel,N,64857.463863469435,0.0,True
69931.40992000248,646.4839,-16011.70895516099,-43650.58562047003,9313.423253515002,51.01980420167067,4.049961649219283,30556.0,0.804937,473.2242,1546.0,198.821,1.2568059706494787,VLG12BR_219,fuel,N,63570.517699534845,0.0,True
69921.88031752255,654.0012,-16601.55320392624,-45381.157769704536,9372.480210379468,51.00422403856622,4.041608914382316,30750.0,0.803888,472.2086,1471.0,198.8089,1.2337462307039955,VLG12BR_219,fuel,N,62304.80055761697,0.0,True
69912.52566955295,661.5184,-17189.80469377115,-47108.25675976752,9428.666503214325,50.98867456310311,4.033284376997949,30934.0,0.80285,471.2201,1396.0,198.7983,1.2104848722142072,VLG12BR_219,fuel,N,61047.90979384392,0.0,True
69903.34761080524,669.0357,-17776.543988833466,-48831.961547005405,9481.982132019566,50.97315506825182,4.0249868441714725,31109.0,0.801801,470.2448,1321.0,198.7918,1.1870112072016585,VLG12BR_219,fuel,N,59797.65630548392,0.0,True
69894.34786900759,676.553,-18361.910853946218,-50552.273722367645,9532.427096795187,50.95766554049085,4.0167142760848105,31274.0,0.800759,469.2933,1246.0,198.7854,1.163354460182138,VLG12BR_219,fuel,N,58555.01177979438,0.0,True
69885.52795311707,684.0702,-18945.938665416023,-52269.27529650462,9580.001397541202,50.942205246010566,4.008466158404868,31430.0,0.799697,468.3506,1171.0,198.7812,1.1395026588139645,VLG12BR_219,fuel,N,57317.81681484139,0.0,True
69876.889480629,691.5875,-19528.702408939527,-53982.97169068719,9624.705034257608,50.92677413820733,4.000241380311396,31577.0,0.798638,467.4297,1095.0,198.7752,1.1151855767941772,VLG12BR_219,fuel,N,56072.37220559219,0.0,True
69868.43381986266,699.1047,-20110.173123772864,-55693.45749653556,9666.538006944409,50.911371371888436,3.992040320130668,31714.0,0.797561,466.518,1020.0,198.7683,1.0909907359079296,VLG12BR_219,fuel,N,54846.58976362257,0.0,True
69860.16241314654,706.622,-20690.33721126306,-57400.770492208874,9705.500315601608,50.8959966123364,3.9838631341040465,31842.0,0.796455,465.6087,945.0,198.7645,1.0666255773328137,VLG12BR_219,fuel,N,53624.74204386388,0.0,True
69852.07670395773,714.1392,-21269.287665404154,-59104.884129227285,9741.591960229209,50.88065009941076,3.975708455519233,31961.0,0.795351,464.7213,870.0,198.7601,1.0421143390473935,VLG12BR_219,fuel,N,52408.16002305134,0.0,True
69844.17780375139,721.6565,-21847.03113973394,-60805.88108882677,9774.81294082721,50.86533109355783,3.9675761562215492,32070.0,0.794188,463.819,795.0,198.7573,1.0174497851228599,VLG12BR_219,fuel,N,51193.988344611134,0.0,True
69836.46720091686,729.1737,-22423.59847216567,-62503.68492022095,9805.163257395632,50.85004028532909,3.9594657545218968,32169.0,0.793021,462.9338,720.0,198.7581,0.9926658308080972,VLG12BR_219,fuel,N,49984.58595651998,0.0,True
69828.9458904605,736.691,-22999.11571468066,-64198.31837021293,9832.642909934477,50.83477746922414,3.951375419476247,32259.0,0.791801,462.0378,644.0,198.7582,0.9674282037530824,VLG12BR_219,fuel,N,48762.454552559815,0.0,True
69821.61512906002,744.2082,-23573.54721618965,-65889.74486101465,9857.251898443754,50.81954297938492,3.943305620717772,32340.0,0.790552,461.1445,569.0,198.7536,0.94237239916018,VLG12BR_219,fuel,N,47557.71737305019,0.0,True
69814.47591393768,751.7255,-24146.755342690125,-67578.01709188423,9878.990222923474,50.80433635149054,3.9352582842684987,32411.0,0.789254,460.2421,494.0,198.7469,0.9172016446086048,VLG12BR_219,fuel,N,46355.05710238616,0.0,True
69807.5292971812,759.2428,-24718.669550352715,-69263.11700940313,9897.857883373663,50.789157755143755,3.927234374863278,32473.0,0.78791,459.3326,419.0,198.74,0.8919148616747695,VLG12BR_219,fuel,N,45154.07897360959,0.0,True
69800.77621198885,766.76,-25289.26922275955,-70945.01767918613,9913.85487979434,50.77400743787548,3.9192341453421715,32526.0,0.786525,458.4183,344.0,198.7318,0.8665229093609847,VLG12BR_219,fuel,N,43954.81260925524,0.0,True
69794.21746611425,774.2773,-25858.512560647403,-72623.70915094158,9926.98121218554,50.75888549549195,3.911258150492073,32569.0,0.785077,457.4872,269.0,198.7256,0.8410328541780434,VLG12BR_219,fuel,N,42756.57586555095,0.0,True
69787.85392400376,781.7945,-26426.435864656847,-74299.10512000705,9937.236880547307,50.7437927070146,3.9033058289725666,32602.0,0.783564,456.5375,193.0,198.7196,0.8151269404859001,VLG12BR_219,fuel,N,41544.29636727198,0.0,True
69781.68637255885,789.3118,-26993.02210750284,-75971.1307490324,9944.62188487974,50.728729750679406,3.8953773782205277,32627.0,0.781996,455.575,118.0,198.7159,0.7894429050006042,VLG12BR_219,fuel,N,40347.10285135042,0.0,True
69775.71542877132,796.829,-27558.321156818783,-77639.71166749008,9949.136225183005,50.71369729736662,3.887472045037435,32642.0,0.780342,454.5816,43.0,198.7168,0.763668021819782,VLG12BR_219,fuel,N,39149.481665864085,0.0,True
69769.94183596835,804.3463,-28122.42870517346,-79304.68428555127,9950.779901457609,50.69869681786038,3.879588419379875,32647.0,0.77936,453.9986,-0.0,198.7131,0.7488232475595531,VLG12BR_219,fuel,N,38461.349426225264,0.0,True
69764.28177111027,811.8635,-28685.71220821963,-80967.57839562219,9950.779901383437,50.68371454035173,3.871721367598836,32647.0,0.779359,453.9978,-0.0,198.7101,0.7487758982329102,VLG12BR_219,fuel,N,38459.101194688934,0.0,True
69758.62207705608,819.3808,-29248.905725458742,-82630.49991959875,9950.779901309257,50.668731491884124,3.8638606162506273,32647.0,0.779362,453.9999,-0.0,198.7147,0.7487320028583497,VLG12BR_219,fuel,N,38457.073063891046,0.0,True
69752.96271874035,826.8981,-29812.235819437294,-84293.38352645915,9950.779901235072,50.65374824914304,3.8560029396210895,32647.0,0.779375,454.0076,-0.0,198.7114,0.7486947739417427,VLG12BR_219,fuel,N,38455.469762075336,0.0,True
69747.30362496283,834.4153,-30375.47910245008,-85956.32806627515,9950.779901160871,50.63876393515944,3.848151509435031,32647.0,0.779376,454.0079,-0.0,198.7023,0.7486487529455716,VLG12BR_219,fuel,N,38453.30588214944,0.0,True
69741.6448886505,841.9326,-30938.459368626838,-87619.36289490816,9950.77990108667,50.623778296253,3.8403088192852683,32647.0,0.779388,454.0148,-0.0,198.7028,0.7486105902694071,VLG12BR_219,fuel,N,38451.64276969269,0.0,True
69735.98642673549,849.4498,-31501.463626656558,-89282.41786832143,9950.779901012453,50.6087919489361,3.8324707872399735,32647.0,0.779378,454.0092,-0.0,198.7018,0.7485575630820986,VLG12BR_219,fuel,N,38449.0321698308,0.0,True
69730.32839699858,856.9671,-32064.430526321612,-90945.46235030274,9950.779900938225,50.59380517267472,3.8246382744581777,32647.0,0.779374,454.0066,-0.0,198.6918,0.7485081110480039,VLG12BR_219,fuel,N,38446.64941897763,0.0,True
69724.67076055173,864.4843,-32627.104592513067,-92608.59543875966,9950.779900863983,50.57881709143378,3.8168149013942294,32647.0,0.779345,453.99,-0.0,198.6893,0.7484420037600932,VLG12BR_219,fuel,N,38443.205910590346,0.0,True
69719.01369276154,872.0016,-33189.68683399236,-94271.69194369615,9950.77990078973,50.56382882095158,3.8089978018657313,32647.0,0.779322,453.9763,-0.0,198.6933,0.7483793524928715,VLG12BR_219,fuel,N,38439.98308514961,0.0,True
69713.3571581692,879.5188,-33752.36637898714,-95934.69938721781,9950.779900715475,50.54884082299082,3.801184287408223,32647.0,0.779296,453.9611,-0.0,198.6862,0.7483149209938544,VLG12BR_219,fuel,N,38436.647512351105,0.0,True
69707.70117444904,887.0361,-34314.82172485062,-97597.72072427004,9950.77990064121,50.53385219108949,3.7933789114574203,32647.0,0.779268,453.9451,-0.0,198.6798,0.7482495423936313,VLG12BR_219,fuel,N,38433.252329675764,0.0,True
69702.04575155371,894.5533,-34877.07238909121,-99260.74603129672,9950.77990056693,50.51886301456185,3.785581388425498,32647.0,0.779254,453.937,-0.0,198.6855,0.7481935701096463,VLG12BR_219,fuel,N,38430.45567782105,0.0,True
69696.39079023538,902.0706,-35439.477801392706,-100923.6861167506,9950.779900492647,50.50387407468479,3.7777866194855827,32647.0,0.77924,453.929,-0.0,198.6912,0.7481377217270346,VLG12BR_219,fuel,N,38427.66708788036,0.0,True
71037.09173568721,0.0,34058.248665650455,101161.12165061983,30.480000089425292,52.32130050575731,4.779960155684999,100.0,0.3,198.3755,2141.0,183.0038,1.8139920796665043,VLG12BR_219,pop,N,111775.50493967986,0.08769505841800845,True
71022.92826537124,7.8063,34016.758023952214,100370.42599315551,115.39553984433518,52.31419237072524,4.7792696499054435,379.0,0.325076,214.7512,2219.0,183.0038,1.7930073075465485,VLG12BR_219,pop,N,107649.96320135638,0.069125702252682,True
71008.92910177326,15.6126,33971.82214938681,99514.07382724676,203.40672858104844,52.306493997136776,4.778522062046866,667.0,0.351311,231.8513,2297.0,175.607,1.7747309559201445,VLG12BR_219,pop,N,104576.68667729432,0.05463933694799519,True
70995.07356291969,23.4188,34042.7650421454,98590.61351095377,294.5135666128281,52.29818498279751,4.779471922992115,966.0,0.378356,249.4417,2375.0,177.3441,1.7609476484019861,VLG12BR_219,pop,N,102490.28101427172,0.04748725143564361,True
70981.32695437918,31.2251,34088.954721850685,97594.89141117083,388.7160540228504,52.28922764279407,4.780050193942447,1275.0,0.405883,267.3033,2454.0,179.042,1.7526926502563047,VLG12BR_219,pop,N,101317.6602178502,0.042404697895793826,True
70967.64779700688,39.0314,34106.81944329126,96526.55864796204,486.0141908336213,52.27961906549509,4.780204541264856,1595.0,0.433597,285.2386,2532.0,179.605,1.749609735433463,VLG12BR_219,pop,N,100892.83228374063,0.03762818854880176,True
70953.99432521721,46.8377,34114.68258207579,95386.1307780845,586.4079770334287,52.269362757384926,4.780204551036355,1924.0,0.461239,303.075,2610.0,176.2072,1.7513147642826483,VLG12BR_219,pop,N,101126.94418411245,0.03294315027844226,True
70940.32916689203,54.6439,34194.85548187647,94176.76714198048,689.8974125831403,52.258482042491835,4.78125993071404,2263.0,0.488588,320.6658,2688.0,171.1083,1.7568842993400169,VLG12BR_219,pop,N,101906.48514431721,0.030010759788274173,True
70926.62204708176,62.4502,34393.09963631667,92909.5989275931,796.4824974120314,52.24707415020588,4.784043131944917,2613.0,0.515459,337.8886,2766.0,168.6208,1.7652616529731675,VLG12BR_219,pop,N,103124.94691207657,0.027461876530290745,True
70912.85082231258,70.2565,34659.78316977163,91584.51321093521,906.1632313920534,52.2351410587639,4.787823933778485,2973.0,0.541703,354.6443,2844.0,168.5887,1.7754267275130238,VLG12BR_219,pop,N,104686.77693526272,0.024679131211189944,True
70899.00130148912,78.0628,34940.50301164433,90193.71949374613,1018.93961427566,52.22261605398398,4.7918019762088555,3343.0,0.567201,370.8548,2922.0,170.348,1.78647913731163,VLG12BR_219,pop,N,106506.069868447,0.022580426527231412,True
70885.06630017165,85.8691,35189.28594212126,88730.89763867394,1134.8116454466572,52.20944520550385,4.795301605562086,3723.0,0.591862,386.4606,3000.0,171.8229,1.7976926273334455,VLG12BR_219,pop,N,108507.25909777079,0.02115700990740832,True
70871.04430222348,93.6753,35409.23150812813,87200.24696372225,1253.7793214675387,52.19566612107946,4.7983690093589635,4113.0,0.615618,401.4188,3000.0,172.7011,1.801890038536859,VLG12BR_219,pop,N,109303.77283757315,0.01993659880653521,True
70856.99031360899,101.4816,35613.33949761403,85606.69904142157,1372.746999320727,52.181322347136565,4.801195640485186,4504.0,0.638842,415.9864,3000.0,173.0564,1.8069180089239778,VLG12BR_219,pop,N,110296.92598848954,0.018932735764049028,True
70842.8975828758,109.2879,35814.64635185268,83953.73519272705,1491.7146772528192,52.16644436521034,4.803973124557098,4894.0,0.661469,430.1231,3000.0,172.9173,1.8124332818769213,VLG12BR_219,pop,N,111440.85293461726,0.01800685250589319,True
70828.76216250802,117.0942,36026.97735933586,82244.83248967475,1610.682355247448,52.15106254916285,4.806904408789246,5284.0,0.67206,436.403,3000.0,172.4511,1.8134024777391557,VLG12BR_219,pop,N,111648.30718950959,0.017176305847878704,True
70814.6194121986,124.9005,36256.52317373695,80512.67587312263,1729.6500332539802,52.1354704163488,4.810083430661508,5675.0,0.678286,439.8321,3000.0,172.118,1.812580492419871,VLG12BR_219,pop,N,111472.2335558906,0.016923157991946745,True
70800.48325261436,132.7067,36498.02841439181,78768.22456750306,1848.6177112382036,52.11976684848281,4.813434096448022,6065.0,0.684734,443.3928,3000.0,171.8018,1.811837645026981,VLG12BR_219,pop,N,111314.34953452526,0.016822078626720974,True
70786.35312584702,140.513,36751.19865341644,77010.96121878565,1967.585389199851,52.103947198152376,4.816951834807835,6455.0,0.691266,446.9951,3000.0,171.51,1.8111095890049094,VLG12BR_219,pop,N,111160.7288287338,0.016737278020483266,True
70772.22891720469,148.3193,37015.4528128911,75240.68379337327,2086.553067138369,52.08800967251398,4.820627915985511,6846.0,0.697915,450.6606,3000.0,171.2651,1.8104029908660884,VLG12BR_219,pop,N,111012.67737089898,0.016648935061389255,True
70758.11039866219,156.1256,37289.510500691555,73456.9852301614,2205.5207450533876,52.07195068228259,4.824443366040326,7236.0,0.704235,454.1012,3000.0,171.0763,1.8095385000558675,VLG12BR_219,pop,N,110832.91364742632,0.016564046613227187,True
70743.99886730687,163.9318,37571.58950479834,71660.53381681815,2324.48842294719,52.055776344481345,4.828372014297418,7626.0,0.709105,456.5951,3000.0,171.1433,1.808005194075262,VLG12BR_219,pop,N,110517.6969334016,0.016300242640905235,True
70729.89955386372,171.7381,37853.10887396835,69853.84746495825,2443.456100823441,52.039509875710245,4.832288538582374,8017.0,0.71365,458.8704,3000.0,171.6828,1.8062781614469365,VLG12BR_219,pop,N,110168.02827076484,0.015966154302767786,True
70715.81390953912,179.5444,38118.927758113154,68035.54049356325,2562.4237786832223,52.02313985389293,4.835971501818651,8407.0,0.71794,460.9729,3000.0,172.6802,1.8044008449934603,VLG12BR_219,pop,N,109794.14581660426,0.015629638920096455,True
70701.74317506164,187.3507,38354.13254322774,66204.4996192765,2681.391456527363,52.00665731717009,4.839203138891453,8797.0,0.72207,462.964,3000.0,174.1258,1.802404369917164,VLG12BR_219,pop,N,109403.34767983726,0.015286859549948703,True
70687.68828372755,195.157,38543.88902775969,64360.14713375038,2800.3591343562102,51.990058134083284,4.841767227607762,9188.0,0.726487,465.1303,3000.0,175.9906,1.8004818470275141,VLG12BR_219,pop,N,109033.39390842765,0.014951507564124767,True
70673.64859076042,202.9632,38674.13726896262,62501.910731855314,2919.3268121695155,51.97333817717078,4.843459176822787,9578.0,0.73125,467.5088,3000.0,178.0767,1.7986802868583984,VLG12BR_219,pop,N,108692.16446818478,0.014704201816817628,True
70659.62322099207,210.7695,38736.976686797614,60630.6099501,3038.294489965374,51.956505402210986,4.8441647503054375,9968.0,0.736166,469.975,3000.0,180.3076,1.7969041567676074,VLG12BR_219,pop,N,108360.71913359012,0.014480600429452376,True
70645.61197761905,218.5758,38726.871019389015,58748.3687282061,3157.262167743237,51.939579310815,4.843804533495838,10358.0,0.741277,472.5558,3000.0,182.6776,1.7951744059356616,VLG12BR_219,pop,N,108042.50246067083,0.014282885220688516,True
70631.61450157726,226.3821,38638.45311186518,56857.794042943424,3276.2298455023188,51.92258370833854,4.842301764267181,10749.0,0.746738,475.349,3000.0,185.1736,1.7935560460884554,VLG12BR_219,pop,N,107748.72828849909,0.014111461381868133,True
70617.62985187105,234.1883,38466.774430053774,54961.68216264384,3395.1975232414898,51.90554403791746,4.839585927208289,11139.0,0.753955,479.2471,3000.0,187.6786,1.7927414203537457,VLG12BR_219,pop,N,107602.25884627976,0.014014005884624663,True
70603.65182671591,241.9946,38210.292564967625,53059.35761643869,3514.165200956746,51.88845424600051,4.835635858332663,11529.0,0.761882,483.5815,3000.0,190.1441,1.7922405225954736,VLG12BR_219,pop,N,107512.65634562827,0.01409813839818579,True
70589.67797625488,249.8009,37869.14699817128,51152.67692847176,3633.132878643754,51.87133089385884,4.830455210792053,11920.0,0.770184,488.1379,3000.0,192.5703,1.7918891237836096,VLG12BR_219,pop,N,107450.02028206977,0.01419121205392829,True
70575.70705586005,257.6072,37443.60552069697,49244.272148374876,3752.1005563004037,51.854197470455695,4.824049582831971,12310.0,0.777647,492.1473,3000.0,194.9415,1.7911126659151468,VLG12BR_219,pop,N,107313.27197708216,0.014298969781166111,True
70561.74241107148,265.4135,36935.3168805383,47339.53747188134,3871.0682339206423,51.837102176148115,4.816444947515607,12700.0,0.782548,494.5224,3000.0,197.3721,1.7890339124919254,VLG12BR_219,pop,N,106951.82947469715,0.014416973419530955,True
70547.79410400054,273.2197,36343.85934838566,45448.96356779247,3990.0359114954317,51.82013914766756,4.807637616264243,13091.0,0.785287,495.5228,3000.0,200.0393,1.7858150699402089,VLG12BR_219,pop,N,106401.94814795436,0.014301419974949737,True
70533.87091872866,281.026,35663.685857147924,43584.18782179398,4109.0035890358095,51.80341312302873,4.797549395223929,13481.0,0.787634,496.2705,3000.0,202.5038,1.7823458613307732,VLG12BR_219,pop,N,105824.60033688485,0.013997901191264222,True
70519.97480203469,288.8323,34902.80848806999,41747.61087635672,4227.971266543691,51.78694486211012,4.786298266237465,13871.0,0.789704,496.8382,3000.0,204.9768,1.7786717786743735,VLG12BR_219,pop,N,105229.35692006908,0.013682182545889666,True
70506.1072604812,296.6386,34062.432385569875,39943.510717545585,4346.938944018923,51.7707724298722,4.773903239866278,14262.0,0.791478,497.2156,3000.0,207.7312,1.7747732512228696,VLG12BR_219,pop,N,104614.31573677767,0.013393206856893373,True
70492.2698809946,304.4448,33135.62598333336,38180.54076123234,4465.906621459833,51.75497369504518,4.760265425767716,14652.0,0.793036,497.4523,3000.0,209.9009,1.770711346628199,VLG12BR_219,pop,N,103990.46938698302,0.013068781640313958,True
70478.4639377713,312.2511,32142.266728834846,36453.10191368394,4584.874298865482,51.739496733031615,4.745673938359747,15042.0,0.794858,497.8509,3000.0,211.0906,1.76671934394736,VLG12BR_219,pop,N,103396.50722853094,0.01290356245128681,True
70464.68865854396,320.0574,31112.43292176239,34745.29058343656,4703.841976224867,51.72419649881846,4.730564685349179,15433.0,0.796232,497.9645,3000.0,211.9941,1.7624301083408656,VLG12BR_219,pop,N,102772.58623298028,0.01275576668268079,True
70450.94626019958,327.8637,30055.55695730819,33053.54772747226,4822.809653541367,51.70904027997422,4.715074594828216,15823.0,0.797251,497.8529,3000.0,212.6815,1.757916336772814,VLG12BR_219,pop,N,102130.85614212701,0.0125014398680829,True
70437.23858887519,335.67,28978.704792985198,31374.987654589255,4941.777330820956,51.69400160883091,4.6993061710959365,16213.0,0.797954,497.5412,3000.0,213.1805,1.7531915407018266,VLG12BR_219,pop,N,101474.0867804613,0.012150785502112365,True
70423.567332886,343.4762,27887.96425219808,29706.921493209567,5060.745008070684,51.6790558884932,4.683347643498311,16603.0,0.798325,497.0202,3000.0,213.4695,1.7482544932819393,VLG12BR_219,pop,N,100802.44182793226,0.011710818797793586,True
70409.93424067377,351.2825,26789.97973662164,28046.130430394667,5179.712685294579,51.66417377610967,4.667295185543772,16994.0,0.799119,496.7602,3000.0,212.6612,1.7434699207762467,VLG12BR_219,pop,N,100172.8740684714,0.011384618488099005,True
70396.33770692741,359.0888,25716.100015185795,26370.898711645506,5298.680362473192,51.64915850556122,4.651601581407746,17384.0,0.800181,496.6641,3000.0,211.4441,1.7387845319643258,VLG12BR_219,pop,N,99575.33309037828,0.011271806330058054,True
70382.77674195981,366.8951,24678.24956471185,24673.568888213253,5417.648039602811,51.63394083066892,4.636438842356987,17774.0,0.80116,496.5131,3000.0,210.2265,1.7340184523147697,VLG12BR_219,pop,N,98981.69798634126,0.011135010684422908,True
70369.25186796224,374.7014,23677.009971907686,22955.09602562967,5536.615716682714,51.61852951917017,4.621815123826733,18165.0,0.802045,496.3014,3000.0,209.0042,1.7291600945589505,VLG12BR_219,pop,N,98390.15907653561,0.010980509685406724,True
70355.7636244231,382.5076,22713.07195101361,21216.404071680332,5655.58339371254,51.60293305146584,4.607740123165905,18555.0,0.802859,496.0425,3000.0,207.7891,1.724248450595026,VLG12BR_219,pop,N,97805.43007058337,0.01081239794278612,True
70342.31242265202,390.3139,21786.70648006255,19458.587976288938,5774.551070692434,51.58716145930501,4.594217435863751,18945.0,0.803394,495.6089,3000.0,206.9546,1.7191826744216636,VLG12BR_219,pop,N,97211.62906033252,0.010582618150594287,True
70328.89959692612,398.1202,20886.832577218895,17689.02433199528,5893.518747632801,51.57128168161574,4.581086750545911,19336.0,0.80388,495.1432,3000.0,206.3706,1.7140649332093363,VLG12BR_219,pop,N,96624.47214908693,0.010238503465159947,True
70315.52539270092,405.9265,20005.87556430683,15912.062224896197,6012.486424535916,51.55533322941995,4.568238436518411,19726.0,0.804847,494.9709,3000.0,205.9331,1.709156920206852,VLG12BR_219,pop,N,96083.22242889003,0.009955326590659234,True
70302.18755603535,413.7327,19138.818199404166,14129.052110185392,6131.454101391756,51.539328509311346,4.555599782510282,20116.0,0.811291,498.159,3000.0,205.6652,1.7066192243490206,VLG12BR_219,pop,N,95955.31589628488,0.008610029920903145,True
70288.85847720291,421.539,18274.558288172702,12330.460350883612,6250.421777804394,51.52318221041626,4.543009645088496,20507.0,0.819998,502.7209,3000.0,205.5473,1.7050333292605822,VLG12BR_219,pop,N,96106.33941260228,0.004740805563983352,True
70275.51905753899,429.3453,17406.09574677544,10513.553564833508,6369.389453415048,51.50686998154041,4.530366810071612,20897.0,0.82,501.936,3000.0,205.5246,1.699531936961466,VLG12BR_219,pop,N,95508.99971518503,0.0009789960130682036,True
70262.22046724595,437.1516,16539.71613710307,8699.153824924293,6488.357127990142,51.49057887639421,4.517763236059619,21287.0,0.82,501.1488,3000.0,205.5233,1.6940368364309355,VLG12BR_219,pop,N,94924.89090527603,0.0,True
70248.96257124629,444.9579,15674.74116224458,6887.595094224989,6607.32480240552,51.47431192862487,4.505189081981288,21678.0,0.82,500.3605,3000.0,205.5221,1.6885422668390475,VLG12BR_219,pop,N,94353.05427950175,0.0,True
70235.74517670802,452.7641,14811.174220066783,5078.881319655436,6726.292476692472,51.45806918188487,4.492644342592738,22068.0,0.82,499.5709,3000.0,205.5205,1.6830786494790173,VLG12BR_219,pop,N,93795.70077879966,0.0,True
70222.56804368773,460.5704,13949.025940741867,3273.013004821528,6845.260150846644,51.44185064870926,4.4801291167373405,22458.0,0.82,498.78,3000.0,205.5186,1.6776392257382828,VLG12BR_219,pop,N,93251.66237045184,0.0,True
70209.43088554709,468.3767,13088.309197960754,1469.9896098185932,6964.227824863645,51.425656332319335,4.467643535304893,22849.0,0.82,497.9879,3000.0,205.5163,1.672217332256863,VLG12BR_219,pop,N,92719.90751254727,0.0,True
70196.33336936963,476.183,12229.038992492502,-330.19039238557343,7083.195498739026,51.4094862272285,4.455187759535362,23239.0,0.82,497.1945,3000.0,205.5136,1.6668431049380197,VLG12BR_219,pop,N,92202.4950989859,0.0,True
70183.27511641166,483.9892,11371.230502747962,-2127.5285845909693,7202.163172468311,51.393340327761784,4.44276195306934,23629.0,0.82,496.3999,3000.0,205.5104,1.6615096768485527,VLG12BR_219,pop,N,91698.370537415,0.0,True
70170.25570258354,491.7955,10514.900369718154,-3922.0272179116796,7321.13084604701,51.37721862255358,4.430366300785159,24019.0,0.82,495.6039,3000.0,205.5066,1.6562222843887822,VLG12BR_219,pop,N,91207.50015772007,0.0,True
70157.27465895604,499.6018,9660.068734874776,-5713.69018304846,7440.09851947064,51.36112108566295,4.418001038527609,24410.0,0.82,494.8067,3000.0,205.5023,1.6509742724028436,VLG12BR_219,pop,N,90729.00017921315,0.0,True
70144.33147228773,507.4081,8806.753503288215,-7502.520271699539,7559.066192734763,51.34504770103367,4.4056663707296355,24800.0,0.82,494.0083,3000.0,205.4973,1.6457949598697688,VLG12BR_219,pop,N,90264.71941095713,0.0,True
70131.42558556913,515.2144,7954.977410384867,-9288.522546856133,7678.0338658349465,51.32899843180204,4.393362571868131,25190.0,0.82,493.2085,2952.0,205.4918,1.6334734419491224,VLG12BR_219,pop,N,89156.99110143752,0.0,True
70118.61079781759,523.0206,7104.700627975654,-11071.824661836936,7795.112460722987,51.31297213906797,4.3810890138154495,25575.0,0.82,492.4201,2874.0,205.4857,1.6162202571779687,VLG12BR_219,pop,N,87655.20115880517,0.0,True
70105.92486814805,530.8269,6255.883683913855,-12852.552455014711,7909.09541289769,51.296967699670475,4.368845075616454,25948.0,0.82,491.6513,2796.0,205.4791,1.598507635982091,VLG12BR_219,pop,N,86175.3171139461,0.0,True
70093.37136044556,538.6332,5408.508783647437,-14630.780326591901,8019.982718874193,51.28098445244571,4.356630450588886,26312.0,0.82,490.9023,2718.0,205.4722,1.580315569609312,VLG12BR_219,pop,N,84714.04381830816,0.0,True
70080.9537205073,546.4395,4562.553962389566,-16406.580914266953,8127.774377495556,51.26502175198364,4.344444773031415,26666.0,0.819999,490.1727,2640.0,205.4649,1.561672960627571,VLG12BR_219,pop,N,83271.3100309601,0.0,True
70068.67527854518,554.2457,3717.996721365537,-18180.02601091639,8232.470388187105,51.24907896037875,4.332287670619377,27009.0,0.819569,489.2068,2562.0,205.4575,1.542479431814654,VLG12BR_219,pop,N,81813.71146101467,0.0,True
70056.5426374031,562.052,2875.2526535451157,-19950.25686629341,8334.070750607318,51.233163805986656,4.320165071854707,27343.0,0.818295,487.7583,2484.0,205.4498,1.5225958704449152,VLG12BR_219,pop,N,80308.97054978868,0.0,True
70044.56579606223,569.8583,2035.1616149995957,-21715.52073945371,8432.575464532028,51.21729205799275,4.308088985482664,27666.0,0.817162,486.4163,2406.0,205.4421,1.502362136281537,VLG12BR_219,pop,N,78834.38189201994,0.0,True
70032.74695728565,577.6646,1197.5426853827485,-23476.201551724316,8527.984529804953,51.20146027726862,4.29605672908799,27979.0,0.815934,485.0396,2328.0,205.4343,1.4817088235203462,VLG12BR_219,pop,N,77370.69838440725,0.0,True
70021.09005617614,585.4709,362.4572331399357,-25232.16975247438,8620.297946312337,51.185669641203525,4.284069104640645,28282.0,0.814841,483.7648,2250.0,205.4266,1.4607208829007603,VLG12BR_219,pop,N,75933.08228397729,0.0,True
70009.59711285811,593.2771,-470.270446608644,-26983.7902119513,8709.51571396889,51.169916858567476,4.272125566364522,28575.0,0.813703,482.4854,2172.0,205.4189,1.4393584866247333,VLG12BR_219,pop,N,74508.05294672429,0.0,True
69998.2714282297,601.0834,-1300.634033478132,-28731.041157374537,8795.637832709528,51.15420214222318,4.26022215437293,28857.0,0.812592,481.2436,2094.0,205.4114,1.417670787823321,VLG12BR_219,pop,N,73100.12501681842,0.0,True
69987.11563480967,608.8897,-2128.7007480302805,-30474.053569291144,8878.664302484109,51.13852434297471,4.24835975272779,29129.0,0.811507,480.0393,2016.0,205.4039,1.3956586190110387,VLG12BR_219,pop,N,71707.69238278056,0.0,True
69976.13225822935,616.696,-2954.5379588314954,-32212.95717465362,8958.595123253986,51.12288230525399,4.236537324857552,29392.0,0.810446,478.8711,1938.0,205.3965,1.3733219272999262,VLG12BR_219,pop,N,70329.14100081302,0.0,True
69965.323733826,624.5023,-3778.2104364584825,-33947.87707006135,9035.430294989706,51.10727491472075,4.224753874163752,29644.0,0.809371,477.7161,1859.0,205.3894,1.3504466386794585,VLG12BR_219,pop,N,68948.34049526944,0.0,True
69954.69269266851,632.3085,-4599.744829665932,-35678.85463699647,9109.169817669379,51.091701809796035,4.213008951517422,29886.0,0.808295,476.5825,1781.0,205.3823,1.3275139250105956,VLG12BR_219,pop,N,67593.1110165985,0.0,True
69944.2415569243,640.1148,-5419.181727926958,-37405.96051764111,9179.813691277588,51.076162365425475,4.201301909865355,30117.0,0.807251,475.4892,1703.0,205.3755,1.3043242860413318,VLG12BR_219,pop,N,66251.01275708512,0.0,True
69933.97239680534,647.9211,-6236.59702809293,-39129.33358451951,9247.361915804615,51.06065534228411,4.189631599830675,30339.0,0.806176,474.3995,1625.0,205.3689,1.2808437788275693,VLG12BR_219,pop,N,64916.792238958806,0.0,True
69923.88766909011,655.7274,-7052.0016416060635,-40848.97898210964,9311.814491245947,51.04518070402164,4.17799780195281,30551.0,0.805141,473.3552,1547.0,205.3626,1.257121456514669,VLG12BR_219,pop,N,63594.34398072504,0.0,True
69913.98918041248,663.5336,-7865.482398969844,-42565.0527062671,9373.171417601961,51.02973705650068,4.166399214990449,30752.0,0.804049,472.299,1469.0,205.3566,1.2331483275677688,VLG12BR_219,pop,N,62278.254681841456,0.0,True
69904.27939239079,671.3399,-8677.024231391611,-44277.50434612787,9431.432694877834,51.014324862860406,4.154835992642681,30943.0,0.802992,471.2849,1391.0,205.3508,1.2089553694361197,VLG12BR_219,pop,N,60972.462896845405,0.0,True
69894.7599634407,679.1462,-9486.705737292452,-45986.4782289105,9486.598323083574,50.99894283341101,4.143306954752921,31124.0,0.801904,470.2743,1313.0,205.3452,1.1845306961118323,VLG12BR_219,pop,N,59672.97345583675,0.0,True
69885.43296199235,686.9525,-10294.539166112187,-47691.97857263632,9538.668302234224,50.98359093920861,4.131811867980368,31295.0,0.800835,469.296,1235.0,205.3398,1.1599039235064632,VLG12BR_219,pop,N,58381.87972715088,0.0,True
69876.29997857778,694.7588,-11100.58349550463,-49394.116541127376,9587.642632350262,50.968268188511885,4.120349835476491,31456.0,0.799701,468.3017,1157.0,205.3347,1.1350544547443375,VLG12BR_219,pop,N,57094.55814567323,0.0,True
69867.3631448989,702.565,-11904.817434552178,-51092.82518817808,9633.521313458186,50.952975192663224,4.1089211027259385,31606.0,0.798611,467.3545,1079.0,205.3297,1.1100477964650057,VLG12BR_219,pop,N,55816.47926768044,0.0,True
69858.6236644434,710.3713,-12707.324686835636,-52788.26912542799,9676.304345591381,50.937710478312425,4.097524424211942,31746.0,0.797461,466.3937,1001.0,205.3248,1.0848408674287753,VLG12BR_219,pop,N,54541.64947968478,0.0,True
69850.0834394136,718.1776,-13508.084710245845,-54480.392312970274,9715.991728791263,50.92247455843125,4.086160036603601,31877.0,0.796313,465.4556,923.0,205.3201,1.059458334322112,VLG12BR_219,pop,N,53272.38465208065,0.0,True
69841.74379661407,725.9839,-14307.138453514128,-56169.270753557765,9752.583463108998,50.907266757051175,4.074827304164647,31997.0,0.795121,464.5132,845.0,205.3154,1.0339144366126458,VLG12BR_219,pop,N,52006.97415168134,0.0,True
69833.60631527929,733.7901,-15104.478858041093,-57854.883525087535,9786.079548607746,50.89208727087297,4.063526273187137,32107.0,0.793937,463.5965,767.0,205.3109,1.008231323005334,VLG12BR_219,pop,N,50747.166410065234,0.0,True
69825.67208083603,741.5964,-15900.154162411662,-59537.31620514107,9816.479985366013,50.876935337299095,4.052256206411963,32206.0,0.79268,462.6587,689.0,205.3066,0.9823930530974154,VLG12BR_219,pop,N,49489.30409292683,0.0,True
69817.94268814527,749.4027,-16694.130298786666,-61216.48560377404,9843.784773482414,50.861811713586604,4.041017533321803,32296.0,0.791421,461.7414,610.0,205.3026,0.9561111509495233,VLG12BR_219,pop,N,48221.06938626355,0.0,True
69810.41908135464,757.209,-17486.449769133746,-62892.457085760565,9867.993913082926,50.846715818835165,4.029809598817692,32375.0,0.790122,460.8214,532.0,205.2987,0.9300168218972844,VLG12BR_219,pop,N,46970.42170623293,0.0,True
69803.10240203407,765.0153,-18277.11215113,-64565.21320574383,9889.107404332333,50.83164781797285,4.018632356352219,32445.0,0.788753,459.8822,454.0,205.2952,0.9037746938864715,VLG12BR_219,pop,N,45720.48007697132,0.0,True
69795.99389891932,772.8215,-19066.091075891338,-66234.67566685779,9907.125247453321,50.81660842400668,4.0074861255418925,32504.0,0.787375,458.9587,376.0,205.2917,0.8774496043246323,VLG12BR_219,pop,N,44474.59317231046,0.0,True
69789.09425387645,780.6278,-19853.415258836656,-67900.89485437555,9922.0474427609,50.801597190892906,3.996370448261273,32553.0,0.785909,458.0051,298.0,205.2885,0.8509956214758434,VLG12BR_219,pop,N,43228.62681223659,0.0,True
69782.4046373428,788.4341,-20639.035717388113,-69563.75439581157,9933.873990731325,50.786615174867975,3.985285963310225,32591.0,0.784399,457.0464,220.0,205.2854,0.824457267213281,VLG12BR_219,pop,N,41984.76839354218,0.0,True
69775.92577804791,796.2404,-21422.947163501816,-71223.22848943139,9942.604892162895,50.77166261625567,3.974232691789949,32620.0,0.782816,456.0662,142.0,205.2823,0.7978054235329346,VLG12BR_219,pop,N,40740.83832980475,0.0,True
69769.65850599008,804.0466,-22205.110737268868,-72879.23390277849,9948.240148658502,50.756740273153355,3.9632111284348377,32639.0,0.781144,455.0549,64.0,205.2794,0.7710483708635738,VLG12BR_219,pop,N,39496.35233690703,0.0,True
69763.6036594882,811.8529,-22985.478610945884,-74531.64930532465,9950.77976503851,50.741849246810844,3.952221891821528,32647.0,0.779717,454.2067,0.0,205.2766,0.7490189455699934,VLG12BR_219,pop,N,38474.725914597955,0.0,True
69757.72368672866,819.6592,-23764.325485934918,-76181.0550808779,9950.77977450778,50.72698431478564,3.941261062512415,32647.0,0.779706,454.2001,0.0,205.2739,0.7489629288426574,VLG12BR_219,pop,N,38471.9504242003,0.0,True
69751.84418953842,827.4655,-24543.084083967577,-77830.47344050629,9950.779783868167,50.71211824418775,3.9303084488791176,32647.0,0.779702,454.1981,0.0,205.2714,0.7489123997840135,VLG12BR_219,pop,N,38469.52638939555,0.0,True
69745.96510836962,835.2718,-25321.76556966725,-79479.91927198046,9950.779793122234,50.69725090218903,3.919363884708004,32647.0,0.779695,454.1939,0.0,205.2689,0.7488592548298174,VLG12BR_219,pop,N,38466.93486353885,0.0,True
69740.08647174468,843.078,-26100.370038985362,-81129.38283486995,9950.779802272342,50.68238237788491,3.9084273594627668,32647.0,0.779689,454.1902,0.0,205.2667,0.7488067118711108,VLG12BR_219,pop,N,38464.38188914295,0.0,True
69734.20827304796,850.8843,-26878.90285624626,-82778.86381391717,9950.779811320643,50.667512675360854,3.897498788480759,32647.0,0.779683,454.1867,0.0,205.2646,0.7487544134114712,VLG12BR_219,pop,N,38461.84456753902,0.0,True
69728.33050984799,858.6906,-27657.369025598528,-84428.36064639941,9950.779820269501,50.65264180990738,3.886578092219154,32647.0,0.779677,454.1835,0.0,205.2626,0.7487024787794967,VLG12BR_219,pop,N,38459.33052173984,0.0,True
69722.4531784146,866.4969,-28435.773725775773,-86077.87212856663,9950.779829120807,50.63776979354944,3.875665188775714,32647.0,0.779669,454.1789,0.0,205.2609,0.748648880610093,VLG12BR_219,pop,N,38456.71008265951,0.0,True
69716.57629635204,874.3032,-29214.119423224056,-87727.39110208367,9950.779837876822,50.62289669196945,3.8647600343150157,32647.0,0.779666,454.1771,0.0,205.2592,0.7485986281310946,VLG12BR_219,pop,N,38454.30359796297,0.0,True
69710.69982694078,882.1094,-29992.415729460947,-89376.9254606212,9950.779846539377,50.6080224350999,3.8538624849782592,32647.0,0.779657,454.1717,0.0,205.2578,0.7485440874021896,VLG12BR_219,pop,N,38451.62294196864,0.0,True
69704.82381748798,889.9157,-30770.66145932188,-91026.45969553797,9950.779855110473,50.593147163853565,3.8429725481414825,32647.0,0.779653,454.1695,0.0,205.2566,0.7484933703792251,VLG12BR_219,pop,N,38449.186718661236,0.0,True
69698.94822565826,897.722,-31548.868491139292,-92676.00253817206,9950.779863591957,50.57827080044282,3.8320900481239675,32647.0,0.779647,454.1657,0.0,205.2555,0.7484407504326478,VLG12BR_219,pop,N,38446.62887068988,0.0,True
69693.0730735374,905.5283,-32327.037675385254,-94325.54607339749,9950.779871985618,50.56339341733425,3.821214964199457,32647.0,0.77964,454.162,0.0,205.2547,0.7483882558518955,VLG12BR_219,pop,N,38444.07904405194,0.0,True
69687.19835856829,913.3345,-33105.1773516655,-95975.08721146814,9950.779880293247,50.548515043164095,3.810347170047583,32647.0,0.779636,454.1595,0.0,205.254,0.748337199688218,VLG12BR_219,pop,N,38441.62109303688,0.0,True
69681.32406468272,921.1408,-33883.29359183511,-97624.62851705219,9950.779888516521,50.53363565580532,3.7994865720859297,32647.0,0.779629,454.1556,0.0,205.2536,0.7482844784679856,VLG12BR_219,pop,N,38439.056796017394,0.0,True
69675.45021164586,928.9471,-34661.39113093819,-99274.1610289202,9950.779896657114,50.51875533682924,3.7886330946976408,32647.0,0.779625,454.1528,0.0,205.2534,0.7482330766392995,VLG12BR_219,pop,N,38436.576742297926,0.0,True
69669.57678424641,936.7534,-35439.47786703474,-100923.68616040741,9950.779904716606,50.50387407428816,3.7777866185616698,32647.0,0.77962,454.15,0.0,205.2532,0.7481816810545407,VLG12BR_219,pop,N,38434.09706849955,0.0,True
