mass,ts,x,y,h,latitude,longitude,altitude,mach,tas,vertical_rate,heading,fuelflow,fid,thrust,cost_grid
73654.30935233616,0.0,-75255.26323349871,58493.37716525476,30.480000303622422,52.321296871854294,4.779955676781365,100.0,0.3,198.3755,-0.0,183.0038,0.7865662754084253,DLH3A_603,39994.95032546912,0.31882917182590137
73638.3929930728,20.2384,-75363.49287415855,56430.82430374802,30.480000105161395,52.30273564691644,4.778826978352651,100.0,0.420447,278.0212,202.0,183.0038,0.9209873434924174,DLH3A_603,46195.28963599924,0.28394726417251503
73619.75875294482,40.4768,-75515.15384908237,53540.59223884461,51.28730171696265,52.2767259962582,4.777246802689465,168.0,0.536029,354.3669,405.0,167.3576,1.229576217198767,DLH3A_603,61453.49777054244,0.2083349581434029
73594.91156498187,60.7152,-74707.89331919067,49941.620670726,92.90190513989677,52.24447427117978,4.789910296590973,305.0,0.639351,422.474,607.0,158.8999,1.5315195308534548,DLH3A_603,79956.39147829196,0.1239768426633802
73563.97520640437,80.9536,-73125.12441928181,45839.799198440356,155.32381037417295,52.207802929889624,4.81404510950938,510.0,0.727655,480.4848,810.0,157.9834,1.7332123407220228,DLH3A_603,98739.31812711162,0.054834404541862426
73528.96072958592,101.192,-71250.92598529645,41204.86135815947,238.55301741975163,52.16637048124273,4.842525198471082,783.0,0.800588,528.1452,1012.0,159.3465,1.8315530023646276,DLH3A_603,116011.37606841994,0.04719172447454017
73491.93538841567,121.4303,-69312.90703496695,36063.429285121696,342.58952627658033,52.12038464219912,4.871990402940587,1124.0,0.82,540.313,1214.0,159.4284,1.8502760220586238,DLH3A_603,122137.9580431448,0.04139141230372739
73454.50789025519,141.6687,-67338.12636466818,30801.70332839295,467.433336944522,52.07331415333217,4.901956197815729,1534.0,0.82,539.5457,1417.0,150.7178,1.8535256646598042,DLH3A_603,123363.24233915143,0.03996487277012524
73417.0192658395,161.9071,-64593.751919334936,25907.727011110488,613.0844494233853,52.02963317006412,4.943036135652302,2011.0,0.82,538.6491,1619.0,140.3259,1.8560232530455758,DLH3A_603,124369.14985204817,0.045793876691982816
73379.48355413962,182.1455,-61018.383759608114,21597.207029424946,779.5428637129369,51.99127654985585,4.99606519485224,2558.0,0.82,537.6227,1821.0,132.5467,1.8579124070281348,DLH3A_603,125173.55169651897,0.047726199724392765
73341.91236051319,202.3839,-56901.32204895499,17818.443098216474,966.8085798128914,51.957733672146155,5.056818659266651,3172.0,0.82,536.4656,2024.0,126.9241,1.8593445054007558,DLH3A_603,125811.96067099596,0.04243081214974925
73304.31534071238,222.6223,-52444.61732521095,14469.320594843959,1174.8815977228812,51.928055260220276,5.122367946441618,3855.0,0.82,535.177,2226.0,122.2411,1.860329099162888,DLH3A_603,126268.27682981212,0.03635069359020533
73266.70056867281,242.8607,-47741.98501604343,11503.20452978153,1403.761917442367,51.901805864830884,5.191361192545901,4606.0,0.82,533.7559,2429.0,121.2409,1.8609973297953748,DLH3A_603,126588.43110906721,0.029310662835965492
73229.07480638762,263.0991,-43002.313759873316,8628.13203438225,1653.4495389704355,51.876337718745674,5.260801855124753,5425.0,0.82,532.2013,2631.0,120.9569,1.8613483660999155,DLH3A_603,126763.99700651136,0.026368166045998637
73191.44369109198,283.3375,-38263.78135759073,5785.784051643857,1923.9444623052195,51.851122897186606,5.330143558196779,6312.0,0.82,530.5121,2833.0,120.4169,1.8614591123487625,DLH3A_603,126827.37345215186,0.024779403804232082
73153.8118523934,303.5759,-33515.37554967634,2998.0327490180557,2215.246687441159,51.826358879107005,5.399545837169545,7268.0,0.82,528.6868,3000.0,119.8357,1.8603768861973835,DLH3A_603,126329.86187254416,0.023886628147680358
73116.20398818476,323.8143,-28756.768573142686,268.81521049893354,2523.679771034561,51.80208092750183,5.46901520639353,8280.0,0.82,526.7474,3000.0,120.7486,1.8538354414661884,DLH3A_603,123558.56428032697,0.023640098107328034
73078.73246774814,344.0526,-24059.66444095103,-2525.5166072534066,2832.1128546275495,51.77717380315075,5.5375202752429535,9292.0,0.82,524.8007,3000.0,121.3307,1.8464505986300523,DLH3A_603,120893.21348670361,0.02362096093802571
73041.41369229971,364.291,-19408.563572729458,-5356.849693706602,3140.545938220125,51.75189249968712,5.605283447380746,10304.0,0.82,522.8468,3000.0,121.1013,1.8382324325740254,DLH3A_603,118332.17216422487,0.023235391260558128
73004.26366889666,384.5294,-14763.639130135552,-8158.9867533776505,3448.9790218122844,51.72683462646182,5.672879786961171,11316.0,0.82,520.8856,3000.0,120.1201,1.829207061181082,DLH3A_603,115873.82876270157,0.02223065347638932
72967.29769299767,404.7678,-10089.135833030785,-10870.890693791822,3757.412105404131,51.702549991163124,5.740827732277746,12327.0,0.82,518.917,3000.0,119.3256,1.8194242739916477,DLH3A_603,113518.4765405024,0.020988945811935614
72930.53005514354,425.0062,-5395.410567336166,-13507.641742448444,4065.8451889955954,51.67890222377342,5.808980309386067,13339.0,0.82,516.9408,3000.0,118.6608,1.8089223178203242,DLH3A_603,111260.92825187139,0.019856644289243237
72893.97377857656,445.2446,-689.5248738202188,-16079.85124806931,4374.278272586698,51.6557954848776,5.877237800040945,14351.0,0.82,514.9571,3000.0,118.0624,1.7977760602898643,DLH3A_603,109101.78029009255,0.01858620885543466
72857.64039221237,465.483,4024.6758781920544,-18593.02496720213,4682.711356177398,51.63317985885906,5.94554534651992,15363.0,0.82,512.9657,3000.0,117.58,1.7860622874914822,DLH3A_603,107039.7546276513,0.017574593930982887
72821.53974117954,485.7214,8741.425572153925,-21056.784736766524,4991.144439767609,51.61096891596394,6.01382409132647,16375.0,0.82,510.9666,3000.0,117.4566,1.7738660468882865,DLH3A_603,105073.7141600493,0.01688290993337235
72785.67983525246,505.9598,13444.931840952448,-23500.75235022387,5299.5775233571885,51.58889667245307,6.081845011874716,17387.0,0.82,508.9596,3000.0,117.6382,1.7612784362747413,DLH3A_603,103202.58870501263,0.01675760744759702
72750.06673396326,526.1982,18122.089116073377,-25949.88644488706,5608.010606945977,51.56673949313297,6.14941828354907,18399.0,0.82,506.9446,3000.0,117.8436,1.7483950038301146,DLH3A_603,101425.44078118118,0.016857589402936322
72714.70446599888,546.4366,22771.82090863497,-28405.93232320952,5916.4436905338125,51.5444824514273,6.216528582665428,19411.0,0.82,504.9217,3000.0,118.0694,1.7353141278985316,DLH3A_603,99741.48540136605,0.01732620097570156
72679.59497965185,566.675,27393.184094492393,-30870.334593417156,6224.876774120639,51.52211334988218,6.283162481931189,20423.0,0.82,502.8905,3000.0,118.1664,1.7221350103763853,DLH3A_603,98149.98189345998,0.010451028587295684
72644.73812056235,586.9133,31991.651613354137,-33332.54536942132,6533.309857699456,51.49972750041364,6.3494002962763325,21435.0,0.82,500.8512,3000.0,118.1496,1.708957121485544,DLH3A_603,96650.42578866685,0.0
72610.13163271412,607.1517,36572.05006922221,-35783.35026462681,6841.7429412675365,51.477408079474415,6.415313265243587,22447.0,0.82,498.8035,3000.0,118.1314,1.6958783309669487,DLH3A_603,95242.38183012327,0.0
72575.77117859303,627.3901,41134.35656424034,-38222.60493674956,7150.176024831452,51.455156889862565,6.480901915084254,23459.0,0.82,496.7473,3000.0,118.1077,1.6829944555120329,DLH3A_603,93925.60882351629,0.0
72541.65037451923,647.6285,45678.71605330948,-40649.84823843378,7458.609108390386,51.43297856705754,6.546169238853632,24471.0,0.82,494.6827,3000.0,118.0911,1.6703984634295157,DLH3A_603,92700.06763094844,0.0
72507.76083739566,667.8669,50204.73928315568,-43065.61649675648,7767.042191943337,51.410868816023964,6.611110400912834,25482.0,0.82,492.6093,3000.0,118.0664,1.658190437585704,DLH3A_603,91566.62977471689,0.0
72474.0922394338,688.1053,54712.67950395675,-45469.240199261294,8075.475275489085,51.38883413220688,6.675729991745451,26494.0,0.82,490.5272,2882.0,118.0474,1.6280461345752892,DLH3A_603,88846.65392152713,0.0
72440.99500705935,708.3437,59203.22371152238,-47861.67134649519,8371.75480518499,51.36686637238837,6.740038599848175,27466.0,0.82,488.5188,2679.0,118.0301,1.581940023208189,DLH3A_603,85027.55648167917,0.0
72408.77677690666,728.5821,63677.642600695974,-50243.782409479485,8647.227033149762,51.344958018095085,6.804055160379373,28370.0,0.82,486.644,2477.0,118.0171,1.5328872149503603,DLH3A_603,81341.36515517718,0.0
72377.49594623198,748.8205,68136.92697979769,-52616.532053728944,8901.891959356813,51.323100767050924,6.86779448202162,29206.0,0.82,484.9044,2275.0,118.0058,1.480993806380875,DLH3A_603,77759.9257042956,0.0
72347.20656471587,769.0589,72582.18126305242,-54980.69537684123,9135.74958380672,51.301287919862254,6.931272966972441,29973.0,0.82,483.3013,2072.0,117.9996,1.4263080595823943,DLH3A_603,74256.42283645904,0.0
72317.95847465812,789.2973,77014.3911546568,-57337.29858585808,9348.7999065281,51.27951049895723,6.994505184924914,30672.0,0.82,481.8363,1870.0,117.9933,1.3695193880503602,DLH3A_603,70847.57937960507,0.0
74405.63038382947,0.0,94182.3112449038,-43884.90854497223,30.48000030341203,52.304599761081334,4.777520178250143,100.0,0.3,198.3755,112.0,237.9631,0.8865636517546729,EIN60Y_1710,44592.47494507729,0.286580160834947
74386.6445676331,21.423,92329.14018156118,-45044.55796248746,42.61790016039844,52.29448982902903,4.749948967153258,140.0,0.422391,279.2684,326.0,237.9631,0.9974094396786876,EIN60Y_1710,49804.739931364995,0.21551085919602397
74365.29521296256,42.846,89720.76556385796,-46676.7872617218,78.07018890050014,52.28024894131935,4.711163360292538,256.0,0.540462,357.1892,540.0,270.0976,1.2919599263937913,EIN60Y_1710,64852.65882755855,0.1354804935631129
74337.66865570594,64.269,85785.96024821785,-46670.08371063582,136.83686652412624,52.280941867483996,4.653334323908321,449.0,0.645768,426.5023,754.0,294.5804,1.5769525376054077,EIN60Y_1710,83424.35476792617,0.08648351907337268
74303.96230876031,85.692,81514.10704270142,-44716.04742413947,218.9179330313623,52.29916679470596,4.591024369913629,718.0,0.735181,485.1044,968.0,296.7808,1.758919331625068,EIN60Y_1710,102197.21966743388,0.07375921352073876
74266.35411961265,107.115,76745.046728391,-42309.02677976878,324.3133884222148,52.32150229162463,4.521453352112934,1064.0,0.808357,532.7519,1183.0,297.9049,1.8428494712232648,EIN60Y_1710,119355.36710683902,0.04687855508727986
74226.91753376197,128.538,71561.36289850873,-39563.84441239878,453.0232326966449,52.346892260944855,4.445781842689979,1486.0,0.82,539.6343,1397.0,298.8243,1.8539681923889328,EIN60Y_1710,123542.66115075853,0.025717710461133945
74187.22658504384,149.9609,66357.16237911275,-36699.93833831314,605.0474658545668,52.37330392474888,4.369744923246981,1985.0,0.82,538.6987,1611.0,298.8323,1.8567048970768232,EIN60Y_1710,124659.81107554218,0.016742164944590257
74147.4809414057,171.3839,61163.66318895932,-33840.977094462374,780.3860878958558,52.39962106842009,4.2937738996089205,2560.0,0.82,537.6175,1825.0,298.5623,1.858771748294514,EIN60Y_1710,125557.21212163943,0.0117257410519955
74107.69441537472,192.8069,55968.573580854536,-31012.95767877053,979.0390988203386,52.425611376261664,4.217683610227812,3212.0,0.82,536.3899,2040.0,298.4053,1.8603147017884016,EIN60Y_1710,126262.44210369422,0.009176903022412872
74067.8783298428,214.2299,50779.10779407382,-28206.397957404377,1201.0064986277678,52.45135928220593,4.141583324545141,3940.0,0.82,535.015,2254.0,298.3119,1.8613791268819841,EIN60Y_1710,126770.0694098134,0.007753929001823069
74028.04201163272,235.6529,45599.954164405455,-25416.324267870987,1446.2882873177707,52.476909168833906,4.065544072095379,4745.0,0.82,533.4915,2468.0,298.1753,1.862067960915827,EIN60Y_1710,127110.9948723879,0.006616378379106334
73988.193147571,257.0759,40430.60119881039,-22647.41208363041,1714.8844648897216,52.50221921440342,3.989558742341888,5626.0,0.82,531.8181,2682.0,298.0052,1.8624519944031774,EIN60Y_1710,127309.4071892103,0.0057245178812244234
73948.33802612356,278.4989,35271.06732983112,-19903.442482548573,2006.79503134237,52.527255586271544,3.913628426050855,6584.0,0.82,529.9936,2897.0,297.8999,1.862609955512344,EIN60Y_1710,127399.50355937233,0.005059303853585243
73908.48168362434,299.9219,30126.10695483634,-17179.33684105472,2322.0199866719554,52.552063865106184,3.8378253057048726,7618.0,0.82,528.0162,3000.0,297.8027,1.8593733300394546,EIN60Y_1710,125884.43228416589,0.004516920812698942
73868.6976760403,321.3449,24996.76533824555,-14474.637862373376,2648.5063832089995,52.5766484257184,3.762166169523522,8689.0,0.82,525.9604,3000.0,297.6985,1.8523479686970346,EIN60Y_1710,122999.74160493352,0.004063356131210515
73829.06870393503,342.7679,19882.64716315798,-11789.836662991516,2974.992779745921,52.601005207457,3.68664642306677,9760.0,0.82,523.8965,3000.0,297.5947,1.8444019237525993,EIN60Y_1710,120233.23339497365,0.0036970702580427593
73789.61360836054,364.1909,14783.90418245369,-9124.878418327075,3301.479176282695,52.625135030667714,3.6112696169304184,10832.0,0.82,521.8244,3000.0,297.505,1.8355463964777825,EIN60Y_1710,117581.02882915684,0.003380491170644961
73750.35058453486,385.6139,9701.324604819794,-6478.486999202418,3627.9655728192984,52.64904969465649,3.536048771999523,11903.0,0.82,519.7441,3000.0,297.4151,1.825833567856079,EIN60Y_1710,115045.27644243243,0.003111314865805607
73711.2967793597,407.0368,4635.025307001306,-3850.667666353551,3954.4519693557063,52.67274951172733,3.4609868785354014,12974.0,0.82,517.6554,3000.0,297.3248,1.8153126376706823,EIN60Y_1710,112622.19412234097,0.002882527140062335
73672.46792634633,428.4598,-414.8877275825333,-1241.4490633924836,4280.938365891896,52.69623458027858,3.3860868561725157,14045.0,0.82,515.5582,3000.0,297.2342,1.804055351987223,EIN60Y_1710,110310.16395929434,0.002677803099288233
73633.87802627614,449.8828,-5448.290290740928,1349.1729479258001,4607.424762427843,52.719505198954934,3.3113515025513447,15116.0,0.82,513.4525,3000.0,297.1534,1.7921470000106445,EIN60Y_1710,108107.70603855599,0.0024968858300213025
73595.53907836774,471.3058,-10464.615256045685,3922.063937632802,4933.911158963524,52.742569657428135,3.2367907234229523,16187.0,0.82,511.3381,3000.0,297.0794,1.7796836977106028,EIN60Y_1710,106013.4243588649,0.002342073350261117
73557.46086358953,492.7288,-15463.435000719066,6477.823284389541,5260.397555498912,52.765433743002966,3.1624120489373144,17259.0,0.82,509.215,3000.0,297.0097,1.7667595179222904,EIN60Y_1710,104024.67275854328,0.002201162297536661
73519.65077916931,514.1518,-20444.4349312359,9016.831927355495,5586.883952033988,52.78810129577325,3.0882213424600153,18330.0,0.82,507.0829,3000.0,296.9471,1.7535059951182022,EIN60Y_1710,102143.24276399944,0.0020749195969662444
73482.113721347,535.5748,-25407.179504130425,11539.709661924764,5913.3703485687265,52.81057832165732,3.0142262320205377,19401.0,0.82,504.9419,3000.0,296.8935,1.7400274686703199,EIN60Y_1710,100366.71428334404,0.001962316439328282
73444.8520119775,556.9978,-30351.157634362266,14047.227680697015,6239.856745103115,52.832872208793276,2.9404354279807254,20472.0,0.82,502.7917,3000.0,296.8676,1.7264400502703434,EIN60Y_1710,98694.26822945278,0.0009822748289338575
73407.86536366756,578.4208,-35275.047784864975,16541.760262519405,6566.343141637043,52.85500483398496,2.8668695011099485,21543.0,0.82,500.6323,3000.0,296.8681,1.7128600714137394,EIN60Y_1710,97125.31231899261,0.0
73371.15087763821,599.8438,-40177.60408720527,19025.53751074545,6892.829538170567,52.87699681978112,2.7935478031073933,22614.0,0.82,498.4635,3000.0,296.8769,1.6994022659067298,EIN60Y_1710,95659.41428926773,0.0
73334.70306839162,621.2668,-45058.37334035627,21499.223013139715,7219.31593470366,52.89885467948343,2.7204779838264344,23685.0,0.82,496.2853,3000.0,296.8956,1.6861787865067164,EIN60Y_1710,94296.38048595391,0.0
73298.51390939501,642.6898,-49916.840751019525,23963.597921382392,7545.8023312362975,52.92058600509754,2.6476685626253658,24757.0,0.82,494.0974,3000.0,296.9267,1.6732872015837985,EIN60Y_1710,93035.37245302742,0.0
73262.57289436297,664.1127,-54752.38618861602,26419.64564960013,7872.288727768481,52.94220023595233,2.5751295600703386,25828.0,0.82,491.8998,3000.0,296.9542,1.6608534872259946,EIN60Y_1710,91878.42889603632,0.0
73226.86710921851,685.5357,-59565.07657078435,28866.991623140562,8198.775124300204,52.96369454455359,2.5028609446769594,26899.0,0.82,489.6924,3000.0,296.9915,1.648965750369542,EIN60Y_1710,90825.18445903534,0.0
73191.38131041489,706.9587,-64354.408683127,31306.378822257862,8525.26152083148,52.98507621810435,2.4308709943294935,27970.0,0.82,487.475,3000.0,297.0353,1.6377178267331556,EIN60Y_1710,89876.49006792907,0.0
73156.09800596416,728.3817,-69120.01561467428,33738.275937638035,8851.747917362318,53.00635007642242,2.3591659745484113,29041.0,0.82,485.2474,3000.0,297.0594,1.627198114133744,EIN60Y_1710,89033.54450304148,0.0
73120.99753622596,749.8047,-73862.64645989148,36160.96179126557,9178.23431389273,53.027501105673906,2.2877359471306593,30112.0,0.82,483.0096,3000.0,297.0802,1.6174894747306667,EIN60Y_1710,88297.95774146257,0.0
73086.05815225208,771.2277,-78582.34364826829,38574.099516470094,9504.720710421678,53.048526816574125,2.216581283229912,31183.0,0.816843,478.9103,3000.0,297.0935,1.6090483186640432,EIN60Y_1710,87491.17709557604,0.0
73051.2992682872,792.6507,-83261.17714745016,40967.71078886142,9831.207106950358,53.06934082709837,2.1459738356948397,32255.0,0.812133,473.9116,3000.0,297.1385,1.6023245785882165,EIN60Y_1710,86769.36593935982,0.0
73016.70299171408,814.0737,-87889.0231058348,43339.822669786736,10157.693503478979,53.08992808702808,2.07606746695836,33326.0,0.805739,467.9507,3000.0,297.1106,1.5978383015050188,EIN60Y_1710,86187.42786061109,0.0
72982.23659804002,835.4967,-92459.47680494073,45679.706019066965,10484.17990000784,53.1101945197378,2.0069632391992127,34397.0,0.799346,462.0145,3000.0,297.0827,1.5954462306242299,EIN60Y_1710,85827.60525153275,0.0
77219.99990003507,0.0,91897.63480156132,-43633.094658693,30.480000303343772,52.328601838073816,4.708839891897446,100.0,0.3,198.3755,-0.0,3.1751,0.8424122285733608,EIN611_1579,42553.279287010235,0.17992926048390004
77202.3563054749,20.9476,92016.04269412122,-41498.60452580558,30.480000094849238,52.34777376164474,4.711171015801614,100.0,0.416871,275.6568,-0.0,3.1751,0.8323576984924943,EIN611_1579,42091.12883137118,0.17359401028221216
77184.92188286762,41.8953,92180.57880590831,-38532.580052940044,30.479999887552964,52.37441441699356,4.714413806728223,100.0,0.534138,353.1994,209.0,331.7537,1.1705808628314252,EIN611_1579,58364.50124401696,0.16311492184059556
77160.41746899283,62.8429,90379.49511364612,-35180.08480739695,52.771234506747135,52.40486005846297,4.68879803371693,173.0,0.638601,422.1698,419.0,300.3322,1.5019757874347255,EIN611_1579,77840.43648823099,0.11894132690036864
77129.00143362621,83.7906,86453.97376148711,-32883.23521059351,97.35370395593571,52.4261504828127,4.631538879423188,319.0,0.727612,480.7714,628.0,292.2597,1.7228170306657644,EIN611_1579,97455.90096171918,0.07590919870256367
77092.96562189668,104.7382,81661.31281683235,-30921.554438269028,164.22740823553886,52.444530567782124,4.561348808059785,539.0,0.800906,528.8004,838.0,293.1246,1.8295435560938433,EIN611_1579,115491.25447392972,0.0385749273482483
77054.67884457974,125.6859,76423.90413826656,-28684.949872806887,253.39234734563863,52.46540394541603,4.484599777585158,831.0,0.82,540.8605,1047.0,293.9195,1.8498979564612485,EIN611_1579,122028.94955624024,0.022191704930367352
77015.94179245763,146.6335,71100.29992489945,-26323.690005450826,364.8485212861878,52.48735983545263,4.406531992441212,1197.0,0.82,540.1762,1257.0,294.1184,1.8541155180716287,EIN611_1579,123622.42235972741,0.013133856452961066
76977.12178985712,167.5811,65792.76394823861,-23947.47112534133,498.5959300570872,52.50939688276577,4.328626720333418,1636.0,0.82,539.354,1466.0,293.9771,1.8573848489205977,EIN611_1579,124969.62342503713,0.009672421470079552
76938.23696993689,188.5288,60488.671657495055,-21588.481479789556,654.6345736582,52.5312274303224,4.2506911387671,2148.0,0.82,538.3931,1676.0,293.8678,1.8599532397421137,EIN611_1579,126111.19563009888,0.008017162005699695
76899.30195730837,209.4764,55190.83785233416,-19244.36400209553,832.9644520893437,52.55287238867697,4.172768212728688,2733.0,0.82,537.2929,1885.0,293.7838,1.8618995321248875,EIN611_1579,127034.35560596493,0.0067875907861504325
76860.32860336632,230.4241,49901.78641965549,-16913.398876095875,1033.5855653502704,52.57434707668082,4.094896443014067,3391.0,0.82,536.0524,2095.0,293.7601,1.8633941757819599,EIN611_1579,127783.1160457462,0.005857714574638601
76821.3265515228,251.3717,44625.45527817455,-14590.65059875985,1256.497913440631,52.595695714606784,4.0171356676831556,4122.0,0.82,534.6707,2304.0,293.7874,1.8644702659640977,EIN611_1579,128347.76548448972,0.00517126288562646
76782.30366160563,272.3194,39365.39694006367,-12272.069761311928,1501.7014963598954,52.61695473803768,3.9395397122256286,4927.0,0.82,533.1467,2514.0,293.9017,1.8652491504765165,EIN611_1579,128773.00951540392,0.004602992593267524
76743.26631828454,293.267,34126.618282598356,-9950.37501507041,1769.1963141071813,52.638189694751574,3.862184136602788,5804.0,0.82,531.4791,2723.0,294.0695,1.8657486487578574,EIN611_1579,129056.77083419717,0.004145043050205307
76704.2196442187,314.2146,28912.788423875485,-7621.443291747422,2058.9823666807147,52.659437996595294,3.7851240712120418,6755.0,0.82,529.6667,2933.0,294.2044,1.866063078642516,EIN611_1579,129244.22146907958,0.003775284157733787
76665.1676352231,335.1623,23724.08170453914,-5289.065676450032,2371.0596540751726,52.68066617673064,3.708362076922494,7779.0,0.82,527.7079,3000.0,294.2717,1.8624024369722492,EIN611_1579,127346.11224990274,0.003456428086474164
76626.19494170547,356.1099,18558.006910369262,-2959.5698405806434,2690.3017371710366,52.701818051777906,3.631861252548985,8826.0,0.82,525.6966,3000.0,294.2768,1.8561979074061825,EIN611_1579,124563.91406891836,0.0031769660037944793
76587.35557231458,377.0576,13411.968880584516,-638.551647459659,3009.543820266589,52.72284392438942,3.555583505183416,9874.0,0.82,523.6776,3000.0,294.2449,1.8491808127237515,EIN611_1579,121893.35436389517,0.002939947878879706
76548.66560546258,398.0052,8284.5463165073,1670.630883596395,3328.7859033617583,52.743714103934145,3.479508505845796,10921.0,0.82,521.6507,3000.0,294.1992,1.8413769154051238,EIN611_1579,119336.74401019164,0.0027357188072317995
76510.14060052927,418.9529,3175.278067862103,3966.7400670126003,3648.027986456467,52.764417900450844,3.403630361666302,11969.0,0.82,519.616,3000.0,294.153,1.8328048426817538,EIN611_1579,116888.57318760957,0.002552189520277146
76471.79525630797,439.9005,-1915.7615214764994,6249.722472063741,3967.270069550627,52.784955217379284,3.3279511988791115,13016.0,0.82,517.5732,3000.0,294.1118,1.8235252885736246,EIN611_1579,114550.98186421092,0.002391779334650193
76433.64309732825,460.8481,-6988.274861349739,8520.020814885496,4286.512152644143,52.80533048970628,3.2524765498685024,14063.0,0.82,515.5224,3000.0,294.0986,1.8135924710764482,EIN611_1579,112320.66933970246,0.002247955738354966
76395.69619538303,481.7958,-12041.063364603287,10780.093357633466,4605.75423573691,52.82556633205914,3.1772251935073745,15111.0,0.82,513.4633,3000.0,294.1015,1.8030702478237965,EIN611_1579,110194.70825324452,0.0021177150414172356
76357.96493081964,502.7434,-17073.40752430311,13031.329744190825,4924.996318828797,52.84567574899084,3.1022086982024297,16158.0,0.82,511.396,3000.0,294.1098,1.7920591046868828,EIN611_1579,108175.1558659602,0.0020037210817620767
76320.45779566116,523.6911,-22085.014668470878,15274.162848555628,5244.238401919661,52.86566314449806,3.027432272627961,17206.0,0.82,509.3203,3000.0,294.1148,1.7806318319546326,EIN611_1579,106257.87617964827,0.0019000176840705588
76283.18123851022,544.6387,-27075.936476574643,17508.253165384765,5563.480485009334,52.88552596861797,2.952896036522853,18253.0,0.82,507.236,3000.0,294.0955,1.7689043144223102,EIN611_1579,104444.8000083553,0.0018049109468592345
76246.13954949951,565.5864,-32047.02936722501,19731.460101637196,5882.722568097628,52.90524542354008,2.8785883054078614,19300.0,0.82,505.1432,3000.0,294.0511,1.7569682608715398,EIN611_1579,102733.70006562585,0.001720285360701299
76209.3347822943,586.534,-36999.169011662656,21941.591355737735,6201.964651184302,52.924802213435285,2.80449721933055,20348.0,0.82,503.0417,3000.0,294.0032,1.7449165488870206,EIN611_1579,101122.79138607247,0.001071437607888746
76172.76670929397,607.4816,-41932.38643502027,24138.33593046053,6521.206734267829,52.94419399491715,2.7306233872745542,21395.0,0.82,500.9314,3000.0,293.9625,1.7328734396479037,EIN611_1579,99614.00062811463,0.0
76136.43280567392,628.4293,-46846.30296971983,26322.299955201535,6840.448817348075,52.96342670685857,2.6569734159959055,22442.0,0.82,498.8121,3000.0,293.9259,1.7209319556623313,EIN611_1579,98205.82345317802,0.0
76100.32825770257,649.3769,-51740.656341820795,28493.82784676793,7159.690900425039,52.98250393704762,2.583552184200329,23490.0,0.82,496.6838,3000.0,293.8914,1.7091834682275495,EIN611_1579,96897.32879166468,0.0
76064.4459908001,670.3246,-56615.263248536874,30653.08457295357,7478.9329834980535,53.00142766054527,2.5103634035059272,24537.0,0.82,494.5463,3000.0,293.8481,1.697746904242817,EIN611_1579,95690.54124639257,0.0
76028.77671302577,691.2722,-61470.34930121657,32799.30808514487,7798.175066566273,53.02019147575966,2.4374048402274373,25585.0,0.82,492.3996,3000.0,293.7859,1.6866977047300602,EIN611_1579,94584.19881110339,0.0
75993.30897004063,712.2199,-66306.51048494801,34930.88844520358,8117.417149628681,53.03878130271608,2.364668933303084,26632.0,0.82,490.2434,3000.0,293.7064,1.676146429815986,EIN611_1579,93580.49042056207,0.0
75958.02920805676,733.1675,-71124.26275590142,37046.38054353702,8436.659232684053,53.057184533393695,2.292149361431094,27679.0,0.82,488.0777,3000.0,293.6065,1.6661699355552901,EIN611_1579,92679.62115379877,0.0
75922.9218418237,754.1151,-75924.2273726935,39144.078667941714,8755.901315730998,53.07538618373761,2.2198383597421674,28727.0,0.82,485.9024,2878.0,293.5036,1.6372590266281195,EIN611_1579,90049.11870228505,0.0
75888.36302143354,775.0628,-80707.51345710871,41224.26398723993,9062.18541319461,53.09338904025282,2.1477204411484694,29732.0,0.82,483.8062,2669.0,293.4253,1.5915543020887741,EIN611_1579,86221.63683457463,0.0
75854.68824365143,796.0104,-85474.7425540146,43289.726132779746,9346.178275927949,53.111218482594225,2.0757867035250026,30663.0,0.82,481.8544,2459.0,293.3743,1.54224388040871,EIN611_1579,82490.52913330283,0.0
75821.96249680348,816.9581,-90226.26898272564,45343.36116169396,9607.879903931766,53.12890086843925,2.0040320315184648,31522.0,0.82,480.0487,2250.0,293.3232,1.4899112651763695,EIN611_1579,78869.48544887253,0.0
73411.68409644083,0.0,94217.38808717381,30704.82654991251,30.480000104520574,52.304599761107056,4.777520178277805,100.0,0.3,198.3755,605.0,237.9631,1.230084323790285,EIN84T_1587,61480.59417905841,0.2865801610327566
73385.94724455895,20.9123,92409.71578856638,29573.648657079724,94.73434769593467,52.29473637358492,4.75062642241899,311.0,0.407156,269.0372,814.0,237.9631,1.229472820320014,EIN84T_1587,61447.98490131782,0.20166492042660142
73360.25964245228,41.8246,89958.44031638163,28039.72648240526,181.2048247398705,52.281351453813635,4.714176577734602,595.0,0.514123,339.3859,1023.0,269.3316,1.4010026364915016,EIN84T_1587,71228.38245480656,0.12457784130823615
73331.02905280708,62.737,86311.36640997934,27997.179145008744,289.89143128236924,52.281554304894854,4.6605620999070325,951.0,0.612548,403.8607,1232.0,283.8791,1.600773529896412,EIN84T_1587,85367.52665702174,0.08125811738956606
73297.6499775171,83.6493,82098.44517849629,29038.139900475846,420.79416733308176,52.291560439242645,4.598895500313585,1381.0,0.698624,459.9266,1441.0,285.8972,1.74785900487066,EIN84T_1587,100654.56845729573,0.06744317960872906
73261.19324958944,104.5616,77346.1216953412,30391.627442337885,573.9130328915774,52.30442107051188,4.529341447804188,1883.0,0.771213,506.8284,1650.0,281.7623,1.8283213146092778,EIN84T_1587,115133.15013896662,0.04652337756154602
73223.03097408118,125.4739,72016.15588574694,31501.455170321657,749.2480279513815,52.31512613527402,4.4511974604877125,2458.0,0.82,537.8096,1860.0,272.7932,1.85967150308177,EIN84T_1587,125952.08202253035,0.028751557879173453
73184.17411187293,146.3863,66247.07886587386,31782.92209280603,946.7991524993944,52.31838420350927,4.366391125676727,3106.0,0.82,536.5893,2069.0,267.9414,1.86093913400294,EIN84T_1587,126544.57486017919,0.01937081842841295
73145.29356157735,167.2986,60489.55200852676,31575.96831568691,1166.5664065140215,52.31718835556331,4.281654133129007,3827.0,0.82,535.2285,2278.0,263.2409,1.861796205996565,EIN84T_1587,126960.51207071016,0.014295077583747966
73106.39761900224,188.2109,54784.53694530536,30899.819594804696,1408.549789961748,52.311707523290096,4.197617563354126,4621.0,0.82,533.7261,2487.0,259.3458,1.8623099023184388,EIN84T_1587,127218.87627337786,0.01167257879218869
73067.4932125433,209.1232,49156.24587175504,29840.99919034929,1672.749302786047,52.30271907592938,4.114674175715043,5488.0,0.82,532.081,2696.0,256.5943,1.8625364742961394,EIN84T_1587,127340.04618613105,0.01011194341701022
73028.58609414862,230.0356,43604.29654335479,28517.757877603675,1959.1649448733724,52.29128870835471,4.032852639121598,6428.0,0.82,530.2917,2905.0,254.5408,1.8625250483137117,EIN84T_1587,127345.58348195042,0.00891659746640722
72989.68094994422,250.9479,38123.77386090497,27002.0761135698,2267.796715882434,52.27806635884202,3.9521014269650725,7440.0,0.82,528.3569,3000.0,252.9855,1.8590883632493878,EIN84T_1587,125743.4995092939,0.007878060317716996
72950.85120644586,271.8602,32707.235152155303,25344.575093234977,2586.5005378854635,52.26350985219901,3.872324828728443,8486.0,0.82,526.3514,3000.0,251.7429,1.8521180906360935,EIN84T_1587,122898.61680008349,0.006997460592606891
72912.1716349654,292.7725,27348.47496866287,23576.783775884287,2905.20435988041,52.247904963734136,3.7934403873359934,9532.0,0.82,524.3383,3000.0,250.7599,1.8442435477596981,EIN84T_1587,120166.54226792773,0.006347546234312326
72873.66035022166,313.6849,22041.349946872502,21724.483450620173,3223.9081818650748,52.23148553074883,3.7153641266000337,10577.0,0.82,522.3175,3000.0,249.9393,1.8354875353506945,EIN84T_1587,117547.39273097963,0.005764209139936876
72835.33492341194,334.5972,16781.79177125584,19803.84919455355,3542.612003837188,52.214398694081545,3.638040430927945,11623.0,0.82,520.2887,3000.0,249.2425,1.8258692094439044,EIN84T_1587,115035.34775549237,0.005255136197570183
72797.21201379657,355.5095,11566.459932152336,17827.160647589077,3861.3158257946943,52.19675638333762,3.5614232192949618,12668.0,0.82,518.2521,3000.0,248.6459,1.8154547330784334,EIN84T_1587,112632.66491516335,0.0048632901926707085
72759.30703246957,376.4218,6392.476232603751,15804.27357130693,4180.019647735585,52.178648588308675,3.4854723918601507,13714.0,0.82,516.2074,3000.0,248.1409,1.80429232584826,EIN84T_1587,110334.06282640921,0.0045156617106709524
72721.63384598351,397.3342,1257.0120551564976,13744.08359424863,4498.723469657764,52.16015654423466,3.410147981527748,14760.0,0.82,514.1546,3000.0,247.6787,1.79246856045707,EIN84T_1587,108139.98628802403,0.004207082926100579
72684.20452442607,418.2465,-3841.1608835695574,11650.951180528418,4817.427291559277,52.14132059368762,3.3354330156311383,15805.0,0.82,512.0935,3000.0,247.272,1.7800827876826872,EIN84T_1587,106050.61361622048,0.003963137671682157
72647.02913580622,439.1588,-8903.82338742372,9530.28749624365,5136.131113438238,52.12219047180576,3.2613021469278953,16851.0,0.82,510.0241,3000.0,246.904,1.7672119142459515,EIN84T_1587,104061.56039272726,0.0037425171166757453
72610.11558631877,460.0711,-13932.20654130971,7385.917114535099,5454.834935292739,52.102801604053816,3.1877378260072944,17896.0,0.82,507.9463,3000.0,246.5585,1.7539805223611324,EIN84T_1587,102174.7280078464,0.0035427557936588768
72573.46950423993,480.9835,-18926.979712095163,5220.18449472964,5773.538757121052,52.08317607502317,3.1147305650732466,18942.0,0.82,505.8599,3000.0,246.2347,1.7404739536391187,EIN84T_1587,100386.27638676572,0.0033812759881336274
72537.09416386369,501.8958,-23888.814993673015,3035.34058750274,6092.242578921553,52.063335089556,3.0422706964581328,19988.0,0.82,503.7649,3000.0,245.9836,1.726812753317123,EIN84T_1587,98696.85044683993,0.003230487822814822
72500.99044624977,522.8081,-28820.362145382227,837.9818263229148,6410.946400673632,52.043338793104056,2.9703191380658565,21033.0,0.819914,501.6087,3000.0,245.9386,1.7130854013852739,EIN84T_1587,97098.90364050755,0.0
72465.1582304754,543.7204,-33728.92223088245,-1353.7539871566137,6729.650222370647,52.02335073520056,2.8987673630243083,22079.0,0.819769,499.4076,3000.0,245.9403,1.699395692819599,EIN84T_1587,95593.04131738198,0.0
72429.59457083313,564.6328,-38615.84559454513,-3535.6544638556365,7048.354044030543,52.00340938230336,2.827594502540279,23125.0,0.819772,497.2887,3000.0,245.941,1.6859360237920267,EIN84T_1587,94198.40529351706,0.0
72394.29075798848,585.5451,-43481.89775685893,-5708.166848344894,7367.057865652461,51.98351129023035,2.7567886194085682,24170.0,0.819957,495.2703,3000.0,245.9399,1.6728130334853142,EIN84T_1587,92916.46838494891,0.0
72359.23528817171,606.4574,-48327.99622305348,-7871.88753336597,7685.761687236466,51.96365162941533,2.6863356274076255,25216.0,0.819989,493.1501,3000.0,245.9388,1.6600033373000316,EIN84T_1587,91717.82635379457,0.0
72324.41983861149,627.3697,-53153.1422713244,-10026.36349240774,8004.465508780482,51.94383515550943,2.616249291288241,26261.0,0.819999,491.0067,3000.0,245.9324,1.6476682947963766,EIN84T_1587,90615.65432858806,0.0
72289.83180786768,648.282,-57956.90919196953,-12171.935398459003,8323.16933028515,51.924059457451754,2.5465351197587185,27307.0,0.82,488.8484,3000.0,245.9275,1.6358821944170476,EIN84T_1587,89610.17871902435,0.0
72255.45626889887,669.1944,-62739.20882154245,-14308.405712781716,8641.87315175098,51.90432693641476,2.477193598233719,28353.0,0.82,486.6803,3000.0,245.9174,1.6247440367599195,EIN84T_1587,88703.71646691527,0.0
72221.27613520595,690.1067,-67499.74806176887,-16436.167234112287,8960.576973179133,51.88463470879772,2.408228302797121,29398.0,0.82,484.5025,3000.0,245.9138,1.614344032532545,EIN84T_1587,87897.91015800528,0.0
72187.27236263998,711.019,-72238.67782197612,-18554.621880976996,9279.28079457153,51.86498874931034,2.339636151069844,30444.0,0.82,482.3148,3000.0,245.9032,1.6047389791111497,EIN84T_1587,87193.24351728793,0.0
72153.42402071007,731.9313,-76955.64238654307,-20664.304480570336,9597.984615845091,51.84538490614005,2.2714216621775787,31489.0,0.817189,478.4711,3000.0,245.8997,1.5963648584971384,EIN84T_1587,86432.77020095068,0.0
72119.74674422834,752.8437,-81634.64714710796,-22757.35125177242,9916.688437078417,51.82589685103877,2.203814911450793,32535.0,0.812847,473.7406,3000.0,245.8916,1.5896295670642306,EIN84T_1587,85743.30338034239,0.0
72086.22556877443,773.756,-86266.82160295002,-24830.23711338716,10235.392258287218,51.806558659213835,2.1369426290086997,33581.0,0.806861,468.0694,3000.0,245.8893,1.5850209068297418,EIN84T_1587,85175.41199481496,0.0
72052.83199356338,794.6683,-90843.16447822552,-26878.36405831679,10554.096079494779,51.78741435120116,2.0709327602266607,34626.0,0.799054,461.3684,3000.0,245.8853,1.5831148133971127,EIN84T_1587,84792.87364419474,0.0
72019.5209032482,815.5806,-95353.99550344521,-28897.54435986175,10872.79990072887,51.768504646134105,2.0059227791245187,35672.0,0.791246,454.6997,3000.0,245.8814,1.5835734821657008,EIN84T_1587,84658.1181256537,0.0
77219.99990003274,0.0,91659.49217075008,31259.338186213117,30.480000303575174,52.328601838073496,4.7088398918972825,100.0,0.3,198.3755,53.0,3.1751,0.8856826289232194,EIN84X_1515,44551.61220227422,0.17992926048372515
77201.24425697426,21.1691,91779.14730365634,33416.31180525357,36.22709195207057,52.347975923976485,4.711192224688607,119.0,0.41651,275.4001,265.0,3.1751,0.9858691778901113,EIN84X_1515,49254.52092405626,0.1724417997546902
77180.38387160854,42.3381,91945.23346539988,36410.27838794177,64.73913545804265,52.374867853019076,4.714460943129228,212.0,0.529372,349.9128,477.0,331.4216,1.2647088345622421,EIN84X_1515,63349.116196417526,0.15715786507541674
77153.65465377552,63.5072,90123.05688783138,39755.38037990793,116.01613082190953,52.40524796721232,4.6885267714045185,381.0,0.630901,416.7815,689.0,299.668,1.545167896188476,EIN84X_1515,80968.77338655049,0.11335678132964976
77121.01640066388,84.6762,86181.36810270429,42000.759655740534,190.05807804379464,52.4260725068553,4.631011693861728,624.0,0.718121,474.003,900.0,269.5571,1.735481813855872,EIN84X_1515,99027.47623547501,0.07296738490687073
77084.34876486516,105.8453,81023.23004613596,41960.88793905594,286.86497712372943,52.42650260529963,4.554939659491418,941.0,0.79051,521.2114,1112.0,264.6214,1.8306362102814606,EIN84X_1515,115738.0146044516,0.03806575927754828
77045.64863448392,127.0143,75377.16821388813,41429.30895953601,406.43682806169426,52.42253012060608,4.471559672504082,1333.0,0.82,539.9207,1324.0,260.9301,1.8552600798769656,EIN84X_1515,124082.15945086691,0.02275354825961367
77006.3961693339,148.1834,69577.19970417784,40503.428148274805,548.7736308576322,52.414973146611835,4.385843218163695,1800.0,0.82,539.0452,1535.0,257.5621,1.8583079210459705,EIN84X_1515,125371.05093242816,0.014986480132348568
76967.082552824,169.3524,63852.292367665956,39240.756127304456,713.8753855114566,52.40431707144799,4.301198138838746,2342.0,0.82,538.0279,1747.0,255.0294,1.8606871040457194,EIN84X_1515,126453.2656523303,0.011736136626672309
76927.72187905812,190.5215,58200.89438046904,37729.57454867111,901.7420920230481,52.391358173476476,4.217633895929375,2958.0,0.82,536.8679,1959.0,253.2716,1.8625051923980231,EIN84X_1515,127333.47317133864,0.009976708773980027
76888.32555961583,211.6905,52612.10610779978,36049.83345146963,1112.3737503922382,52.3768186918551,4.135014529173348,3650.0,0.82,535.5644,2170.0,251.7749,1.8638313623358598,EIN84X_1515,128010.14764540753,0.008901017985294525
76848.90286658207,232.8596,47084.16061968914,34229.64892744223,1345.7703606187727,52.36095354157011,4.053325794031911,4415.0,0.82,534.1163,2382.0,250.5676,1.8648217503310414,EIN84X_1515,128537.7764331926,0.007984682781246722
76809.46133508907,254.0287,41612.32725081234,32299.230293642257,1601.9319227022254,52.344036619217356,3.9725080408411495,5256.0,0.82,532.5225,2594.0,249.2182,1.865503118438713,EIN84X_1515,128915.56029403035,0.007200535288884201
76770.00705053635,275.1977,36205.44464697021,30247.309781934484,1880.858436641748,52.32596773797774,3.892694753581034,6171.0,0.82,530.7815,2805.0,248.4955,1.8659191001649769,EIN84X_1515,129156.4367602134,0.006570259028395221
76730.54484137439,296.3668,30844.344918711126,28135.034335935186,2182.549902434782,52.30729984405374,3.8136145234174323,7161.0,0.82,528.892,3000.0,247.7474,1.8657388510132047,EIN84X_1515,129071.60249966827,0.0060373654211995365
76691.08780053077,317.5358,25532.098111465202,25961.456019008576,2505.1663023397186,52.288025681714174,3.7353145812732036,8219.0,0.82,526.864,3000.0,247.128,1.8599566927331521,EIN84X_1515,126192.44620071404,0.005546850345559255
76651.75705132523,338.7049,20264.080936626757,23739.188625356383,2827.7827022445913,52.26826034996094,3.6577298294636367,9278.0,0.82,524.8281,3000.0,246.6368,1.8533460325330429,EIN84X_1515,123428.35039974585,0.005121911913190742
76612.5693030722,359.8739,15035.732210905966,21480.66799402483,3150.399102149384,52.24811716007456,3.580795335917286,10336.0,0.82,522.7843,3000.0,246.2693,1.8459220611037284,EIN84X_1515,120781.66721389128,0.004764483461899487
76573.54093713796,381.043,9842.427869004987,19197.64271951554,3473.015502054085,52.227703062352084,3.504444522839555,11394.0,0.82,520.7324,3000.0,245.8129,1.8377022192742851,EIN84X_1515,118248.47663439697,0.004435867118504262
76534.68763529495,402.212,4687.927124897637,16882.51744032577,3795.6319019586776,52.20695078819369,3.4287329363159027,12453.0,0.82,518.6725,3000.0,245.671,1.8287184975918462,EIN84X_1515,115825.39096706407,0.004154026445724818
76496.0240319686,423.3811,-440.3081199572145,14563.90689153182,4118.248301863151,52.186118830241575,3.3534773529388673,13511.0,0.82,516.6043,3000.0,245.4279,1.8190403437073506,EIN84X_1515,113514.47393906373,0.00391670895723199
76457.56339997743,444.5502,-5538.102238734877,12232.959575954781,4440.8647017674875,52.16512843121089,3.278738809374244,14570.0,0.82,514.5279,3000.0,245.2419,1.8087209717247137,EIN84X_1515,111310.86533839928,0.0036986453233851455
76419.31737627428,465.7192,-10607.690066545487,9894.97578172481,4763.481101671677,52.144028137242735,3.2044843734829493,15628.0,0.82,512.443,3000.0,245.1047,1.7978574526813726,EIN84X_1515,109216.52578431903,0.0035107188859370415
76381.2957313092,486.8883,-15650.993995339337,7554.453791253753,5086.097501575703,52.12285921695761,3.1306854493791185,16687.0,0.82,510.3496,3000.0,244.813,1.7865220109145246,EIN84X_1515,107227.172769295,0.0033468575799754457
76343.50618310938,508.0573,-20661.611739476615,5198.029315768537,5408.71390147955,52.10150253455963,3.0574361708329176,17745.0,0.82,508.2475,3000.0,244.4735,1.7748303115517916,EIN84X_1515,105344.71906454203,0.0031955361110131216
76305.95425509308,529.2264,-25637.440104738813,2821.8501583820703,5731.33030138321,52.079924519094405,2.9847676340582656,18804.0,0.82,506.1368,3000.0,244.2451,1.762865581615739,EIN84X_1515,103565.52742808283,0.0030665314578988685
76268.64317503152,550.3954,-30582.976833854107,435.884812014868,6053.946701286668,52.05821558943029,2.912613292809304,19862.0,0.82,504.0172,3000.0,244.0769,1.7507530491931123,EIN84X_1515,101891.46521248455,0.0029486243800908737
76231.5738114269,571.5645,-35500.64782717835,-1954.459322692013,6376.56310118988,52.03642510892774,2.8409369053932334,20920.0,0.82,501.8886,3000.0,244.0329,1.7385898571902834,EIN84X_1515,100320.63481139511,0.00022559063220003395
76194.74464284451,592.7335,-40395.563161743805,-4338.385894643671,6699.179501092752,52.014650613078246,2.769662122618278,21979.0,0.82,499.751,3000.0,244.1164,1.7264727224578473,EIN84X_1515,98851.68130925845,0.0
76158.15175536383,613.9026,-45272.91971342567,-6704.9792479132375,7021.79590099537,51.992990514360265,2.6987108425562014,23037.0,0.82,497.6042,3000.0,244.1325,1.714527622249179,EIN84X_1515,97486.5515163989,0.0
76121.78886323598,635.0716,-50129.82190562626,-9059.961450291807,7344.412300897732,51.97139415006728,2.6281250721388325,24096.0,0.82,495.4481,3000.0,244.1042,1.7028374668097161,EIN84X_1515,96223.38081461762,0.0
76085.64734798316,656.2407,-54964.35295785927,-11407.048725548,7667.028700799835,51.94982889731487,2.5579324585250593,25154.0,0.82,493.2826,3000.0,244.0888,1.6915221313823732,EIN84X_1515,95064.2606932594,0.0
76049.71631150802,677.4098,-59776.95684354145,-13745.086825415421,7989.645100701678,51.92830573975613,2.488125525838666,26213.0,0.82,491.1075,3000.0,244.182,1.680657913080146,EIN84X_1515,94008.18529758038,0.0
76013.98263923886,698.5788,-64571.94926660716,-16064.934918462688,8312.261500603267,51.906907007742845,2.418638808725998,27271.0,0.82,488.9228,3000.0,244.2135,1.670355228370772,EIN84X_1515,93057.48450997709,0.0
75978.43106989143,719.7479,-69346.70497323041,-18371.75625996693,8634.877900504605,51.88558711737651,2.3495104810612024,28330.0,0.82,486.7282,3000.0,244.3299,1.660682367693612,EIN84X_1515,92212.14582361578,0.0
75943.04426905561,740.9169,-74104.51072521659,-20658.47235317367,8957.494300404693,51.864409862359906,2.2806901978104976,29388.0,0.819602,484.2888,3000.0,244.5631,1.6517594684587062,EIN84X_1515,91448.8483957862,0.0
75907.80840792837,762.086,-78847.502086014,-22914.358313159173,9280.110700304711,51.84347186796099,2.2121432454535856,30447.0,0.816837,480.4487,3000.0,244.5497,1.6439538833233676,EIN84X_1515,90658.81838930212,0.0
75872.73181951987,783.255,-83552.12158097734,-25153.33829383524,9602.72710020471,51.82265190273821,2.144214165065058,31505.0,0.811079,474.8614,3000.0,244.5605,1.637982414557622,EIN84X_1515,89885.6606299929,0.0
75837.81354395917,804.4241,-88202.13757645333,-27365.256420954007,9925.343500104804,51.802044880610865,2.0771349078132735,32563.0,0.803802,468.4098,3000.0,244.5563,1.6342203594663742,EIN84X_1515,89292.5716978324,0.0
75803.01529811899,825.5931,-92788.46840905404,-29547.295438070083,10247.959900005182,51.7816790523667,2.0110345176044784,33622.0,0.796524,461.9876,3000.0,244.5521,1.632552599724331,EIN84X_1515,88950.5532453919,0.0
77219.99998746318,0.0,-74454.49538981637,-1701.283017436842,30.48000000472691,52.321296954688684,4.77996037606706,100.0,0.3,198.3755,1457.0,183.0038,1.7207035295165283,EJU42KM_1219,97201.89037892345,0.3188379868144062
77190.48552290384,17.1413,-74545.85664297898,-3442.372811760945,157.37723098064964,52.30562865503905,4.779004333829671,516.0,0.360305,237.911,1629.0,183.0038,1.6642573036002262,EJU42KM_1219,91105.48357836515,0.236583215975409
77161.95556098691,34.2827,-74655.45411403048,-5530.993881700371,299.2007808004931,52.28683286652838,4.777858282022278,982.0,0.424103,279.5871,1800.0,163.4187,1.6535934506514205,EJU42KM_1219,90073.74752515559,0.14956642873452172
77133.62644733755,51.424,-73953.91245140773,-7887.069723960082,455.95065318171015,52.26574222861074,4.7886909053076785,1496.0,0.487993,321.1332,1972.0,150.3071,1.6802271062739953,EJU42KM_1219,92713.33489239341,0.10584549118888872
77104.86311766323,68.5653,-72555.10568862085,-10340.143399517909,627.6268490761391,52.24387111600398,4.809774273721729,2059.0,0.549518,360.9122,2143.0,133.1109,1.7243822952805803,EJU42KM_1219,97645.4802508532,0.0718511205815379
77075.35588503284,85.7067,-70238.1624097187,-12509.127748938963,814.2293683403786,52.22466913433911,4.844254550579493,2671.0,0.607081,397.8668,2314.0,107.3993,1.7699531460822144,EJU42KM_1219,103833.66453635492,0.05300079797128197
77045.07342012995,102.848,-66899.60091182258,-13555.325050202417,1015.7582100222891,52.215678930483,4.89347230369227,3333.0,0.659781,431.4025,2486.0,89.7601,1.8078911330545362,EJU42KM_1219,110494.42983558515,0.042839480073118406
77014.1411180355,119.9893,-63106.32315395512,-13539.442928503426,1232.2133719398203,52.21627127648887,4.949143331951579,4043.0,0.707236,461.2745,2657.0,84.6091,1.835407768537528,EJU42KM_1219,117026.90971703525,0.04101254029441495
76982.73138235524,137.1307,-59068.6627349171,-13158.421489663493,1463.5948492461566,52.220147270537716,5.008338598402924,4802.0,0.74944,487.487,2829.0,73.1766,1.8538149997979558,EJU42KM_1219,123087.27724414816,0.03993007980934477
76950.99935199971,154.272,-54966.52398575229,-11918.083030796088,1709.9026273199481,52.23172754934923,5.068350141928916,5610.0,0.786639,510.2113,3000.0,69.6299,1.8654431518802541,EJU42KM_1219,128426.41136939911,0.04221116942029207
76919.06041285838,171.4133,-50762.28389895336,-10357.036935210155,1971.136566320493,52.246170869714845,5.12984398161671,6467.0,0.819227,529.7171,3000.0,68.0386,1.8690896072157221,EJU42KM_1219,130996.23961398765,0.04274765100733514
76887.04330599675,188.5547,-46443.51800628962,-8615.523343789395,2232.370480567751,52.262214860830085,5.193035485444086,7324.0,0.82,528.5792,3000.0,67.0723,1.8651061781066551,EJU42KM_1219,128731.98563559949,0.040463390062266555
76855.09527682599,205.696,-42164.01896945484,-6805.351041198278,2493.604394507814,52.27883953583886,5.2556868672181585,8181.0,0.82,526.9366,3000.0,66.1128,1.8604181621471685,EJU42KM_1219,126406.67313229665,0.03710990539866145
76823.22904631706,222.8373,-37928.7172241022,-4929.655280370755,2754.8383085436967,52.29601724669164,5.317727894653197,9038.0,0.82,525.2888,3000.0,67.0816,1.8551929587195009,EJU42KM_1219,124158.26377592912,0.031153325811023088
76791.45345362472,239.9787,-33675.73135358442,-3131.516857357578,3016.0722229860553,52.312466075651564,5.380084944157705,9895.0,0.819999,523.6357,3000.0,70.1959,1.8494315570368125,EJU42KM_1219,121985.75494864538,0.025223342092467026
76759.77723688915,257.12,-29345.096099496266,-1572.0442751050628,3277.3061377807685,52.32673992005234,5.443651897628522,10752.0,0.819999,521.9772,3000.0,71.2124,1.8431426891264515,EJU42KM_1219,119888.18887379626,0.020834624959933143
76728.20890292151,274.2614,-25001.367788156047,-94.36724741289588,3538.540052725087,52.34024465681129,5.507458668916698,11609.0,0.819998,520.3134,3000.0,73.7999,1.836342697080828,EJU42KM_1219,117864.69940854398,0.018605336922593713
76696.75659783446,291.4027,-20609.492485278173,1181.5964715674418,3799.7739675167413,52.35190281156757,5.572025734254932,12466.0,0.819997,518.6439,3000.0,76.6281,1.8290547337052652,EJU42KM_1219,115914.35230252944,0.01737405531397345
76665.4279952949,308.544,-16174.377924124585,2235.889701781871,4061.007882092684,52.361533541847535,5.637274354214557,13324.0,0.819995,516.9687,3000.0,79.6022,1.8213007101788374,EJU42KM_1219,114034.64810242754,0.01637231676945255
76634.23018586283,325.6854,-11705.112336882536,3055.9731071694346,4322.241796408668,52.36902278012814,5.703062629232625,14181.0,0.819993,515.2878,3000.0,82.2997,1.8131319927928355,EJU42KM_1219,112228.33214494449,0.015474444301892192
76603.16957798078,342.8267,-7216.941075750187,3662.8240527202493,4583.475710448775,52.37455809875274,5.769156293376136,15038.0,0.818084,512.4075,3000.0,84.1549,1.8038344958565689,EJU42KM_1219,110263.37819293409,0.014623622144338544
76572.27155784608,359.968,-2736.792225530641,4121.462971693387,4844.709624174377,52.378723605735544,5.835149513558901,15895.0,0.816421,509.6822,3000.0,85.5955,1.794301521390814,EJU42KM_1219,108423.05092057832,0.014102171403500648
76541.53898260293,377.1094,1729.4599093754496,4465.4749369742285,5105.943537454673,52.38182150553208,5.900949813429104,16752.0,0.816561,508.0809,3000.0,86.9942,1.7852009984246728,EJU42KM_1219,106859.19094345032,0.013968418582257572
76510.95739789687,394.2507,6188.627792090416,4699.619756017788,5367.177450360803,52.38389485333256,5.966652851469327,17609.0,0.817053,506.691,3000.0,88.3764,1.7760090915661906,EJU42KM_1219,105398.10872334812,0.013974737923262308
76480.52578021347,411.392,10639.84363129136,4825.78841452493,5628.41136270923,52.384960877084666,6.032241368137957,18466.0,0.81811,505.6431,3000.0,89.7637,1.7668440714478593,EJU42KM_1219,104057.59817323237,0.014038450435065294
76450.23947974278,428.5334,15083.518462515603,4844.114339705171,5889.645274743487,52.385020970285666,6.097716993945622,19323.0,0.816577,502.9892,3000.0,91.5409,1.756628841149065,EJU42KM_1219,102532.61336752039,0.013760998744990937
76420.12781429788,445.6747,19502.17821287807,4725.24861651383,6150.879186107138,52.383812012133895,6.162816129519323,20180.0,0.803406,493.1918,3000.0,93.1926,1.742802424654939,EJU42KM_1219,100256.9657802872,0.011013894745461964
76390.29537235657,462.816,23829.258532647447,4483.891328514335,6412.113094656754,52.38146973622567,6.226553603258742,21037.0,0.791072,483.956,3000.0,93.4049,1.73026808432574,EJU42KM_1219,98476.48933455619,0.0
76360.69630676818,479.9574,28074.055325831334,4231.33947267113,6673.347000642536,52.3789967620652,6.289071101637931,21894.0,0.793437,483.7278,3000.0,93.2902,1.7218602996140784,EJU42KM_1219,97488.92950037286,0.0
76331.23366124097,497.0987,32317.288176410315,3987.406458156966,6934.580906093085,52.37656842660713,6.351559349008628,22751.0,0.795534,483.3214,3000.0,93.1244,1.7134427434356694,EJU42KM_1219,96542.56398173815,0.0
76301.90575464974,514.24,36557.578603510425,3755.9488730550293,7195.814810952634,52.374219545630346,6.413998704041125,23608.0,0.797589,482.8743,3000.0,92.8943,1.7051076810272827,EJU42KM_1219,95648.19046496786,0.0
76272.70878016873,531.3814,40794.7740648528,3541.721265830593,7457.048715324034,52.37199295983256,6.4763878932450725,24465.0,0.79829,481.5959,3000.0,92.5906,1.6967330899340964,EJU42KM_1219,94761.39081152226,0.0
76243.64492824109,548.5227,45021.72951476121,3350.473648153306,7718.2826190402175,52.3699410408914,6.538623027448363,25322.0,0.800413,481.1631,3000.0,92.201,1.688737588909095,EJU42KM_1219,93981.94756205588,0.0
76214.70089744835,565.664,49246.01923565001,3188.1164146521883,7979.516522336626,52.36811649376089,6.600817340232368,26180.0,0.800868,479.7161,3000.0,91.7256,1.6808439261969599,EJU42KM_1219,93204.71572470159,0.0
76185.87860095153,582.8054,53458.700966636854,3061.2042474902037,8240.75042500056,52.36657919609861,6.6628411970827965,27037.0,0.80258,479.0109,3000.0,91.1642,1.6733254178740473,EJU42KM_1219,92530.19675910007,0.0
76157.16392644664,599.9467,57666.1510549018,2975.701978251245,8501.984327253305,52.365382375684796,6.724790806521095,27894.0,0.804884,478.6444,3000.0,90.6109,1.6660832653674973,EJU42KM_1219,91937.29881599211,0.0
76128.54501714262,617.088,61870.94260214445,2930.870924717201,8763.218229105361,52.3645192096218,6.786705407900179,28751.0,0.805728,477.3962,3000.0,90.2535,1.6592217847978072,EJU42KM_1219,91359.96462080165,0.0
76100.02036692805,634.2294,66064.86775715313,2912.3123296283256,9024.45213052651,52.3638612632457,6.848462729738596,29608.0,0.804987,475.2024,3000.0,90.569,1.6529811468150912,EJU42KM_1219,90799.58271578226,0.0
76071.58811472464,651.3707,70239.22411842913,2870.8586720582034,9285.686031441955,52.36296777752829,6.909925183181375,30465.0,0.802669,472.0777,3000.0,90.5976,1.647637124614171,EJU42KM_1219,90274.84841165866,0.0
76043.24293592329,668.512,74385.94585095743,2827.60865036226,9546.919931820516,52.362030029296974,6.970977783194129,31322.0,0.800351,468.9566,3000.0,90.6262,1.643122277572056,EJU42KM_1219,89840.29205666565,0.0
73621.30297726058,0.0,-74827.80180410686,-1385.1380819749722,30.48000030396746,52.321296936524234,4.779960351026318,100.0,0.3,198.3755,1645.0,183.0038,1.733234790682343,EJU5284_1390,98742.15407534488,0.31883796327481084
73591.08409065465,17.4244,-74920.59524118475,-3153.5202738872395,176.10685452472035,52.3053829877936,4.778991296343756,578.0,0.363223,239.7867,1819.0,183.0038,1.6747915348818831,EJU5284_1390,92157.11736382569,0.22795235272518466
73561.8982621248,34.8488,-75032.81029040393,-5292.0238249207,337.15710873700954,52.28613825007774,4.777820275173486,1106.0,0.430411,283.623,1994.0,163.9134,1.66376964955295,EJU5284_1390,91057.6036360967,0.14192864425141866
73532.93136279754,52.2732,-74330.74469563723,-7726.517299134803,513.6307629417169,52.2643430606036,4.788680429065096,1685.0,0.497677,327.2903,2168.0,150.1927,1.6907702524664376,EJU5284_1390,93820.69329395198,0.09822341790591335
73503.51505267264,69.6977,-72877.11259957461,-10263.952366314297,705.5278171389992,52.24172163836454,4.8105892791739135,2315.0,0.562223,368.9277,2342.0,131.7324,1.7353085838013285,EJU5284_1390,99005.37534484759,0.06827865593710644
73473.33708230044,87.1221,-70416.97932430684,-12458.344848536815,912.8482713287577,52.22231094458201,4.84717710360445,2995.0,0.62227,407.3587,2516.0,105.5957,1.7800785026744903,EJU5284_1390,105435.83512993471,0.05017227375283265
73442.38447879243,104.5465,-66910.95076496668,-13436.963972306314,1135.5921255106318,52.21394992816882,4.898837074241894,3726.0,0.676857,441.9547,2691.0,87.4134,1.8161732423478465,EJU5284_1390,112252.80383717884,0.04193131505334977
73410.80177949008,121.9709,-62965.95816906033,-13258.748751893496,1373.759379683732,52.21601951137264,4.956702203154692,4507.0,0.725633,472.4954,2865.0,81.6343,1.8415004001990092,EJU5284_1390,118819.16305241761,0.04046832362128473
73378.77044327547,139.3953,-58789.32221520854,-12644.555013995674,1627.350033845238,52.222006165552315,5.017896500417646,5339.0,0.768677,499.0441,3000.0,71.2517,1.8565960377796054,EJU5284_1390,124214.749121662,0.039764136575035795
73346.46854181767,156.8197,-54567.35472581297,-11211.52834906033,1892.8980940907566,52.23532907459421,5.079639791661293,6210.0,0.806709,522.1041,3000.0,68.0433,1.8628839881702302,EJU5284_1390,127206.5218857532,0.0417955995780829
73314.04852960444,174.2441,-50240.51572478315,-9467.170417813784,2158.44615433636,52.25142909221508,5.142913889672366,7082.0,0.82,529.0432,3000.0,66.4242,1.8617014116348656,EJU5284_1390,126955.30761519985,0.04148934254403612
73281.63806804594,191.6685,-45907.72183728067,-7576.3972945815485,2423.994214581916,52.26881246536878,5.206301323345703,7953.0,0.82,527.375,3000.0,65.5788,1.8562907515948246,EJU5284_1390,124547.57801257973,0.039097804660988944
73249.3240698036,209.093,-41616.956273078016,-5628.103384652486,2689.5422748274073,52.286675987478816,5.2691134061596925,8824.0,0.82,525.7014,3000.0,64.8235,1.8502582142492738,EJU5284_1390,122218.7826616028,0.03507987709473148
73217.11699875267,226.5174,-37365.86383896162,-3629.823166529101,2955.090335072935,52.30495301150298,5.331387023617632,9695.0,0.82,524.0225,3000.0,66.3109,1.8436059447055442,EJU5284_1390,119967.86946149808,0.02897139773616237
73185.0271884268,243.9418,-33078.161953122035,-1748.6225673775577,3220.6383953185477,52.322146618836804,5.394262242070025,10566.0,0.82,522.3382,3000.0,67.8158,1.8363450024551855,EJU5284_1390,117793.77617092084,0.023530142776237245
73153.06468769332,261.3662,-28756.557618160507,13.600910051994276,3486.1864555642123,52.3382386752395,5.457695525622214,11438.0,0.82,520.6485,3000.0,68.5891,1.8284871923397672,EJU5284_1390,115693.6168319758,0.01962977069852443
73121.23911404658,278.7906,-24425.710225649735,1711.7908133279614,3751.7345158098824,52.35372132438897,5.521315705700209,12309.0,0.815107,515.8565,3000.0,71.7067,1.8179433771789348,EJU5284_1390,113013.62534101596,0.017924423459882818
73089.60986427625,296.215,-20049.747318462018,3158.4362119896737,4017.2825760554774,52.3669093014019,5.585660042871896,13180.0,0.809351,510.5351,3000.0,75.3501,1.8063586557050562,EJU5284_1390,110418.23927904348,0.01667320365938272
73058.19526645889,313.6394,-15636.8973798503,4312.00248373794,4282.830636300977,52.37742769050448,5.650599947178072,14051.0,0.804809,505.9954,3000.0,79.2464,1.7947874618536848,EJU5284_1390,108134.71350083785,0.015723790880707654
73026.99080656354,331.0639,-11195.889843856454,5155.440544602667,4548.3786965463805,52.38512203211946,5.7159960768588896,14923.0,0.80176,502.4043,3000.0,82.8003,1.7834899477672725,EJU5284_1390,106129.6695426999,0.014880325291293699
72995.98801982666,348.4883,-6743.128419525464,5717.9298661692665,4813.926756791687,52.39025380494385,5.781593865147881,15794.0,0.800185,499.7414,3000.0,85.3994,1.7725739927876047,EJU5284_1390,104357.85349789415,0.014181288891656351
72965.17768528892,365.9127,-2293.2855434041608,6076.005766601458,5079.474817036896,52.39351091940519,5.847165267726154,16665.0,0.801476,498.8625,3000.0,87.457,1.7626924603848597,EJU5284_1390,102891.88321170321,0.013835515819402669
72934.53706158945,383.3371,2158.62322712753,6273.7247027311305,5345.022877281996,52.39528959820735,5.912775720347373,17536.0,0.80285,498.0247,3000.0,89.2321,1.7526312105158555,EJU5284_1390,101489.26604777496,0.013720922983829046
72904.06772590523,400.7615,6606.959052118826,6333.348721490604,5610.570937526988,52.39579006233776,5.978335991707579,18407.0,0.805103,497.7187,3000.0,90.9513,1.7427621355301472,EJU5284_1390,100208.40034872523,0.013766453124326903
72873.7626137726,418.1859,11052.286084240406,6259.535111842979,5876.118997771864,52.395054296564886,6.043848904357706,19279.0,0.805911,496.5066,3000.0,92.8785,1.732147996019628,EJU5284_1390,98875.67121753428,0.013802254402195376
72843.636046283,435.6103,15481.71128598824,6036.818051335563,6141.667058016601,52.392943671529565,6.109118294461406,20150.0,0.790807,485.5162,3000.0,94.4275,1.7157971926698738,EJU5284_1390,96695.20382878205,0.011488925189980029
72813.81809235184,453.0347,19805.21417524723,5702.053833544826,6407.215118260583,52.389793321677715,6.172813822943266,21021.0,0.773478,473.2233,3000.0,94.4549,1.7004147386825026,EJU5284_1390,94877.9073521961,0.0
72784.27222543793,470.4592,24018.629054640893,5373.785798563659,6672.763178503899,52.38667203802643,6.234878551779301,21892.0,0.778996,474.9275,3000.0,94.3511,1.6919315124905498,EJU5284_1390,93969.97373623442,0.0
72754.87101503072,487.8836,28247.813904594663,5051.998476403354,6938.311238747085,52.38357573936729,6.297167359751297,22763.0,0.783438,475.9485,3000.0,94.0793,1.6831355807492823,EJU5284_1390,93065.79498577767,0.0
72725.6174336356,505.308,32487.554253984017,4749.627196129939,7203.859298990129,52.380620704413595,6.359604789837514,23635.0,0.786759,476.2659,3000.0,93.7484,1.6741096843531278,EJU5284_1390,92171.39487312405,0.0
72696.51319985584,522.7324,36731.75610366362,4471.569660899968,7469.407359233029,52.377851146678445,6.422102222952368,24506.0,0.79003,476.533,3000.0,93.494,1.665164249831009,EJU5284_1390,91323.4059593444,0.0
72667.5540951026,540.1568,40979.4855098821,4212.215948409647,7734.955419475784,52.37521658578209,6.484646034624964,25377.0,0.792145,476.0842,3000.0,93.2995,1.6561922971453082,EJU5284_1390,90495.79279844323,0.0
72638.73952030676,557.5812,45223.99814520506,3967.516837979037,8000.503479718385,52.37268108720679,6.547136945381979,26248.0,0.794592,475.8195,3000.0,93.1368,1.6474714389605958,EJU5284_1390,89730.14760753159,0.0
72610.06133243273,575.0056,49466.761836314006,3735.003087466073,8266.051539960843,52.37022239107787,6.60959668472404,27120.0,0.796366,475.1356,3000.0,92.9907,1.6389476416103745,EJU5284_1390,89003.01239320039,0.0
72581.5146623724,592.43,53703.92449520133,3513.631499562781,8531.599600203152,52.36783153910591,6.6719687294233765,27991.0,0.797978,474.3411,3000.0,92.859,1.630755632943696,EJU5284_1390,88331.03907566515,0.0
72553.09142212453,609.8545,57934.413095795106,3302.355689974915,8797.147660445326,52.36549936884622,6.734237443679196,28862.0,0.800573,474.1155,3000.0,92.7497,1.6228905449337288,EJU5284_1390,87742.67091514153,0.0
72524.77747406907,627.2789,62163.218195964,3099.2510444333343,9062.695720687363,52.36320816359297,6.7964762709275455,29733.0,0.80221,473.3067,3000.0,92.6665,1.6154284319075414,EJU5284_1390,87193.68521896162,0.0
72496.56621919556,644.7033,66385.01089917446,2902.6282225132604,9328.243780929275,52.36094342224386,6.858606630512681,30604.0,0.802146,471.4835,3000.0,92.6096,1.6086332474110971,EJU5284_1390,86668.37157526016,0.0
72468.4537739769,662.1277,70590.60953044104,2710.9454538020805,9593.791841171053,52.3586926332974,6.9204931782839445,31476.0,0.799886,468.3687,3000.0,92.5783,1.6028990773119822,EJU5284_1390,86171.69064163335,0.0
72440.43492192568,679.5521,74768.3565959707,2522.8174135385825,9859.339901412724,52.356445312636325,6.981964109869734,32347.0,0.797627,465.2572,3000.0,92.5471,1.5980975046420567,EJU5284_1390,85763.64006930799,0.0
63741.31302247334,0.0,-75245.6515820345,69240.46429323171,30.480000298160565,52.321296864557574,4.779954837663683,100.0,0.3,198.3755,1491.0,183.0038,1.527931993170226,EZS39RG_1538,79694.10734571831,0.31882758785518883
63707.54212491792,22.0867,-75363.3295696276,66997.85247793801,197.79346940165894,52.30111527639672,4.7787273660003216,649.0,0.412003,271.9226,1712.0,183.0038,1.4666166997035257,EZS39RG_1538,75426.89425060713,0.2105839973151976
63675.199196847185,44.1734,-75524.74522708199,63921.723560504506,389.8883309380252,52.27343272962795,4.777045340682312,1279.0,0.527411,347.3337,1933.0,163.1343,1.5691270050936623,EZS39RG_1538,82806.13360161759,0.11970953378997647
63640.66377831762,66.2601,-74382.8840182464,60155.29931977944,606.7645849137134,52.23972041975195,4.794658022727471,1991.0,0.634098,416.5624,2154.0,158.2305,1.7073625027066317,EZS39RG_1538,95647.63376406359,0.07043020145463567
63603.10326561754,88.3468,-72632.19954539904,55771.519761466545,848.4222313292803,52.20053462475685,4.821310069843233,2784.0,0.726232,475.7679,2375.0,158.2521,1.804228307035194,EZS39RG_1538,109760.09933256346,0.04752179710018494
63563.38259008665,110.4335,-70634.70666231248,50764.23615848381,1114.8612701819125,52.15576775763558,4.851662988534914,3658.0,0.802246,523.9539,2596.0,158.4914,1.8526703006186311,EZS39RG_1538,122682.97262552194,0.04031791652375705
63522.55065007147,132.5202,-68458.25671180215,45241.42032946396,1406.0817014639372,52.10637944398727,4.884678985046661,4613.0,0.82,533.7415,2816.0,154.7676,1.8591070226541155,EZS39RG_1538,125632.46662141159,0.03592273568941976
63481.55573839136,154.6069,-65881.25759460921,39773.04945929242,1722.0835251493766,52.05751919039038,4.923468907636026,5650.0,0.82,531.7732,3000.0,144.8749,1.8565844357195795,EZS39RG_1538,124547.47076432282,0.03640692338424061
63440.62304038954,176.6936,-62417.05798118941,34848.582710868905,2058.6849307218345,52.01363764062332,4.975035293117006,6754.0,0.82,529.6686,3000.0,136.8848,1.8479452360638442,EZS39RG_1538,121271.37551030787,0.03754986992330434
63399.89111133832,198.7804,-58318.38189897993,30470.9692634043,2395.2863362916673,51.974718080083896,5.035668187049939,7859.0,0.82,527.5556,3000.0,130.8787,1.8379830614044685,EZS39RG_1538,118119.53396906736,0.034747999651791546
63359.38844352038,220.8671,-53802.37136155041,26562.019610418927,2731.8877418605016,51.94002241024754,5.102209077454092,8963.0,0.82,525.4341,3000.0,125.7419,1.826714451107123,EZS39RG_1538,115094.03294291685,0.03011478004901652
63319.14315738299,242.9538,-48974.15376778883,23087.232291639048,3068.4891474289648,51.9092210911401,5.173135659919764,10067.0,0.82,523.3039,3000.0,124.2754,1.8141629386141833,EZS39RG_1538,112190.08718345145,0.025450997104345882
63279.18237597628,265.0405,-44078.66033198445,19750.83159874044,3405.090552996568,51.87962697290573,5.24492716951044,11172.0,0.82,521.1651,3000.0,123.9253,1.800375629343505,EZS39RG_1538,109403.44144436362,0.023526167872921947
63239.53165254789,287.1272,-39183.11266794346,16458.016360200196,3741.6919585624405,51.85038115181507,5.316619942524448,12276.0,0.82,519.0175,3000.0,123.6049,1.7854557724851225,EZS39RG_1538,106735.89971783491,0.02235690825943519
63200.21446815978,309.2139,-34289.622794920935,13206.19078154822,4078.2933641261825,51.82146026673544,5.388185475527371,13380.0,0.82,516.8609,3000.0,123.7699,1.769496223507832,EZS39RG_1538,104183.24417456718,0.021598029814051713
63161.25180955065,331.3006,-29425.964347393503,9953.955721262568,4414.894769687162,51.79249071464621,5.459225373266679,14485.0,0.82,514.6953,3000.0,125.0589,1.7526036933472997,EZS39RG_1538,101741.74900115572,0.021639644804220537
63122.661831532045,353.3873,-24656.915858566055,6607.319112827082,4751.496175244892,51.76262524302137,5.528805962685891,15589.0,0.82,512.5206,3000.0,125.6917,1.7349371967933134,EZS39RG_1538,99413.04313056979,0.021393952544092508
63084.45960325778,375.474,-19945.26267395546,3222.689430332757,5088.097580799274,51.73237498843387,5.597463224821682,16693.0,0.82,510.3366,3000.0,125.8899,1.7166261445230284,EZS39RG_1538,97193.49673684764,0.020783615707562153
63046.65693387134,397.5607,-15265.526908994787,-163.6154552762878,5424.698986350319,51.70206880920638,5.6655654713103125,17798.0,0.82,508.1432,3000.0,126.0597,1.697803590879985,EZS39RG_1538,95079.94952573557,0.01980752069803373
63009.26227029137,419.6474,-10616.071835594948,-3549.047328003457,5761.300391898038,51.67173055370429,5.733137332086332,18902.0,0.82,505.9402,3000.0,126.037,1.6786491445485419,EZS39RG_1538,93073.88260947348,0.018809825929792218
62972.28065813959,441.7341,-5985.597044884841,-6917.856990623219,6097.901797442323,51.64150284043572,5.800343340232479,20006.0,0.82,503.7277,3000.0,125.9076,1.6592988393619608,EZS39RG_1538,91172.34977910251,0.017517804657861798
62935.71375591772,463.8208,-1367.967987933761,-10261.3986904438,6434.503202971431,51.61146402779877,5.867273625705197,21111.0,0.82,501.5054,3000.0,125.9311,1.6398849894690997,EZS39RG_1538,89372.79834628463,0.0
62899.55989246956,485.9075,3227.7630602694935,-13591.95695048418,6771.104608472884,51.581503944542284,5.933797460641449,22215.0,0.82,499.2732,3000.0,126.0104,1.6205817691796063,EZS39RG_1538,87676.68094607201,0.0
62863.81415684802,507.9942,7798.284342799601,-16913.897722844875,7107.706013964253,51.55158407086778,5.999869907787643,23319.0,0.82,497.031,3000.0,126.0778,1.6015118969515925,EZS39RG_1538,86081.71969819706,0.0
62828.46851233465,530.0809,12344.220004527358,-20226.150634504673,7444.307419444269,51.52171477814462,6.065500396725778,24424.0,0.82,494.7786,3000.0,126.1324,1.5827917854963778,EZS39RG_1538,84586.11594737899,0.0
62793.511927350875,552.1677,16866.240698173242,-23527.58575388797,7780.9088249115075,51.49190688691765,6.1306998486298765,25528.0,0.82,492.5159,3000.0,126.1799,1.5645754772053793,EZS39RG_1538,83191.39183433428,0.0
62758.93051220697,574.2544,21364.688411995543,-26817.52612163963,8117.510230364398,51.46216713135478,6.195474439549383,26632.0,0.82,490.2428,3000.0,126.2251,1.5469643203784225,EZS39RG_1538,81896.09251389676,0.0
62724.707658062114,596.3411,25839.616854602536,-30095.68860848453,8454.111635669986,51.432498701324356,6.259826173345266,27737.0,0.818843,487.2703,2779.0,126.2659,1.4911167055277834,EZS39RG_1538,77883.93891568328,0.0
62691.68335530902,618.4278,30286.83497080798,-33358.42038803473,8765.931648982667,51.40293531161916,6.323696158838134,28760.0,0.816335,483.6627,2558.0,126.3004,1.4323538984863018,EZS39RG_1538,73939.42736755978,0.0
62659.940262185424,640.5145,34700.846650749765,-36600.88252113164,9052.970269996022,51.37352154844642,6.387007152605352,29701.0,0.813541,480.0581,2337.0,126.3305,1.3714493468499147,EZS39RG_1538,70122.45220154438,0.0
62629.53110104668,662.6012,39081.883757948315,-39822.67141457472,9315.22749865751,51.344261876321184,6.449764318168124,30562.0,0.811325,476.9678,2117.0,126.3598,1.309232790400086,EZS39RG_1538,66475.75702583566,0.0
62600.48335195041,684.6879,43434.64969104795,-43027.09843141122,9552.703334947264,51.31512699164991,6.5120366943976045,31341.0,0.808405,473.6365,1896.0,126.3878,1.2451351741563184,EZS39RG_1538,62884.5189783701,0.0
62572.84591543771,706.7746,47756.95691460651,-46212.36057956946,9765.397778856492,51.28613401412794,6.573794581339597,32039.0,0.805925,470.7372,1675.0,126.4135,1.179999425998441,EZS39RG_1538,59408.117961969474,0.0
62546.63828958626,728.8613,52052.82372791499,-49381.112499795374,9953.310830382186,51.25725946484574,6.635096953763998,32655.0,0.803728,468.1762,1454.0,126.4387,1.114013549341369,EZS39RG_1538,56022.74836058277,0.0
62521.87871219637,750.948,56325.306594423666,-52535.510723432824,10116.442489525482,51.22848431291111,6.695988768686999,33190.0,0.800623,465.2598,1233.0,126.4666,1.0469032867493562,EZS39RG_1538,52659.379648190516,0.0
62498.60594868984,773.0347,60570.93638044596,-55673.28422810467,10254.792756291567,51.199829943193365,6.756421865307905,33644.0,0.797887,462.7313,1012.0,126.4942,0.9793359278444331,EZS39RG_1538,49369.56755734842,0.0
62476.827804654684,795.1214,64793.21048608299,-58796.93643522755,10368.361630691285,51.171274107398425,6.816447352417496,34017.0,0.794989,460.2821,791.0,126.5185,0.9112773102425819,EZS39RG_1538,46120.037813081755,0.0
62456.55879664444,817.2081,68992.95732470702,-61906.68607123759,10457.149112745416,51.14281531863109,6.876078274567288,34308.0,0.792134,458.029,570.0,126.5366,0.843009657629979,EZS39RG_1538,42913.57754706074,0.0
62437.80467725843,839.2948,73172.23546003303,-65003.31993137474,10521.15520249844,51.1144467943681,6.935345133408819,34518.0,0.788369,455.4212,350.0,126.5467,0.7744724702038566,EZS39RG_1538,39716.62412040301,0.0
62420.586139896826,861.3815,77328.15159827482,-68083.78376845618,10560.379900087675,51.0861969003084,6.994208257162777,34647.0,0.784604,452.9833,129.0,126.5569,0.7057206056826302,EZS39RG_1538,36538.40846165686,0.0
67632.5677805334,0.0,92366.20532696153,-38687.62825301883,30.480000303078178,52.33140182406996,4.7400298103602925,100.0,0.3,198.3755,-0.0,182.9988,0.697571136579969,EZY84JU_960,35948.99221316871,0.234127452594602
67617.52198077335,21.5721,92251.03283271927,-40886.11771245831,30.480000090805486,52.31165400017389,4.73772763247712,100.0,0.443609,293.3373,216.0,182.9988,0.9126898403708311,EZY84JU_960,45807.7922153902,0.23174984096747195
67597.85120231095,43.1443,92080.75484733023,-44136.49757542107,54.12016123273729,52.282457532059006,4.734327914112092,178.0,0.560019,370.2148,431.0,215.357,1.2620979456872021,EZY84JU_960,63206.644210671766,0.16966606291036898
67570.67028765693,64.7164,89704.07113083414,-47486.131604550945,101.40048372990243,52.25273528231005,4.698498473647619,333.0,0.63117,417.0278,647.0,247.7153,1.4958180025252557,EZY84JU_960,77411.34721839416,0.09291699056036483
67538.47671848244,86.2886,85423.92220100586,-49240.21559604802,172.32096758248468,52.237649321037736,4.6351840434953715,565.0,0.735999,485.9005,863.0,280.0735,1.7376146279828366,EZY84JU_960,99301.03930032167,0.07427075686272804
67501.06907812033,107.8607,80118.35072792806,-48297.68038283088,266.8816127905033,52.246927954180954,4.557505455909405,876.0,0.82,540.7777,1079.0,302.4309,1.8425526198648776,EZY84JU_960,119483.65540552653,0.07899268442950218
67461.34688656143,129.4329,75057.34721938038,-45082.034615131786,385.0824193539203,52.2765616288847,4.483896643046745,1263.0,0.82,540.0519,1294.0,300.3265,1.8462624983269575,EZY84JU_960,120690.13937488712,0.05035504000469651
67421.55088801862,151.005,69889.77203591312,-42059.14162065072,526.9233872726649,52.30442989225535,4.408581789312003,1729.0,0.82,539.1797,1510.0,297.8277,1.8490534707347885,EZY84JU_960,121655.15325715931,0.027701888453063997
67381.70056617665,172.5772,64605.138771766164,-39269.60570043024,692.4045165466243,52.330165662556546,4.3314043859430225,2272.0,0.82,538.1603,1726.0,297.8177,1.851066269095814,EZY84JU_960,122386.40348501832,0.015967099629952432
67341.81219721254,194.1493,59331.3738681087,-36486.986156960316,881.5258071756198,52.355787687804515,4.254295985958888,2892.0,0.82,536.9929,1941.0,297.7466,1.852393969294846,EZY84JU_960,122887.72204959445,0.01208176487366466
67301.89954883198,215.7214,54067.07022195622,-33717.699361934014,1094.2872591593868,52.38123861341879,4.177235413590535,3590.0,0.82,535.6765,2157.0,297.6231,1.8531915742622862,EZY84JU_960,123198.3890791915,0.009517261314528968
67261.97440667223,237.2936,48811.28997769155,-30967.343272352493,1330.6888724975197,52.40646834606587,4.1002088819139795,4366.0,0.82,534.21,2373.0,297.4826,1.8535046132362456,EZY84JU_960,123325.80536169567,0.007811938845237288
67222.04695272393,258.8657,43564.85214591404,-28238.24320903464,1590.730647189336,52.43145604455034,4.023229264825385,5219.0,0.82,532.5923,2589.0,297.386,1.8534037585207142,EZY84JU_960,123293.53942791716,0.006701990096598304
67182.12601552522,280.4379,38331.49463457933,-25527.14539949568,1874.4125832334612,52.456230866015524,3.9463533329333185,6150.0,0.82,530.8218,2804.0,297.295,1.8529053027984388,EZY84JU_960,123109.21659714362,0.005830008871890779
67142.21920768709,302.01,33113.12675874864,-22834.325429855453,2181.7346806257656,52.48079048566109,3.869610425569907,7158.0,0.82,528.8971,3000.0,297.2201,1.851477332292134,EZY84JU_960,122578.74568185362,0.005117057692331691
67102.34745396717,323.5822,27911.996236417526,-20158.999677873708,2510.4941650543187,52.505142161003306,3.7930350512380415,8237.0,0.82,526.8304,3000.0,297.1714,1.8426390736862668,EZY84JU_960,119570.4177773284,0.004565555695787814
67062.67336385896,345.1543,22729.071192029733,-17498.605081088208,2839.2536494826477,52.52930929298914,3.71664294866752,9315.0,0.82,524.7556,3000.0,297.157,1.8326723771631035,EZY84JU_960,116682.88854039198,0.004108395645062034
67023.22056474874,366.7265,17566.03538236526,-14850.06632855042,3168.013133910698,52.5533199043533,3.640460337889297,10394.0,0.82,522.6725,3000.0,297.1519,1.821587827997012,EZY84JU_960,113909.66387900093,0.0037271914097234673
66984.01184559423,388.2986,12423.408862457274,-12212.572474106653,3496.772618338412,52.57718174575999,3.5644959919292476,11472.0,0.82,520.581,3000.0,297.129,1.8094519435216074,EZY84JU_960,111252.81125412838,0.0034153102736979597
66945.06868348198,409.8707,7300.461908147489,-9587.752340506053,3825.5321027657315,52.60088066408653,3.488740086266197,12551.0,0.82,518.4812,3000.0,297.0937,1.796315753817767,EZY84JU_960,108706.44821579267,0.00314159994830237
66906.4108231508,431.4429,2196.720451472298,-6976.742133672883,4154.2915871925925,52.62440691213267,3.413186658391104,13630.0,0.82,516.3728,3000.0,297.0509,1.78227610828026,EZY84JU_960,106270.67644103893,0.0029015307853471413
66868.05591807961,453.015,-2888.0566750979733,-4380.229523203039,4483.051071618917,52.64775464752598,3.337833597055008,14708.0,0.82,514.2557,3000.0,297.0093,1.7674478418032185,EZY84JU_960,103945.41057081,0.002701008237725692
66830.01923725594,474.5872,-7953.707462429933,-1798.1173367093152,4811.810556044622,52.670925246218374,3.262683612959026,15787.0,0.82,512.1299,3000.0,296.9748,1.7519220152508652,EZY84JU_960,101725.56289025929,0.0025207839392156466
66792.31343793363,496.1593,-12999.80954481877,770.201201306822,5140.570040469612,52.693924678379254,3.1877446128977875,16865.0,0.82,509.9952,3000.0,296.9531,1.73584612433115,EZY84JU_960,99612.85151625992,0.0023586307441363133
66754.94840165654,517.7315,-18025.685821783445,3325.8340276720637,5469.329524893778,52.716763379902105,3.113027663947423,17944.0,0.82,507.8516,3000.0,296.947,1.7193234241008792,EZY84JU_960,97602.74997800545,0.002218419341129087
66717.9311285814,539.3036,-23030.546902804555,5870.110398192249,5798.089009316995,52.73945381782244,3.0385454599390354,19023.0,0.82,505.6989,3000.0,296.9398,1.7024983388761121,EZY84JU_960,95695.54203271837,0.0020920966326543173
66681.26568362005,560.8758,-28014.34771277736,8402.893733615705,6126.848493739121,52.761995267563925,2.96429970328615,20101.0,0.82,503.537,3000.0,296.939,1.685517331247663,EZY84JU_960,93891.34514844525,0.0017773660974537062
66644.9531870412,582.4479,-32976.71327368282,10924.693743770134,6455.607978159663,52.78439283820637,2.890296943583018,21180.0,0.82,501.3657,3000.0,296.9408,1.6684843264339948,EZY84JU_960,92186.49196122518,0.0
66608.99184181605,604.02,-37917.43331169544,13435.693162535881,6784.367462578454,52.80664870009185,2.8165412949463824,22258.0,0.82,499.185,3000.0,296.9445,1.651555460004361,EZY84JU_960,90582.61902608111,0.0
66573.37699004075,625.5922,-42836.33537385997,15935.997237762344,7113.126946995352,52.82876433095869,2.7430363101458775,23337.0,0.82,496.9948,3000.0,296.9426,1.6348276140245162,EZY84JU_960,89076.71808832568,0.0
66538.10119111244,647.1643,-47733.5651345083,18425.082224035163,7441.886431410008,52.85073552972098,2.6697808919757553,24416.0,0.82,494.7948,3000.0,296.9505,1.6184339555558522,EZY84JU_960,87669.45736318215,0.0
66503.15431488423,668.7365,-52608.60139073035,20903.73314715653,7770.645915822018,52.87256992421481,2.596783689894666,25494.0,0.82,492.585,2903.0,296.9608,1.5872439002758862,EZY84JU_960,85101.22124074983,0.0
66468.84694150233,690.3086,-57462.16072565235,23372.565364131635,8088.755728955957,52.89427350210866,2.5240348965389154,26538.0,0.82,490.4374,2687.0,296.9771,1.5347922090983668,EZY84JU_960,81104.3278141633,0.0
66435.62274703178,711.8808,-62295.672652038484,25832.927291338896,8383.22538076366,52.91585873319927,2.4515138690494487,27504.0,0.82,488.4409,2471.0,296.9952,1.4794203268645014,EZY84JU_960,77253.8981554716,0.0
66403.54037804813,733.4529,-67110.48879050181,28285.687825518944,8654.05487123276,52.937333732006614,2.3792010998991358,28393.0,0.82,486.5974,2256.0,297.0134,1.4217154269889989,EZY84JU_960,73545.94159196789,0.0
66372.65125657682,755.0251,-71908.04910619285,30731.581168613004,8901.244200359884,52.95870534023794,2.3070756984963285,29204.0,0.82,484.9088,2040.0,297.0316,1.3616603752702727,EZY84JU_960,69940.14497167943,0.0
66343.00007364986,776.5972,-76689.81332967445,33171.33903818423,9124.793368144306,52.979980321769816,2.2351163916858448,29937.0,0.817876,482.1243,1824.0,297.0467,1.2988615047486212,EZY84JU_960,66269.34707798301,0.0
66314.68810597491,798.1693,-81445.02258861171,35599.119839115156,9324.7023745871,53.00110814150259,2.1634860493304506,30593.0,0.815219,479.1922,1608.0,297.0601,1.234223275743997,EZY84JU_960,62651.82393533208,0.0
66287.76870915628,819.7415,-86172.21430810662,38013.98906544672,9500.971219692241,53.02208127790863,2.092207909038074,31171.0,0.812599,476.4478,1393.0,297.067,1.1685274917184825,EZY84JU_960,59133.15767121152,0.0
66262.27336219526,841.3136,-90873.43682877663,40416.310953947315,9653.599903473732,53.04290334116804,2.021252423300419,31672.0,0.809979,473.8697,1177.0,297.074,1.101477123511405,EZY84JU_960,55671.76100983272,0.0
56672.51830693325,0.0,-37588.22585547291,100446.45605081975,30.480000304075546,52.32129867539941,4.779952333451625,100.0,0.3,198.3755,2089.0,183.0038,1.6176790292367387,ITY113_1804,86808.62509575035,0.31882042302492136
56635.65859569777,22.7749,-37709.1997161386,98141.0341632019,272.1703951654568,52.300557983516946,4.778431296536908,893.0,0.421469,277.9361,2317.0,183.0038,1.5416920654131814,ITY113_1804,80708.7078090189,0.1788767473382793
56600.625956564545,45.5498,-37879.00497164639,94905.02309001697,540.2105468830813,52.27144523003182,4.77629859863084,1772.0,0.548549,360.6362,2545.0,168.0144,1.6320803276009916,ITY113_1804,88082.14630261663,0.09937906639274963
56563.62295527805,68.3247,-37005.14671357576,90788.74181376715,834.6004554578848,52.23448709944152,4.7895925571536875,2738.0,0.664891,435.6515,2772.0,163.034,1.7541782972017363,ITY113_1804,101524.84854043493,0.061734037975475727
56523.85473569578,91.0996,-35521.383743274535,85925.25771179171,1155.3401208892733,52.19084740019948,4.811890992836257,3790.0,0.762921,498.0369,3000.0,164.7904,1.8309200016219573,ITY113_1804,115806.5292536676,0.04461072060179676
56482.29825810493,113.8745,-33996.30083884793,80315.73212353562,1502.4295431732824,52.14049690803701,4.834825991408331,4929.0,0.82,533.1421,3000.0,164.5332,1.8508476157952352,ITY113_1804,122238.7518968166,0.037600022452944665
56440.24335309405,136.6494,-32336.436897002106,74316.94111478,1849.5189654495864,52.08664917081479,4.859718807338276,6068.0,0.82,530.9774,3000.0,164.155,1.8402778053018687,ITY113_1804,118729.04408015797,0.03394576051605608
56398.443538349624,159.4243,-30643.952386868823,68353.72690835097,2196.6083877257847,52.03311792737203,4.885025153287034,7207.0,0.82,528.8038,3000.0,162.8641,1.8280497544975516,ITY113_1804,115353.84914645864,0.031419973941435614
56356.936052386765,182.1992,-28825.093537416506,62454.577339659016,2543.6978100018696,51.98016395232947,4.91211057754235,8345.0,0.82,526.6212,3000.0,157.9958,1.8141783086429908,ITY113_1804,112112.49588944868,0.02934963786969725
56315.75760045903,204.9741,-26521.775319242806,56754.86471210462,2890.7872322778085,51.92902057230824,4.946181559957598,9484.0,0.82,524.4296,3000.0,155.6199,1.7986856908972326,ITY113_1804,108997.59159364137,0.026930637718972226
56274.94351487771,227.749,-23994.794000907557,51179.01051619428,3237.8766545536146,51.87899090218438,4.983424484962468,10623.0,0.82,522.2287,3000.0,155.3726,1.78165894242828,ITY113_1804,106008.69160609235,0.025112677739631897
56234.52700090193,250.5239,-21454.548825993414,45637.64562661943,3584.9660768292324,51.82926017535081,5.020775465403273,11762.0,0.82,520.0185,3000.0,155.6279,1.7632066590822204,ITY113_1804,103143.18440469584,0.02364623498396522
56194.53849064253,273.2988,-18949.746904847074,40108.69242045195,3932.0554991046356,51.77962806426972,5.0575281674223085,12900.0,0.82,517.7989,3000.0,156.1923,1.7434779883301281,ITY113_1804,100400.42616923478,0.02328170185634681
56155.0051171456,296.0737,-16510.069276425493,34579.215485613386,4279.144921379729,51.72997789272461,5.09325451820295,14039.0,0.82,515.5698,3000.0,156.3989,1.722597897650392,ITY113_1804,97774.10058976192,0.02376176406761801
56115.95031195383,318.8485,-14100.841639178587,29065.00201157131,4626.234343654445,51.68045341246524,5.1284601867920765,15178.0,0.82,513.331,3000.0,156.8832,1.7007492288467034,ITY113_1804,95263.83452849908,0.024476355463028857
56077.39352232818,341.6234,-11748.65057235246,23554.837655860338,4973.323765928737,51.63095365359163,5.162762418671176,16317.0,0.82,511.0823,3000.0,158.0646,1.6781102105740815,ITY113_1804,92867.38472201882,0.02439819185352259
56039.35003906967,364.3983,-9520.44645667721,18021.8812586137,5320.413188202644,51.58123686059402,5.1951960775170605,17455.0,0.819567,508.5553,3000.0,159.1447,1.6545005783825812,ITY113_1804,90535.0243798788,0.022647599391780585
56001.84256692347,387.1732,-7407.5096621058565,12475.669491449995,5667.502610476234,51.53139043126404,5.225892732393973,18594.0,0.817916,505.2676,3000.0,159.5375,1.6294146916889236,ITY113_1804,88188.19640527516,0.020652943199326573
55964.910252219575,409.9481,-5346.146219611376,6951.284284051714,6014.592032749455,51.48173180768511,5.255777124818823,19733.0,0.814259,500.7456,3000.0,157.8142,1.6025184546117646,ITY113_1804,85786.2211517595,0.019545746382336047
55928.60422376028,432.723,-3139.625996734248,1540.5313646720647,6361.681455022322,51.43308834240061,5.287689378332096,20872.0,0.805513,493.1185,3000.0,157.1968,1.5719044406949223,ITY113_1804,83161.11094749032,0.0025149474934946722
55893.025338961874,455.4979,-909.592563105028,-3763.682980673096,6708.7708772911255,51.38539439628435,5.319872394481076,22010.0,0.807285,491.9393,3000.0,157.1919,1.5499738806437,ITY113_1804,81505.86985229932,0.0
55857.92959713195,478.2728,1315.4920800539155,-9054.865936569706,7055.860299558602,51.33780883848818,5.3519165670905275,23149.0,0.809016,490.7148,3000.0,157.2062,1.5281765993584655,ITY113_1804,79932.03823560535,0.0
55823.309126991226,501.0477,3533.6541095315165,-14333.268368065941,7402.949721824824,51.29032949514956,5.383795122047032,24288.0,0.810666,489.4208,3000.0,157.2313,1.5066239042460803,ITY113_1804,78438.95118027608,0.0
55789.153869854505,523.8226,5743.592100862983,-19598.553360880567,7750.03914408961,51.24295956215998,5.415489866565884,25427.0,0.812215,488.0459,3000.0,157.2641,1.4854254427755487,ITY113_1804,77026.32036786954,0.0
55755.45125745521,546.5975,7944.243605317514,-24850.13542176628,8097.128566352737,51.19570444705293,5.446986409789102,26565.0,0.813063,486.2324,2963.0,157.2984,1.4582371153963656,ITY113_1804,75251.65116955736,0.0
55722.334991125805,569.3724,10133.664274401885,-30083.71256704601,8439.994224010747,51.14860301177644,5.478257892942486,27690.0,0.810783,482.5693,2736.0,157.3359,1.3962995539698417,ITY113_1804,71293.11697014037,0.0
55690.6147628372,592.1473,12304.080953441442,-35281.393456996695,8756.510124828868,51.101816484065424,5.509194655632284,28729.0,0.808633,479.1624,2508.0,157.3779,1.3328242062935167,ITY113_1804,67501.76098340646,0.0
55660.31990057648,614.9222,14456.247708101351,-40446.016058083565,9046.67626879809,51.05531956742775,5.53980906705372,29681.0,0.806474,475.9305,2280.0,157.4225,1.2683161938991998,ITY113_1804,63859.73322336866,0.0
55631.47439831503,637.6971,16590.733017393453,-45579.45676543256,9310.492655915561,51.00909560384971,5.57011075677447,30546.0,0.804305,472.8728,2052.0,157.4636,1.2030973490672763,ITY113_1804,60347.807756862894,0.0
55604.09558588815,660.472,18708.63676867069,-50683.35771088082,9547.95928618,50.963130013255785,5.600116859008315,31325.0,0.802002,469.9173,1825.0,157.4978,1.1375779075680958,ITY113_1804,56954.283894592896,0.0
55578.19768985262,683.2469,20811.03448724376,-55758.45524148911,9759.076159590804,50.91741634341217,5.629844094863246,32018.0,0.799582,467.0751,1597.0,157.5263,1.071540446862644,ITY113_1804,53643.08613803302,0.0
55553.78988011035,706.0218,22898.93531152504,-60805.64827297537,9943.843276147756,50.87194666459927,5.659308135683992,32624.0,0.796945,464.2893,1369.0,157.5514,1.0053415374917318,ITY113_1804,50409.55484597231,0.0
55530.87918749345,728.7967,24972.87312219823,-65825.30958254854,10102.260635850906,50.82671778262243,5.688517831267628,33144.0,0.794062,461.543,1142.0,157.5672,0.9393433136920665,ITY113_1804,47252.86156522039,0.0
55509.46955055696,751.5716,27033.813453665924,-70817.4150510976,10234.328238700602,50.78173004256217,5.717488148311784,33577.0,0.790844,458.7849,914.0,157.5924,0.8731401048667795,ITY113_1804,44137.67622601915,0.0
55489.56319307473,774.3465,29080.863307418855,-75782.0563627222,10340.046084697533,50.736982826431756,5.746207569604719,33924.0,0.787191,455.9572,686.0,157.6253,0.8069990241044678,ITY113_1804,41063.259871247115,0.0
55471.16092834668,797.1214,31113.026111274517,-80718.63005110402,10419.414173842888,50.69248178387242,5.774663200148992,34184.0,0.782939,452.9644,458.0,157.6416,0.7409078031729266,ITY113_1804,38016.97413014425,0.0
55454.263418323346,819.8963,33130.96623959372,-85624.636304439,10472.432506138839,50.64824953451361,5.802865925430358,34358.0,0.777816,449.6487,231.0,157.658,0.6749874247123706,ITY113_1804,34993.45153760812,0.0
55438.87327261602,842.6712,35133.214425520084,-90496.44191776786,10499.101081589928,50.604319008910146,5.830796510342998,34446.0,0.771346,445.7327,3.0,157.6603,0.6083878488306347,ITY113_1804,31943.7127777201,0.0
55424.99915152738,865.4461,37118.239767436506,-95326.9077554538,10499.419900210096,50.560754687514816,5.858435338762207,34447.0,0.771238,445.6681,-0.0,157.6768,0.6073926005982138,ITY113_1804,31898.068764017422,0.0
55411.146292160614,888.221,39101.59698066312,-100157.25448173576,10499.419900009845,50.51718501811875,5.885999523516661,34447.0,0.77113,445.6057,-3.0,157.6932,0.6064122246937673,ITY113_1804,31853.09278193295,0.0
61162.17058971219,0.0,-77439.17777179633,-71614.37457724659,30.480000303966758,52.32859819664647,4.708845579504885,100.0,0.3,198.3755,1447.0,3.1752,1.4601780818870296,SAS62L_1257,74999.81409263151,0.17994150377779977
61129.75364248998,22.1904,-77314.18459309502,-69361.17638861483,193.5592821184782,52.34887647303391,4.710161645108386,635.0,0.422291,278.7262,1669.0,3.1752,1.415024448474497,SAS62L_1257,72098.79759233014,0.14159573225333535
61098.420948705854,44.3809,-77138.44123679485,-66193.12661026613,381.6532644360121,52.37738818711989,4.7120139561093275,1252.0,0.546724,360.0862,1890.0,15.221,1.5561377586041159,SAS62L_1257,81800.06496766815,0.108412685982518
61064.02602994709,66.5713,-76061.98171307292,-62236.81552870835,594.7619472570303,52.413114863547,4.726963807259597,1951.0,0.659552,433.3436,2112.0,25.9465,1.7178165450845808,SAS62L_1257,96858.48814712338,0.0888168638993638
61026.06391461189,88.7617,-73902.9958245252,-57799.727790348166,832.8853305815957,52.45331151374804,4.757801842244807,2733.0,0.754789,494.5646,2334.0,35.4786,1.8176072743780862,SAS62L_1257,112572.60420303988,0.06856872901428825
60985.853577863236,110.9522,-70634.68713124302,-53214.10924883488,1096.0234144095962,52.49498167970063,4.805047894403213,3596.0,0.82,535.6657,2556.0,44.2409,1.856475816053697,SAS62L_1257,124468.44803894094,0.04849480837590871
60944.72629690239,133.1426,-66380.23176747569,-48845.40730181272,1384.1761987406728,52.5348044685346,4.867006058581796,4541.0,0.82,533.8777,2778.0,45.2917,1.8549888795386125,SAS62L_1257,123863.29637970323,0.03451268330113648
60903.638844284986,155.333,-62062.43518023357,-44571.34985851518,1697.3436835738426,52.573751107278305,4.930031683120526,5569.0,0.82,531.9276,3000.0,45.2231,1.8530735560113194,SAS62L_1257,123114.40697480892,0.02823522106475844
60862.600746014075,177.5235,-57767.198190050905,-40309.426013563054,2035.5258689046443,52.612552746941105,4.9928372775784755,6678.0,0.82,529.8137,3000.0,46.3391,1.8435851181459078,SAS62L_1257,119797.13035469042,0.024301939181937793
60821.78442647415,199.7139,-53407.284211272476,-36148.690896197426,2373.7080542409144,52.65041762484909,5.05672937457167,7788.0,0.82,527.6913,3000.0,47.3877,1.832670346951865,SAS62L_1257,116604.73600824138,0.020333803667193222
60781.220774428264,221.9043,-48989.85022688331,-32084.9051477573,2711.8902395771333,52.68738152578436,5.121599994141241,8897.0,0.82,525.5603,3000.0,47.7349,1.820352752471065,SAS62L_1257,113539.26968149116,0.01724168357624868
60740.940163082676,244.0948,-44565.940271075604,-28064.381630096585,3050.072424913282,52.72392148418121,5.186682488847336,10007.0,0.82,523.4207,3000.0,48.0495,1.8066521529216155,SAS62L_1257,110593.80082898901,0.01402318627399346
60700.9717823431,266.2852,-40138.25486766933,-24084.59499008596,3388.2546102493707,52.76005973162962,5.251935159760391,11116.0,0.82,521.2723,3000.0,48.6165,1.791656274513184,SAS62L_1257,107770.16716474103,0.01089191705767784
60661.34303526843,288.4756,-35689.86892159857,-20165.095873347676,3726.4367955853836,52.795621367123644,5.317610604692912,12226.0,0.82,519.115,3000.0,49.0194,1.77543487095783,SAS62L_1257,105061.95566762725,0.008630660779068643
60622.079015576564,310.666,-31232.691757779732,-16293.185008725139,4064.618980921276,52.83071927207196,5.383528865423921,13335.0,0.82,516.9487,3000.0,49.4009,1.7581263710619601,SAS62L_1257,102470.87325282689,0.007614627093342479
60583.20207573547,332.8565,-26768.679162094268,-12467.1917046455,4402.801166256981,52.865368040968406,5.449659253325396,14445.0,0.82,514.7733,3000.0,49.7397,1.7398353611372277,SAS62L_1257,99991.04850755686,0.007417979671865857
60544.73148876521,355.0469,-22301.145365633256,-8683.769148513697,4740.983351592456,52.899597351582045,5.515950687481606,15554.0,0.82,512.5886,3000.0,50.0575,1.720733291039863,SAS62L_1257,97624.03555089023,0.007447059342184303
60506.683201659456,377.2373,-17831.892208057998,-4941.252355981076,5079.165536927661,52.933421919468245,5.582374754637133,16664.0,0.82,510.3946,3000.0,50.2413,1.700943494625614,SAS62L_1257,95364.53111756747,0.0075997314956842065
60469.069674382066,399.4278,-13369.98412992379,-1229.1716321103897,5417.347722262554,52.96693552286247,5.648794225432869,17773.0,0.82,508.1912,3000.0,50.3722,1.6806536688840963,SAS62L_1257,93214.0044442021,0.007827244204764282
60431.899795632016,421.6182,-8919.052889170682,2456.5968708429655,5755.529907597095,53.00017526486175,5.71515338687772,18883.0,0.82,505.9781,3000.0,50.4576,1.6599914013794848,SAS62L_1257,91167.65472506333,0.00798124754444642
60395.17886504395,443.8086,-4482.190039985276,6119.578979876575,6093.712092931252,53.03317298453624,5.78140469045921,19992.0,0.817703,502.3441,3000.0,50.4233,1.6375256363909416,SAS62L_1257,89002.85792031672,0.00804316835120331
60358.96218279245,465.9991,-79.56841830613143,9758.728967295296,6431.894278264474,53.065919492562344,5.847244959369155,21102.0,0.815277,498.6343,3000.0,50.3551,1.615081786118652,SAS62L_1257,86963.47463089411,0.0
60323.24755029033,488.1895,4286.038363081296,13376.035586387794,6770.076463596356,53.09843345907482,5.9126306378352,22212.0,0.815816,496.7324,3000.0,50.3099,1.5948100812085086,SAS62L_1257,85292.94215585908,0.0
60287.96387229013,510.3799,8632.00076411296,16982.854607505058,7108.258648927526,53.13081756242535,5.977820393490427,23321.0,0.816483,494.8956,3000.0,50.2659,1.5748543943386457,SAS62L_1257,83728.2151926441,0.0
60253.10001563062,532.5704,12958.983421077495,20579.54165265324,7446.440834257893,53.163075378243796,6.042823274651913,24431.0,0.817178,493.0613,3000.0,50.2195,1.555233178425915,SAS62L_1257,82257.58968640753,0.0
60218.64417624052,554.7608,17266.882307989308,24166.258920191874,7784.623019587346,53.195208741143425,6.107636830483722,25540.0,0.817986,491.281,3000.0,50.1663,1.5361297588102543,SAS62L_1257,80888.97010662715,0.0
60184.58000592033,576.9512,21555.754937981048,27743.889816140287,8122.805204915771,53.22722596699668,6.1722610903909265,26650.0,0.818812,489.4969,3000.0,50.1148,1.517561872819479,SAS62L_1257,79612.90678357829,0.0
60150.890542202505,599.1417,25825.69575924344,31312.24367675652,8460.987390243035,53.25912570809847,6.236696602758199,27759.0,0.819619,487.6854,3000.0,50.0684,1.4996426106705134,SAS62L_1257,78428.82383803184,0.0
60117.55711288418,621.3321,30076.803129604046,34870.70722530718,8799.169575568989,53.29090281260494,6.300943929193123,28869.0,0.82,485.6068,3000.0,50.0264,1.482322096410719,SAS62L_1257,77309.3083274212,0.0
60084.566944664446,643.5225,34307.03341950644,38416.96542238711,9137.35176089343,53.32253696045825,6.36497116905023,29978.0,0.818515,482.4153,2802.0,49.9882,1.4289862788363652,SAS62L_1257,73800.93736063868,0.0
60052.72927995377,665.713,38508.59532445111,41943.96753956422,9453.180727020726,53.35396572893742,6.42865902973664,31014.0,0.816236,478.9084,2580.0,49.9562,1.3693737951736877,SAS62L_1257,70097.85928922438,0.0
60022.19220583744,687.9034,42679.282504838695,45449.03154758105,9743.994992663504,53.38516578119979,6.491972300031077,31968.0,0.814095,475.657,2358.0,49.929,1.3083789125731156,SAS62L_1257,66532.67381951217,0.0
59992.986171145836,710.0938,46821.58599831818,48933.587870535586,10009.794557813268,53.41615041497259,6.554947024093435,32841.0,0.811823,472.5029,2136.0,49.9231,1.2461778352895287,SAS62L_1257,63070.93685180043,0.0
59965.14218502988,732.2843,50937.58771536747,52396.748478829926,10250.579422467492,53.446912037495295,6.617612883099652,33631.0,0.809656,469.5857,1914.0,49.8626,1.1830661365204351,SAS62L_1257,59709.38165388402,0.0
59938.68223570255,754.4747,55026.01858309543,55844.09021257377,10466.349586625303,53.477501474869314,6.679950109825273,34338.0,0.807316,466.7441,1692.0,49.8508,1.119152888321995,SAS62L_1257,56419.257865612664,0.0
59913.630453530255,776.6651,59090.476792573914,59272.6563731365,10657.105050286618,53.50789230607355,6.742011166911286,34964.0,0.804962,464.0704,1470.0,49.8439,1.0546017390564013,SAS62L_1257,53194.58274672644,0.0
59890.00445790277,798.8555,63132.96917571113,62683.52206858453,10822.845813452055,53.538094444111294,6.803825254252866,35508.0,0.802297,461.3947,1248.0,49.8192,0.9894794680034719,SAS62L_1257,50011.49619027735,0.0
59867.82421564742,821.046,67153.35195611556,66078.69457103618,10963.571876123215,53.56812639546976,6.86538935457858,35970.0,0.799757,458.9671,1026.0,49.8395,0.9240225102793383,SAS62L_1257,46879.616954561505,0.0
59847.09689855507,843.2364,71158.02205441188,69458.17216979053,11079.283238303828,53.597987718485626,6.9267991999616205,36349.0,0.79691,457.0833,805.0,49.8179,0.8582528378854333,SAS62L_1257,43773.47600054798,0.0
59827.834629288685,865.4268,75145.46396399179,72825.68273151247,11169.979900005746,53.627712442839815,6.988031722381246,36647.0,0.794062,455.4501,583.0,49.7964,0.7922020764629747,SAS62L_1257,40691.21810868314,0.0
77219.99990002268,0.0,-76733.48457510391,57695.51795065213,30.480000303882218,52.328598133437254,4.708835479759143,100.0,0.3,198.3755,615.0,3.1752,1.3071835845271087,TRA6875_1499,65706.44295057347,0.1799231902235429
77188.80076036387,23.8538,-76598.76893077788,60123.97883902267,104.9576911280244,52.350453450886356,4.710262104375805,344.0,0.412394,272.4667,853.0,3.1752,1.2964108385749855,TRA6875_1499,65101.21221131364,0.1571808664514601
77157.90305979185,47.7077,-76413.77071433612,63458.861994537336,208.34084688550826,52.38046623463339,4.712223331977565,684.0,0.525055,346.496,1092.0,14.2659,1.4684758554161008,TRA6875_1499,75550.88819106726,0.12913043481740866
77122.9665047632,71.5615,-75367.27382030846,67574.66748265392,340.62946757676525,52.41762011321885,4.726709865943536,1118.0,0.627778,413.6637,1330.0,33.4754,1.6592293606750634,TRA6875_1499,90615.0834269927,0.1063671594341653
77083.50976190052,95.4153,-72571.293891377,71802.8706329486,501.82355320190646,52.456017606533536,4.767011115129156,1646.0,0.716127,471.0143,1569.0,49.5754,1.786867467017404,TRA6875_1499,106572.57583097662,0.08077357263827842
77040.99884711827,119.2691,-68178.3432365064,75544.82227499977,691.923103760929,52.49023049871849,4.831068196810427,2270.0,0.789062,517.8589,1807.0,66.257,1.8486761056063312,TRA6875_1499,121185.57024469327,0.05515985972030054
76996.97832484555,143.123,-62372.09096336417,78098.78488154412,910.9281192537427,52.513889420482755,4.916335950260197,2989.0,0.82,536.8111,2046.0,85.3946,1.8647260044553278,TRA6875_1499,128471.42490419078,0.03673891091409261
76952.539313913,166.9768,-55819.93724166965,78626.57914944839,1158.8385996801414,52.519343873593755,5.013063913123098,3802.0,0.82,535.2764,2284.0,92.2952,1.8659503242675628,TRA6875_1499,129144.24422881087,0.029605311741565478
76908.07361641746,190.8306,-49272.946373411505,78364.16850519463,1435.6545450397462,52.517613456547544,5.109856775346957,4710.0,0.82,533.5576,2523.0,101.6443,1.8667921587057899,TRA6875_1499,129628.65326757183,0.021043888353570885
76863.59050199266,214.6845,-42878.59990632344,77046.44180679528,1741.3759553318023,52.506302361961424,5.204522591331029,5713.0,0.82,531.6528,2761.0,112.0652,1.8672877808953805,TRA6875_1499,129927.49993561355,0.01901012200058588
76819.09719986537,238.5383,-36852.13992312676,74603.60850766729,2076.0028305541173,52.484773531178455,5.293830642891253,6811.0,0.82,529.5601,3000.0,120.8122,1.8675584482118623,TRA6875_1499,130101.53701271676,0.019450015552688937
76774.59914363545,262.3921,-31291.672050982288,71287.29986109279,2439.5351706646,52.45529624349476,5.376255506882476,8004.0,0.82,527.2772,3000.0,126.5689,1.8613064223801816,TRA6875_1499,126820.44860823531,0.019079444198045626
76730.25658243457,286.2459,-26114.47049754782,67446.73058885334,2803.067510775597,52.42102913991802,5.452959035700185,9196.0,0.82,524.9843,3000.0,130.4984,1.85401872629341,TRA6875_1499,123690.81134310857,0.01796364866551319
76686.09336515865,310.0998,-21234.108405581188,63278.74109421085,3166.599850886504,52.383756734735414,5.525190559338453,10389.0,0.82,522.6814,3000.0,132.7511,1.845687719753239,TRA6875_1499,120705.77209566387,0.017548434454335418
76642.13286381573,333.9536,-16542.179364362506,58941.39688158571,3530.132190997256,52.34491185738221,5.594534761802429,11582.0,0.82,520.3683,3000.0,134.7359,1.8363497712704269,TRA6875_1499,117864.95483504693,0.017577111757169778
76598.39730024964,357.8074,-12023.525358369805,54464.210114520865,3893.6645311078278,52.304765207308556,5.661213860537924,12774.0,0.82,518.0449,3000.0,136.4264,1.8260714947866634,TRA6875_1499,115167.77760613002,0.017547208383129963
76554.90712216173,381.6612,-7658.643976498311,49876.40798507546,4257.196871218224,52.263584300816795,5.725515244623917,13967.0,0.82,515.711,3000.0,138.0486,1.8149214598781955,TRA6875_1499,112608.45581517924,0.01690570382175974
76511.6804497755,405.5151,-3444.608768017179,45188.26254565113,4620.729211328446,52.221465313620214,5.787484010225698,15160.0,0.82,513.3665,3000.0,138.9806,1.8030112931261795,TRA6875_1499,110186.87901664077,0.01650893540188451
76468.73260657616,429.3689,673.652553261471,40453.982590627136,4984.261551438447,52.17889926665513,5.847930767335878,16353.0,0.82,511.0113,3000.0,138.2986,1.7904628595411578,TRA6875_1499,107901.28675727193,0.01692322136249372
76426.07574034578,453.2227,4828.670254865284,35790.72261838225,5347.793891548166,52.136940863200884,5.908801654177206,17545.0,0.82,508.6451,3000.0,138.0395,1.777420918180297,TRA6875_1499,105751.46998178307,0.01703735832643624
76383.71853465105,477.0766,8985.24442162161,31167.981051606672,5711.326231657625,52.095315642670954,5.969581978955906,18738.0,0.82,506.2679,3000.0,139.7342,1.7640109598476184,TRA6875_1499,103733.31169062376,0.017459304165622365
76341.66600622814,500.9304,12984.355491498736,26446.684424174073,6074.858571766723,52.052776711079716,6.027942488074879,19931.0,0.82,503.8795,3000.0,141.6152,1.7503926774334237,TRA6875_1499,101847.21133548443,0.01792087969990222
76299.91938035341,524.7842,16808.065890933885,21619.733747481783,6438.39091187398,52.00926427644794,6.0836241890934035,21123.0,0.82,501.4797,3000.0,141.9234,1.7367292092972226,TRA6875_1499,100093.4679535699,0.0
76258.476034179,548.638,20587.522907245053,16795.56525468566,6801.923251977921,51.965752383343705,6.1385520892302905,22316.0,0.82,499.0683,2822.0,141.8941,1.700496582400614,TRA6875_1499,95851.20749140484,0.0
76217.85657728593,572.4919,24352.41656744762,11995.044096076048,7143.933030658015,51.9224283638289,6.193162893472061,23438.0,0.82,496.789,2584.0,141.8654,1.6514589767036052,TRA6875_1499,90913.72944087075,0.0
76178.35564356974,596.3457,28104.067320224873,7216.339451290889,7457.03734441745,51.879276070601264,6.247477380097459,24465.0,0.82,494.6932,2345.0,141.8417,1.5968237452738938,TRA6875_1499,86152.33231989357,0.0
76140.09418242046,620.1995,31843.359344480323,2457.4202608060955,7741.236193249862,51.836277542173455,6.301509797325797,25398.0,0.818233,491.7211,2107.0,141.8666,1.5366235775206198,TRA6875_1499,81413.28401495962,0.0
76103.2338380787,644.0534,35559.564038633376,-2276.3411229226513,7996.52957715323,51.793482108766916,6.3551061603028485,26235.0,0.813959,487.4436,1868.0,141.7306,1.4705019916916413,TRA6875_1499,76603.84783553748,0.0
76067.9574476278,667.9072,39255.92612944437,-6961.882386219163,8222.917496126685,51.75109747714085,6.40831827917262,26978.0,0.809936,483.5206,1630.0,141.7739,1.400450779883741,TRA6875_1499,71979.96823807198,0.0
76034.36285623138,691.761,42920.32185257757,-11614.129854400944,8420.399950169869,51.70899081237171,6.460970973081595,27626.0,0.806019,479.8649,1391.0,141.7223,1.3264346853749682,TRA6875_1499,67473.60523411767,0.0
76002.54008155817,715.6148,46562.401708570185,-16229.49146457108,8588.976939282724,51.667194307868975,6.513207264357854,28179.0,0.802145,476.4361,1153.0,141.6817,1.2494087114030545,TRA6875_1499,63089.5238558414,0.0
75972.56925742765,739.4687,50182.867217017556,-20810.786779312464,8728.648463465472,51.62568304503912,6.56503921319752,28637.0,0.79814,473.1298,914.0,141.6739,1.1691841702645154,TRA6875_1499,58769.517115625815,0.0
75944.5234920757,763.3225,53779.91790265995,-25361.178870753447,8839.41452271867,51.58442923345043,6.616442438952683,29001.0,0.793885,469.8753,676.0,141.5941,1.0866965159743942,TRA6875_1499,54524.67248722973,0.0
75918.46712302612,787.1763,57359.53129238206,-29876.56486060675,8921.275117043468,51.54346966749092,6.6675061637609465,29269.0,0.789288,466.6152,437.0,141.5813,1.0017035625715178,TRA6875_1499,50309.865340382275,0.0
75894.45486173761,811.0301,60916.2390720439,-34360.999252282694,8974.230246442346,51.5027688718489,6.71815266523334,29443.0,0.784069,463.1828,198.0,141.5592,0.9146542222403157,TRA6875_1499,46116.64708689189,0.0
75872.53668565387,834.884,64449.339373408715,-38812.143510916794,8998.279910923073,51.462348445591175,6.768374295095516,29522.0,0.77914,460.1147,-0.0,141.5366,0.8409804586040996,TRA6875_1499,42641.823722495625,0.0
75852.396198446,858.7378,67961.40671438702,-43233.21173912678,8998.279910699683,51.422179672165974,6.818209682498739,29522.0,0.779165,460.1297,-0.0,141.5247,0.840849077645744,TRA6875_1499,42635.857590310734,0.0
75832.25880170305,882.5916,71474.50616979499,-47653.69506823989,8998.27991047578,51.38199500965446,6.867972666460275,29522.0,0.779174,460.1348,-0.0,141.5156,0.8407029514910977,TRA6875_1499,42629.02033692334,0.0
75812.12494681607,906.4455,74988.34764224912,-52073.66875497054,8998.279910251396,51.34179386791666,6.9176592657294425,29522.0,0.779157,460.125,-0.0,141.5119,0.8405345678987743,TRA6875_1499,42620.86946783915,0.0
75791.99531813643,930.2993,78502.40285395537,-56493.31803156456,8998.279910026562,51.30157470794316,6.967262060452824,29522.0,0.779141,460.1151,-0.0,141.5081,0.8403660910549324,TRA6875_1499,42612.71342622473,0.0
71037.09172482169,0.0,34058.248551981334,101161.1216437298,30.480000288398035,52.32130050570236,4.779960154011967,100.0,0.3,198.3755,1163.0,183.0038,1.5097778649614615,VLG12BR_219,78389.80092283047,0.31883284113938964
71002.64690616158,22.7979,33936.62809882635,98843.37750998423,165.13650986678925,52.300464615831125,4.777936732159851,542.0,0.404955,267.3699,1391.0,183.0038,1.4529975169798504,VLG12BR_219,74527.69403439504,0.2218525658338334
70969.55797093258,45.5957,33772.67515402615,95718.89502234882,326.19592761983125,52.272376310516115,4.775212087413969,1070.0,0.512869,338.0017,1619.0,183.2022,1.5511377246045623,VLG12BR_219,81419.14903458451,0.12542815789969072
70934.29637933381,68.3936,33551.7201779544,91769.56737236284,513.6582535612501,52.23687359581513,4.7715717242260425,1685.0,0.613384,403.383,1847.0,175.3554,1.6878048589718806,VLG12BR_219,93505.28446445621,0.07244730351314141
70895.95216899311,91.1914,33933.95239121126,87064.71363585748,727.5234876931645,52.194539688467444,4.77671183458623,2387.0,0.701363,460.1144,2075.0,174.7802,1.7897466332300513,VLG12BR_219,107071.61567326877,0.05039111517883364
70855.2739919302,113.9893,34423.724389380906,81703.50459058303,967.7916300133656,52.14629632210371,4.783351881636364,3175.0,0.775164,507.1271,2303.0,177.7684,1.8447081617984566,VLG12BR_219,119836.93610713637,0.04170987696772531
70813.31075488194,136.7871,34654.73425797427,75775.4383081697,1234.4626805162925,52.09297109529336,4.786132087488968,4050.0,0.82,534.8074,2531.0,178.7238,1.8644148484443357,VLG12BR_219,128260.22081188558,0.03607786762539224
70770.85777271686,159.585,34794.04156112495,69522.17413903885,1527.53663919069,52.036727066833244,4.787532121505038,5012.0,0.82,532.9858,2759.0,179.9511,1.8642373299991588,VLG12BR_219,128176.40439641621,0.03427298414737395
70728.4122333543,182.3828,34799.35475588709,63291.04314409722,1847.0135060128289,51.980690458271724,4.786974853614526,6060.0,0.82,530.9931,2987.0,183.2724,1.8637912596733663,VLG12BR_219,127956.02133670435,0.032687641274588945
70685.98009728115,205.1807,34445.14014251501,57095.85295480047,2192.89328091155,51.924999386560465,4.781180152307628,7195.0,0.82,528.8271,3000.0,192.5447,1.8571226798797174,VLG12BR_219,124858.50043764498,0.03172152776943837
70643.70728952598,227.9785,33102.910511843176,51063.71118906786,2540.3325920495745,51.870833759775,4.761025882840923,8334.0,0.82,526.6424,3000.0,200.7716,1.8489644556221982,VLG12BR_219,121717.72575515896,0.03314898533777536
70601.62784099237,250.7764,30920.448944679923,45309.75562642808,2887.7719031797337,51.81921349892834,4.728721941052269,9474.0,0.82,524.4487,3000.0,206.9789,1.8396505178419396,VLG12BR_219,118708.19361000924,0.034248906979753045
70559.76693896261,273.5743,28140.34849657514,39848.52745905861,3235.2112143035356,51.77024725202521,4.687831115787201,10614.0,0.82,522.2457,3000.0,211.7987,1.8292098575603082,VLG12BR_219,115829.66679584293,0.03148334749068869
70518.14888828319,296.3721,24924.880879428627,34662.240913600865,3582.650525426159,51.72375893352881,4.640728546118079,11754.0,0.82,520.0333,3000.0,213.734,1.8176928002353228,VLG12BR_219,113079.81964830859,0.02645466870127998
70476.79652468137,319.17,21550.56511435124,29609.16048463811,3930.089836548756,51.678455875675766,4.591427285802803,12894.0,0.82,517.8115,3000.0,212.4332,1.8051741055985806,VLG12BR_219,110456.47577947448,0.024001095722064925
70435.73069092167,341.9678,18305.852971186046,24502.860411275222,4277.5291476677685,51.63264939715803,4.544099612499677,14034.0,0.82,515.5802,3000.0,210.9035,1.7917496213324764,VLG12BR_219,107957.56749652822,0.021857193912485737
70394.96978854164,364.7657,15212.108918932792,19334.298353385,4624.968458783308,51.5862599296403,4.499049885057956,15174.0,0.82,513.3391,3000.0,209.3793,1.7775325681386827,VLG12BR_219,105581.12830410998,0.020161864527810235
70354.52941156476,387.5635,12269.881169203545,14108.266339969545,4972.407769893725,51.53933312476831,4.456280886641915,16314.0,0.82,511.0883,3000.0,208.1903,1.7626502686756313,VLG12BR_219,103325.42303324744,0.01939152056592471
70314.42206318931,410.3614,9449.251068493099,8845.66343309642,5319.847080997441,51.4920598780079,4.415355428900705,17454.0,0.82,508.8274,3000.0,206.9027,1.7472397039937275,VLG12BR_219,101188.77724119875,0.019089459733895243
70274.65695214401,433.1592,6759.628753407149,3544.7480251129764,5667.286392093198,51.44442629783484,4.376404385877276,18593.0,0.82,506.5565,3000.0,205.6719,1.7314570305556436,VLG12BR_219,99171.13374415788,0.01906346677858715
70235.23986224314,455.9571,4196.07175969542,-1788.6164662711396,6014.725703179631,51.39648707499126,4.339351227611986,19733.0,0.82,504.2753,3000.0,203.3253,1.7154251880114626,VLG12BR_219,97268.39724355645,0.01989831916074173
70196.17308657327,478.755,1863.6734783625077,-7197.807575929981,6362.165014238051,51.34785357303763,4.305703579127347,20873.0,0.82,501.9838,3000.0,202.1476,1.6993040852844967,VLG12BR_219,95480.95327976465,0.0027543733376299124
70157.45541656214,501.5528,-346.88183419338,-12628.8023616767,6709.604325206672,51.29901445700118,4.273880783321874,22013.0,0.82,499.6818,3000.0,202.0458,1.683239977980147,VLG12BR_219,93807.92522722071,0.0
70119.08217568696,524.3507,-2537.612362318424,-18038.588676681367,7057.043636146783,51.25035746496267,4.242409810183084,23153.0,0.82,497.3691,3000.0,202.0721,1.667375643447372,VLG12BR_219,92248.66905099971,0.0
70081.045287908,547.1485,-4720.59292329439,-23422.129632550303,7404.482947062594,51.20192814074786,4.211116291504068,24293.0,0.82,495.0456,3000.0,202.0301,1.651848980318289,VLG12BR_219,90802.8081798385,0.0
70043.33337119935,569.9464,-6889.361002016394,-28781.90496099588,7751.922257951946,51.15370438187575,4.180091859970831,25433.0,0.82,492.7112,2828.0,201.94,1.610098769306108,VLG12BR_219,87117.09963818136,0.0
70006.52555721368,592.7442,-9040.14698311137,-34121.39021421546,8079.482601428127,51.105655184492946,4.149389287588944,26507.0,0.82,490.5001,2600.0,201.8076,1.5560019847368596,VLG12BR_219,82821.06088158263,0.0
69970.89316813606,615.5421,-11169.849007887684,-39443.97310561553,8380.64003714637,51.05775037576038,4.1190516611190375,27496.0,0.819904,488.4011,2372.0,201.7109,1.4981678500003035,VLG12BR_219,78672.33013894154,0.0
69936.51694552223,638.3399,-13282.303199375898,-44749.40878133747,8655.394564900587,51.00999233244428,4.0890226760743635,28397.0,0.813891,482.9632,2144.0,201.6534,1.435067301916619,VLG12BR_219,74225.66048213828,0.0
69903.61809486905,661.1378,-15366.723808257162,-49999.760964062254,8903.746184625983,50.962722730380825,4.059453436000938,29212.0,0.813517,481.0579,1916.0,201.6014,1.3709484506607263,VLG12BR_219,70306.50872436486,0.0
69872.12976448705,683.9356,-17438.927385934778,-55233.17996449732,9125.694896294144,50.91559832606544,4.030117787705438,29940.0,0.807683,476.1101,1688.0,201.5611,1.3023675576134086,VLG12BR_219,66142.53412780908,0.0
69842.24586784653,706.7335,-19486.86613148587,-60415.97278015405,9321.240699892509,50.868922693067596,4.001184569568427,30581.0,0.806441,474.0556,1460.0,201.5304,1.2332082914590103,VLG12BR_219,62352.841006774266,0.0
69813.91075866672,729.5314,-21523.881231758445,-65579.2076613384,9490.383595417621,50.82241621174948,3.9724636132919513,31136.0,0.803641,471.2672,1233.0,201.5096,1.161858280431891,VLG12BR_219,58560.69950810062,0.0
69787.20858228259,752.3292,-23547.69026571243,-70714.41567118496,9633.123582873564,50.77615527736524,3.943985842087254,31605.0,0.799321,467.7725,1005.0,201.4923,1.0879491870885518,VLG12BR_219,54737.50212061249,0.0
69762.21624143806,775.1271,-25555.545421220366,-75813.65510750221,9749.46066227255,50.73021159369893,3.915788527975324,31986.0,0.797242,465.7731,777.0,201.4874,1.0137390827020554,VLG12BR_219,51088.419569687154,0.0
69738.91276855045,797.9249,-27554.9356892605,-80892.68207112714,9839.394833638009,50.684443293902916,3.8877651232279447,32281.0,0.790101,461.0007,549.0,201.4827,0.9358257469200316,VLG12BR_219,47235.82259937795,0.0
69717.44256782837,820.7228,-29533.94029510145,-85921.11931998491,9902.926097014231,50.639124281937335,3.8600813526426,32490.0,0.794234,462.9848,321.0,201.4769,0.8636361891753634,VLG12BR_219,43983.8976331961,0.0
69697.550971518,843.5206,-31521.420555759818,-90972.59471014472,9940.05445249504,50.593591072506946,3.832332857627118,32612.0,0.780993,455.0211,93.0,201.511,0.7801193846500623,VLG12BR_219,39905.661671638656,0.0
69679.67152335342,866.3185,-33478.07923979026,-95937.07855805552,9950.779900371777,50.548835377908404,3.8050663139957046,32647.0,0.78432,456.888,0.0,201.4714,0.751583533551909,VLG12BR_219,38656.92924891742,0.0
69662.40910784232,889.1163,-35439.477809277734,-100923.68611993472,9950.77990072477,50.50387407465566,3.777786619374404,32647.0,0.787647,458.8258,-93.0,201.4318,0.7237519618296528,VLG12BR_219,37450.75938602524,0.0
