mass,ts,x,y,h,latitude,longitude,altitude,mach,tas,vertical_rate,heading,fuelflow,fid,thrust,cost_grid
73654.30935230927,0.0,-75255.26303361342,58493.37716525551,30.480000303524182,52.32129687188167,4.779955679721945,100.0,0.3,198.3755,967.0,183.0038,1.4552483655223614,DLH3A_603,74675.22119008159,0.08199739954441444
73624.70116953301,20.3325,-75363.80891328053,56424.795152920866,130.33454683094138,52.30268138970895,4.778823685155061,428.0,0.393244,259.7397,1170.0,183.0038,1.4029996518555696,DLH3A_603,71351.53729170674,0.07883571776311982
73596.19151400485,40.6651,-75505.93847929273,53716.20165701541,251.1904119609945,52.278306333478454,4.777342772547784,824.0,0.488759,322.3869,1373.0,152.505,1.4896592583547748,DLH3A_603,76986.02892094979,0.07493283801847628
73565.9627421369,60.9976,-73951.74174926465,50729.9869885751,393.04759569389637,52.25166531333039,4.8008418696593935,1290.0,0.579147,381.3916,1577.0,147.8087,1.6234170169843711,DLH3A_603,87310.71413760795,0.0704905793062905
73533.04921470155,81.3301,-71830.1753872495,47359.85630694557,555.906098029693,52.22164163971786,4.832723274597646,1824.0,0.660466,434.1365,1780.0,145.4265,1.7387361114165545,DLH3A_603,99445.98076721173,0.06335364629858276
73497.79565388605,101.6626,-69258.117078968,43627.76003826016,739.7659189683766,52.188411237106344,4.871243890053757,2427.0,0.73107,479.5355,1983.0,142.2745,1.8130208610257537,DLH3A_603,111566.38218723,0.05584385228874554
73461.01620284509,121.9952,-66195.15162534546,39668.388483079114,944.627058509902,52.153183608878955,4.916946471947836,3099.0,0.790807,517.499,2187.0,138.755,1.8524684828489069,DLH3A_603,122574.13806731411,0.05031211804614141
73423.41271722247,142.3277,-62634.2136702687,35607.20463256253,1170.4895166541767,52.11707940758697,4.969888148780568,3840.0,0.82,535.2042,2390.0,135.7358,1.8649198999648744,DLH3A_603,128549.84250133243,0.04710465374610872
73385.52879306681,162.6602,-58736.23575973574,31607.8014491454,1417.3532934010261,52.0815429151957,5.0276651385999696,4650.0,0.82,533.6714,2593.0,132.6841,1.8651760401444197,DLH3A_603,128695.69759072977,0.04584084760300896
73347.64146988613,182.9928,-54643.899843501335,27833.599894313043,1685.218388750103,52.048022511721015,5.0881556895237745,5529.0,0.82,532.0032,2797.0,129.8323,1.8652274482804674,DLH3A_603,128733.24947735091,0.04489035074138614
73309.75520885878,203.3253,-50383.621151423766,24280.000329768172,1974.0848027005018,52.016470221800255,5.150976688456829,6477.0,0.82,530.1984,3000.0,128.0956,1.865063651824788,DLH3A_603,128656.52020652086,0.04367657579710707
73271.87364124313,223.6578,-46033.94125468453,20869.949590251064,2283.952535243685,51.98618284667868,5.214995088352976,7493.0,0.82,528.2554,3000.0,127.8761,1.85918470672855,DLH3A_603,125790.56330889414,0.03725824122472934
73234.11606326663,243.9903,-41687.32106680221,17489.11356800752,2593.8202677876952,51.95612326238238,5.278878647004454,8510.0,0.82,526.3053,3000.0,127.5005,1.8524568454955879,DLH3A_603,123030.74654651401,0.029954880840565516
73196.49911567377,264.3229,-37334.870455021206,14149.303545679026,2903.6880003317456,51.92639844801018,5.3427570526156725,9527.0,0.82,524.3479,3000.0,127.2666,1.8448814055681935,DLH3A_603,120377.58221856767,0.02536531820119869
73159.03930231932,284.6554,-32985.17145733377,10839.730458906728,3213.5557328757914,51.89691082247505,5.406507797735168,10543.0,0.82,522.3832,3000.0,126.3973,1.8364795362762614,DLH3A_603,117831.36869265093,0.023527638449360695
73121.75265351553,304.9879,-28602.36204380451,7608.765411604188,3523.4234654197826,51.86809738703706,5.470650499618944,11560.0,0.82,520.4111,3000.0,125.8732,1.8272671055078362,DLH3A_603,115386.47670753326,0.022674430913003273
73084.65440682857,325.3205,-24206.95432558432,4430.1583866232695,3833.2911979637,51.83972048901696,5.534890663464434,12576.0,0.82,518.4315,3000.0,125.8284,1.8173044534704113,DLH3A_603,113045.2311238179,0.022497620156672934
73047.75871433024,345.653,-19825.91479521657,1267.146778942634,4143.158930507523,51.81144834615897,5.598839914634333,13593.0,0.82,516.4443,3000.0,124.7814,1.8066332819972037,DLH3A_603,110802.51237714774,0.022688085771567394
73011.0783827598,365.9855,-15404.941660013546,-1803.3816015838022,4453.026663051229,51.78397434832633,5.66328528705203,14610.0,0.82,514.4494,3000.0,123.5501,1.7953318289825444,DLH3A_603,108658.85992839481,0.022540654076833106
72974.62465060277,386.318,-10936.463083776564,-4766.630738135033,4762.894395594832,51.757430844043775,5.728338925447146,15626.0,0.82,512.4468,3000.0,122.2093,1.7834903951551695,DLH3A_603,106614.60491595195,0.021635187785419913
72938.40700388826,406.6506,-6417.653611775352,-7613.296411367431,5072.762128138347,51.73190049087807,5.794044728582244,16643.0,0.82,510.4363,3000.0,121.3201,1.7711764913758574,DLH3A_603,104665.39115879907,0.019935197131322437
72902.43303063487,426.9831,-1873.241913598486,-10378.52065538931,5382.629860681789,51.70706604214636,5.8600474017468445,17660.0,0.82,508.4178,3000.0,121.0929,1.7584934987212522,DLH3A_603,102811.82461532495,0.01865014368716653
72866.70831237332,447.3156,2663.9495502299324,-13114.765301096071,5692.49759322514,51.68245517998574,5.925872056112324,18676.0,0.82,506.3913,3000.0,120.9017,1.7455503011060736,DLH3A_603,101054.32604214473,0.017599604485238843
72831.23635004343,467.6481,7191.992378392714,-15824.925381583738,6002.365325768391,51.65804216465825,5.99149381276605,19693.0,0.82,504.3567,3000.0,120.6943,1.7324245177577622,DLH3A_603,99389.38730391426,0.016744258342036702
72796.01852077807,487.9807,11711.447253618757,-18507.771921837455,6312.233058311162,51.63383840870515,6.056921303088094,20709.0,0.82,502.3138,3000.0,120.6529,1.719239281496882,DLH3A_603,97818.89292720996,0.0018965015046164477
72761.05406161014,508.3132,16214.385284558166,-21176.42054381869,6622.10079085278,51.60972646338118,6.122040388853526,21726.0,0.82,500.2626,3000.0,120.6478,1.7060720109117016,DLH3A_603,96339.94552255898,0.0
72726.34007591772,528.6457,20699.033149208768,-23833.68763580201,6931.9685233939945,51.585681530213776,6.186826199849936,22743.0,0.82,498.2029,3000.0,120.6567,1.6930327652719304,DLH3A_603,94953.41225727665,0.0
72691.87155841202,548.9783,25164.665079765175,-26480.62262915238,7241.836255934848,51.56169470859126,6.251269052830911,23759.0,0.82,496.1347,2818.0,120.6588,1.654360130957679,DLH3A_603,91093.38103617824,0.0
72658.15486085103,569.3108,29613.016985166953,-29117.539516222143,7532.923812449403,51.53776360182109,6.3153948834816305,24714.0,0.82,494.1839,2615.0,120.6607,1.609118369471962,DLH3A_603,87077.13253689936,0.0
72625.31831006828,589.6433,34045.284475445704,-31745.11454196656,7803.010050367211,51.513882530300044,6.37922171186261,25600.0,0.82,492.367,2412.0,120.6716,1.5604277805242353,DLH3A_603,83194.37794459244,0.0
72593.42778338773,609.9758,38462.20089192645,-34364.72442571394,8052.094969685336,51.490039506460995,6.442760730940866,26418.0,0.818407,489.7322,2208.0,120.6997,1.5077433757223058,DLH3A_603,79281.27817221648,0.0
72562.58142346903,630.3084,42855.57460015508,-36973.286460470255,8280.178570402852,51.4662633006047,6.505894750098805,27166.0,0.815061,486.1942,2005.0,120.729,1.4516361498625079,DLH3A_603,75355.73591955454,0.0
72532.88106948734,650.6409,47217.184526041994,-39566.01225546001,8487.26085251936,51.44259827375466,6.56850678242112,27845.0,0.811909,482.9208,1802.0,120.7571,1.3929584693464174,DLH3A_603,71553.7992791516,0.0
72504.37858015983,670.9734,51549.41987321853,-42144.15297600034,8673.341816034686,51.419033748731586,6.630632434988387,28456.0,0.808836,479.8429,1598.0,120.791,1.3316784820448628,DLH3A_603,67834.91010687049,0.0
72477.12270042424,691.306,55853.72867762299,-44709.119905498854,8838.42146094881,51.3955576219042,6.69229358346141,28997.0,0.805847,476.9616,1395.0,120.8158,1.2685887475368527,DLH3A_603,64215.870320433685,0.0
72451.1565388269,711.6385,60132.23182010074,-47261.21496716288,8982.499787261824,51.372167643819736,6.7535218664451255,29470.0,0.802813,474.2006,1192.0,120.8254,1.2036224752111004,DLH3A_603,60661.63115412512,0.0
72426.52066464865,731.971,64386.62063354634,-49799.90097315183,9105.576794973986,51.34886909005332,6.814342806706986,29874.0,0.799722,471.5514,988.0,120.8333,1.1367387680173717,DLH3A_603,57148.158159443694,0.0
72403.25052626725,752.3035,68617.91289662375,-52325.58701421368,9207.652484085798,51.32565875286758,6.874772019489271,30209.0,0.796521,468.9834,785.0,120.8296,1.0687250767212144,DLH3A_603,53694.69088184459,0.0
72381.37724058583,772.6361,72827.2697252642,-54837.81797677326,9288.726854598388,51.302541142215546,6.93482730401477,30475.0,0.793107,466.4338,582.0,120.8349,0.9994638594610197,DLH3A_603,50274.66442932512,0.0
72360.92875828913,792.9686,77014.39115455563,-57337.29858565885,9348.799906515267,51.279510498959034,6.994505184923502,30672.0,0.789693,464.0276,378.0,120.8401,0.9290006752908582,DLH3A_603,46879.537570698565,0.0
74405.63038379485,0.0,94182.3112448977,-43884.90834505249,30.48000030369937,52.304599762878865,4.77752017830641,100.0,0.3,198.3755,725.0,237.9631,1.3266660072041216,EIN60Y_1710,66814.67345475407,0.07953456849477107
74376.7543558512,21.7515,92302.63781788836,-45061.142011654585,110.57733991346642,52.294345200858054,4.749554760546139,363.0,0.405431,267.8495,942.0,237.9631,1.3040632352951187,EIN60Y_1710,65530.59787716485,0.07552728819979766
74348.40947229385,43.5031,89764.90269342285,-46649.16759494132,214.7096358614705,52.28049002419136,4.711819455608117,704.0,0.511647,337.6231,1160.0,270.5904,1.4503827039714952,EIN60Y_1710,74356.83747965505,0.07048931536161199
74316.93825721176,65.2546,85992.03835982653,-46610.28792176859,342.87688814786196,52.28144709539276,4.65637851821013,1125.0,0.609826,401.8243,1377.0,295.0786,1.6285415215095789,EIN60Y_1710,87765.03663906862,0.06559181833031795
74281.62084807479,87.0061,81925.3944805278,-44707.18059416057,495.0790967726781,52.299184910103975,4.597073997796761,1624.0,0.695832,457.701,1595.0,296.8543,1.7607906163708138,EIN60Y_1710,102467.4728891162,0.05969188271227092
74243.42603521037,108.7576,77363.37531532528,-42397.311258001435,671.3162617359224,52.32062105446819,4.530529351725555,2202.0,0.768372,504.3992,1812.0,298.2822,1.8331056627721483,EIN60Y_1710,116391.31199363682,0.048078898983102115
74203.63211847462,130.5092,72401.78662034575,-39727.764509590044,871.5883830375778,52.345307242368264,4.458117324675091,2860.0,0.82,537.0543,2030.0,299.0366,1.8625430527072508,EIN60Y_1710,127325.77976915363,0.033257762347585026
74163.15566825787,152.2607,67157.97598772483,-36816.689866567205,1095.8954606776047,52.37215587069933,4.381516626346549,3595.0,0.82,535.6665,2247.0,298.2617,1.8635169764972863,EIN60Y_1710,127821.93282989002,0.018921981283587217
74122.6605709877,174.0122,61890.550398270985,-33985.009415863766,1344.2374946559337,52.39824366745849,4.30446001443771,4410.0,0.82,534.1259,2465.0,297.5964,1.864146479883581,EIN60Y_1710,128154.82774329661,0.012932835568918631
74082.15447752431,195.7638,56607.581226477916,-31223.562822114087,1616.614484972445,52.42365134457257,4.227071129076755,5304.0,0.82,532.431,2683.0,297.6617,1.8644742507879726,EIN60Y_1710,128336.50136464319,0.009607022296882529
74041.64365923413,217.5153,51346.365088435436,-28465.84543879238,1913.0264316268951,52.44897284659648,4.149913462092385,6276.0,0.82,530.5804,2900.0,297.5939,1.8645347195518676,EIN60Y_1710,128380.1732291401,0.007988256020610984
74001.13315761692,239.2668,46102.14837660978,-25724.94591891039,2233.473334618553,52.47409139650762,4.072915742985928,7328.0,0.82,528.5724,3000.0,297.5479,1.8612332250666017,EIN60Y_1710,126742.28541749122,0.0068090169053161235
73960.69805107023,261.0183,40876.604831398436,-22999.145520032318,2564.966624061547,52.49902270566419,3.9961041302597256,8415.0,0.82,526.4872,3000.0,297.4828,1.854373341375773,EIN60Y_1710,123782.98393868425,0.005842343397110297
73920.41719557867,282.7699,35668.73996997564,-20290.093626366,2896.4599135045064,52.52375243714508,3.9194649278286384,9503.0,0.82,524.3937,3000.0,297.4212,1.8465593942587322,EIN60Y_1710,120943.9536691762,0.005171559181298694
73880.31035867224,304.5214,30478.834296099823,-17597.46978848374,3227.953202947423,52.54828385919456,3.843003544213656,10590.0,0.82,522.2918,3000.0,297.3908,1.8378176258641914,EIN60Y_1710,118227.32788219165,0.0045808883768803385
73840.39673296806,326.2729,25308.462916904504,-14918.453302185042,3559.446492390291,52.57264267609165,3.766744723511131,11678.0,0.82,520.1814,3000.0,297.358,1.8281693831164005,EIN60Y_1710,115627.15308865701,0.004143469123583275
73800.69449487784,348.0244,20157.60857248117,-12253.290156657824,3890.9397818331013,52.59682713340027,3.6906893196282895,12766.0,0.82,518.0624,3000.0,297.3332,1.8176755947402485,EIN60Y_1710,113143.64146569607,0.0037634436074325934
73761.2204014278,369.776,15026.743856580988,-9601.281877126534,4222.433071275843,52.62084395641761,3.6148454977929343,13853.0,0.82,515.9347,3000.0,297.3051,1.8064172290638911,EIN60Y_1710,110776.76705365477,0.003425823671686338
73721.9894353748,391.5275,9915.810153122826,-6962.759005073296,4553.926360718508,52.64469064432916,3.5392134872687873,14941.0,0.82,513.7982,3000.0,297.2786,1.794463092082216,EIN60Y_1710,108521.46783338563,0.0031581134928802754
73683.01450472382,413.279,4824.983592056459,-4337.600561181179,4885.419650161085,52.668368753120134,3.4637970197920205,16028.0,0.82,511.6527,3000.0,297.2567,1.7819306500725363,EIN60Y_1710,106379.56170478732,0.0029091495159554535
73644.30619911244,435.0306,-245.42036045915108,-1725.4172989044155,5216.9129396035605,52.69188225633889,3.388602016413047,17116.0,0.82,509.4983,3000.0,297.2369,1.7689082844601194,EIN60Y_1710,104346.64463576567,0.0027054349293044815
73605.87260249259,456.7821,-5295.2102556006685,873.9375065299608,5548.406229045925,52.71523282998079,3.3136320220669475,18203.0,0.82,507.3347,3000.0,297.2201,1.7555314680442602,EIN60Y_1710,102424.4604316882,0.002525927094033796
73567.71915916607,478.5336,-10324.152951386783,3460.689243899026,5879.899518488168,52.73842313360056,3.238891898849544,19291.0,0.82,505.1618,3000.0,297.2042,1.7418980780502336,EIN60Y_1710,100609.22072197142,0.0023588700809014933
73529.84858851001,500.2851,-15332.1041414261,6034.888131481661,6211.39280793025,52.76145410797465,3.164384835256029,20379.0,0.82,502.9795,3000.0,297.1956,1.7281402270136963,EIN60Y_1710,98901.52182538534,0.0008891835574616018
73492.26084260781,522.0367,-20318.63519648861,8597.134990493978,6542.886097372135,52.784331671774495,3.090118248235342,21466.0,0.82,500.7877,3000.0,297.1951,1.7143908869785056,EIN60Y_1710,97301.80579336992,0.0
73454.95310039462,543.7882,-25283.286786912297,11148.088040069511,6874.379386813835,52.80706227666288,3.016099980788044,22554.0,0.82,498.5863,3000.0,297.1948,1.7007479138891979,EIN60Y_1710,95807.35572916002,0.0
73417.91979174037,565.5397,-30225.956190279663,13687.708492040307,7205.872676255329,52.82964610248697,2.942332602829379,23641.0,0.82,496.3751,3000.0,297.1961,1.6873510143886874,EIN60Y_1710,94420.0293737597,0.0
73381.15264503751,587.2913,-35146.47263262411,16216.08679872122,7537.365965696595,52.85208449912173,2.8688196852123995,24729.0,0.82,494.1541,3000.0,297.1971,1.6742917668469128,EIN60Y_1710,93137.93126858003,0.0
73344.64075224528,609.0428,-40044.74863315796,18733.148031104636,7868.85925513762,52.874377328713955,2.795563573741431,25816.0,0.82,491.923,3000.0,297.1999,1.66170080333341,EIN60Y_1710,91963.07229876448,0.0
73308.37064590158,630.7943,-44920.607591507556,21238.987332569635,8200.352544578376,52.896525992962985,2.7225679221368817,26904.0,0.82,489.6817,3000.0,297.2011,1.6496607866883377,EIN60Y_1710,90894.45860346418,0.0
73272.32638328605,652.5458,-49774.01505488692,23733.419812752934,8531.845834018855,52.918529367934184,2.6498343024158033,27992.0,0.82,487.4301,2833.0,297.2042,1.6109646398042923,EIN60Y_1710,87518.81885994761,0.0
73237.06447075812,674.2974,-54606.378124246185,26217.369891443243,8844.911666692848,52.94039615904177,2.5773425960973793,29019.0,0.82,485.2941,2616.0,297.205,1.560810477370405,EIN60Y_1710,83549.2429686271,0.0
73202.82429945061,696.0489,-59419.370468939225,28691.447628058013,9133.942543033061,52.96213216326296,2.505068661527309,29967.0,0.82,483.3137,2398.0,297.2089,1.5070280883532186,EIN60Y_1710,79688.83613928386,0.0
73169.67477948056,717.8004,-64214.33575918235,31156.668677664242,9398.938463037432,52.98374680318873,2.432993115925546,30836.0,0.82,481.4909,2181.0,297.2109,1.4503064176236578,EIN60Y_1710,75949.66101217666,0.0
73137.68001751223,739.552,-68992.84805899422,33613.64068570553,9639.899426705348,53.005245753606545,2.3610931178487378,31627.0,0.81775,478.511,1963.0,297.2123,1.3902710350189922,EIN60Y_1710,72115.61395689187,0.0
73106.95868937514,761.3035,-73743.35242512378,36056.35362857986,9856.825434036607,53.02657693701218,2.289543550924454,32339.0,0.814771,475.2748,1746.0,297.2106,1.3277963070821035,EIN60Y_1710,68323.52527893241,0.0
73077.5920937311,783.055,-78463.35118772105,38483.202603189144,10049.716485031244,53.04772697288912,2.2183834302159924,32972.0,0.811873,472.2574,1528.0,297.2101,1.2626757168162397,EIN60Y_1710,64589.156618517954,0.0
73049.63699254826,804.8065,-83154.88278052372,40895.372843245095,10218.572579689519,53.06870695029299,2.1475833228498407,33526.0,0.808994,469.4225,1311.0,297.2112,1.1956424832833572,EIN60Y_1710,60923.432168183994,0.0
73023.14740912904,826.5581,-87819.6194680956,43293.870982016415,10363.393718012161,53.08952633735184,2.0771191911752407,34001.0,0.806169,466.7891,1093.0,297.2124,1.126346445956753,EIN60Y_1710,57286.04250794534,0.0
72998.17202859564,848.3096,-92459.47680473546,45679.706018666155,10484.179900001587,53.110194519734236,2.006963239202402,34397.0,0.803344,464.3254,876.0,297.2137,1.055584034288667,EIN60Y_1710,53693.68106894907,0.0
77219.99990000822,0.0,91897.63480156126,-43633.094658681635,30.48000030383916,52.32860183807391,4.708839891897449,100.0,0.3,198.3755,535.0,3.1751,1.252772927628933,EIN611_1579,62699.945813986786,0.07645675149486279
77193.22844084582,21.3537,92018.25581477853,-41458.709514505426,88.54013676619108,52.34813209690841,4.711214606253269,290.0,0.403,266.3099,749.0,3.1751,1.2447251756972784,EIN611_1579,62265.292182574936,0.07833895287144278
77166.66952398376,42.7075,92180.15764258927,-38540.172189897836,169.76418169741177,52.37434622499547,4.714405500904399,557.0,0.506199,334.1984,962.0,331.1445,1.4032664542023554,EIN611_1579,71368.01092377963,0.08080575966186211
77136.7639652233,64.0612,90410.15834773934,-35327.92688154851,274.152135097633,52.40352565632317,4.689209736492257,899.0,0.601687,396.7708,1176.0,299.1139,1.594512858899265,EIN611_1579,84847.40089927719,0.07980510362236753
77102.80896811944,85.415,86606.59499957699,-33209.68233827754,401.7039969668914,52.42319092397762,4.63370422344359,1318.0,0.68577,451.5628,1389.0,293.9289,1.7398082630880547,EIN611_1579,99585.26512826886,0.06676736895081911
77065.75181816559,106.7687,82078.38527298674,-31200.32523014856,552.4197673051949,52.44196108925795,4.567432545983078,1812.0,0.757238,497.7664,1603.0,293.5052,1.822613668148104,EIN611_1579,113729.25390900069,0.049755935498727685
77026.90770610404,128.1225,77071.5122871672,-29022.730379301334,726.2994461125365,52.46227512053558,4.4940795277076155,2383.0,0.816407,535.5942,1816.0,293.8781,1.860977511924509,EIN611_1579,126470.55732413793,0.030279637002788743
76987.20425188914,149.4762,71700.53546909703,-26645.10137084603,923.3430333888954,52.48439070269902,4.4153260591550625,3029.0,0.82,536.7344,2030.0,294.4935,1.8640449177348424,EIN611_1579,128114.2701346365,0.014675730031726095
76947.43162872922,170.8299,66345.50630453907,-24205.40759147219,1143.5505291342308,52.507010116868095,4.336741543334052,3752.0,0.82,535.3712,2244.0,294.3258,1.8652199999512131,EIN611_1579,128744.22445690948,0.010500405191225342
76907.63620694942,192.1837,60998.58329123679,-21788.27951617288,1386.921933348481,52.52937361925603,4.25819186792875,4550.0,0.82,533.8606,2457.0,294.2338,1.8660324725883972,EIN611_1579,129198.60291831862,0.008325075675987009
76867.82497349137,213.5374,55664.59465206878,-19387.301443513657,1653.457246031542,52.55153853985322,4.179750830660742,5425.0,0.82,532.2013,2671.0,294.1906,1.8665884430554127,EIN611_1579,129521.87178696689,0.006855546145451991
76828.00354319246,234.8912,50347.194521244965,-16998.61741361381,1943.1564671832061,52.57353949291054,4.101474203371154,6375.0,0.82,530.3919,2884.0,294.1434,1.8669026776939526,EIN611_1579,129714.14935905297,0.006005708394829775
76788.17632498643,256.2449,45047.84034937266,-14623.282255988162,2256.019596802842,52.595367259468375,4.023384427531327,7402.0,0.82,528.4309,3000.0,294.095,1.8645792583815326,EIN611_1579,128451.30055298426,0.005231342191566619
76748.40113007108,277.5987,39767.239756836316,-12261.704633081848,2581.450650623975,52.61701854344349,3.9454930246731235,8469.0,0.82,526.3833,3000.0,294.0399,1.8585736275779852,EIN611_1579,125575.6252808795,0.004695696090578305
76708.75806876589,298.9524,34504.98412907287,-9914.403782423686,2906.8817044450784,52.638489153421595,3.8677950066029956,9537.0,0.82,524.3277,3000.0,293.9983,1.8517265316289473,EIN611_1579,122816.62732794622,0.004216072665447551
76669.26420699841,320.3062,29261.72938020071,-7580.137445194401,3232.3127582661473,52.65979066593823,3.790301343270282,10605.0,0.82,522.2641,3000.0,293.9608,1.8440514898054436,EIN611_1579,120174.65548617998,0.003813674506987035
76629.93617776828,341.6599,24037.736658734888,-5258.546632826764,3557.7438120871757,52.68092675789892,3.7130170204724866,11672.0,0.82,520.1922,3000.0,293.9382,1.8355829177798642,EIN611_1579,117649.72953876446,0.003491527427584046
76590.7897986402,363.0136,18833.706865595515,-2948.2821548372044,3883.1748659081572,52.70191000630014,3.635953588290021,12740.0,0.82,518.1121,3000.0,293.9198,1.8263520199788228,EIN611_1579,115236.44970409432,0.003200283266707088
76551.83971712612,384.3674,13649.898865015424,-648.9894610027109,4208.605919729085,52.722744081669525,3.559115921665443,13808.0,0.82,516.0236,3000.0,293.9006,1.8164255256996853,EIN611_1579,112935.17760136894,0.0029709087777958173
76513.09909330949,405.7211,8486.371703687604,1639.2333874352748,4534.036973549953,52.74342859683422,3.4825058923991694,14875.0,0.82,513.9266,3000.0,293.8862,1.8058861829693083,EIN611_1579,110746.07003439192,0.0027573853820206276
76474.57932579564,427.0749,3343.409618846589,3916.7938928752465,4859.468027370749,52.7639677047019,3.406128707925161,15943.0,0.82,511.821,3000.0,293.8727,1.7948023029338145,EIN611_1579,108664.57776780683,0.002569254032369795
76436.28982407162,448.4286,-1778.858306846908,6183.747027348015,5184.899081191469,52.78436235637469,3.329987247420569,17011.0,0.82,509.7067,3000.0,293.8609,1.7832767193787957,EIN611_1579,106691.21312098583,0.0024076591748164395
76398.23782778454,469.7824,-6880.271017892769,8440.217271698788,5510.330135012102,52.80461419289427,3.2540849567348484,18079.0,0.82,507.5836,3000.0,293.8505,1.7714108854663166,EIN611_1579,104824.96630671504,0.0022551258308250964
76360.42827136483,491.1361,-11960.68194948421,10686.293587661787,5835.761188832639,52.824724568041496,3.178424995643112,19146.0,0.82,505.4516,3000.0,293.8429,1.759321046090465,EIN611_1579,103066.22680490973,0.002130089907317511
76322.86369085155,512.4898,-17019.88547393609,12922.195694442758,6161.192242653069,52.8446959880009,3.103011379727948,20214.0,0.82,503.3106,3000.0,293.8439,1.747096168574479,EIN611_1579,101411.74855152718,0.0010924724658773002
76285.54416868891,533.8436,-22057.454621131325,15148.641325404942,6486.623296473358,52.86453544856671,3.027851379832555,21282.0,0.82,501.1604,3000.0,293.8528,1.7348560073656811,EIN611_1579,99862.34801516053,0.0
76248.46731160648,555.1973,-27072.99043918657,17366.28153354793,6812.0543502935,52.884249358868075,2.9529518185692947,22349.0,0.82,499.0009,3000.0,293.8618,1.7227201657291675,EIN611_1579,98418.71712779484,0.0
76211.62825640205,576.5511,-32066.39866776774,19575.07453439117,7137.485404113496,52.90383789298833,2.8783150106042448,23417.0,0.82,496.8321,3000.0,293.8694,1.7107758667139792,EIN611_1579,97078.7471785494,0.0
76175.01969844881,597.9048,-37037.64034915551,21774.85022177548,7462.916457933334,52.92330006987594,2.8039424613404016,24485.0,0.82,494.6538,2865.0,293.8747,1.6803675636467545,EIN611_1579,93843.10566704202,0.0
76139.0206940616,619.2586,-41987.98509586514,23965.923060394594,7773.732677179587,52.94263916427648,2.729816092500874,25504.0,0.82,492.5642,2652.0,293.8786,1.6354919059833395,EIN611_1579,89584.00105608779,0.0
76103.92949621096,640.6123,-46919.06831763844,26148.870848345327,8061.384987959569,52.96186073907314,2.655912269577874,26448.0,0.82,490.6225,2438.0,293.8827,1.5863182817981278,EIN611_1579,85450.59701953872,0.0
76069.82773445394,661.966,-51832.29683099532,28324.337047345343,8325.87339027196,52.98097090856899,2.58221068010408,27316.0,0.82,488.8304,2225.0,293.8882,1.533505410184112,EIN611_1579,81456.7573314491,0.0
76036.79188383163,683.3198,-56729.04865004878,30493.071021625026,8567.197884116364,52.99997668996075,2.5086913443673886,28108.0,0.819103,486.6563,2011.0,293.8934,1.476729998838442,EIN611_1579,77480.46252361224,0.0
76004.91651893177,704.6735,-61605.4312925914,32653.309746955936,8785.358469492607,53.01886306411485,2.4354134676895955,28823.0,0.815654,483.1272,1798.0,293.8978,1.4162128737450699,EIN611_1579,73407.39514695422,0.0
75974.33983899141,726.0273,-66447.79501406383,34798.93043278032,8980.355146400623,53.03757716441759,2.362583281760959,29463.0,0.812376,479.8634,1584.0,293.9059,1.352493565183705,EIN611_1579,69426.65637413082,0.0
75945.12622608343,747.381,-71258.5928694758,36931.37639563765,9152.187914840426,53.05613251013841,2.2901651282977857,30027.0,0.809195,476.8218,1371.0,293.9073,1.2863511356464612,EIN611_1579,65546.37534423276,0.0
75917.33577625972,768.7348,-76040.22124446442,39051.03340754792,9300.856774812113,53.074533026184675,2.2181242898794578,30515.0,0.806072,473.9767,1157.0,293.917,1.2175177658895722,EIN611_1579,61718.920459669374,0.0
75891.0234415989,790.0885,-80794.26517895097,41159.42089341539,9426.36172631588,53.092792864406874,2.1464378208090924,30926.0,0.802951,471.2946,943.0,293.9211,1.1465312341654803,EIN611_1579,57945.085379275566,0.0
75866.23917207263,811.4423,-85522.47814881145,43256.75798445138,9528.702769352203,53.11091439783917,2.0750804624930157,31262.0,0.79979,468.7506,730.0,293.9221,1.073958637881093,EIN611_1579,54228.456501440196,0.0
75843.02719175465,832.796,-90226.2689826618,45343.36116154528,9607.879903922592,53.12890086843794,2.0040320315194635,31522.0,0.796629,466.3666,516.0,293.9231,0.9995001125107242,EIN611_1579,50533.51381424027,0.0
73411.68409336884,0.0,94217.38808535,30704.826547070385,30.48000030334855,52.30459976108181,4.777520178250186,100.0,0.3,198.3755,689.0,237.9631,1.2852630544629355,EIN84T_1587,64480.29962499034,0.07953456824838533
73385.02112296961,20.7313,92425.6883324545,29583.64371842492,103.04721511864264,52.29482355305031,4.750864002406639,338.0,0.403761,266.7689,896.0,237.9631,1.2693549084684737,EIN84T_1587,63603.30998264467,0.07573086887601123
73358.72442268147,41.4626,90016.47761768552,28076.044200356933,197.44763597567479,52.28166849016997,4.715039322852719,648.0,0.507983,335.271,1104.0,268.4425,1.4196146659333677,EIN84T_1587,72386.69392225542,0.0709511548936607
73329.36380932199,62.1939,86446.34232782751,27978.96977219842,313.6812628746306,52.281369339863595,4.6625412498018175,1029.0,0.60453,398.4667,1311.0,270.1673,1.603559041269302,EIN84T_1587,85601.22531349909,0.0662458014344211
73296.2175093855,82.9253,82202.2500303368,27991.363704408854,451.7480958155568,52.28213258136189,4.600165051604924,1482.0,0.689548,453.792,1518.0,271.2238,1.7440639801132043,EIN84T_1587,100145.24487938127,0.05977027239308826
73260.15767794033,103.6566,77370.6689776492,28094.57939383903,611.6481347984605,52.283762796545915,4.529172420310102,2007.0,0.761764,500.403,1726.0,270.6189,1.8241451482877191,EIN84T_1587,114096.48225330542,0.04979488113050654
73222.41721029034,124.3879,72042.77558286059,28152.130579563425,793.3813798233251,52.2850052772176,4.450869195389477,2603.0,0.82,537.5373,1933.0,267.9956,1.8607025781142645,EIN84T_1587,126429.06822854374,0.039104261405436394
73183.87529493896,145.1192,66323.70942004095,27951.974097982376,996.9478308901113,52.28392611658335,4.36676040503322,3271.0,0.82,536.2791,2140.0,264.4134,1.861772434734855,EIN84T_1587,126943.83772444638,0.02887529896450076
73145.313694336,165.8505,60643.23473937363,27396.335919680707,1222.347487998754,52.27958643509284,4.283158841662386,4010.0,0.82,534.8826,2348.0,261.7102,1.8624993639140413,EIN84T_1587,127305.99139477036,0.020433847927223064
73106.73990453433,186.5818,55011.666251803406,26575.797983465745,1469.5803511491538,52.272800811592525,4.200249107225151,4821.0,0.82,533.3466,2555.0,259.3126,1.8628839521144003,EIN84T_1587,127505.47105642698,0.013721406462965347
73068.16019660834,207.3132,49437.17470286308,25523.759181991663,1738.6464203411413,52.26387028063081,4.118169457700002,5704.0,0.82,531.6699,2762.0,255.8496,1.8630046000509048,EIN84T_1587,127575.78209275476,0.012045918558742572
73029.5797703175,228.0445,43955.547064540515,24141.74121085074,2029.545695574369,52.251908078341074,4.037444010800518,6659.0,0.82,529.8511,2969.0,253.6927,1.8629068384939778,EIN84T_1587,127538.42861227685,0.010111121226166923
72991.0028361003,248.7758,38550.30740577716,22560.395718608215,2342.278176847803,52.238093024462884,3.957861132880135,7685.0,0.82,527.8889,3000.0,252.4693,1.857553811657311,EIN84T_1587,125074.3534396849,0.008830116576863873
72952.54135446377,269.5071,33200.36086744098,20870.412426199262,2658.2234258555404,52.22324422435014,3.879128882018978,8721.0,0.82,525.8991,3000.0,251.5152,1.8504464647099548,EIN84T_1587,122282.06383201582,0.007791021232314978
72914.2314229854,290.2384,27899.49437575788,19098.327905686278,2974.1686748632465,52.207602291317826,3.801162814554726,9758.0,0.82,523.9017,3000.0,250.8782,1.8424468836040813,EIN84T_1587,119597.99697762358,0.006777758318811691
72876.09060056346,310.9697,22638.853971123204,17274.422949263902,3290.113923870906,52.191441377664596,3.72383833628468,10794.0,0.82,521.8967,3000.0,250.3601,1.8335870842978301,EIN84T_1587,117024.55447009472,0.006184361225732021
72838.13584237236,331.701,17415.130961069663,15410.238850600641,3606.059172878508,52.174866593305964,3.647109426284891,11831.0,0.82,519.8839,3000.0,249.9487,1.823888709744898,EIN84T_1587,114556.04016801633,0.005535737057561733
72800.38315290354,352.4324,12225.16607677931,13515.977344414052,3922.004421886047,52.15797086739199,3.5709315146469565,12867.0,0.82,517.8634,3000.0,249.6298,1.8134199520851684,EIN84T_1587,112194.71335515936,0.00510761020700153
72762.8472713108,373.1637,7066.098449324754,11600.38837013881,4237.94967089351,52.14083394370383,3.4952637802485285,13904.0,0.82,515.8349,3000.0,249.326,1.802229695850236,EIN84T_1587,109935.38583220332,0.004726345528235892
72725.54139567004,393.895,1937.573862018822,9665.138194259423,4553.894919900889,52.12347173510089,3.420101581890515,14941.0,0.82,513.7984,3000.0,249.104,1.7904047127877138,EIN84T_1587,107778.54233146207,0.004366926265847684
72688.47694994925,414.6263,-3163.0480778148817,7717.8037765998315,4869.840168908169,52.105953266395396,3.345406644702358,15977.0,0.82,511.7538,3000.0,248.8874,1.7780437978909147,EIN84T_1587,105724.42122940398,0.00411962116748362
72651.66339500726,435.3576,-8235.8569908129,5759.0891224772695,5185.785417915344,52.08828569699599,3.271177814642009,17014.0,0.82,509.701,3000.0,248.6916,1.7652222739144567,EIN84T_1587,103768.69708135897,0.0038657854998238417
72615.1080828789,456.0889,-13281.471077530017,3791.036850001154,5501.7306669224,52.070488240025334,3.1974060733385365,18050.0,0.82,507.6399,3000.0,248.5222,1.7520629314032714,EIN84T_1587,101913.29377246542,0.003663855784444266
72578.81615199475,476.8203,-18300.711291054635,1816.1503034757525,5817.675915929328,52.052584208639416,3.1240792652776586,19087.0,0.82,505.5703,3000.0,248.36,1.7386486858155392,EIN84T_1587,100154.44213533125,0.003488172841663027
72542.79045981211,497.5516,-23293.747530026325,-164.76773691597165,6133.621164936112,52.03458160296146,3.051194739582557,20123.0,0.82,503.4923,3000.0,248.2681,1.7251090685241937,EIN84T_1587,98494.04198969009,0.0020554032663947473
72507.03154856112,518.2829,-28262.9371997996,-2145.449237175853,6449.5664139426535,52.01653744681352,2.9787173817085546,21160.0,0.82,501.4057,3000.0,248.2531,1.7115282081479282,EIN84T_1587,96928.93009750117,0.0
72471.5376393805,539.0142,-33210.858494873835,-4119.155925972314,6765.5116629489685,51.99851288869368,2.9066084954782974,22197.0,0.82,499.3104,3000.0,248.2663,1.6980236423117976,EIN84T_1587,95459.90903736438,0.0
72436.3046499747,559.7455,-38138.394018331106,-6083.420418978912,7081.456911955079,51.98053068831339,2.8348542913532895,23233.0,0.82,497.2062,3000.0,248.2577,1.6847106907427958,EIN84T_1587,94087.61808645519,0.0
72401.32623100173,580.4768,-43044.70935805309,-8040.078095275546,7397.402160960967,51.96257500889046,2.7634664626805874,24270.0,0.82,495.0931,3000.0,248.2611,1.6716672350470534,EIN84T_1587,92809.93092567487,0.0
72366.59381664655,601.2081,-47930.1240493996,-9988.067047098471,7713.347409966619,51.944655994481025,2.6924395477832475,25306.0,0.82,492.9709,3000.0,248.2631,1.659012843471538,EIN84T_1587,91628.76692915888,0.0
72332.09668520064,621.9395,-52794.50131372051,-11927.466368090676,8029.29265897202,51.92677355645466,2.621774864040862,26343.0,0.82,490.8395,3000.0,248.2536,1.6468181102591055,EIN84T_1587,90542.74644074561,0.0
72297.82202591351,642.6708,-57637.36062571498,-13859.213727908738,8345.23790797716,51.90891992204552,2.5514788866654263,27379.0,0.82,488.6989,3000.0,248.2678,1.6351927414780845,EIN84T_1587,89553.96049697862,0.0
72263.7550088782,663.4021,-62459.40532820307,-15781.274443298096,8661.183156982037,51.89111392688847,2.481540341214069,28416.0,0.82,486.5488,3000.0,248.2533,1.6241992354344124,EIN84T_1587,88661.86870385887,0.0
72229.87885524167,684.1334,-67259.57780455452,-17696.026407054494,8977.128405986645,51.87333491177123,2.411974371880884,29453.0,0.82,484.3892,3000.0,248.2585,1.6139267592246138,EIN84T_1587,87868.34974207377,0.0
72196.17490557928,704.8647,-72038.44246664383,-19601.776090329236,9293.073654990993,51.855598651342326,2.3427717609930983,30489.0,0.82,482.2199,3000.0,248.2649,1.6044575105069994,EIN84T_1587,87175.25249230699,0.0
72162.62268484318,725.596,-76795.93819145551,-21498.394724767957,9609.018903992705,51.837906912199244,2.273932665763678,31526.0,0.817136,478.364,3000.0,248.2617,1.596203534029728,EIN84T_1587,86421.29562718447,0.0
72129.23865396949,746.3274,-81515.04541083775,-23380.012219980494,9924.964152994415,51.82031557056111,2.2057025721448964,32562.0,0.812766,473.636,3000.0,248.2519,1.5895931248641757,EIN84T_1587,85739.4809972352,0.0
72096.00780404055,767.0587,-86186.91394807438,-25243.72265189368,10240.909401996385,51.80285314544251,2.1382082015413437,33599.0,0.806777,467.9825,3000.0,248.281,1.5850806488050886,EIN84T_1587,85178.73029243329,0.0
72062.90190340782,787.79,-90803.65886007508,-27082.719323646437,10556.8546509989,51.78558335131781,2.0715608651642947,34635.0,0.798994,461.3151,3000.0,248.2562,1.5832379541551629,EIN84T_1587,84801.8655451332,0.0
72029.87658787437,808.5213,-95353.9954555302,-28897.54428528719,10872.799900002145,51.768504646812836,2.005922779800093,35672.0,0.791211,454.6798,3000.0,248.2315,1.5837274002159787,EIN84T_1587,84669.81283619227,0.0
77219.99990000708,0.0,91659.4921707479,31259.337986320388,30.480000303944273,52.32860183627618,4.708839891842502,100.0,0.3,198.3755,584.0,3.1751,1.2863688947558276,EIN84X_1515,64541.65430854739,0.07645675129808148
77192.54035973932,21.3359,91780.00051546274,33431.6921020026,93.74445203900666,52.34811407067652,4.711209005918999,308.0,0.401453,265.2718,797.0,3.1751,1.2696174612893665,EIN84X_1515,63617.700296204086,0.07829724927566757
77165.46912138801,42.6717,91941.1226170181,36336.173623752606,180.13402613043715,52.37420224222556,4.7143799876764785,591.0,0.503448,332.3432,1010.0,331.1714,1.4167769463181477,EIN84X_1515,72208.53761503402,0.08070261928019382
77135.30003230713,64.0076,90184.0510181905,39528.492789134514,289.6487225783679,52.40319787842749,4.689364351395923,950.0,0.598128,394.3543,1224.0,299.1676,1.5991733989731847,EIN84X_1515,85233.92122751244,0.07965152854424287
77101.27514413615,85.3434,86409.05704629539,41635.460711754495,422.2885413828359,52.422751970166296,4.6342743414645735,1385.0,0.681751,448.8112,1437.0,267.1638,1.7399391933278685,EIN84X_1515,99602.32300161057,0.06653530124902997
77064.24846610006,106.6793,81495.71902492597,41392.04231252971,578.0534825438499,52.421317481004536,4.561767838163704,1897.0,0.75304,494.8621,1650.0,256.5198,1.821406229509952,EIN84X_1515,113444.3070455268,0.05163285724606667
77025.46358617883,128.0152,76221.96798674238,40127.85773651891,756.9435460614047,52.4107104769849,4.483718525525873,2483.0,0.812241,532.6738,1864.0,254.2181,1.8599672277114316,EIN84X_1515,125896.35662283144,0.0333429655921217
76985.82206430865,149.351,70605.56865337097,38540.48831845323,958.9587319354805,52.39719040169342,4.4005884481183974,3146.0,0.82,536.5141,2077.0,252.0011,1.8645606651761872,EIN84X_1515,128385.50865122603,0.01667383202110049
76946.07189705494,170.6869,65016.2861747949,36724.54210545882,1184.0990401660404,52.38155349555813,4.317864331795099,3885.0,0.82,535.1198,2291.0,250.5684,1.8656445544493945,EIN84X_1515,128976.72818557612,0.014899450052920243
76906.30093203808,192.0227,59490.23876182998,34775.089571094584,1432.3644707530275,52.36465154363137,4.236106338531176,4699.0,0.82,533.5781,2504.0,249.6121,1.8663833345867873,EIN84X_1515,129396.67986396005,0.012056551432070423
76866.51577360014,213.3586,54015.10066033888,32740.21711157853,1703.7550236963434,52.34692012122701,4.155146585818731,5590.0,0.82,531.8876,2717.0,249.0328,1.866855342494174,EIN84X_1515,129676.21282905646,0.010345975179935003
76826.72171377842,234.6944,48579.974656337705,30657.43507191934,1998.2706989957962,52.328699091038914,4.0748336450336975,6556.0,0.82,530.047,2931.0,248.5445,1.8671467955983665,EIN84X_1515,129857.54417390868,0.009194285819176997
76786.92287906878,256.0303,43183.526388009566,28536.559837697845,2315.911496650805,52.310078093333736,3.995150904511833,7598.0,0.82,528.0546,3000.0,248.1943,1.863546277940411,EIN84X_1515,127918.05143892477,0.0080232712541005
76747.20376691927,277.3662,37821.14270720018,26391.140084680934,2641.0699821868784,52.29118050297484,3.9160333153092615,8665.0,0.82,526.0073,3000.0,247.9061,1.8573897905304895,EIN84X_1515,125064.85930138614,0.007327596429536863
76707.6196657279,298.702,32490.511700671697,24227.26019617935,2966.228467722924,52.2720622499588,3.8374481340449664,9732.0,0.82,523.952,3000.0,247.6575,1.850398234737865,EIN84X_1515,122329.98470570974,0.006531982434128094
76668.18754565353,320.0379,27190.260128288992,22048.876657574583,3291.3869532589338,52.252759987364605,3.759375880062336,10799.0,0.82,521.8886,3000.0,247.4496,1.8425840160452753,EIN84X_1515,119711.56785942188,0.006028710632273983
76628.92387454314,341.3737,21918.940981731055,19859.987774823014,3616.545438794903,52.233310689393164,3.681795757389055,11865.0,0.82,519.817,3000.0,247.2702,1.8339849136633992,EIN84X_1515,117209.68547709213,0.005528149108034725
76589.84424127101,362.7096,16675.54976219171,17663.420645306032,3941.7039243308236,52.213740723419164,3.6046931770819732,12932.0,0.82,517.7371,3000.0,247.1344,1.8246346155152562,EIN84X_1515,114818.94894696519,0.005053648229776982
76550.96300875097,384.0455,11458.490227335704,15463.337231187577,4266.862409866689,52.19408842991585,3.5280447507556976,13999.0,0.82,515.6488,3000.0,247.0176,1.8146024517691755,EIN84X_1515,112539.75299206414,0.004720113016320181
76512.29300532328,405.3813,6267.1059861698195,13261.604843971487,4592.020895402488,52.17437143525698,3.451840602915291,15066.0,0.82,513.5521,3000.0,246.9127,1.8039644572826234,EIN84X_1515,110370.7172133102,0.004362684858930765
76473.84526000077,426.7172,1101.0106794991423,11059.430055454564,4917.179380938215,52.1546013880442,3.3760747090791483,16132.0,0.82,511.4467,3000.0,246.8288,1.7928167459932833,EIN84X_1515,108312.01461618677,0.004110404714001042
76435.62878414939,448.053,-4040.5298146476384,8858.817739623757,5242.33786647386,52.134797084485484,3.3007358816546652,17199.0,0.82,509.3326,3000.0,246.7467,1.7812368584088043,EIN84X_1515,106359.48717065752,0.003873701045141658
76397.65039970288,469.3889,-9157.5140231357,6660.039765233312,5567.496352009412,52.11496172608777,3.225823669762797,18266.0,0.82,507.2098,3000.0,246.6771,1.7693358532238055,EIN84X_1515,104513.74002306131,0.0036498312074457148
76359.91461203533,490.7247,-14250.346257071044,4464.309682476335,5892.654837544858,52.095106996251644,3.151331600203596,19333.0,0.82,505.078,3000.0,246.6149,1.7572201146448574,EIN84X_1515,102773.91861649782,0.0034813600265784154
76322.42352414313,512.0606,-19319.231010810214,2272.370597850741,6217.813323080176,52.075240328612736,3.077256059912603,20400.0,0.82,502.9371,3000.0,246.5868,1.7449985879407364,EIN84X_1515,101139.3786748084,0.0012647348875614675
76285.17678778798,533.3965,-24365.39586935135,87.32398509012437,6542.971808615318,52.0553902974851,3.003578268183349,21466.0,0.82,500.7872,3000.0,246.5862,1.7327912398021574,EIN84X_1515,99610.747051807,0.0
76248.1715866672,554.7323,-29389.796866773653,-2088.364877240384,6868.1302941503,52.035579717190174,2.930283323622249,22533.0,0.82,498.6279,3000.0,246.5848,1.7206863448003884,EIN84X_1515,98185.52949390069,0.0
76211.40264644401,576.0682,-34392.30996597486,-4254.7233607904645,7193.28877968511,52.01580901251239,2.857372243099145,23600.0,0.82,496.4593,3000.0,246.5849,1.7088010813629306,EIN84X_1515,96864.86511595808,0.0
76174.86226651544,597.404,-39372.89831258154,-6411.574105236127,7518.447265219722,51.99608044305538,2.7848447476962503,24667.0,0.82,494.2811,3000.0,246.5842,1.6972392644123462,EIN84X_1515,95648.94105252897,0.0
76138.54036865984,618.7399,-44331.432582375935,-8558.949802708865,7843.605750754118,51.976394383658175,2.7127019268796326,25734.0,0.82,492.0933,3000.0,246.5843,1.686101028371429,EIN84X_1515,94538.25736285829,0.0
76102.4245581337,640.0758,-49267.845239014365,-10696.736906460254,8168.764236288291,51.95675251890793,2.6409439480332395,26800.0,0.82,489.8957,2985.0,246.5833,1.6732793365855025,EIN84X_1515,93310.08697123714,0.0
76066.54609184856,661.4116,-54182.14456288425,-12825.044514858722,8492.286466119487,51.93715452170687,2.5695699018319877,27862.0,0.82,487.6994,2772.0,246.5832,1.6290353774049149,EIN84X_1515,89219.24541500301,0.0
76031.54779477415,682.7475,-59076.25754538546,-14944.619584558908,8792.683573597318,51.91759411988125,2.4985510236804305,28847.0,0.82,485.6511,2558.0,246.5815,1.580764516472375,EIN84X_1515,85246.28757154505,0.0
75997.50459948051,704.0833,-63951.54907933675,-17056.21154457269,9069.955558720354,51.8980650125123,2.4278668351803407,29757.0,0.82,483.7529,2345.0,246.582,1.529051169365564,EIN84X_1515,81402.85426318756,0.0
75964.48746030577,725.4192,-68809.53742811213,-19160.2603215568,9324.102421488185,51.87856361192739,2.3574946407765616,30591.0,0.82,482.0064,2131.0,246.5795,1.473767946370034,EIN84X_1515,77643.0837692103,0.0
75932.56339336991,746.755,-73651.56616883387,-21257.650948699276,9555.12416190067,51.85908229552441,2.2874144490519734,31349.0,0.82,480.4133,1918.0,246.5797,1.415611435709295,EIN84X_1515,73982.54047506761,0.0
75901.79557521062,768.0909,-78479.20386305959,-23348.787831839894,9763.020779957826,51.83961768192958,2.2176029693991874,32031.0,0.817196,477.337,1705.0,246.579,1.3543978149608402,EIN84X_1515,70164.81347365133,0.0
75872.3234304482,789.4268,-83277.41209198683,-25427.246824500864,9947.792275659804,51.8202302223825,2.148276902763508,32637.0,0.81417,474.2967,1491.0,246.5786,1.2902522235674436,EIN84X_1515,66377.23114336902,0.0
75844.21710681601,810.7626,-88046.4854572664,-27493.11959403492,10109.438649007077,51.800919858708504,2.0794309264569453,33167.0,0.811223,471.468,1278.0,246.5783,1.2239401768895877,EIN84X_1515,62660.463793004026,0.0
75817.53441208911,832.0985,-92788.46840894161,-29547.295437836707,10247.959900001208,51.781679052368816,2.0110345176060496,33622.0,0.808276,468.8038,1065.0,246.5779,1.1553903463279052,EIN84X_1515,58981.18507810225,0.0
77219.99990001218,0.0,-74454.4952744286,-1701.2830338370306,30.480000303752707,52.32129695455692,4.779960377768246,100.0,0.3,198.3755,1500.0,183.0038,1.733703436175666,EJU42KM_1219,98801.42075168187,0.08199782824423023
77190.36407688387,17.0849,-74545.53977350291,-3436.337498390497,160.6379371663825,52.30568296766527,4.779007649349196,527.0,0.359081,237.0937,1671.0,183.0038,1.6790223783701337,EJU42KM_1219,92589.22409234897,0.07907897320388951
77161.67617335347,34.1697,-74654.38422343343,-5510.60942820503,305.6240376808075,52.28701630910934,4.777869466492575,1003.0,0.42169,277.9757,1841.0,157.3764,1.6661177551212347,EJU42KM_1219,91288.78721982709,0.07581436535305487
77133.22392182083,51.2546,-73717.41090786242,-7758.936741224251,465.4383018472775,52.266926280410395,4.792137690559335,1527.0,0.484541,318.8266,2012.0,131.7491,1.688724167362839,EJU42KM_1219,93602.72578365591,0.07241762339145806
77104.40574671392,68.3395,-71632.88901883172,-9619.385931457158,640.0807296658478,52.25047352987824,4.8231641410616595,2100.0,0.545224,358.0414,2183.0,106.1218,1.7291244356667668,EJU42KM_1219,98227.64946818964,0.06673141927762022
77074.91243715904,85.4244,-68618.49477476676,-10490.688483891552,829.5513211365115,52.24302435874133,4.8676186019796885,2722.0,0.602154,394.568,2354.0,80.4945,1.7718865756497166,EJU42KM_1219,104131.66792207505,0.06226072966437409
77044.69597616582,102.5092,-65208.11449914624,-9919.648444824998,1033.8500762592153,52.248575646930924,4.917592467339277,3392.0,0.654414,427.8038,2525.0,70.3919,1.8080800026332393,EJU42KM_1219,110532.97049272915,0.059417141496471745
77013.86148537564,119.5941,-61676.593773334476,-8661.57015070643,1252.9769950338411,52.26029758887227,4.969232042402579,4111.0,0.701599,457.4875,2696.0,65.9513,1.8348396880612856,EJU42KM_1219,116868.10839419215,0.05685450268294864
76982.56521714567,136.679,-58015.858587115195,-7027.976325264375,1486.9320774601333,52.27538753303356,5.022732805766404,4878.0,0.743674,483.6043,2866.0,63.4371,1.8529402242199315,EJU42KM_1219,122747.51868421395,0.05135477593918629
76950.95234485374,153.7639,-54226.052781962855,-5133.252868370045,1735.7153235373107,52.29281434798514,5.078125278845896,5695.0,0.780854,506.3057,3000.0,62.0301,1.863562806288387,EJU42KM_1219,127431.2601583963,0.044410932783760126
76919.15224515832,170.8487,-50308.545946772225,-3052.920457845656,1996.088809570735,52.31189615152997,5.135411698190388,6549.0,0.813845,526.0819,3000.0,61.1112,1.8674655047535094,EJU42KM_1219,129844.574175021,0.03753950777528919
76887.27415547076,187.9336,-46272.743417291844,-826.0629085810849,2256.4622956042463,52.33227796096696,5.194467972933662,7403.0,0.82,528.4281,3000.0,62.8698,1.8647004786735595,EJU42KM_1219,128516.60653431911,0.03185893921418975
76855.43830065618,205.0185,-42152.18624734512,1285.2701933657243,2516.835781637773,52.35159801133608,5.254841050040267,8257.0,0.82,526.7905,3000.0,65.789,1.859981176744989,EJU42KM_1219,126206.34715403203,0.02850567841806621
76823.68447556137,222.1034,-37942.62179514313,3178.0978136746735,2777.209267671302,52.36892851777278,5.31660271936278,9112.0,0.82,525.1478,3000.0,69.1302,1.854722780776699,EJU42KM_1219,123970.32666092142,0.025361100430781616
76792.02142721065,239.1882,-33643.4275286778,4817.203780686533,3037.582753704833,52.38395067834819,5.379759061324911,9966.0,0.82,523.4999,3000.0,72.7268,1.848937399408232,EJU42KM_1219,121811.7483966331,0.022405555578616832
76760.45779092069,256.2731,-29263.750580454107,6179.070143785368,3297.9562397383625,52.39645030245668,5.444168911671347,10820.0,0.82,521.8468,3000.0,76.1316,1.842629416310786,EJU42KM_1219,119727.55566616004,0.01977541041225034
76729.00196173925,273.358,-24825.073745808895,7274.9298905942,3558.3297257718878,52.40652541349657,5.509504827512365,11674.0,0.82,520.1885,3000.0,79.0211,1.8358155442965656,EJU42KM_1219,117716.86839762388,0.017569521508326816
76697.6619713319,290.4429,-20351.152506270406,8142.858372702811,3818.703211805407,52.41451603280257,5.575404150316284,12529.0,0.82,518.5249,3000.0,81.8331,1.8285118256384196,EJU42KM_1219,115777.054920025,0.015909442324203816
76666.44537277185,307.5277,-15854.559196673259,8788.172413084825,4079.076697838911,52.42046868888645,5.641672255614434,13383.0,0.82,516.8559,3000.0,84.573,1.8207629315162555,EJU42KM_1219,113910.92541775628,0.015107232439081268
76635.35913512947,324.6126,-11346.909697414458,9216.410769889664,4339.450183872397,52.4244323474218,5.708128670928649,14237.0,0.818053,513.9583,3000.0,87.1164,1.811839784078099,EJU42KM_1219,111872.40724789535,0.014400764189080009
76604.42896514847,341.6975,-6850.180698686704,9442.915504246932,4599.82366990586,52.426544399736805,5.774440081028082,15091.0,0.816368,511.2272,3000.0,89.4,1.8026336467860788,EJU42KM_1219,109962.97878763117,0.01391634666796526
76573.65858799336,358.7824,-2372.049547275612,9489.815315974054,4860.197155939297,52.427004065190616,5.840484785421231,15946.0,0.815571,509.0521,3000.0,91.2359,1.7934469963578066,EJU42KM_1219,108238.30174184646,0.013764191326312724
76543.04423105564,375.8672,2086.1234908170254,9393.6330779011,5120.570641972707,52.42614024709251,5.906235568634424,16800.0,0.815181,507.1272,3000.0,92.6351,1.7841661376199278,EJU42KM_1219,106633.43765007245,0.013620195669410797
76512.58564991078,392.9521,6523.668179424438,9189.397900130054,5380.944128006088,52.424268468493324,5.971677367649447,17654.0,0.815583,505.6902,3000.0,93.6884,1.774975884823343,EJU42KM_1219,105176.98232359195,0.013588439218586247
76482.27743197486,410.037,10944.05565717601,8904.445104430386,5641.317614039442,52.4216350152044,6.03685786900488,18508.0,0.816237,504.4009,3000.0,94.5557,1.765707711159846,EJU42KM_1219,103808.58425045878,0.013683724186771802
76452.11846863813,427.1219,15348.276359253832,8553.517226490687,5901.6911000727605,52.41837287954916,6.101789086069831,19363.0,0.814293,501.504,3000.0,95.2676,1.7554107398701255,EJU42KM_1219,102269.90468116384,0.013731335114656755
76422.13669572737,444.2067,19722.39159327849,8150.23733632522,6162.064586106008,52.414605489716024,6.166263649669736,20217.0,0.800404,491.2773,3000.0,95.7411,1.7415367611640387,EJU42KM_1219,100031.82326950986,0.007282853214404198
76392.43080315187,461.2916,24003.53467037559,7719.821000267962,6422.438072139066,52.410563122779344,6.229354509970456,21071.0,0.795981,486.8932,3000.0,95.7646,1.7311348560447775,EJU42KM_1219,98645.18842060576,0.0
76362.90676225956,478.3765,28246.108618648017,7291.521638966168,6682.811558172039,52.40650824460729,6.2918653778751334,21925.0,0.797639,486.2285,3000.0,95.7252,1.722481675254971,EJU42KM_1219,97626.99505102108,0.0
76333.52210091717,495.4614,32483.111813772237,6866.729017985338,6943.185044204974,52.402452299870035,6.3542829406890755,22779.0,0.799091,485.4268,3000.0,95.6796,1.713858081857688,EJU42KM_1219,96654.57344031104,0.0
76304.27479982027,512.5462,36713.38749145707,6446.015448306373,7203.558530237875,52.398400653146055,6.416590281667071,23634.0,0.800476,484.5715,3000.0,95.631,1.7053339501523408,EJU42KM_1219,95734.49552110105,0.0
76275.16112240027,529.6311,40936.48526431221,6029.632989118392,7463.9320162707345,52.394355771285866,6.47878089046885,24488.0,0.801743,483.634,3000.0,95.5906,1.696967453391699,EJU42KM_1219,94868.10562684666,0.0
76246.17672995033,546.716,45151.62139546355,5617.036574982895,7724.305502303557,52.390312993709216,6.5408432521736914,25342.0,0.80295,482.6485,3000.0,95.55,1.6888053632442068,EJU42KM_1219,94058.02154083217,0.0
76217.31606148636,563.8008,49358.372734078,5208.265936514098,7984.678988336341,52.38627290994635,6.602771228807437,26196.0,0.804029,481.5754,3000.0,95.5087,1.6808890757206545,EJU42KM_1219,93303.03861406725,0.0
76188.57307242027,580.8857,53555.97476510797,4803.439215431955,8245.052474369093,52.382236860572434,6.664553670698479,27051.0,0.805056,480.4603,3000.0,95.477,1.6732642716066735,EJU42KM_1219,92606.77775464716,0.0
76159.94040301928,597.9706,57743.98834572837,4401.872397341651,8505.42596040181,52.378198961182946,6.726184093225505,27905.0,0.807441,480.1417,3000.0,95.4406,1.6659607611435672,EJU42KM_1219,92024.8009383053,0.0
76131.4011155455,615.0555,61929.413498699534,4003.243151392309,8765.799446434492,52.37415574936202,6.7877656243056705,28759.0,0.808218,478.8541,3000.0,95.4146,1.6590231252149696,EJU42KM_1219,91446.07608003933,0.0
76102.95576459782,632.1403,66103.69540736481,3607.581502052963,9026.172932467141,52.370108599397845,6.849172309750117,29613.0,0.807414,476.6233,3000.0,95.3838,1.652692673647923,EJU42KM_1219,90876.6206318279,0.0
76074.60387490503,649.2252,70258.61124916028,3216.0119669867127,9286.546418499758,52.36606894512111,6.910283368902679,30468.0,0.805049,473.472,3000.0,95.376,1.647235859798339,EJU42KM_1219,90335.74779952569,0.0
76046.34141217713,666.3101,74385.94575169837,2827.6086772903864,9546.919904532357,52.36203002955263,6.970977781738531,31322.0,0.802685,470.3246,3000.0,95.3682,1.6426139482393822,EJU42KM_1219,89886.29071172478,0.0
73621.3029772397,0.0,-74827.80160420728,-1385.138081936558,30.480000303816045,52.32129693655192,4.779960353967141,100.0,0.3,198.3755,1787.0,183.0038,1.7694789287528299,EJU5284_1390,103761.11259557426,0.08199782368893012
73590.75428653201,17.2557,-74919.63542859032,-3135.234887487468,187.11345417398866,52.30554754093056,4.779001317848374,614.0,0.359147,237.0663,1959.0,183.0038,1.7179238907513834,EJU5284_1390,96871.18427648814,0.07891348687198121
73561.10543205428,34.5113,-75029.43872307081,-5227.779722686476,358.87299861511724,52.286716393297276,4.7778554474554475,1177.0,0.422363,278.2509,2132.0,157.1203,1.7009457525880345,EJU5284_1390,94928.06150110482,0.07546776393089115
73531.7714864853,51.767,-74072.84827627566,-7494.582999578837,545.7586336274534,52.266463546844975,4.7924183879908,1791.0,0.486175,319.6088,2305.0,131.2368,1.7161359959095894,EJU5284_1390,96660.44181754772,0.0714642334463293
73502.1970243363,69.0226,-71947.16159550019,-9357.892312078098,747.7703592110422,52.249991846685916,4.824051685298995,2453.0,0.54796,359.3941,2477.0,105.3533,1.7487900286373756,EJU5284_1390,100781.01029671676,0.065298626525577
73472.07243796793,86.2783,-68881.59981485072,-10199.600052213296,964.9081753658526,52.24281695157478,4.869251794497333,3166.0,0.605968,396.449,2650.0,79.4698,1.785027699880366,EJU5284_1390,106259.13555722483,0.0606097876556084
73441.3305293142,103.5339,-65433.72293015191,-9558.693240481763,1197.1720820917815,52.24900259875571,4.919762067780815,3928.0,0.659187,430.1105,2822.0,71.01,1.8161001358616025,EJU5284_1390,112236.63018664613,0.0576848432874263
73410.05153253087,120.7896,-61836.150164179766,-8320.64975051061,1444.562079388581,52.260553279714586,4.972375393825198,4739.0,0.707175,460.0967,2995.0,66.4473,1.8393269359258855,EJU5284_1390,118160.06022258682,0.05490428245128324
73378.36756312834,138.0452,-58105.55048832777,-6694.454564133188,1707.0781672554722,52.27558516107518,5.026903755547146,5601.0,0.749901,486.3992,3000.0,64.0214,1.8486812537357156,EJU5284_1390,121182.16997516589,0.049295232239065824
73346.51952257694,155.3009,-54237.21491076849,-4809.529268330072,1970.0543522284,52.29293226107489,5.083452166812957,6463.0,0.789202,510.3095,3000.0,62.8213,1.8560950210667406,EJU5284_1390,124014.06204904758,0.04267034847061352
73314.53992567613,172.5566,-50220.38741059381,-2747.0482343959075,2233.030537201431,52.3118627306128,5.142202298034401,7326.0,0.82,528.5752,3000.0,62.2107,1.8602614818130532,EJU5284_1390,126278.98827240756,0.036115113163012545
73282.46843118705,189.8122,-46082.35143565815,-566.301474072229,2496.0067221745176,52.331837847475036,5.202769980990139,8189.0,0.82,526.9217,3000.0,64.1132,1.8547337294929565,EJU5284_1390,123915.33915683505,0.03106067164979116
73250.49428664302,207.0679,-41887.44741940816,1469.4405602161983,2758.9829071476065,52.350482384258136,5.2642477562115015,9052.0,0.82,525.2629,3000.0,67.0434,1.848595391350699,EJU5284_1390,121628.87733019987,0.02780765787147309
73218.62763333348,224.3235,-37607.56257556188,3282.3162449128495,3021.959092120693,52.367096688794774,5.327054120116471,9915.0,0.82,523.5989,3000.0,70.443,1.841850902074022,EJU5284_1390,119418.59104061729,0.024745542100304697
73186.87844800414,241.5792,-33241.6722158709,4833.25180026716,3284.9352770937776,52.38132735007203,5.391200971210761,10777.0,0.82,521.9296,3000.0,73.9813,1.8345207284733616,EJU5284_1390,117285.40469838645,0.02185401969730112
73155.25639742694,258.8348,-28802.676004009125,6107.684843438615,3547.9114620668583,52.39304057745816,5.456490438711908,11640.0,0.82,520.255,3000.0,77.2505,1.826611611149172,EJU5284_1390,115224.39864735559,0.019314136735804687
73123.77070092778,276.0905,-24312.771861128524,7123.605594372161,3810.887647039931,52.40239530588453,5.522583811523757,12503.0,0.816848,516.5817,3000.0,80.0921,1.8167774960213454,EJU5284_1390,112810.92914138647,0.017166973211137786
73092.46281111501,293.3461,-19810.193625251803,7910.070829041798,4073.863832012987,52.4096501360393,5.5889056728742625,13366.0,0.811157,511.3154,3000.0,82.8403,1.8052145471568155,EJU5284_1390,110232.8249816418,0.015730728860950626
73061.36784694919,310.6018,-15321.519220955257,8473.915636894888,4336.840016986018,52.41486542467512,5.655054537586237,14228.0,0.808444,507.9376,3000.0,85.5713,1.794496792629533,EJU5284_1390,108149.78532143778,0.014954512453246515
73030.46356284092,327.8574,-10841.022464142954,8820.926233616216,4599.816201959023,52.41809362459635,5.72110547661212,15091.0,0.805681,504.5351,3000.0,88.0953,1.7833629939791977,EJU5284_1390,106170.1457169679,0.014267899044830352
72999.75637015248,345.1131,-6379.829180090655,8969.288051467329,4862.792386931999,52.4194983223343,5.786885192831026,15954.0,0.805355,502.6586,3000.0,90.2623,1.773033192196866,EJU5284_1390,104508.20067370842,0.013871450887109683
72969.22728817437,362.3688,-1932.9243178432419,8948.928957713098,5125.768571904944,52.419349133919326,5.852459338549461,16817.0,0.806169,501.488,3000.0,91.987,1.7629631723505728,EJU5284_1390,103012.24137480452,0.01370115497076861
72938.86868410624,379.6244,2500.917301287207,8795.099376170156,5388.744756877862,52.41796340129829,5.917839363094248,17680.0,0.806405,499.9494,3000.0,93.3156,1.7524314686883042,EJU5284_1390,101529.34862516964,0.013536589119113856
72908.68869738161,396.8801,6916.314000744818,8539.299318544705,5651.720941850744,52.41562480217793,5.98294112456067,18542.0,0.808108,499.3109,3000.0,94.3345,1.7423787495385992,EJU5284_1390,100225.8567795319,0.01352539512197328
72878.67405930329,414.1357,11320.760737336388,8205.463291674012,5914.697126823596,52.412548899551474,6.04787181352129,19405.0,0.806417,496.5689,3000.0,95.1534,1.7308194551637834,EJU5284_1390,98723.16170568898,0.01358910945014108
72848.85923462034,431.3914,15695.69116756222,7810.904113051978,6177.67331179638,52.408892212091835,6.112355375335512,20268.0,0.791309,485.5953,3000.0,95.49,1.7146013043508506,EJU5284_1390,96560.64785453194,0.006812964069906532
72819.34893440803,448.647,19971.201764695645,7399.973247347384,6440.649496768964,52.405056889982085,6.1753616539868466,21131.0,0.788278,482.0654,3000.0,95.455,1.7032959587127854,EJU5284_1390,95255.34641016068,0.0
72790.03334480996,465.9027,24215.713462960826,6994.637773622674,6703.625681741451,52.40123980224854,6.237900423762103,21994.0,0.791065,482.0883,3000.0,95.394,1.693889894330421,EJU5284_1390,94254.99454622442,0.0
72760.87312756789,483.1583,28460.80487328309,6593.805067299323,6966.601866713902,52.39743020987158,6.300437257546012,22856.0,0.793508,481.8841,3000.0,95.3405,1.6844392215733208,EJU5284_1390,93290.18186399028,0.0
72731.86727860036,500.414,32704.411959107365,6197.115557341254,7229.578051686304,52.393624999153815,6.362941782734476,23719.0,0.795396,481.3277,3000.0,95.2782,1.6749432079090751,EJU5284_1390,92354.37299361697,0.0
72703.01500562165,517.6697,36943.4748407482,5805.494300384113,7492.55423665867,52.38983274030771,6.4253690873232205,24582.0,0.797588,480.9408,3000.0,95.2068,1.6656539883284387,EJU5284_1390,91482.33297983665,0.0
72674.30944725934,534.9253,41179.5483666619,5419.475019786822,7755.530421630988,52.38605823070582,6.487742269231697,25445.0,0.798901,480.0097,3000.0,95.1333,1.6564117740016024,EJU5284_1390,90634.2461605202,0.0
72645.74972104807,552.181,45407.82492651934,5039.63210947369,8018.506606603268,52.382307113923645,6.549990712831318,26307.0,0.800451,479.2089,3000.0,95.0628,1.6474743785877428,EJU5284_1390,89851.84705407324,0.0
72617.32742134041,569.4366,49629.42912305595,4665.625289868082,8281.4827915755,52.378576417137985,6.612131112376902,27170.0,0.801835,478.296,3000.0,94.9969,1.638808461309159,EJU5284_1390,89121.13693191955,0.0
72589.03556382585,586.6923,53843.33080071913,4297.1899696987275,8544.458976547698,52.37486402543195,6.674148411019678,28033.0,0.803242,477.3847,3000.0,94.9343,1.6304845272920725,EJU5284_1390,88450.71820467568,0.0
72560.8651337507,603.9479,58049.5150349761,3934.053972446358,8807.435161519854,52.37116767908467,6.736042496139543,28896.0,0.805127,476.7432,3000.0,94.8788,1.6225228108656777,EJU5284_1390,87856.70280804264,0.0
72532.80345221085,621.2036,62250.31750553237,3575.4824629669865,9070.411346491972,52.36748069013242,6.797847773668132,29759.0,0.806594,475.8413,3000.0,94.8331,1.6149594325773415,EJU5284_1390,87312.30515762817,0.0
72504.84219274906,638.4592,66443.36768681515,3220.9428841309473,9333.387531464052,52.36379869008658,6.85952933639631,30621.0,0.806394,473.9459,3000.0,94.8014,1.6080433328361412,EJU5284_1390,86779.68704641826,0.0
72476.98001653084,655.7149,70619.78695332362,2870.1384231060497,9596.363716436097,52.3601203439411,6.920956484393053,31484.0,0.804058,470.7938,3000.0,94.7857,1.6021412098637136,EJU5284_1390,86260.35283875842,0.0
72449.21496444814,672.9705,74768.35659535685,2522.817423671228,9859.33990140811,52.356445312727516,6.9819641098629655,32347.0,0.801721,467.6453,3000.0,94.77,1.5971562534486083,EJU5284_1390,85829.8657485899,0.0
63741.31302227772,0.0,-75245.65156523009,69240.4642930708,30.4800003036567,52.32129686455843,4.779954837910933,100.0,0.3,198.3755,1646.0,183.0038,1.5896954332773217,EZS39RG_1538,84451.87153548877,0.08199732374383739
63706.35789939184,21.9743,-75362.64961677234,67010.80743628136,214.21989079801625,52.30123185999394,4.778734456170641,703.0,0.406622,268.3211,1866.0,183.0038,1.5186281252862837,EZS39RG_1538,79020.98056976133,0.07818120767911618
63673.034096202835,43.9487,-75521.03499031637,63992.42354456432,422.4896441961113,52.27406896969448,4.777083982977919,1386.0,0.517701,340.8125,2085.0,158.4553,1.5935956484605143,EZS39RG_1538,84771.78450432565,0.07312759410252356
63638.12835860199,65.923,-74110.66518285916,60420.15810794465,655.2892604981604,52.24213868957321,4.798597092926857,2150.0,0.621622,408.1395,2305.0,155.2286,1.7117236133306757,EZS39RG_1538,96146.7424898977,0.0656476542523562
63600.659806592346,87.8973,-72183.32585141284,56243.54127953173,912.6187397041713,52.20483796329623,4.827794762543263,2994.0,0.71244,466.3882,2525.0,151.8418,1.8009309567484273,EZS39RG_1538,109119.27101229358,0.05596167254354506
63561.21718690743,109.8717,-69702.8782924955,51609.40621949165,1194.4780818140462,52.163485977778684,4.865146533100887,3919.0,0.788273,514.3534,2745.0,147.1473,1.8487847004370788,EZS39RG_1538,121220.44713081242,0.04761300596380689
63520.68808851132,131.846,-66558.58187946209,46740.26307894071,1500.867286827512,52.12008917596384,4.912197572045255,4924.0,0.82,533.1519,2964.0,143.6622,1.860705494453321,EZS39RG_1538,126366.31454199461,0.042601240294638354
63479.86645030981,153.8203,-62999.57578654208,41901.9536387687,1831.786354743642,52.07699820196692,4.965218840541386,6010.0,0.82,531.0882,3000.0,140.8228,1.8539300685118474,EZS39RG_1538,123472.880364649,0.040249755457253476
63439.20303421937,175.7946,-59220.282952818656,37264.31018383935,2166.6751622072584,52.035711455981016,5.021322757392324,7109.0,0.82,528.9916,3000.0,137.2578,1.8449127939244359,EZS39RG_1538,120253.097110286,0.038536761865014854
63398.747304169745,197.769,-55176.07023268006,32888.11230957257,2501.5639696707835,51.996775504036776,5.081149752932249,8207.0,0.82,526.8867,3000.0,133.1671,1.8345987183156585,EZS39RG_1538,117160.08080800115,0.03709743994910109
63358.527264675184,219.7433,-50847.40250949763,28827.893920920542,2836.4527771342277,51.96067683514985,5.144976647899293,9306.0,0.82,524.7733,3000.0,128.9819,1.8229826920132735,EZS39RG_1538,114186.82379634926,0.03363706803267049
63318.57035876639,241.7176,-46252.60020316954,25109.493365956372,3171.3415845976283,51.92763974849902,5.212535370892594,10405.0,0.82,522.6513,3000.0,126.8314,1.810110954235724,EZS39RG_1538,111333.28886806467,0.02860888569528617
63278.90287228743,263.692,-41540.769392661416,21580.56510444031,3506.2303920610184,51.89627665292816,5.281677066786528,11503.0,0.82,520.5207,3000.0,125.1797,1.7960596456705493,EZS39RG_1538,108599.19895267383,0.024431411284274045
63239.54939551407,285.6663,-36748.936910189965,18202.844111904906,3841.119199524373,51.866238148186454,5.351871107568125,12602.0,0.82,518.3814,3000.0,125.3555,1.7808947673048725,EZS39RG_1538,105978.38712048356,0.022139072919806865
63200.532356349504,307.6406,-31987.287885737067,14824.482136711425,4176.008006987643,51.83615040806374,5.421532136300758,13701.0,0.82,516.2332,3000.0,126.8256,1.7647334766682639,EZS39RG_1538,103470.81114857187,0.022436038146917723
63161.87163314189,329.615,-27333.391139749292,11339.6794718922,4510.896814450789,51.80505905092274,5.489541305128398,14800.0,0.82,514.076,3000.0,127.8528,1.747698162056728,EZS39RG_1538,101074.511748446,0.02218986989683709
63123.584249733816,351.5893,-22762.04100285817,7787.027508500712,4845.785621913819,51.77331495241666,5.556261376214737,15898.0,0.82,511.9097,3000.0,128.0615,1.7299369484143425,EZS39RG_1538,98789.26089742786,0.02128991264514104
63085.68415091506,373.5636,-18223.018371954488,4232.899604104571,5180.6744293767215,51.74151878216301,5.622418129497137,16997.0,0.82,509.7342,3000.0,127.6572,1.7115642354702494,EZS39RG_1538,96609.99243017148,0.020770826001510173
63048.18205307577,395.538,-13678.572379961575,725.9727678365857,5515.563236839495,51.71011011173558,5.688558597938748,18096.0,0.82,507.5494,3000.0,127.4688,1.6927402933808162,EZS39RG_1538,94536.79223992751,0.01982757726514652
63011.08536250835,417.5123,-9142.298552193812,-2750.910695982912,5850.452044302135,51.678934382788476,5.754487890275761,19194.0,0.82,505.3552,3000.0,127.2325,1.6736287232300389,EZS39RG_1538,92569.549818946,0.018747635907315936
62974.39815236004,439.4866,-4611.546863230421,-6193.9851499841825,6185.340851764367,51.64802578891313,5.820245942935413,20293.0,0.82,503.1513,3000.0,127.1083,1.6543469088257658,EZS39RG_1538,90704.02871791387,0.008420818132138953
62938.12118855822,461.461,-93.29281493390644,-9612.146446370074,6520.229659225786,51.61730458324181,5.8857333316693365,21392.0,0.819225,500.4642,3000.0,127.1146,1.6345924617791683,EZS39RG_1538,88869.16445498638,0.0
62902.268951544975,483.4353,4400.285932885296,-13012.415870556519,6855.118466687112,51.58670788927018,5.950774111695461,22491.0,0.819566,498.4506,3000.0,127.1064,1.6156511307173602,EZS39RG_1538,87239.93871073029,0.0
62866.81133228006,505.4096,8876.117511833452,-16398.24730845122,7190.007274148096,51.55620540124639,6.015471660924777,23589.0,0.819928,496.4378,3000.0,127.0959,1.5969727730408716,EZS39RG_1538,85710.44982886786,0.0
62831.73931598129,527.3839,13334.335148548973,-19769.47525660057,7524.896081608695,51.525799111421684,6.079828356588081,24688.0,0.82,494.2378,3000.0,127.088,1.5785028427917132,EZS39RG_1538,84253.06570517551,0.0
62797.047689040264,549.3583,17773.100042511804,-23125.024099516395,7859.784889068857,51.495499251725526,6.143818870887195,25787.0,0.82,491.9842,3000.0,127.0834,1.5605086554645107,EZS39RG_1538,82888.48516771322,0.0
62762.72367133001,571.3326,22191.72570531075,-26464.794020021614,8194.673696528529,51.465307288170024,6.207434565299576,26885.0,0.82,489.7202,2949.0,127.081,1.5346835690203555,EZS39RG_1538,80994.33016739949,0.0
62728.93426283602,593.3069,26590.438647082497,-29789.22272219089,8523.830274202546,51.43521982711437,6.270679954321633,27965.0,0.817838,486.1993,2729.0,127.0661,1.4781662282191657,EZS39RG_1538,76968.39877396903,0.0
62696.36523991383,615.2813,30960.062718286837,-33089.87635560075,8828.456988978629,51.405313762147465,6.333424742333362,28965.0,0.815229,482.5827,2509.0,127.066,1.4191534137147237,EZS39RG_1538,73070.14683906929,0.0
62665.07772514232,637.2556,35298.810835856806,-36367.19469887182,9108.55384085385,51.375585999051204,6.3956449494788234,29884.0,0.812731,479.2019,2289.0,127.0618,1.3582251851852036,EZS39RG_1538,69317.30278357906,0.0
62635.11376226833,659.2299,39608.971025026345,-39622.43101656475,9364.120829827292,51.34602588867121,6.457375205850393,30722.0,0.810311,476.0385,2070.0,127.0536,1.295913916863488,EZS39RG_1538,65700.39736588395,0.0
62606.509655536516,681.2043,43892.65923326819,-42856.71267900431,9595.157955898565,51.31662385049415,6.518647519677334,31480.0,0.807816,473.0023,1850.0,127.0497,1.2319842308992008,EZS39RG_1538,62168.00886134044,0.0
62579.29935310276,703.1786,48150.704175548286,-46071.174936489995,9801.665219067483,51.28737027249007,6.579475242738952,32158.0,0.805379,470.1714,1630.0,127.0459,1.1669357593938499,EZS39RG_1538,58725.08015080143,0.0
62553.50910303804,725.1529,52384.873968445696,-49267.16821701723,9983.642619334001,51.2582534899178,6.639885097033981,32755.0,0.802761,467.4071,1410.0,127.0362,1.100905915198273,EZS39RG_1538,55347.52127665961,0.0
62529.165587419106,747.1273,56596.01106029358,-52444.65903284465,10141.09015669819,51.22927431771599,6.699890592217012,33271.0,0.800118,464.7991,1191.0,127.0393,1.034408092696502,EZS39RG_1538,52044.99937150869,0.0
62506.288034751466,769.1016,60784.73123644916,-55605.59688748847,10274.00783116023,51.20041573300748,6.759501606617732,33707.0,0.797273,462.2452,971.0,127.0233,0.9670026267471893,EZS39RG_1538,48773.73769142577,0.0
62484.8951016724,791.0759,64952.49667236752,-58748.88787122896,10382.395642720478,51.17168796114259,6.818740590233561,34063.0,0.794283,459.778,751.0,127.0294,0.8991356218645294,EZS39RG_1538,45541.78497918223,0.0
62464.999993706995,813.0502,69098.78407176699,-61876.6813248404,10466.253591379584,51.143072257466194,6.877600895165552,34338.0,0.791018,457.3225,531.0,127.0247,0.8309149027255462,EZS39RG_1538,42337.774321768746,0.0
62446.614062369255,835.0246,73224.21070105625,-64988.20574140573,10525.581677138953,51.11457600643048,6.936092722123765,34533.0,0.787432,454.8501,312.0,127.027,0.7627458859501279,EZS39RG_1538,39167.78754233421,0.0
62429.74486017749,856.9989,77328.15159681566,-68083.78376649297,10560.379900002901,51.08619690032626,6.994208257142312,34647.0,0.783846,452.5454,92.0,127.0293,0.6944210311886847,EZS39RG_1538,36015.59998430079,0.0
67632.56778050926,0.0,92366.20532696223,-38687.62805316727,30.480000303755112,52.33140182586689,4.7400298104156295,100.0,0.3,198.3755,1353.0,182.9988,1.538006085602336,EZY84JU_960,80434.61231778114,0.07965505408159912
67598.40501228551,22.1964,92248.06985042935,-40942.67689660347,183.02991037223515,52.311145959424124,4.7376684341554665,600.0,0.405371,267.5905,1575.0,182.9988,1.4753383027606986,EZY84JU_960,76011.24792523285,0.0760886216175739
67565.6969949826,44.3929,92088.64700197059,-43985.846658857634,360.6080802209478,52.28381075309524,4.7344853822223,1183.0,0.514197,338.7441,1797.0,216.2935,1.5643958656234647,EZY84JU_960,82436.85612342297,0.07169991712220894
67531.07780524484,66.5893,89804.83525549115,-47095.61905568203,563.2145098501343,52.256229992283785,4.700083161759861,1848.0,0.615784,404.7323,2019.0,249.5882,1.6942357459715183,EZY84JU_960,94193.38399003021,0.06501137648883572
67493.60874196299,88.7858,85484.3426874569,-48703.41051613379,790.8491992598379,52.24246660838168,4.636208064908562,2595.0,0.704749,462.0001,2241.0,282.8829,1.792147811578863,EZY84JU_960,107496.10981658383,0.0597146554378369
67453.9552464222,110.9822,80355.00306063538,-47530.249694663486,1043.5121484500305,52.25379377298191,4.561165063717493,3424.0,0.779356,509.4238,2463.0,299.934,1.8452287632074689,EZY84JU_960,120007.61771526469,0.05042691421267115
67413.0909143542,133.1787,75327.803437568,-44635.50966855131,1321.2033574206139,52.280539511801955,4.487971939685393,4335.0,0.82,534.2689,2685.0,299.4664,1.8625940808460608,EZY84JU_960,127304.03607060708,0.03814185141304269
67371.8044373382,155.3751,70032.13526578051,-41643.46807451273,1623.922826171337,52.30814942410202,4.410762522016247,5328.0,0.82,532.3854,2907.0,298.9959,1.8618151700548908,EZY84JU_960,126931.02787080879,0.026786633895824582
67330.53946221029,177.5716,64732.8618734669,-38706.52668314975,1951.6705547014076,52.33521387799617,4.333393067944739,6403.0,0.82,530.3386,3000.0,298.3034,1.8572310437832882,EZY84JU_960,124862.07550213192,0.01850695292339864
67289.38270319185,199.768,59419.964890645635,-35845.42465146263,2289.944383840875,52.36154722963942,4.255714795332746,7513.0,0.82,528.2178,3000.0,298.0225,1.8489960443681737,EZY84JU_960,121683.35034591038,0.012846147335222302
67248.41696001642,221.9645,54114.559748916465,-33021.82258923677,2628.218212980347,52.38749161200225,4.178048240279372,8623.0,0.82,526.0884,3000.0,297.6143,1.8395592728313022,EZY84JU_960,118631.85316381555,0.009476089572252523
67207.66814867103,244.1609,48810.79941244541,-30247.39439668066,2966.492042119794,52.412942664878905,4.100307435248722,9733.0,0.82,523.9503,3000.0,297.4532,1.828931498418882,EZY84JU_960,115705.17315703418,0.007840510106322853
67167.16162071773,266.3573,43521.000289319294,-27499.190627099022,3304.7658712592015,52.43810570601962,4.022679435913425,10842.0,0.82,521.8035,3000.0,297.3889,1.817159861076909,EZY84JU_960,112903.0094326477,0.006608150852275818
67126.92158813751,288.5538,38249.966288920594,-24768.243437762747,3643.039700398558,52.463061336157814,3.9452377791212214,11952.0,0.82,519.6478,3000.0,297.2906,1.804288746040023,EZY84JU_960,110219.07400753304,0.0058126661980335385
67086.97060122898,310.7502,32996.210419160285,-22057.67254760391,3981.3135295378506,52.48778202540885,3.8679614853498365,13062.0,0.82,517.4832,3000.0,297.2181,1.7904111658926143,EZY84JU_960,107653.3675866941,0.005113521365668443
67047.32909368072,332.9467,27761.09467040174,-19365.093535487493,4319.587358677071,52.512289539794736,3.7908722801202464,14172.0,0.82,515.3094,3000.0,297.1299,1.7756299385408116,EZY84JU_960,105203.86361774811,0.0045438076494146015
67008.01500295936,355.1431,22544.010090164356,-16691.945481736555,4657.861187816213,52.53657139616467,3.7139623796592436,15282.0,0.82,513.1265,3000.0,297.0539,1.7600632634686906,EZY84JU_960,102868.74115801757,0.004098777317492873
66969.04346889071,377.3396,17345.66838773606,-14037.099154421034,4996.135016955259,52.56063814359299,3.6372437394871953,16392.0,0.82,510.9342,3000.0,297.0084,1.743840374269042,EZY84JU_960,100646.22100609884,0.0037047419123962958
66930.42660898366,399.536,12167.609520925893,-11397.791415979176,5334.408846094199,52.58451503505402,3.560740583713436,17501.0,0.82,508.7324,3000.0,296.9614,1.7271118169794015,EZY84JU_960,98536.16884015744,0.003404842414577575
66892.17336573637,421.7325,7009.881623405227,-8774.176459355544,5672.682675233017,52.60820116716756,3.484454853166052,18611.0,0.82,506.5211,3000.0,296.9109,1.7099937496412698,EZY84JU_960,96534.114385932,0.0031293050806435294
66854.28941883512,443.9289,1872.4487618079615,-6166.57800726859,6010.956504371705,52.6316941191978,3.408387245516652,19721.0,0.82,504.3001,3000.0,296.8531,1.6926429099558298,EZY84JU_960,94640.27618757763,0.0027974740477825937
66816.77715370552,466.1254,-3244.897379227742,-3575.6653864894433,6349.230333510204,52.6549882370902,3.3325362126387303,20831.0,0.82,502.0693,3000.0,296.8138,1.6752028472598532,EZY84JU_960,92853.49776382363,2.6233817152954637e-05
66779.63567716278,488.3218,-8341.196548385751,-999.8027720707846,6687.504162648482,52.678098805569384,3.256916537032963,21941.0,0.82,499.8285,3000.0,296.7853,1.6578145115468603,EZY84JU_960,91172.77964837919,0.0
66742.86087077708,510.5182,-13415.842319865094,1561.9500405430636,7025.777991786555,52.70103483625534,3.1815388431650877,23050.0,0.82,497.5777,3000.0,296.7653,1.640628505784901,EZY84JU_960,89598.39886089737,0.0
66706.4454728758,532.7147,-18468.338765113476,4110.314350176763,7364.051820924399,52.72380334856304,3.106411604075658,24160.0,0.82,495.3165,2893.0,296.749,1.60772033352017,EZY84JU_960,86740.60836097883,0.0
66670.72805127098,554.9111,-23499.453611122466,6646.100023479812,7690.274658257815,52.74641212844631,3.031524502136514,25231.0,0.82,493.1262,2671.0,296.7289,1.5546157454345195,EZY84JU_960,82524.13274803807,0.0
66636.14421126863,577.1076,-28511.136702288928,9169.88736008025,7991.4692358138755,52.768866805775616,2.9568495952500014,26219.0,0.817407,489.5424,2449.0,296.7008,1.4970031721325197,EZY84JU_960,78266.85463013483,0.0
66602.82621620162,599.304,-33489.45343442101,11673.805992249829,8267.635553590939,52.79109792931312,2.882595935755311,27125.0,0.814177,485.7513,2227.0,296.679,1.43613972535836,EZY84JU_960,74122.00164671926,0.0
66570.85570292277,621.5005,-38431.919771625384,14157.336807773596,8518.773611588496,52.813101856556045,2.8088022318254873,27949.0,0.811106,482.2314,2005.0,296.6643,1.3728034978440649,EZY84JU_960,70130.33200045463,0.0
66540.2866701716,643.6969,-43340.90208311249,16622.461539999094,8744.883409806323,52.8348971322085,2.7354347477614516,28691.0,0.808118,478.9355,1783.0,296.6491,1.3073364756231491,EZY84JU_960,66265.41979252022,0.0
66511.16687527401,665.8934,-48218.60849387461,19070.267365497806,8945.964948244298,52.85649418005154,2.6624620357198165,29350.0,0.80511,475.8032,1561.0,296.6348,1.240044924452273,EZY84JU_960,62504.42592085965,0.0
66483.53903832773,688.0898,-53066.5742417307,21501.637005428696,9122.018226902377,52.877901568188776,2.589862567442454,29928.0,0.802055,472.8167,1339.0,296.6131,1.1711916498592254,EZY84JU_960,58830.070568385585,0.0
66457.43967366173,710.2862,-57886.502136054485,23916.654402134383,9273.043245780573,52.8991206053656,2.5176123529617986,30423.0,0.79889,469.9402,1117.0,296.6087,1.1010547098235803,EZY84JU_960,55228.34072570532,0.0
66432.90013656103,732.4827,-62678.68008467398,26317.30998158033,9399.040004878925,52.9201698459861,2.44570807348089,30837.0,0.795529,467.1211,895.0,296.5929,1.0298097127686363,EZY84JU_960,51683.50617863033,0.0
66409.94749198925,754.6791,-67444.07079308531,28702.898688761627,9500.008504197549,52.94104350820702,2.374136769090632,31168.0,0.791933,464.337,673.0,296.5634,0.9576965000341111,EZY84JU_960,48186.754066128386,0.0
66388.603422446,776.8756,-72183.48383019815,31072.434861895483,9575.948743736644,52.9617332719474,2.3028878370290453,31417.0,0.787934,461.4888,452.0,296.5774,0.8851019383530134,EZY84JU_960,44736.50111362693,0.0
66368.88726073471,799.072,-76894.35924525156,33429.13764041376,9626.86072349656,52.98226908030665,2.232000024870796,31584.0,0.783403,458.4986,230.0,296.5561,0.8115195664741259,EZY84JU_960,41293.20215451071,0.0
66350.8151879103,821.2685,-81576.58198690113,35769.33659413915,9652.744443478048,53.00261864183031,2.161477166820523,31669.0,0.778022,455.1797,8.0,296.5575,0.737142858768139,EZY84JU_960,37850.657998193405,0.0
66334.40460392548,843.4649,-86225.75025138576,38093.15649454675,9653.599903683416,53.02278448518071,2.091386373475135,31672.0,0.777784,455.0347,-0.0,296.5583,0.734284789256967,EZY84JU_960,37718.742053602364,0.0
66318.05509045561,865.6614,-90873.43682870558,40416.31095380678,9653.599903466062,53.0429033411668,2.0212524233015214,31672.0,0.777546,454.8954,-8.0,296.559,0.7314719849381113,EZY84JU_960,37588.87082472696,0.0
56672.51830692225,0.0,-37588.225855395896,100446.45605081756,30.48000030362381,52.3212986753994,4.7799523334527585,100.0,0.3,198.3755,1863.0,183.0038,1.5412685549187792,ITY113_1804,80677.1268596737,0.08199734659892606
56637.446967831085,22.7464,-37709.19951909698,98141.03786053498,245.7157573418945,52.30055801678018,4.778431299019726,806.0,0.428597,282.7215,2090.0,183.0038,1.47993350421275,ITY113_1804,76321.91716770746,0.077898244428609
56603.868344318296,45.4928,-37881.86280224295,94850.56073038797,487.2353218250492,52.270955259447526,4.776262728284763,1599.0,0.560906,368.9833,2318.0,173.4951,1.6078114928930036,ITY113_1804,85960.78856463567,0.07198432300009958
56567.46968200973,68.2391,-37394.398437773125,90575.41072513346,755.0386937532959,52.23254244203971,4.783900606193565,2477.0,0.68003,445.9782,2545.0,170.6339,1.7527697020278443,ITY113_1804,101328.36587768132,0.06274760240825313
56527.78148609319,90.9855,-36547.87241155453,85443.13139964828,1049.1258731265639,52.18644485102344,4.796885325975391,3442.0,0.778809,509.0334,2773.0,167.3329,1.8352786695778955,ITY113_1804,116990.70594327647,0.051199639200027416
56486.16744199338,113.7319,-35245.985851350015,79650.70711426577,1369.496859944519,52.134438317643166,4.816583851616391,4493.0,0.82,533.9689,3000.0,162.5332,1.8544419976950368,ITY113_1804,123610.82746498135,0.04083209342138001
56444.07777383998,136.4783,-33377.191393487505,73711.65925012784,1716.1516542057168,52.08114428181748,4.844546656806578,5630.0,0.82,531.8102,3000.0,159.7794,1.8445130407784327,ITY113_1804,120054.52183308781,0.038750402033472756
56402.22843996161,159.2246,-31233.977651938963,67893.04351017142,2062.8064484737765,52.02894215991512,4.876442545963232,6768.0,0.82,529.6428,3000.0,158.2573,1.832930924033604,ITY113_1804,116631.08705412576,0.03657111203270114
56360.656519610166,181.971,-28946.39839471113,62157.05122725276,2409.4612427417587,51.97748199489605,4.910364648376063,7905.0,0.82,527.4664,3000.0,157.7059,1.8197013046050818,ITY113_1804,113342.37195812294,0.03374057823502898
56319.398898491476,204.7174,-26613.413950133487,56466.99129718697,2756.116037009693,51.9264273406608,4.944867447872761,9042.0,0.82,525.281,3000.0,158.664,1.8048442746331583,ITY113_1804,110183.08050811237,0.029901218841866507
56278.49140959481,227.4638,-24385.24808043079,50762.620391831355,3102.770831277608,51.875229347136624,4.977765975885974,10180.0,0.82,523.0865,3000.0,160.7256,1.7884114577773933,ITY113_1804,107148.3494658727,0.025712066216262246
56237.968047512884,250.2102,-22372.23814518016,45006.11678658281,3449.425625545487,51.82354478657513,5.007462489351568,11317.0,0.82,520.8827,3000.0,161.6665,1.7705236660148231,ITY113_1804,104239.7866342738,0.024650323395467126
56197.860282658825,272.9565,-20462.167486334998,39241.90434501099,3796.0804198132555,51.77177967277961,5.035595296896458,12454.0,0.82,518.6696,3000.0,162.158,1.751293715605673,ITY113_1804,101452.65656121272,0.024506801231661574
56158.19649126137,295.7029,-18609.58123441772,33486.26263834735,4142.735214080898,51.72008301937812,5.062828642577253,13592.0,0.82,516.447,3000.0,162.5111,1.7308522622068896,ITY113_1804,98782.62369730248,0.02438888611195153
56119.0015076232,318.4493,-16800.3477179271,27744.213031218937,4489.390008348396,51.66850101238006,5.089370446225094,14729.0,0.82,514.2148,3000.0,162.8738,1.7093926662371195,ITY113_1804,96231.09842371932,0.024286722864928324
56080.29629738319,341.1957,-15035.216062381522,22015.8849828225,4836.044802615731,51.61703524602708,5.115212459188032,15866.0,0.82,511.9729,3000.0,162.9206,1.6870746386983277,ITY113_1804,93793.89338304718,0.024119930204281825
56042.09774461234,363.942,-13282.497723163047,16311.29184666888,5182.699596882897,51.56577696510563,5.140815373701872,17004.0,0.82,509.7211,3000.0,162.1306,1.6640615975346058,ITY113_1804,91467.24270306923,0.02277899805615587
56004.41854146315,386.6884,-11459.411735359221,10656.582800831517,5529.354391149961,51.51496316344634,5.1673758268163255,18141.0,0.82,507.4593,3000.0,160.4933,1.6405712332746134,ITY113_1804,89252.39491187096,0.020592362953252577
55967.26716658209,409.4348,-9484.377596809643,5081.316923611908,5876.009185416923,51.46486038309262,5.196068294572497,19278.0,0.819429,504.8357,3000.0,156.4001,1.6162834848655958,ITY113_1804,87086.39159533428,0.01924951504687006
55930.66332699455,432.1812,-7128.755706422871,-310.5250664731948,6222.663979683398,51.4164050970365,5.230182019535526,20416.0,0.805106,493.7706,3000.0,154.7952,1.5808384109409288,ITY113_1804,83861.67912602062,0.007011215122174685
55894.930022100634,454.9275,-4678.203018255327,-5517.072256419868,6569.3187739482055,51.36960711490821,5.265588540273076,21553.0,0.804963,491.4324,3000.0,154.8351,1.5574432487305696,ITY113_1804,82036.95072351207,0.0
55859.72083034387,477.6739,-2242.9631622457796,-10700.466030975002,6915.973568212575,51.32300666935328,5.300702257466096,22690.0,0.806894,490.3451,3000.0,154.8668,1.5358040975298393,ITY113_1804,80449.62378631782,0.0
55824.98542309281,500.4203,183.9537324487324,-15873.58357557156,7262.628362476439,51.27648816098877,5.33562378957831,23828.0,0.808698,489.1593,3000.0,154.8759,1.5143027972027119,ITY113_1804,78936.84888671877,0.0
55790.71595763302,523.1667,2604.112286088527,-21034.41448119649,7609.283156739724,51.230069698502504,5.370378463956027,24965.0,0.810425,487.9066,3000.0,154.8795,1.4931311379762693,ITY113_1804,77505.6309957511,0.0
55756.900618923544,545.9131,5017.66831531722,-26182.018680169407,7955.937951002344,51.183759962238135,5.4049684990783256,26102.0,0.812009,486.5474,3000.0,154.9036,1.4723505933455456,ITY113_1804,76151.78176684526,0.0
55723.52607603518,568.6594,7422.268259853156,-31316.12245655292,8302.592745264192,51.13756156451489,5.439360961294295,27239.0,0.810617,483.3932,2827.0,154.9205,1.4208006433908313,ITY113_1804,72798.70748006609,0.0
55691.30234850561,591.4058,9810.490730081723,-36419.19473783201,8629.282294135412,51.091632442929644,5.473450961854977,28311.0,0.808432,479.8996,2600.0,154.9765,1.3580444700289505,ITY113_1804,68956.20817755409,0.0
55660.48940760909,614.1522,12177.459209520235,-41489.73508055083,8929.68803557075,51.045986435436056,5.507170343940984,29297.0,0.806266,476.5957,2372.0,155.0706,1.2939249335550618,ITY113_1804,65260.09000826092,0.0
55631.113673813714,636.8986,14520.769436798873,-46531.2006880897,9203.809969565824,51.000592808870785,5.540486374515193,30196.0,0.80409,473.4657,2145.0,155.1637,1.229181175832886,ITY113_1804,61712.18637008893,0.0
55603.194930704085,659.6449,16841.437407525307,-51545.240016351214,9451.648096119252,50.955437030471884,5.573415258379352,31009.0,0.801862,470.4854,1917.0,155.2511,1.1636456045617032,ITY113_1804,58269.63860434943,0.0
55576.74784148511,682.3913,19140.741788384283,-56533.065015905566,9673.202415230444,50.910508463422175,5.605976850928772,31736.0,0.799504,467.6093,1690.0,155.3102,1.0979448972082193,ITY113_1804,54936.60579239128,0.0
55551.783621982766,705.1377,21421.683588812928,-61494.505997978646,9868.472926899118,50.86580880734359,5.638215510738735,32377.0,0.796915,464.7801,1462.0,155.3674,1.0317628427517236,ITY113_1804,51673.03385018207,0.0
55528.31112464142,727.8841,23684.665443196405,-66429.85635149792,10037.459631125226,50.821335653826125,5.670138400038138,32931.0,0.794044,461.969,1235.0,155.4098,0.9657093061374072,ITY113_1804,48489.39856030606,0.0
55506.33639496517,750.6305,25931.045590956408,-71338.59650923926,10180.162527908864,50.777093852927834,5.70176628409114,33399.0,0.790878,459.1689,1008.0,155.3825,0.8996553319729068,ITY113_1804,45363.44337247257,0.0
55485.86224311001,773.3768,28166.809961708503,-76217.99873164277,10296.58161725032,50.73310786245397,5.733185773371712,33781.0,0.787277,456.2985,780.0,155.4242,0.8333648620973195,ITY113_1804,42269.559449158405,0.0
55466.89084001895,796.1232,30385.702361868614,-81069.89087636437,10386.716899150138,50.6893617236295,5.76430905429177,34077.0,0.783118,453.2865,553.0,155.4409,0.7673499462656019,ITY113_1804,39219.30645866452,0.0
55449.42342655278,818.8696,32589.12924108957,-85891.67241691417,10450.568373609325,50.64587896187628,5.79515765199768,34287.0,0.778158,449.9915,325.0,155.4534,0.7009925398737549,ITY113_1804,36173.233436253344,0.0
55433.462653935865,841.616,34776.01914942158,-90680.04840192187,10488.136040630026,50.60268947285179,5.825718019696619,34410.0,0.771853,446.0977,98.0,155.4654,0.634464223118141,ITY113_1804,33128.244412826854,0.0
55419.018427160256,864.3623,36943.468673869975,-95428.48361773885,10499.419900218827,50.559852421788285,5.855951118078621,34447.0,0.768697,444.1998,-0.0,155.4689,0.605384217224668,ITY113_1804,31798.210349843106,0.0
55405.23296923504,887.1087,39101.596980465314,-100157.25448166099,10499.419900004286,50.51718501811944,5.8859995235138705,34447.0,0.765541,442.3762,-98.0,155.4723,0.5767220512075344,ITY113_1804,30486.741015217194,0.0
61162.17058970505,0.0,-77439.17757195314,-71614.37457725144,30.48000030370625,52.32859819667488,4.708845582445284,100.0,0.3,198.3755,1561.0,3.1752,1.509374631245909,SAS62L_1257,78361.24858028506,0.07645688568877493
61128.69694734231,22.1638,-77314.396414342,-69364.99921394844,206.24622782529397,52.34884206851179,4.71015941490151,677.0,0.418559,276.2233,1783.0,3.1752,1.4524652772520523,SAS62L_1257,74492.87091472877,0.07741719819472642
61096.568237026906,44.3276,-77140.50196738895,-66230.28006019376,406.96713741134755,52.37705381486118,4.711992224749419,1335.0,0.540211,355.694,2004.0,26.9546,1.5717817634855458,SAS62L_1257,83014.80938264186,0.07831438710480848
61061.86650413658,66.4914,-75307.35360330969,-62625.46354851242,632.6427290621002,52.40972543679034,4.738176654697752,2076.0,0.65144,427.8282,2226.0,34.7897,1.7195065259760947,SAS62L_1257,97059.01457732574,0.07814922876730833
61023.91441668513,88.6552,-72531.73802822245,-58630.33977455665,883.27300277757,52.44602788625305,4.778217374680582,2898.0,0.746086,488.5791,2448.0,42.5531,1.815123307652327,SAS62L_1257,112021.7042597594,0.06716078190154154
60983.813138726495,110.819,-68774.94887657724,-54538.1430203364,1158.8579585576688,52.4833152451895,4.832791212519325,3802.0,0.82,535.2763,2669.0,46.4116,1.8578206340252097,SAS62L_1257,125041.38010860069,0.04984704568532737
60942.70600385169,132.9828,-64367.36553796405,-50342.559957010046,1459.3975964021336,52.52158500546472,4.897055084366722,4788.0,0.82,533.4099,2891.0,50.0812,1.856136580893558,SAS62L_1257,124333.96781677866,0.03458118318288455
60901.64313950281,155.1466,-59718.324053774384,-46452.76565162256,1784.8919163100595,52.55709689224624,4.965058023712508,5856.0,0.82,531.3811,3000.0,49.3867,1.8507680896033125,SAS62L_1257,122249.12430651681,0.027161696029004555
60860.708186309006,177.3104,-55135.236779832805,-42522.73285676564,2122.668153224456,52.59292488159344,5.032187979276474,6964.0,0.82,529.2676,3000.0,47.7687,1.8409271721213114,SAS62L_1257,118968.1707307974,0.023528280422540446
60820.00235596688,199.4742,-50682.851102283006,-38481.115428740064,2460.444390138826,52.629706043895695,5.09747406587917,8072.0,0.82,527.1456,3000.0,46.2863,1.829670422582311,SAS62L_1257,115813.45587366851,0.020362046935633933
60779.556354020526,221.6379,-46354.062085009624,-34342.44917726454,2798.2206270531565,52.667313397866465,5.1610234134976976,9181.0,0.82,525.015,3000.0,45.4306,1.8170029011875408,SAS62L_1257,112780.26294736777,0.01778643821346406
60739.40019825535,243.8017,-42104.93310016142,-30156.706871599035,3135.996863967445,52.70530385279664,5.223493786352255,10289.0,0.82,522.8757,3000.0,45.9486,1.802989554283043,SAS62L_1257,109870.52867882984,0.014195331089501387
60699.562569318456,265.9655,-37835.727233113066,-26026.576102790517,3473.7731008817027,52.7427627536272,5.286377622602091,11397.0,0.82,520.7276,3000.0,46.5363,1.7876949389090182,SAS62L_1257,107079.62830950067,0.0112659467592203
60660.07023004007,288.1293,-33542.22316589319,-21957.3642757831,3811.5493377959156,52.77964204629308,5.3497370998537885,12505.0,0.82,518.5706,3000.0,47.1897,1.771216917672751,SAS62L_1257,104405.28013158895,0.009217215114705008
60620.94752826205,310.2931,-29220.70649508658,-17954.150699097296,4149.325574710065,52.815895562433866,5.413626727673552,13613.0,0.82,516.4047,3000.0,47.6889,1.7536736560799113,SAS62L_1257,101845.32149857147,0.008159076049750946
60582.21599092001,332.4569,-24882.80591784702,-14005.428486798015,4487.101811624128,52.85162545873745,5.477871117084299,14721.0,0.82,514.2296,3000.0,48.0313,1.7351988791735407,SAS62L_1257,99397.6252868177,0.007866550095496043
60543.894011061675,354.6207,-20539.89761391284,-10099.343582351159,4824.878048538083,52.8869373982984,5.542298614823527,15830.0,0.819927,511.9998,3000.0,48.3612,1.7158676112140165,SAS62L_1257,97049.69479592903,0.007751068919296262
60505.99829712819,376.7845,-16193.635592306971,-6235.291421447019,5162.654285451915,52.921836539992945,5.606883205472237,16938.0,0.819165,509.3325,3000.0,48.7105,1.69539520553756,SAS62L_1257,94733.73230245484,0.007799378728530055
60468.55647603219,398.9483,-11846.820684702256,-2417.936619900705,5500.430522365599,52.95628068580685,5.671581885742178,18046.0,0.81899,507.0233,3000.0,49.0455,1.6749064544212462,SAS62L_1257,92597.66307095927,0.007889254871149798
60431.56304649458,421.1121,-7497.720597876031,1356.6205474932256,5838.2067592791245,52.99030481414077,5.73641878850629,19154.0,0.818548,504.5408,3000.0,49.3214,1.6539212408946715,SAS62L_1257,90541.42229377103,0.007985662967897406
60395.02851683907,443.2759,-3152.032096751909,5091.673734360137,6175.982996192356,53.023938339195105,5.801307284092112,20262.0,0.814487,499.8297,3000.0,49.3852,1.630302088028659,SAS62L_1257,88263.94454579058,0.0040468899562671546
60359.033547850784,465.4397,1156.9683452110662,8786.865649141017,6513.759233104928,53.057178065081125,5.865747896681514,21371.0,0.81433,497.5164,3000.0,49.3371,1.6095298778312093,SAS62L_1257,86467.10083681507,0.0
60323.487393776784,487.6035,5442.7807557549795,12468.421712340823,6851.535470016975,53.09026052364359,5.929940463016348,22479.0,0.81504,495.7216,3000.0,49.285,1.5894909105141186,SAS62L_1257,84840.21292063742,0.0
60288.3655290392,509.7673,9709.650869144969,16140.459254246012,7189.311706928659,53.12322315193361,5.993947550547551,23587.0,0.815851,493.9739,3000.0,49.235,1.569753558671697,SAS62L_1257,83313.61244936193,0.0
60253.6567996602,531.9311,13958.145467664208,19803.132099174447,7527.087943839933,53.156067686194156,6.057776800917139,24695.0,0.816698,492.2331,3000.0,49.1895,1.550387494138497,SAS62L_1257,81881.35362899405,0.0
60219.348623262835,554.0949,18188.626408136814,23456.133344273134,7864.864180750735,53.18879170456692,6.121432787359704,25803.0,0.817553,490.4818,3000.0,49.1502,1.5314846288450814,SAS62L_1257,80541.11560905405,0.0
60185.426320389684,576.2587,22401.41385458982,27098.903070153843,8202.640417661007,53.221390499141336,6.184919439124387,26912.0,0.818392,488.7058,3000.0,49.1181,1.5131233241741147,SAS62L_1257,79290.55288570415,0.0
60151.87311522428,598.4225,26596.762950190066,30730.708165355092,8540.41665457066,53.25385779737243,6.248239678508578,28020.0,0.819208,486.9012,3000.0,49.0934,1.4954318784273901,SAS62L_1257,78131.57320318605,0.0
60118.669868789475,620.5863,30774.906513824917,34350.77798716146,8878.192891479624,53.286186982487685,6.311396061194029,29128.0,0.819375,484.6969,2959.0,49.0757,1.471054848017225,SAS62L_1257,76535.10121117067,0.0
60085.967231784714,642.7501,34933.210991369626,37955.90129210976,9211.310575284528,53.31834967165286,6.374347691597923,30221.0,0.81708,481.063,2737.0,49.0647,1.4126453804103498,SAS62L_1257,72724.80998242454,0.0
60054.53553889591,664.9138,39061.28319041992,41536.206078721334,9519.47357703241,53.35025824024907,6.43693565797989,31232.0,0.814857,477.6447,2515.0,49.0596,1.3526110905182342,SAS62L_1257,69063.5260524346,0.0
60024.410891809224,687.0776,43161.29834473682,45092.80799528352,9802.681896719707,53.38192317508883,6.4991910603032315,32161.0,0.812681,474.4276,2294.0,49.0597,1.2914576580632628,SAS62L_1257,65540.96014297112,0.0
59995.624123247406,709.2414,47235.23970577761,48626.7879787772,10060.935534345337,53.41335459814737,6.561142259135347,33008.0,0.810492,471.3767,2072.0,49.0633,1.2289872918981946,SAS62L_1257,62111.2304768982,0.0
59968.202539109094,731.4052,51284.69043582766,52139.07761320359,10294.234489908875,53.44456126403446,6.622811700049295,33774.0,0.808272,468.4829,1850.0,49.0678,1.1655926151726468,SAS62L_1257,58769.143764656656,0.0
59942.1698282824,753.569,55310.99996218893,55630.736717998785,10502.578763410194,53.47555305484149,6.684218442907275,34457.0,0.805984,465.7248,1629.0,49.0716,1.1017094079958043,SAS62L_1257,55512.155426388286,0.0
59917.547004657084,775.7328,59315.296179388264,59102.84215444056,10685.968354849396,53.506339988201056,6.745378319733183,35059.0,0.803616,463.0963,1407.0,49.0748,1.0369652671952685,SAS62L_1257,52301.86490593209,0.0
59894.352011428186,797.8966,63298.955461316466,62556.667467842155,10844.403264226827,53.53693378489653,6.806311070917829,35579.0,0.801124,460.5716,1186.0,49.0774,0.9719966584730833,SAS62L_1257,49151.07692983352,0.0
59872.60001274399,820.0604,67263.82313947583,65993.8793584473,10977.883491543209,53.56734959792884,6.867043751218422,36017.0,0.798508,458.1517,964.0,49.0802,0.906400550138851,SAS62L_1257,46025.86341881224,0.0
59852.30204051277,842.2242,71212.2496555862,69416.5040728864,11086.409036800163,53.59760568750016,6.927611319410829,36373.0,0.795703,456.3909,742.0,49.0823,0.8402723325728403,SAS62L_1257,42916.58100304608,0.0
59833.466878080224,864.388,75145.46396393522,72825.68273144391,11169.979900002774,53.627712442839204,6.988031722380371,36647.0,0.792897,454.782,521.0,49.0845,0.774517923712259,SAS62L_1257,39857.76008683403,0.0
77219.999900399,0.0,-76733.48437635414,57695.51775346718,30.48000027693033,52.328598131691955,4.708835482728648,100.0,0.3,198.3755,895.0,3.1752,1.478319098399344,TRA6875_1499,76212.54827257755,0.0764559513013874
77187.65777650663,21.8599,-76610.11130121202,59919.51023269469,129.85966101046185,52.348613303964115,4.710141940890393,426.0,0.394331,260.4592,1114.0,3.1752,1.4254729182105579,TRA6875_1499,72756.31196862522,0.07796964760827033
77156.51761836268,43.7199,-76448.1334720299,62839.41373260815,253.51446835707898,52.37489141876322,4.711858856849993,832.0,0.491132,323.9435,1332.0,35.9651,1.512577850488318,TRA6875_1499,78588.55195141982,0.0798868826394452
77123.51794013612,65.5798,-74312.20099326881,65783.04348387136,401.44442232576125,52.40165390034732,4.742664377434021,1317.0,0.582499,383.5623,1551.0,68.755,1.644554594682364,TRA6875_1499,89223.07285528407,0.08460548694409364
77087.66991620476,87.4398,-70299.05703166944,67343.26591600287,573.6495229187549,52.416212749914116,4.801482371858296,1882.0,0.664281,436.5556,1769.0,101.5449,1.7547878082955828,TRA6875_1499,101610.32569827265,0.08162817565078226
77049.41518097007,109.2997,-65498.25802497298,66362.6106155991,770.1297701363234,52.40798909433196,4.872454678181362,2527.0,0.734816,481.8251,1988.0,110.1024,1.823159512092619,TRA6875_1499,113859.38252491376,0.07181465004664761
77009.6489000911,131.1597,-60420.55815490206,64504.19594251143,990.8851639773217,52.39186054745157,4.947640358492208,3251.0,0.794044,519.3402,2207.0,111.7747,1.8580028120018475,TRA6875_1499,124832.70245682605,0.060955439820480656
76969.09592719527,153.0196,-55009.362292898884,62342.644997580705,1235.9157044390413,52.372992063943194,5.027733483499328,4055.0,0.82,534.7984,2425.0,114.5808,1.8679852118652478,TRA6875_1499,130318.28963173326,0.049927237211448906
76928.29741328853,174.8795,-49554.24053277458,59847.30601323864,1505.2213915160148,52.35107198338818,5.1084543820047905,4938.0,0.82,533.1248,2644.0,118.247,1.8684910357608715,TRA6875_1499,130634.62222032907,0.04011660424207123
76887.4897389158,196.7395,-44288.21828625153,57018.127801150506,1798.8022251967507,52.326079766846824,5.186356798517807,5902.0,0.82,531.2943,2862.0,121.0276,1.8687437764973203,TRA6875_1499,130802.55606804506,0.03378468351125575
76846.67751805176,218.5994,-39185.13160190868,53948.538310141455,2116.6582054461237,52.298862929395206,5.261803242940253,6944.0,0.82,529.3053,3000.0,123.3838,1.866950343026792,TRA6875_1499,129750.35905749336,0.03270819042033069
76805.90715806212,240.4594,-34232.44374590606,50684.85023632543,2449.8037453506527,52.26984334132563,5.334966513744656,8037.0,0.82,527.2125,3000.0,125.3462,1.861164893766443,TRA6875_1499,126754.02302797063,0.031695596260622065
76765.26775159713,262.3193,-29413.68528752949,47267.14201587636,2782.9492852536896,52.239386453306764,5.40608064703353,9130.0,0.82,525.1115,3000.0,127.1416,1.854505827797672,TRA6875_1499,123883.09729358912,0.02862645257897395
76724.77764462022,284.1793,-24723.27399770349,43714.45426532426,3116.0948251558966,52.207667358763786,5.475223588516126,10223.0,0.82,523.002,3000.0,129.0136,1.8469747693576053,TRA6875_1499,121135.46834060282,0.025627208771591466
76684.45487454282,306.0392,-20169.91712930487,40025.433345144294,3449.240365056977,52.17467694014626,5.542266168025131,11316.0,0.82,520.8839,3000.0,130.7828,1.8385938421895247,TRA6875_1499,118509.19203283315,0.02334684956520753
76644.316732544,327.8992,-15750.725213641328,36213.20790916756,3782.3859049564508,52.14053683985467,5.607249143410719,12409.0,0.82,518.7572,3000.0,132.1291,1.8294046776426451,TRA6875_1499,116002.46586797593,0.02204319714762774
76604.3793530617,349.7591,-11440.12366791438,32314.308044254572,4115.531444853824,52.10557942892829,5.670545543277895,13502.0,0.82,516.6218,3000.0,133.369,1.8194666620652606,TRA6875_1499,113613.58809013755,0.021029085444394555
76564.65734283696,371.619,-7232.4242776363635,28339.593260915994,4448.676984748645,52.06990508058228,5.732238938790067,14595.0,0.82,514.4775,3000.0,134.3548,1.8088547983596277,TRA6875_1499,111340.96966696394,0.020700360730556235
76525.16345790689,393.479,-3111.0398893854494,24309.99421627563,4781.822524640068,52.033704562896915,5.792572579348461,15688.0,0.82,512.3242,3000.0,134.7851,1.797657407958107,TRA6875_1499,109183.18490727886,0.021585151851094626
76485.9083332054,415.3389,962.71445854407,20266.68007280234,5114.968064526861,51.997350068648906,5.852112892716181,16781.0,0.82,510.1618,3000.0,134.8408,1.7859735182602126,TRA6875_1499,107138.95747132838,0.02288073433960708
76446.90026616993,437.1989,5015.2310895230585,16236.623154561497,5448.113604408851,51.961085060573275,5.911246864296578,17874.0,0.82,507.9902,3000.0,134.5845,1.7739103058706798,TRA6875_1499,105207.17068210861,0.022577514948350592
76408.14505308146,459.0588,9068.270856396872,12241.938615957606,5781.259144286672,51.92510861351707,5.970293832609191,18967.0,0.82,505.8093,3000.0,134.8864,1.7615806477138656,TRA6875_1499,103386.87935915067,0.02123415179163754
76369.64587482548,480.9188,13082.7635510517,8243.330048546362,6114.404684161214,51.889068318838056,6.028684405432045,20060.0,0.82,503.619,3000.0,135.2535,1.7491008585401062,TRA6875_1499,101677.32341259543,0.013271859068935073
76331.40322732796,502.7787,17054.150220887757,4236.64860596943,6447.55022401607,51.852927930436586,6.0863534058377,21153.0,0.82,501.4191,3000.0,135.2215,1.736588616141814,TRA6875_1499,100077.92833796257,0.0
76293.41489102553,524.6386,21010.275513285174,249.81186676123298,6780.695763857139,51.816938477610755,6.143709059520484,22246.0,0.82,499.2094,2847.0,135.093,1.7048862589383011,TRA6875_1499,96337.61521370545,0.0
76256.08670988867,546.4986,24958.862517440404,-3711.6147935163294,7096.883084140062,51.78115007199059,6.200865452902162,23284.0,0.82,497.1032,2629.0,134.9387,1.6607285437801287,TRA6875_1499,91794.44254467623,0.0
76219.68202645029,568.3585,28902.857812212882,-7647.174371627006,7388.795257936055,51.74556690797662,6.257866747037085,24241.0,0.82,495.1508,2410.0,134.8616,1.611809276831387,TRA6875_1499,87400.78866578371,0.0
76184.29521185686,590.2185,32838.037676914246,-11563.395590531316,7656.432285175664,51.710130692982474,6.314652247405612,25120.0,0.82,493.3539,2191.0,134.8003,1.5585665189007492,TRA6875_1499,83150.75299584222,0.0
76150.0143230398,612.0784,36764.47225146021,-15462.556137382086,7899.794165836614,51.674821198688484,6.371223869279296,25918.0,0.817061,489.9522,1973.0,134.7457,1.500333349920022,TRA6875_1499,78782.19696589925,0.0
76117.00050373403,633.9384,40668.803872753946,-19332.382519268664,8118.880899908602,51.63975002603248,6.427390540969134,26637.0,0.813224,486.1826,1754.0,134.6752,1.4377635359778826,TRA6875_1499,74452.49109821327,0.0
76085.3617704331,655.7983,44549.04039890035,-23168.876482723208,8313.692487386475,51.60495381658074,6.483125828261694,27276.0,0.809511,482.6589,1536.0,134.6017,1.37211911648165,TRA6875_1499,70265.03657705725,0.0
76055.17137712575,677.6582,48407.210864059714,-26973.768712420147,8484.228928268005,51.57041739350786,6.538460923741562,27835.0,0.80586,479.3433,1317.0,134.5732,1.3032487939817505,TRA6875_1499,66165.86284532369,0.0
76026.49584147429,699.5182,52241.864554568885,-30751.715884155365,8630.490222553026,51.536099531012106,6.593376088820637,28315.0,0.802175,476.177,1098.0,134.514,1.2316825714830468,TRA6875_1499,62147.809119588914,0.0
75999.39588395202,721.3781,56056.11591024144,-34501.79895986042,8752.476370243248,51.5020087226932,6.647918272464222,28715.0,0.798386,473.1174,880.0,134.477,1.1580461066696106,TRA6875_1499,58210.74027260272,0.0
75973.92564121344,743.2381,59849.243645307935,-38226.306134934945,8850.187371342628,51.46812494054104,6.702078391599334,29036.0,0.794334,470.0696,661.0,134.4429,1.0819633187592848,TRA6875_1499,54304.36072875164,0.0
75950.13476340752,765.098,63621.04820551353,-41925.470671648996,8923.623225858431,51.43444659144874,6.755855179854817,29277.0,0.790041,467.0446,443.0,134.4248,1.0043931729689572,TRA6875_1499,50454.415017813495,0.0
75928.0636912784,786.958,67370.581431944,-45600.464632096286,8972.783933804083,51.400963730371096,6.809236384153471,29438.0,0.785326,463.935,224.0,134.3831,0.924858518685266,TRA6875_1499,46613.36746797457,0.0
75907.74866245761,808.8179,71098.56772454515,-49249.01872431716,8997.669495207825,51.36769716682901,6.8622345123348065,29520.0,0.779952,460.5984,5.0,134.3715,0.8437347086123139,TRA6875_1499,42778.439457296794,0.0
75889.2232105809,830.6778,74801.15230403468,-52871.24760791065,8998.279910156843,51.334646855977155,6.914795706991787,29522.0,0.779795,460.5018,-0.0,134.3805,0.841687937888463,TRA6875_1499,42682.2462224081,0.0
75870.74687056021,852.5378,78502.40285542946,-56493.318033107396,8998.27991011593,51.301574707929085,6.967262060473682,29522.0,0.779638,460.4091,-5.0,134.3896,0.8396722839071631,TRA6875_1499,42587.47289376842,0.0
71037.0917242912,0.0,34058.24855160667,101161.12164296753,30.48000030363056,52.321300505695525,4.779960154006377,100.0,0.3,198.3755,1374.0,183.0038,1.6039477048910096,VLG12BR_219,85633.94747603463,0.08199828964108594
71000.3840971784,22.8651,33936.36767286855,98838.41174991387,190.11273783929636,52.30041997495007,4.777932401208544,624.0,0.398422,262.9823,1603.0,183.0038,1.5350909267152044,VLG12BR_219,80219.04851552105,0.07814036034784348
70965.31218499149,45.7302,33774.73247160458,95758.095256231,376.30438435761397,52.27272871106245,4.775246254392406,1235.0,0.501128,330.0757,1832.0,175.7458,1.5967047069235258,VLG12BR_219,85028.69967885673,0.07333918552026593
70928.89809936166,68.5953,34061.97060641279,91896.66865287787,589.0549398587846,52.23798541245208,4.779077277812336,1933.0,0.598216,393.0698,2060.0,174.3538,1.7032250754980929,VLG12BR_219,95181.70376521451,0.06576487042897056
70890.08199527953,91.4604,34515.63828074346,87307.95110721566,828.3644043428374,52.19669114520071,4.785270260176675,2718.0,0.684375,448.4504,2289.0,177.253,1.7904478766751426,VLG12BR_219,107194.78749619814,0.055373731114563056
70849.26944972714,114.3255,34767.74135313018,82053.72130293869,1094.2327778097322,52.149424330303,4.788429234845486,3590.0,0.757617,494.9245,2518.0,179.5983,1.8414256183912185,VLG12BR_219,118796.09370961926,0.044104035885330434
70807.2647949656,137.1906,34808.434932998556,76249.35532346142,1386.6600602593578,52.09722339046714,4.788430353813199,4549.0,0.818097,532.6235,2746.0,179.2784,1.8660181317950648,VLG12BR_219,129068.8406422748,0.039293266148049795
70764.65349338521,160.0557,34887.09050661224,70004.46683504849,1705.6462516914396,52.04105846992598,4.788941730844376,5596.0,0.82,531.8758,2975.0,181.9028,1.866103679864592,VLG12BR_219,129188.77853780973,0.037354016181050824
70722.04021174564,182.9208,34680.087368945016,63773.78384961867,2051.1913521051065,51.98503916711486,4.785282440748229,6730.0,0.82,529.7155,3000.0,189.8245,1.860149812128465,VLG12BR_219,126191.99436806641,0.0359583132443434
70679.57052288578,205.786,33620.747899371905,57656.48053772001,2399.6555689137617,51.93009141857738,4.769213429347226,7873.0,0.82,527.5281,3000.0,196.3419,1.8524384250200847,VLG12BR_219,122985.60695796732,0.03582734861096915
70637.28482246624,228.6511,31881.18445731476,51723.72972296711,2748.1197857223365,51.876840403903074,4.743292646771754,9016.0,0.82,525.3315,3000.0,201.5247,1.8435697881960467,VLG12BR_219,119914.43540751301,0.035910027106068006
70595.2086874045,251.5162,29622.314256524696,45996.502476084344,3096.5840025308266,51.825459718995404,4.709895193904214,10159.0,0.82,523.1258,3000.0,205.5371,1.8335562804537582,VLG12BR_219,116976.01191823152,0.03438229882005091
70553.36705521854,274.3813,26979.46188786794,40464.86878902093,3445.0482193392572,51.775847198326304,4.671008452991227,11303.0,0.82,520.9106,3000.0,208.258,1.822429146281667,VLG12BR_219,114165.94196155926,0.031164349930031022
70511.78360849431,297.2464,24089.379611875196,35087.96654471579,3793.512436147658,51.7276240552577,4.628628522373953,12446.0,0.82,518.6861,3000.0,209.3657,1.810270978527194,VLG12BR_219,111485.9662081372,0.026711907725493412
70470.48021611897,320.1115,21108.7774484675,29790.827928864524,4141.976652956023,51.680106425629276,4.585030946680832,13589.0,0.82,516.4519,3000.0,208.9802,1.7971622691303264,VLG12BR_219,108931.86313515843,0.02446407300619491
70429.47644703856,342.9766,18176.65994687865,24496.834422613694,4490.440869764339,51.63259939916135,4.54222746156885,14732.0,0.82,514.208,3000.0,208.4259,1.7832108476142932,VLG12BR_219,106501.6599239472,0.022011199422546236
70388.78916554389,365.8417,15308.50746884376,19198.023686538338,4838.905086572601,51.58503177321327,4.500439178264151,15876.0,0.82,511.9543,3000.0,207.5265,1.768528591223473,VLG12BR_219,104191.94551437287,0.01995798542337812
70348.43221114545,388.7068,12536.18034377949,13878.445715960117,5187.369303380784,51.53726043990383,4.460123086347548,17019.0,0.82,509.6906,3000.0,206.7306,1.753272362631302,VLG12BR_219,102004.21950414279,0.019281339901662344
70308.41616124236,411.5719,9850.04030106968,8544.744110321766,5535.833520188866,51.48934679013285,4.421136005669106,18162.0,0.82,507.4169,3000.0,205.8647,1.737574258212822,VLG12BR_219,99935.32342479183,0.019022318539784065
70268.74817110546,434.437,7256.524274532761,3195.219879478605,5884.297736996822,51.44127674615231,4.38356687907,19305.0,0.82,505.1329,3000.0,203.5683,1.721581541307345,VLG12BR_219,97983.8738778022,0.019431434839224597
70229.43188313878,457.3021,4890.227734114359,-2229.205375365449,6232.761953804443,51.39251917801693,4.3493505869653575,20449.0,0.82,502.8385,3000.0,202.4448,1.7054309332901,VLG12BR_219,96147.50434349707,0.007111299305293764
70190.46739583228,480.1672,2641.088262948092,-7673.939909397242,6581.2261706112,51.343568504948806,4.316893678257272,21592.0,0.82,500.5336,3000.0,202.3946,1.6892955875270077,VLG12BR_219,94427.77775297777,0.0
70151.85128210233,503.0323,407.09411106664265,-13095.475350705754,6929.6903874177015,51.29481752455341,4.284723894414204,22735.0,0.82,498.2181,3000.0,202.3662,1.6733086661950753,VLG12BR_219,92822.67195071347,0.0
70113.5766466607,525.8974,-1813.8101697849283,-18492.824195708865,7278.154604223913,51.24627521693978,4.252811748371601,23878.0,0.82,495.8917,3000.0,202.3386,1.657611004916292,VLG12BR_219,91331.68239632998,0.0
70075.633212478,548.7625,-4021.672878756527,-23865.8258399319,7626.618821029813,51.19794327555835,4.2211528367880975,25022.0,0.82,493.5543,2911.0,202.3117,1.6289394295173185,VLG12BR_219,88737.79379240252,0.0
70038.30665099857,571.6276,-6216.919373046287,-29215.265060528705,7964.753896445826,51.14981484033629,4.18974078995574,26131.0,0.82,491.2757,2682.0,202.286,1.5760843547929109,VLG12BR_219,84362.06655659828,0.0
70002.13155398531,594.4928,-8400.517944633268,-34543.14953289186,8276.330062883626,51.101872018378245,4.158560549377827,27153.0,0.818956,488.5435,2454.0,202.2614,1.5191926488732708,VLG12BR_219,80082.63945414408,0.0
69967.21529256782,617.3579,-10570.55136157482,-39844.40516029951,8561.347320340916,51.05416064175056,4.127638249248844,28088.0,0.815469,484.5367,2225.0,202.2383,1.4578386435248034,VLG12BR_219,75756.6535707938,0.0
69933.69590044596,640.223,-12721.46965619018,-45105.011720007446,8819.805668816973,51.00680710454714,4.097051406197082,28936.0,0.812373,480.9505,1996.0,202.2168,1.3935191786830399,VLG12BR_219,71598.5435067354,0.0
69901.63743092638,663.0881,-14855.285005281245,-50329.380191199045,9051.705108311473,50.959771928868356,4.066769690023414,29697.0,0.809166,477.485,1768.0,202.1971,1.3266851911196407,VLG12BR_219,67564.57633668813,0.0
69871.10770789576,685.9532,-16972.677549110256,-55518.65282584885,9257.045638824282,50.913045039750564,4.036781858122396,30371.0,0.806061,474.2662,1539.0,202.179,1.2572751281785886,VLG12BR_219,63621.409415083355,0.0
69842.16191350193,708.8183,-19074.88338238522,-60675.34019192059,9435.827260355358,50.86660402552052,4.007068903269897,30957.0,0.80297,471.2421,1311.0,202.1628,1.1860987377950845,VLG12BR_219,59776.11275657673,0.0
69814.8500129402,731.6834,-21162.905783026108,-65801.38287802723,9588.04997290474,50.82043158863332,3.977615244746938,31457.0,0.799814,468.365,1082.0,202.1485,1.1128634419775505,VLG12BR_219,55981.30452741633,0.0
69789.21669999693,754.5485,-23237.537212505005,-70898.19644773149,9713.713776472567,50.7745151450869,3.9484083828483687,31869.0,0.796429,465.5384,853.0,202.1358,1.0380700718673892,VLG12BR_219,52233.00684775016,0.0
69765.30325902824,777.4136,-25299.11566484435,-75966.15416224458,9812.818671059093,50.72885149110724,3.919442292965026,32194.0,0.792942,462.8363,625.0,202.1248,0.9623478919667724,VLG12BR_219,48543.21622908308,0.0
69743.14057890742,800.2787,-27348.304774280638,-81006.42847905419,9885.364656664795,50.6834302135307,3.8907064293134197,32432.0,0.789111,460.1161,396.0,202.1166,0.8852333345377084,VLG12BR_219,44864.15995201814,0.0
69722.75742604164,823.1438,-29385.228912055933,-86018.59820298365,9931.351733290696,50.63825524743036,3.8621978402768575,32583.0,0.784855,457.3285,167.0,202.1099,0.8072258389978113,VLG12BR_219,41201.4355508682,0.0
69704.17636509167,846.0089,-31409.68234434147,-91001.74518531929,9950.77990093997,50.5933350114311,3.8339182185534724,32647.0,0.781467,455.226,-0.0,202.1056,0.7497562218944851,VLG12BR_219,38530.98762653842,0.0
69686.92634077478,868.874,-33424.75053191362,-95962.86851767222,9950.779900717544,50.54860653517598,3.8058233786469113,32647.0,0.781407,455.191,-0.0,202.1035,0.7495734551560211,VLG12BR_219,38521.57031439694,0.0
69669.68104781878,891.7391,-35439.47780146839,-100923.68611678261,9950.779900494923,50.5038740746845,3.7777866194845156,32647.0,0.781347,455.156,-0.0,202.1013,0.7493907324709275,VLG12BR_219,38512.159553129015,0.0
