mass,ts,x,y,h,latitude,longitude,altitude,mach,tas,vertical_rate,heading,fuelflow,fid,thrust,cost_grid
73654.30935230106,0.0,-75255.2630335377,58493.37716524554,30.480000304382894,52.321296871881586,4.77995567972306,100.0,0.3,198.3755,2252.0,183.0038,1.845714808456589,DLH3A_603,120168.38159665454,0.08199739954449686
73615.45823348821,21.0412,-75366.93143110903,56365.28866194246,271.1966154028245,52.30214588166594,4.778791134187492,890.0,0.358201,236.2169,2462.0,183.0038,1.8150711469117313,DLH3A_603,112010.28890810786,0.07799324269787057
73577.25934751057,42.0824,-75500.01293275584,53829.126060736504,534.4040382418107,52.279322558154504,4.777404483717366,1753.0,0.421911,277.3982,2673.0,151.4419,1.7977118972661246,DLH3A_603,108510.85234122656,0.07250637988204542
73539.44797039483,63.1236,-74073.38121096155,51207.93518651672,820.1022688215035,52.255946679312515,4.798949952471092,2691.0,0.487105,319.2153,2883.0,125.513,1.7991093759550911,DLH3A_603,108772.96995241918,0.06615810706806505
73501.62967354027,84.1648,-71276.90709290729,49212.271339557454,1128.2913071415865,52.23837057072445,4.840452484568512,3702.0,0.550457,359.4521,3000.0,125.5134,1.8042347063866333,DLH3A_603,109761.36116534568,0.05869853938587778
73463.72569864205,105.206,-68126.40124072983,46963.925622158546,1448.9592893415877,52.2185516274033,4.887169835887494,4754.0,0.611204,397.6364,3000.0,125.496,1.8079166599264558,DLH3A_603,110499.63485866555,0.05231792795395922
73425.7626563269,126.2472,-64638.35460652592,44476.29179135948,1769.6272715417047,52.1966021694055,4.938843476098033,5806.0,0.669435,433.889,3000.0,125.499,1.8179979348071513,DLH3A_603,112660.5771927207,0.04738892467548572
73387.59776228009,147.2884,-60830.809531046325,41760.49329315838,2090.2952537418987,52.17261372334148,4.99519211361689,6858.0,0.723958,467.4567,3000.0,125.5204,1.829850027104518,DLH3A_603,115526.49042945853,0.043862713698862285
73349.1863847705,168.3296,-56728.52228286345,38832.15507967969,2410.9632359421453,52.14671754902023,5.055835076421553,7910.0,0.774189,497.9897,3000.0,125.518,1.840674444515919,DLH3A_603,118565.97786432414,0.04232303125210228
73310.54523029923,189.3709,-52357.174690868305,35712.030625819134,2731.631218142429,52.11909120367763,5.120377808448658,8962.0,0.82,525.4357,3000.0,125.5334,1.8493723246382383,DLH3A_603,121902.99490678316,0.041967766826169206
73271.6862288109,210.4121,-47745.03136927287,32418.15839468728,3052.299200342736,52.0898880356583,5.188389396157339,10014.0,0.82,523.4066,3000.0,125.5376,1.8411657300144104,DLH3A_603,119209.40379467473,0.03969400320747717
73233.00314297674,231.4533,-43151.061081248794,29136.765565099937,3372.967182543029,52.06075658611806,5.256044556471182,11066.0,0.82,521.3696,3000.0,125.5609,1.8320824534127185,DLH3A_603,116627.35130639597,0.033486501057095594
73194.51329462373,252.4945,-38576.42979496376,25866.369235368842,3693.635164743307,52.03168398902997,5.323327531813493,12118.0,0.82,519.3246,3000.0,125.5863,1.822163871438862,DLH3A_603,114155.10409079699,0.028307173204755103
73156.23292450322,273.5357,-34021.314362245845,22606.874084315466,4014.303146943567,52.002669951587954,5.390236832951309,13170.0,0.82,517.2716,3000.0,125.584,1.811467788431241,DLH3A_603,111791.05031622725,0.024837240454391268
73118.1768652081,294.5769,-29484.205794867947,19360.54187475235,4334.971129143806,51.97373546939606,5.456795374656769,14222.0,0.82,515.2103,3000.0,125.5968,1.8000661560273055,DLH3A_603,109533.61786567353,0.023544521587325146
73080.35825733941,315.6181,-24966.032691157165,16126.228882552601,4655.639111344022,51.94487074940151,5.522990817344545,15274.0,0.82,513.1408,3000.0,125.5936,1.7880433285559036,DLH3A_603,107381.4303815756,0.022506050634666482
73042.78831241303,336.6593,-20465.959695042526,12905.257980108896,4976.3070935442165,51.91608827194327,5.588836360449751,16326.0,0.82,511.0629,3000.0,125.6189,1.7754932303025752,DLH3A_603,105333.16456352876,0.022097763088411094
73005.47612334817,357.7005,-15985.664883783902,9695.443224464689,5296.975075744378,51.88736885871892,5.654308777668299,17379.0,0.82,508.9766,3000.0,125.6447,1.7625065215123368,DLH3A_603,103386.24091336413,0.02261019585242403
72968.4285212177,378.7417,-11525.233317717177,6496.827198204542,5617.643057944512,51.858713455689056,5.719407906510561,18431.0,0.82,506.8816,3000.0,125.6544,1.7492112354457057,DLH3A_603,101542.49476601536,0.023336656483886636
72931.6499752837,399.7829,-7083.842204967856,3310.719676165858,5938.311040144613,51.83013441479308,5.7841467703251555,19483.0,0.82,504.7779,3000.0,125.6948,1.7357068386746293,DLH3A_603,99799.53669531221,0.02208759957735788
72895.1425321696,420.8241,-2663.2625002482982,134.8177264033022,6258.979022344675,51.80161155450283,5.848500735708251,20535.0,0.82,502.6655,3000.0,125.69,1.7221046781863154,DLH3A_603,98156.62592203132,0.005445227290372203
72858.90578928396,441.8653,1738.9385446420288,-3027.324915033703,6579.647004544697,51.773177370469995,5.912506087991349,21587.0,0.82,500.5441,3000.0,125.7254,1.708515683420672,DLH3A_603,96613.13686243001,0.0
72822.93689723912,462.9065,6120.475204727321,-6178.721219820644,6900.314986744672,51.74480526901461,5.976130843377754,22639.0,0.82,498.4137,3000.0,125.7125,1.6950494217391172,DLH3A_603,95168.66837693166,0.0
72787.23058593781,483.9477,10483.92313894784,-9315.618794209002,7220.982968943639,51.716529585381956,6.039413547674368,23691.0,0.82,496.2741,2790.0,125.7363,1.6518989178416588,DLH3A_603,90858.22119497457,0.0
72752.3955971279,504.9889,14828.906325799204,-12441.981576196296,7519.160143402686,51.68831517947588,6.102349703714084,24669.0,0.82,494.2763,2579.0,125.7447,1.604574791245292,DLH3A_603,86692.28636668208,0.0
72718.5106871789,526.0301,19157.458453847412,-15557.486856893838,7794.846510120878,51.66016538856027,6.164969794522298,25574.0,0.818986,491.8129,2369.0,125.7681,1.5533132098067646,DLH3A_603,82594.92061173284,0.0
72685.67177223468,547.0714,23464.6239062522,-18660.2720434541,8048.042069098021,51.6320976251508,6.227203080452938,26404.0,0.815358,487.935,2158.0,125.7932,1.4974148695827683,DLH3A_603,78404.00472964183,0.0
72654.01045938727,568.1126,27737.851165304037,-21741.45044603117,8278.746820334036,51.60419299351355,6.288869661778499,27161.0,0.811948,484.3467,1948.0,125.8128,1.438658160444141,DLH3A_603,74374.7128300184,0.0
72623.58979313207,589.1538,31979.931129952067,-24802.37435100309,8486.960763828878,51.57644001559765,6.350011584170048,27844.0,0.808676,481.0004,1738.0,125.8194,1.3771653005679672,DLH3A_603,70466.36571348038,0.0
72594.46774444432,610.195,36193.625545815696,-27843.55182727337,8672.683899582533,51.54883471478611,6.4106703800784635,28454.0,0.805459,477.8441,1527.0,125.8213,1.3129370638137279,DLH3A_603,66640.79244418595,0.0
72566.69767136632,631.2362,40380.78330839441,-30865.78919695106,8835.916227594988,51.521370408082,6.470874219128806,28989.0,0.802227,474.8359,1317.0,125.8182,1.2467667967696943,DLH3A_603,62910.40512032145,0.0
72540.32813253361,652.2774,44542.894783748525,-33869.607882396405,8976.657747866246,51.494042941741405,6.530646013490961,29451.0,0.798944,471.9542,1106.0,125.8266,1.178359157058071,DLH3A_603,59231.12160910234,0.0
72515.40221130429,673.3186,48680.39442255612,-36856.59005557058,9094.908460396318,51.46683866471035,6.589993198115036,29839.0,0.795552,469.1637,896.0,125.839,1.108528735409991,DLH3A_603,55620.51444769999,0.0
72491.95804688675,694.3598,52793.805181635595,-39827.53551650998,9190.66836518523,51.43975093538345,6.648924503955884,30153.0,0.791936,466.3965,685.0,125.8544,1.0368796373018756,DLH3A_603,52035.114798772265,0.0
72470.02999816295,715.401,56883.105955829735,-42782.73846765379,9263.93746223304,51.41277769341633,6.707440835458688,30393.0,0.788023,463.608,475.0,125.8673,0.9642134561207596,DLH3A_603,48495.04693344755,0.0
72449.6477049031,736.4422,60948.16355455604,-45721.81613468326,9314.715751539816,51.38592297366103,6.7655415777584995,30560.0,0.783659,460.7063,265.0,125.8713,0.8903293626764122,DLH3A_603,44972.158179807084,0.0
72430.83779850417,757.4834,64988.361642908756,-48643.353275456655,9343.003233105732,51.35920014927162,6.8232193616248225,30653.0,0.778635,457.5682,54.0,125.8713,0.8149359962653455,DLH3A_603,41437.171352945916,0.0
72413.62512331312,778.5246,69001.7495442946,-51545.495882783056,9348.799906931315,51.33262671342052,6.880447774294915,30672.0,0.777196,456.6844,-0.0,125.8655,0.795226979098091,DLH3A_603,40520.92341533688,0.0
72396.83244042593,799.5658,73007.84806198247,-54441.74904354185,9348.79990672195,51.306079321678354,6.9375062146088435,30672.0,0.777188,456.6796,-0.0,125.8558,0.7950897120162863,DLH3A_603,40514.40453182525,0.0
72380.04275721687,820.607,77014.39115451978,-57337.298585596334,9348.799906512553,51.279510498959596,6.994505184923001,30672.0,0.77718,456.6748,-0.0,125.8462,0.7949524910223758,DLH3A_603,40507.88823775165,0.0
74405.63038378897,0.0,94182.31124489302,-43884.90834501973,30.48000030439911,52.30459976287916,4.77752017830635,100.0,0.3,198.3755,2314.0,237.9631,1.8553582979453498,EIN60Y_1710,123703.66440789374,0.0795345684948015
74363.19054704404,22.8658,92220.1857240928,-45112.737638393635,299.2729499465055,52.29389523087996,4.748328351951032,982.0,0.359394,236.9281,2543.0,237.9631,1.8290887150772754,EIN60Y_1710,115329.62801676887,0.07431918856620516
74321.36035949593,45.7315,89874.75193480462,-46580.42779461906,594.6263421656022,52.28109001496776,4.713452387812218,1951.0,0.424734,279.0621,2771.0,272.2618,1.8133413144736759,EIN60Y_1710,111635.15553359919,0.06681359873488361
74279.91035365651,68.5973,86616.38878787326,-46451.73571506044,916.5401769617423,52.28277399573742,4.665596018356879,3007.0,0.491602,321.8051,3000.0,297.6644,1.8143479228329296,EIN60Y_1710,111852.64261699586,0.058587199773597824
74238.46386168827,91.4631,83284.56981491653,-44705.130988093355,1265.0144543336041,52.29899752385201,4.617059353835361,4150.0,0.556313,362.7013,3000.0,297.6336,1.8061789624058662,EIN60Y_1710,110148.1122142642,0.05049347537274643
74197.23335690908,114.3288,79524.95728829349,-42736.846575220814,1613.4887317061257,52.31725700190822,4.562247446351272,5294.0,0.62037,402.8247,3000.0,297.5908,1.8098381050480556,EIN60Y_1710,110895.04494438831,0.041704492770799094
74155.94148240423,137.1946,75345.24678343418,-40552.60505977271,1961.963009078748,52.33749120857853,4.501256893288972,6437.0,0.681561,440.749,3000.0,297.5654,1.8200432724646256,EIN60Y_1710,113127.33132701722,0.032408138701639964
74114.42848229318,160.0604,70769.01900815988,-38163.72613387392,2310.437286451437,52.35958576781894,4.434415804495617,7580.0,0.738552,475.6358,3000.0,297.5679,1.8317940666498929,EIN60Y_1710,116038.29324291766,0.02279360497433332
74072.65005914886,182.9261,65829.1869182629,-35584.76656256889,2658.911563824171,52.383395927975634,4.362188911519964,8723.0,0.790746,507.1333,3000.0,297.5794,1.8422412097899221,EIN60Y_1710,119065.28046158528,0.015625912969502626
74030.62901835027,205.7919,60561.64481941126,-32833.369009166316,3007.3858411969395,52.40874923484314,4.28508491102433,9867.0,0.82,523.6913,3000.0,297.5702,1.8440002211950672,EIN60Y_1710,120107.92762727283,0.011580600249623256
73988.53211689401,228.6577,55121.17939559043,-29992.76083972553,3355.860118569711,52.43487211956032,4.205356535378875,11010.0,0.82,521.4785,3000.0,297.5444,1.8345095389441235,EIN60Y_1710,117297.71879517092,0.008819032883405275
73946.6555147122,251.5234,49702.59856998595,-27166.6882427195,3704.334395942465,52.46080860524752,4.125854487968009,12153.0,0.82,519.2563,3000.0,297.5228,1.8240496044903127,EIN60Y_1710,114617.58743596807,0.007524680148630024
73905.01962483929,274.3892,44306.224127724425,-24354.779086508835,4052.8086733152054,52.486562544139005,4.046584850596278,13297.0,0.82,517.0245,3000.0,297.5081,1.8126828576138307,EIN60Y_1710,112063.7091008194,0.0063758706207610654
73863.64293994379,297.255,38932.49879964518,-21556.43098294759,4401.282950687924,52.51213986356773,3.9675555029329015,14440.0,0.82,514.7831,3000.0,297.4926,1.8005175931581257,EIN60Y_1710,109637.7484212726,0.005536811235330699
73822.54160869705,320.1207,33581.49460833822,-18771.755778780334,4749.75722806062,52.53754010852942,3.888768743704554,15583.0,0.82,512.5318,3000.0,297.4578,1.787653171781752,EIN60Y_1710,107336.07462946471,0.004882878409359343
73781.72908729926,342.9865,28252.389192799674,-16002.589260157156,5098.231505433292,52.56274737004152,3.8102134980076205,16726.0,0.82,510.2707,3000.0,297.4067,1.7742104475870053,EIN60Y_1710,105157.13154898147,0.004345123315463418
73741.2158674266,365.8523,22944.52303932461,-13250.46452129691,5446.705782805935,52.58774842177442,3.7318812079415964,17870.0,0.82,507.9994,3000.0,297.3588,1.7603088028896243,EIN60Y_1710,103098.0733013537,0.003941092343814048
73701.00927786727,388.718,17658.17980130351,-10515.10442604595,5795.180060178546,52.61254626052579,3.6537774536669283,19013.0,0.82,505.718,3000.0,297.3268,1.7461063318579948,EIN60Y_1710,101160.54391735487,0.0035679688665293764
73661.11335415118,411.5838,12394.248112976238,-7795.062346114513,6143.654337551125,52.63715439820327,3.5759168125578147,20156.0,0.82,503.4262,3000.0,297.304,1.7317326756867313,EIN60Y_1710,99342.02695734205,0.0019353333783696833
73621.52876848908,434.4496,7153.283315389642,-5089.5347006539205,6492.128614923666,52.661580603077745,3.498308838852191,21300.0,0.82,501.1239,3000.0,297.2822,1.71731772252648,EIN60Y_1710,97640.62378421891,0.0
73582.25281120035,457.3153,1935.454482454927,-2398.4679429675775,6840.602892296168,52.68582592219131,3.420957312490351,22443.0,0.82,498.8111,3000.0,297.2516,1.7030236537900136,EIN60Y_1710,96058.09351111615,0.0
73543.27941437103,480.1811,-3259.5258513747062,277.3017762504941,7189.077169668622,52.709883319514134,3.343859251549683,23586.0,0.82,496.4874,3000.0,297.2147,1.6889758206250316,EIN60Y_1710,94592.91449757619,0.0
73504.5992085981,503.0469,-8431.816545219526,2937.1813856100866,7537.551447041032,52.73374806167765,3.267013498272593,24729.0,0.82,494.1528,3000.0,297.178,1.6753064148189294,EIN60Y_1710,93245.11218796106,0.0
73466.19960419246,525.9126,-13581.279497544496,5581.1496578355,7886.025724413392,52.757420559314546,3.1904235361683466,25873.0,0.82,491.8072,3000.0,297.1544,1.662131611037466,EIN60Y_1710,92014.28479861665,0.0
73428.0648890173,548.7784,-18707.175993013592,8210.352668300422,8234.500001785696,52.780911705859715,3.114101597472857,27016.0,0.82,489.4502,2862.0,297.1377,1.6278442211694475,EIN60Y_1710,88910.91323823675,0.0
73390.66008235673,571.6442,-23810.478668341675,10826.08383540922,8566.914957148074,52.80423367149473,3.0380343939266,28107.0,0.82,487.1913,2633.0,297.0941,1.5757143425543858,EIN60Y_1710,84631.5912623971,0.0
73354.37289906775,594.5099,-28894.287131425543,13426.934674216345,8872.769469933497,52.827374176204756,2.962177103453316,29110.0,0.82,485.1036,2404.0,297.0413,1.5196084668988479,EIN60Y_1710,80497.0714480583,0.0
73319.28703478583,617.3757,-33960.70148438046,16013.006461169367,9152.06354014151,52.85033446324992,2.88649961777932,30026.0,0.816904,481.3648,2176.0,296.994,1.4596458105979944,EIN60Y_1710,76271.7607340405,0.0
73285.55667705259,640.2414,-38992.07768574912,18575.958006325323,9404.797167771972,52.8730412088324,2.81126694288323,30856.0,0.813639,477.7157,1947.0,296.9485,1.3961566435656585,EIN60Y_1710,72136.2354475113,0.0
73253.2659183235,663.1072,-43989.15216955736,21116.441244481128,9630.970352824816,52.895501121099414,2.736469922625496,31598.0,0.810497,474.3279,1718.0,296.9434,1.3296968664958873,EIN60Y_1710,68104.66130115803,0.0
73222.48593571388,685.973,-48952.76110188161,23639.35313973525,9830.583095300013,52.91775904265222,2.6620971941885085,32253.0,0.807397,471.1521,1490.0,296.9416,1.260792757645297,EIN60Y_1710,64166.78930290573,0.0
73193.2840199945,708.8387,-53884.882249347516,26146.062014238338,10003.635395197567,52.93982793380367,2.5881206086397293,32820.0,0.804312,468.1734,1261.0,296.9221,1.189178084462081,EIN60Y_1710,60275.22311974548,0.0
73165.72219640622,731.7045,-58788.24696292673,28636.056490530314,10150.12725251747,52.96170369268546,2.514500956387848,33301.0,0.801208,465.3707,1032.0,296.8932,1.1153493667677767,EIN60Y_1710,56428.95908239257,0.0
73139.85720010875,754.5703,-63664.99119139788,31109.43717974195,10270.058667259767,52.98338768909009,2.4412077424823835,33694.0,0.798043,462.718,804.0,296.8683,1.0398994375859867,EIN60Y_1710,52630.576043030494,0.0
73115.74013921685,777.436,-68516.39191728043,33567.321654717896,10363.429639424496,53.00489046766264,2.3682230152124215,34001.0,0.794766,460.1863,575.0,296.8372,0.9624544145031245,EIN60Y_1710,48838.323857740186,0.0
73093.41590872579,800.3018,-73343.86345007263,36009.7894204121,10430.240169011762,53.026213171520325,2.2955268945570735,34220.0,0.791318,457.7391,347.0,296.8384,0.8839394684501787,EIN60Y_1710,45074.09898592755,0.0
73072.92259851779,823.1676,-78146.79421982894,38439.96314282554,10470.49025602178,53.04738455112507,2.2231290105151182,34352.0,0.787656,455.3501,118.0,296.8425,0.8039754858676851,EIN60Y_1710,41300.73558406646,0.0
73054.2901118794,846.0333,-82925.54521835213,40858.337286894835,10484.179900455201,53.06840959322582,2.151024940280738,34397.0,0.78567,454.1103,-0.0,296.829,0.7622571047936444,EIN60Y_1710,39349.84773868091,0.0
73036.62915330211,868.8991,-87692.35357712975,43269.2560087986,10484.179900227846,53.08932593366694,2.07903135286525,34397.0,0.785681,454.1162,-0.0,296.823,0.7621001739590807,EIN60Y_1710,39342.446893252505,0.0
73018.97190576995,891.7649,-92459.47680472209,45679.706018640405,10484.179900000467,53.110194519734,2.00696323920261,34397.0,0.785691,454.1221,-0.0,296.817,0.7619433228337371,EIN60Y_1710,39335.05001843909,0.0
77219.99990000269,0.0,91897.63480155761,-43633.09465866531,30.480000304384035,52.32860183807406,4.7088398918974,100.0,0.3,198.3755,2039.0,3.1751,1.8413027583567854,EIN611_1579,118758.25494187092,0.0764567514948704
77178.63631218702,22.4548,92023.7460019643,-41359.74017948138,263.0134193738873,52.34902103511334,4.711322746238434,863.0,0.360541,237.7819,2263.0,3.1751,1.8092452105972496,EIN611_1579,110772.26422087592,0.07712489179752251
77138.00118468175,44.9096,92174.99523468851,-38633.23278301228,521.1611276534551,52.37351036175706,4.714303694487584,1710.0,0.426576,280.5073,2488.0,329.4929,1.793963483646963,EIN611_1579,107822.33592853739,0.07618734267853225
77097.73449841632,67.3644,90538.9983987172,-35856.64458172747,804.9231251432475,52.39875031974839,4.690964543920502,2641.0,0.493673,323.5764,2712.0,295.8107,1.7992362033400222,EIN611_1579,108796.90938484788,0.0699945454545251
77057.37390426836,89.8192,87191.50145095654,-34237.62899533939,1114.299411843236,52.41385461996683,4.642058604741544,3656.0,0.558294,364.6291,2937.0,294.0883,1.816515836286061,EIN611_1579,112328.76335908714,0.05635586546223206
77016.64504815581,112.274,83365.78983184313,-32527.24289626869,1449.2899877531552,52.42983387812542,4.586089942594711,4755.0,0.618107,402.1258,3000.0,294.0668,1.8243163871843429,EIN611_1579,114137.958035636,0.04253338073391696
76975.75576072931,134.7288,79144.30627477852,-30641.81538416693,1791.501193823254,52.44741844898812,4.524283774336679,5878.0,0.674352,436.9636,3000.0,294.058,1.8312894921936884,EIN611_1579,115904.16789919513,0.0294231423643782
76934.72002517384,157.1836,74554.95368776115,-28592.931636889523,2133.71239989342,52.46649122239843,4.4570355505356325,7000.0,0.727014,469.1887,3000.0,294.0568,1.8397473817582326,EIN611_1579,118285.75959902159,0.01910214838840917
76893.49807646254,179.6384,69625.67838420949,-26392.420410777515,2475.923605963635,52.48693302032432,4.384741518057313,8123.0,0.775591,498.5044,3000.0,294.0527,1.8475738605370162,EIN611_1579,120797.19739776183,0.012105294071137949
76852.09962521838,202.0932,64387.14153488631,-24054.29864742463,2818.1348120338826,52.50860497221393,4.307838095802413,9246.0,0.82,524.8891,3000.0,294.0411,1.8539084609524326,EIN611_1579,123650.03149337045,0.00974979990937952
76810.52337454236,224.548,58869.98210558666,-21593.155465146527,3160.346018104151,52.531363644218246,4.2267622361840935,10369.0,0.82,522.7211,3000.0,294.0397,1.8460950470973,EIN611_1579,120842.96502272022,0.007659544335857352
76769.12546195624,247.0028,53375.71544334661,-19142.39234057517,3502.5572241744067,52.55397128875002,4.145939325488905,11491.0,0.82,520.5442,3000.0,294.0551,1.8373988030265072,EIN611_1579,118165.673298729,0.00653145174940057
76727.92441616846,269.4576,47905.15644311092,-16700.441801696434,3844.7684302446464,52.57644251553697,4.0653827481789495,12614.0,0.82,518.358,3000.0,294.0734,1.8278540942358534,EIN611_1579,115612.31848680906,0.005684024021029399
76686.93741458318,291.9124,42458.52111344946,-14267.08321698728,4186.97963631487,52.59877990244881,3.9850967656888208,13737.0,0.82,516.1627,3000.0,294.0832,1.8175346194702562,EIN611_1579,113183.10706541315,0.0049946794629785116
76646.17986848851,314.3672,37035.54446905381,-11843.175837500072,4529.19084238508,52.620976357110436,3.9050783801716085,14860.0,0.82,513.9579,3000.0,294.0907,1.8065244228105644,EIN611_1579,110876.31035073417,0.004475664830070369
76605.66506562532,336.822,31636.222774695936,-9428.996843866289,4871.402048455266,52.64302999487043,3.8253285653782196,15982.0,0.82,511.7436,3000.0,294.1081,1.7949311314661374,EIN611_1579,108691.93790373715,0.003999863796194367
76565.40387496242,359.2769,26261.072540369903,-7023.6637521412795,5213.61325452543,52.664949333887165,3.7458561156994614,17105.0,0.82,509.5198,3000.0,294.1279,1.7828464590990247,EIN611_1579,106625.59639718529,0.003648627819827546
76525.40451461471,381.7317,20910.291669382554,-4627.011128900856,5555.824460595569,52.68673647617692,3.6666650060052586,18228.0,0.82,507.2861,3000.0,294.136,1.7703969080215216,EIN611_1579,104677.66094909517,0.0033320507314571006
76485.6723807202,404.1865,15583.486445835784,-2240.1977112612285,5898.035666665679,52.70838163942586,3.587750356254648,19351.0,0.82,505.0426,3000.0,294.1324,1.7577061694689395,EIN611_1579,102847.21054163306,0.003069429847565389
76446.20993276902,426.6413,10280.276171254684,135.6443441369778,6240.24687273576,52.72987526363416,3.5091075372310176,20473.0,0.82,502.7891,3000.0,294.1389,1.744910986303223,EIN611_1579,101134.61516267368,0.0009059971093974915
76407.01662930203,449.0961,5001.183337288438,2501.3949864422666,6582.4580788058065,52.75122585828389,3.4307454163234388,21596.0,0.82,500.5254,3000.0,294.1487,1.7321185822099532,EIN611_1579,99536.9912178526,0.0
76368.08890699019,471.5509,-253.54604251310124,4857.31285762653,6924.669284875814,52.77243633053409,3.352668667385999,22719.0,0.82,498.2515,3000.0,294.1464,1.7194655758243613,EIN611_1579,98055.31601942907,0.0
76329.42019574808,494.0057,-5484.304539883326,7202.228227213754,7266.880490945782,52.79349674872173,3.2748725802740273,23841.0,0.82,495.9671,2925.0,294.1413,1.6971066686041019,EIN611_1579,95579.766959614,0.0
76291.21780919236,516.4605,-10691.85188265924,9536.17822833532,7600.587614644504,52.81440809753817,3.1973469797891854,24936.0,0.82,493.7293,2701.0,294.1474,1.6514372432458202,EIN611_1579,91022.80659854758,0.0
76253.98834579268,538.9153,-15877.691447011568,11861.063033223325,7908.680449133342,52.83518802150034,3.120070459400355,25947.0,0.82,491.6543,2476.0,294.1779,1.600909715646928,EIN611_1579,86614.59433702749,0.0
76217.82942971101,561.3701,-21042.47222435162,14179.813436153332,8191.158994411957,52.85586339800881,3.04303410835538,26874.0,0.819761,489.6013,2252.0,294.1929,1.5461364103780806,EIN611_1579,82344.54522047934,0.0
76182.83831455983,583.8249,-26186.981083589624,16491.07740897705,8448.02325048024,52.87642255463718,2.9662271002893505,27717.0,0.815915,485.5692,2027.0,294.1874,1.4861018016959875,EIN611_1579,77890.46751678908,0.0
76149.19447849848,606.2797,-31291.119435858185,18783.618582392206,8679.273217338141,52.896766116887036,2.8899509778173695,28475.0,0.812323,481.8714,1803.0,294.2179,1.4226346543066148,EIN611_1579,73599.48808246233,0.0
76116.9800562636,628.7345,-36356.88707802216,21062.165472619537,8884.908894985623,52.91693754956024,2.8141771612284527,29150.0,0.808828,478.4127,1578.0,294.2451,1.3555431047123445,EIN611_1579,69404.23087269682,0.0
76086.27343671152,651.1893,-41386.85588603251,23327.48079691011,9064.93028342269,52.93694452722902,2.738868677128786,29741.0,0.805423,475.1873,1354.0,294.2569,1.285674484853905,EIN611_1579,65316.20908388369,0.0
76057.14565704782,673.6441,-46384.001532552385,25579.25576537779,9219.337382649333,52.95678495221035,2.6639825500143126,30247.0,0.802021,472.1429,1129.0,294.248,1.2128036800158901,EIN611_1579,61283.93260240907,0.0
76029.66218949809,696.0989,-51350.943672807414,27816.493752973085,9348.13019266557,52.976450460705564,2.5894811607410837,30670.0,0.798552,469.2381,905.0,294.2489,1.1377826130953062,EIN611_1579,57321.262479617464,0.0
76003.88220064546,718.5537,-56288.666882461745,30040.658496956927,9451.308713471411,52.99595488586353,2.5153508729740044,31008.0,0.794976,466.4472,680.0,294.2772,1.060339975196242,EIN611_1579,53385.65233284542,0.0
75979.85750105424,741.0085,-61197.20046177627,32254.596939464645,9528.872945066902,53.015324568912845,2.4415919409773466,31263.0,0.791164,463.694,455.0,294.2777,0.9810161930898161,EIN611_1579,49477.63738112239,0.0
75957.63410865178,763.4633,-66077.91262445715,34456.03560610175,9580.822887452114,53.034539636781,2.368185466737633,31433.0,0.787065,460.9475,231.0,294.2654,0.9004708404205432,EIN611_1579,45605.78269098165,0.0
75937.24986651124,785.9181,-70931.24507513446,36643.87423732776,9607.158540627192,53.053590837950395,2.2951262512589863,31520.0,0.782525,458.1148,6.0,294.2616,0.8182270989795339,EIN611_1579,41725.59196708207,0.0
75918.73648738314,808.3729,-75755.84635118645,38818.36963829175,9607.879904592599,53.07248136055978,2.2224356612192886,31522.0,0.782403,458.0385,-0.0,294.2719,0.8158603546334919,EIN611_1579,41614.74455937118,0.0
75900.27967395374,830.8277,-80579.27574104918,40993.38859652889,9607.879904368978,53.09133245274918,2.1496987683298014,31522.0,0.782418,458.047,-0.0,294.2799,0.8157164660682337,EIN611_1579,41608.076296010084,0.0
75881.82612579105,853.2825,-85402.49113022946,43169.11974367857,9607.87990414533,53.11014561980697,2.076901222223375,31522.0,0.782403,458.0384,-0.0,294.2627,0.8155525272938597,EIN611_1579,41599.97923876304,0.0
75863.37654212717,875.7373,-90226.26898265144,45343.361161521796,9607.879903921665,53.12890086843771,2.0040320315196247,31522.0,0.782388,458.0297,-0.0,294.2455,0.8153885269418855,EIN611_1579,41591.877538024586,0.0
73411.6840933593,0.0,94217.38808534126,30704.826546997032,30.48000030437254,52.30459976108115,4.777520178250037,100.0,0.3,198.3755,2352.0,237.9631,1.8541584730850846,EIN84T_1587,123222.54348450308,0.07953456824827848
73371.60427615019,21.6089,92363.40261607601,29544.66750286645,288.63718993223665,52.2944835898951,4.749937552918343,947.0,0.357293,235.5713,2568.0,237.9631,1.8276467763213362,EIN84T_1587,114962.03564816514,0.07457739902539662
73332.10458204855,43.2178,90159.80144988504,28165.731224780993,570.5151463140718,52.28245138811601,4.717169935513184,1872.0,0.42024,276.1854,2784.0,253.0965,1.8109959434880198,EIN84T_1587,111136.84823390539,0.06754155842580367
73292.98374937975,64.8267,87241.82015447551,27278.98329644309,876.1138694499708,52.27494956986057,4.674050933894383,2874.0,0.48486,317.5396,3000.0,253.1043,1.8104725067305634,EIN84T_1587,111027.19781135657,0.05941794797414194
73253.89710087058,86.4356,83885.27711146256,26259.463461694773,1205.4333593394065,52.26630536492748,4.624469500220506,3955.0,0.547788,357.3898,3000.0,253.0953,1.8014239001027879,EIN84T_1587,109213.91014611097,0.051281231550054714
73215.03243597831,108.0445,80104.28467178567,25110.37356248448,1534.7528492317215,52.256537382312786,4.568641304622181,5035.0,0.610302,396.6522,3000.0,253.1011,1.8046049326768823,EIN84T_1587,109834.48572666387,0.0451668904865437
73176.12000126873,129.6533,75905.14366406239,23834.66804119652,1864.0723391241559,52.2456624722875,4.506667900456909,6116.0,0.670297,433.9652,3000.0,253.0951,1.8149346300585205,EIN84T_1587,111980.44138546978,0.04056587844833271
73136.99620301212,151.2622,71309.10036406212,22437.852597020345,2193.39182901667,52.23371772347583,4.438871531508786,7196.0,0.726453,468.4948,3000.0,253.0973,1.827335679290704,EIN84T_1587,114883.60939071613,0.03745582826412794
73097.60812588487,172.8711,66345.73600951272,20929.615181682253,2522.711318909237,52.22077666151266,4.365697875162173,8277.0,0.778124,499.8533,3000.0,253.0942,1.8386879050914646,EIN84T_1587,117971.03869472312,0.03355667125143057
73057.97266838163,194.48,61049.032509149925,19319.772716863663,2852.0308088018446,52.2069137972433,4.287656932973957,9357.0,0.82,524.6747,3000.0,253.088,1.8459095416787892,EIN84T_1587,120712.63692555056,0.027778967558218164
73018.1447100565,216.0889,55488.67817032017,17629.13476108918,3181.3502986944627,52.19229958063552,4.20578375983525,10438.0,0.82,522.5878,3000.0,253.076,1.8370390550426112,EIN84T_1587,117987.93026016635,0.022147114935170995
72978.51162890533,237.6978,49950.952420736845,15944.11251138838,3510.6697885870667,52.177677189778905,4.1242971787323945,11518.0,0.82,520.4924,3000.0,253.058,1.8272606184335711,EIN84T_1587,115381.99210128066,0.018122715823472215
72939.09186682322,259.3067,44436.12066702717,14264.158162172516,3839.9892784796525,52.16304243103502,4.043200556805572,12598.0,0.82,518.3886,3000.0,253.0337,1.8166207966691172,EIN84T_1587,112890.96812925572,0.013492855108374899
72899.90248791836,280.9156,38944.45300299613,12588.71445304938,4169.308768372218,52.14839103162348,3.962497357308714,13679.0,0.82,516.2762,3000.0,253.0062,1.8051804790251993,EIN84T_1587,110511.39915141073,0.010838885848424181
72860.95882557656,302.5245,33476.128450185875,10917.528811595303,4498.628258264762,52.13372147069564,3.8821897679099187,14759.0,0.82,514.1552,3000.0,252.9759,1.7930430999966134,EIN84T_1587,108245.21266429551,0.009118262355301238
72822.2741830142,324.1334,28031.317409971267,9250.38240246399,4827.947748157279,52.119032534020356,3.80227986288109,15840.0,0.82,512.0253,3000.0,252.9441,1.7802867454467888,EIN84T_1587,106087.54686477195,0.007554481152120799
72783.85958988234,345.7422,22610.15355292271,7587.181740754103,5157.267238049768,52.10432413855987,3.7227691949285346,16920.0,0.82,509.8866,3000.0,252.9097,1.767038898670431,EIN84T_1587,104040.26114258205,0.006748006922114511
72745.72361448666,367.3511,17212.801439405193,5927.737916542036,5486.586727942224,52.08959534306946,3.643659764417178,18001.0,0.82,507.7388,3000.0,252.8765,1.7533921798247891,EIN84T_1587,102099.11153548083,0.005891842020711448
72707.87222883421,388.96,11839.314586725706,4272.228215869049,5815.906217834645,52.07484850402341,3.564951965529137,19081.0,0.82,505.582,3000.0,252.844,1.7394870633680255,EIN84T_1587,100265.90600656072,0.005379955655696897
72670.30872200156,410.5689,6489.76574786994,2620.771200386865,6145.225707727027,52.0600854472704,3.486646457305113,20162.0,0.82,503.4158,3000.0,252.8181,1.725421606922572,EIN84T_1587,98537.03737111393,0.002893692064002521
72633.03365618846,432.1778,1164.0592852428226,974.0339709115931,6474.545197619369,52.04531293007626,3.408741425146779,21242.0,0.82,501.2404,3000.0,252.797,1.7113398604711934,EIN84T_1587,96914.32744975598,0.0
72596.04485919567,453.7867,-4137.8488682874295,-667.4813608598993,6803.864687511662,52.030536122137065,3.331235802911741,22322.0,0.82,499.0554,3000.0,252.7793,1.697349897409982,EIN84T_1587,95395.90940911387,0.0
72559.33744685438,475.3956,-9415.95630462516,-2303.4197514191806,7133.184177403901,52.01575903090893,3.2541291436685946,23403.0,0.82,496.8608,3000.0,252.771,1.6835574184561521,EIN84T_1587,93980.52184582819,0.0
72522.90386904751,497.0045,-14670.43383685188,-3932.863925224898,7462.503667296084,52.00099067087488,3.177418386749549,24483.0,0.82,494.6565,3000.0,252.7649,1.6700986232636448,EIN84T_1587,92670.0538945075,0.0
72486.73397331385,518.6134,-19901.238234672684,-5555.583180921936,7791.823157188211,51.986233849847046,3.101103615576006,25564.0,0.82,492.4424,3000.0,252.7679,1.6570599457776096,EIN84T_1587,91462.83621613352,0.0
72450.81508054804,540.2223,-25108.52315247746,-7170.707401185093,8121.142647080273,51.97149711419094,3.0251819767238826,26644.0,0.82,490.2182,3000.0,252.7726,1.6445670298838824,EIN84T_1587,90360.91313204961,0.0
72415.13206793889,561.8311,-30292.227598829173,-8778.053276420878,8450.462136972263,51.956782835113415,2.9496537595818206,27725.0,0.82,487.9839,2994.0,252.7856,1.6317459159644068,EIN84T_1587,89277.92441218132,0.0
72379.68747846733,583.44,-35452.537990904246,-10376.853631367365,8779.12041157687,51.94209861640808,2.8745155712025294,28803.0,0.82,485.7438,2778.0,252.7977,1.5837236976952918,EIN84T_1587,85292.27806235927,0.0
72345.21405420566,605.0489,-40591.48857045577,-11967.84883235146,9084.057919427798,51.92743835779615,2.799737207883446,29803.0,0.82,483.6561,2562.0,252.8106,1.5322682621855424,EIN84T_1587,81439.39620443288,0.0
72311.77947125805,626.6578,-45710.64116200565,-13551.457710235434,9365.274660524528,51.91279881041447,2.725295394129579,30726.0,0.82,481.7228,2346.0,252.821,1.4776566387967693,EIN84T_1587,77701.21058458835,0.0
72279.44659639672,648.2667,-50811.48783749087,-15128.38860399459,9622.7706348669,51.898174067482124,2.651167969256261,31571.0,0.81699,478.184,2130.0,252.8278,1.4199715180057622,EIN84T_1587,73846.20065676785,0.0
72248.34547935356,669.8756,-55876.80776143072,-16693.677939256253,9856.545842454843,51.883611054116905,2.5776045397711003,32338.0,0.814071,474.868,1914.0,252.8327,1.3596993315437929,EIN84T_1587,70088.50341166956,0.0
72218.53544407371,691.4845,-60908.833022215484,-18248.20285920793,10066.600283288313,51.86910265631928,2.50457181581964,33027.0,0.811216,471.7589,1697.0,252.832,1.2967766776167644,EIN84T_1587,66393.29088360377,0.0
72190.07250722623,713.0934,-65909.52198396173,-19793.110703054717,10252.933957367304,51.85463927445764,2.432040641558221,33638.0,0.8084,468.8413,1481.0,252.8303,1.2319064456942428,EIN84T_1587,62772.75365831946,0.0
72163.00952085387,734.7023,-70880.79582585928,-21329.096834034426,10415.546864691827,51.84021530090271,2.3599824151843154,34172.0,0.805595,466.0984,1265.0,252.8263,1.165015132764029,EIN84T_1587,59197.11299421039,0.0
72137.39617540332,756.3112,-75824.38317359699,-22856.911088570156,10554.43900526192,51.82582458987298,2.2883714268108224,34627.0,0.802763,463.5076,1049.0,252.8206,1.096302388901084,EIN84T_1587,55653.40449903364,0.0
72113.27896680098,777.92,-80741.83685121695,-24377.181746065955,10669.610379077629,51.811462047541816,2.2171845719819387,35005.0,0.799928,461.083,833.0,252.8141,1.0259479560060112,EIN84T_1587,52133.53869862572,0.0
72090.69928732704,799.5289,-85634.95767254067,-25890.534489421956,10761.060986139057,51.79712250576155,2.146395206079042,35305.0,0.797028,458.787,617.0,252.8087,0.9541586523537785,EIN84T_1587,48627.111136533094,0.0
72069.69470754708,821.1378,-90505.23847288569,-27397.33183415191,10828.790826446439,51.78280314549958,2.0759811619764372,35528.0,0.794035,456.6024,401.0,252.8079,0.8811448245641735,EIN84T_1587,45127.37872360798,0.0
72050.29738844829,842.7467,-95353.99545550146,-28897.544285220323,10872.79990000049,51.76850464681344,2.0059227798004917,35672.0,0.791041,454.5819,185.0,252.8071,0.8071938526764919,EIN84T_1587,41635.29455308771,0.0
77219.9999000026,0.0,91659.4921707459,31259.33798629098,30.480000304413434,52.328601836275915,4.708839891842465,100.0,0.3,198.3755,2107.0,3.1751,1.848909466924578,EIN84X_1515,121262.60162683966,0.07645675129804672
77178.69113567457,22.3335,91784.87384046936,33519.541517430065,269.4892855610461,52.348903139082076,4.711304858384931,884.0,0.358055,236.1247,2330.0,3.1751,1.8209989493673566,EIN84X_1515,113349.07656184968,0.07706215863987459
77138.01284177248,44.667,91934.20300016542,36211.43655114017,533.8368352623224,52.37308185067236,4.714243724664105,1751.0,0.421465,277.1064,2553.0,329.6749,1.8056720977095564,EIN84X_1515,110046.63056373723,0.07591452616525586
77097.69633014048,67.0005,90335.986272304,38943.708967267456,823.5226494084785,52.39791478963291,4.691445101230906,2702.0,0.486167,318.5883,2777.0,296.1747,1.807988548026704,EIN84X_1515,110514.2997883675,0.06963120891167462
77057.35362080841,89.3339,87069.05209946766,40549.44583952537,1138.5467279994418,52.4128823561926,4.643721831769465,3735.0,0.548821,358.3414,3000.0,262.6744,1.8214004432819246,EIN84X_1515,113442.95101566511,0.05636950637906232
77016.72868067687,111.6674,83007.52036637734,40027.3085213165,1478.909071034416,52.40881885792803,4.583718349116683,4852.0,0.607156,394.8652,3000.0,248.1404,1.8216666079585018,EIN84X_1515,113505.42072624678,0.044670510870749185
76976.11661687467,134.0009,78817.17504903417,38346.232059347385,1819.2714140702897,52.39432264270337,4.5215533644954045,5969.0,0.66339,429.7203,3000.0,248.1541,1.827609854447422,EIN84X_1515,114952.71168049371,0.03320158039590734
76935.38381674673,156.3344,74254.58382711555,36517.08639609721,2159.633757106244,52.378513033761514,4.453912753486797,7085.0,0.716363,462.1726,3000.0,248.1722,1.835773122632049,EIN84X_1515,117129.73949018409,0.02395412514888031
76894.47418047962,178.6679,69345.30606798544,34550.754481910495,2499.9961001422544,52.36147526362067,4.381187000987062,8202.0,0.765476,491.8615,3000.0,248.1784,1.8437774664118556,EIN84X_1515,119535.78047184521,0.018141840168435668
76853.38635828054,201.0014,64119.27174998165,32458.20645317157,2840.3584431783042,52.34329508997225,4.303830633748951,9319.0,0.810561,518.7082,3000.0,248.1627,1.850505241155897,EIN84X_1515,122071.99972090189,0.01567658997998296
76812.1302767917,223.3349,58607.67867081998,30249.56832672819,3180.7207862143823,52.324051132876804,4.222316060709938,10435.0,0.82,522.5918,3000.0,248.1286,1.8456154758573748,EIN84X_1515,120684.4908002057,0.012613501744423116
76770.9664560179,245.6684,53056.107782955034,28021.070612246236,3521.083129250455,52.30457643289888,4.140281357055179,11552.0,0.82,520.426,3000.0,248.0922,1.8369116933041367,EIN84X_1515,118026.7837925722,0.011074357182112193
76729.9983062078,268.0018,47529.125105685824,25798.36467157526,3861.445472286512,52.28509493994081,4.058681151840604,12669.0,0.82,518.2513,3000.0,248.0698,1.8273780966033677,EIN84X_1515,115493.59346346467,0.009596112867981552
76689.24264644759,290.3353,42026.278414211214,23582.86125791208,4201.8078153225515,52.26562021278246,3.977508316727017,13785.0,0.82,516.0673,3000.0,248.0762,1.817089822014228,EIN84X_1515,113084.74560515664,0.008402848339993628
76648.71454932034,312.6688,36546.54940110964,21377.376062554482,4542.170158358573,52.24617845950683,3.896747478321321,14902.0,0.82,513.8741,3000.0,248.1105,1.8061146509512245,EIN84X_1515,110795.2204470712,0.007656490755256406
76608.42699573803,335.0023,31088.971558530015,19184.602234393227,4882.532501394575,52.22679473834982,3.8163838532668217,16019.0,0.82,511.6715,3000.0,248.1582,1.79455746299681,EIN84X_1515,108625.28406140715,0.006701819465283034
76568.39059010427,357.3358,25653.148034259102,17005.828818850907,5222.8948444305515,52.20748141103325,3.7364107615263626,17135.0,0.82,509.4593,3000.0,248.1986,1.7825359552545408,EIN84X_1515,106575.01008408313,0.006156616434272701
76528.61333657127,379.6693,20239.479057336153,14840.364144552328,5563.257187466504,52.18823297663929,3.6568330258387935,18252.0,0.82,507.2375,3000.0,248.2187,1.7701476362618473,EIN84X_1515,104640.39854145359,0.0055394492140623175
76489.10047419726,402.0028,14848.84698811329,12686.309118211724,5903.619530502427,52.16903307307872,3.5776625225821626,19369.0,0.82,505.0059,3000.0,248.2291,1.7575233198276041,EIN84X_1515,102821.98438772047,0.0050829542915773705
76449.85436660753,424.3363,9481.72979968511,10542.77502342368,6243.9818735383205,52.149874460230336,3.498905330593949,20486.0,0.82,502.7645,3000.0,248.2535,1.7447877271220316,EIN84X_1515,101119.05499611395,0.0014486846223553669
76410.87444027518,446.6697,4137.713098333774,8411.111577377731,6584.344216574178,52.13077004572432,3.420554526276535,21602.0,0.82,500.5129,3000.0,248.3064,1.7320763497520717,EIN84X_1515,99532.10277098989,0.0
76372.15716468079,469.0032,-1184.1355536825988,6293.979377181843,6924.706559609998,52.11174448870171,3.3425955207142666,22719.0,0.82,498.2512,3000.0,248.3748,1.7194934012707235,EIN84X_1515,98058.73263136024,0.0
76333.69606727645,491.3367,-6484.254945959355,4192.819081223255,7265.068902645785,52.092811426902365,3.2650208788215695,23836.0,0.82,495.9792,3000.0,248.4328,1.7071709271982403,EIN84X_1515,96700.07946573828,0.0
76295.48177626875,513.6702,-11762.123762414265,2106.660096316777,7605.431245681523,52.07396287844213,3.1878372110959767,24952.0,0.82,493.6968,3000.0,248.4695,1.6952367718268317,EIN84X_1515,95457.22853848123,0.0
76257.50208464125,536.0037,-17016.830888019045,33.53925322888498,7945.7935887172225,52.05518195498345,3.1110568703035852,26069.0,0.82,491.4037,2901.0,248.502,1.6692999108605142,EIN84X_1515,92851.19328007141,0.0
76220.05562029907,558.3372,-22249.128032685396,-2027.3015686996582,8274.91289167431,52.036462546114464,3.034667942214366,27149.0,0.82,489.1762,2678.0,248.5367,1.6218761127398507,EIN84X_1515,88520.31949291247,0.0
76183.60204847674,580.6707,-27461.003946786455,-4076.4618034354235,8578.693930186782,52.01779987098224,2.9586405006553336,28145.0,0.82,487.1111,2454.0,248.5827,1.5699821173969233,EIN84X_1515,84319.39191326307,0.0
76148.22952931898,603.0041,-32654.507935658596,-6113.584534618437,8857.136704254246,51.99919766623812,2.8829437340707016,29059.0,0.82,485.2105,2231.0,248.613,1.514271368598203,EIN84X_1515,80258.10728061429,0.0
76114.02091121793,625.3376,-37830.74601248197,-8140.771793064703,9110.241213876567,51.98063753922689,2.80756090864348,29889.0,0.816995,481.7046,2008.0,248.6363,1.4544692367296996,EIN84X_1515,76067.51749695031,0.0
76081.13169609231,647.6711,-42972.20947609162,-10151.932873736081,9338.007459053704,51.962176174200884,2.732746087717475,30637.0,0.81363,478.1672,1784.0,248.6557,1.39097116390777,EIN84X_1515,71935.44111330385,0.0
76049.65260529761,670.0046,-48078.32804430067,-12147.270362763755,9540.435439785622,51.94381283006836,2.658506326407677,31301.0,0.810383,474.8791,1561.0,248.6816,1.3246205658909627,EIN84X_1515,67910.53892406248,0.0
76019.65697744026,692.3381,-53151.886438325564,-14127.24439714974,9717.525156072315,51.92554413936638,2.5847998011489417,31882.0,0.807208,471.8135,1338.0,248.7082,1.2554306487795324,EIN84X_1515,63956.33099840548,0.0
75991.21350223963,714.6716,-58195.17996375568,-16092.708717033594,9869.276607913784,51.90736313641799,2.51159199052725,32380.0,0.804061,468.9423,1114.0,248.7265,1.1833562757340994,EIN84X_1515,60039.59992760727,0.0
75964.38601812311,737.0051,-63209.88959675915,-18045.19393796294,9995.689795310052,51.88925674843223,2.4388575601055233,32794.0,0.800901,466.2418,891.0,248.733,1.1092614037498774,EIN84X_1515,56177.680589747935,0.0
75939.23284020492,759.3386,-68197.33477863931,-19986.40729799,10096.764718261167,51.87121029226264,2.366576609916258,33126.0,0.797675,463.6802,668.0,248.7408,1.0331107029231452,EIN84X_1515,52342.42940353204,0.0
75915.80644835609,781.672,-73158.93222475167,-21916.781116165945,10172.501376767204,51.85322048365869,2.294727685590762,33374.0,0.79436,461.2421,444.0,248.7507,0.9548737675861135,EIN84X_1515,48510.01737688564,0.0
75894.15195942622,804.0055,-78095.95783676636,-23836.619690786236,10222.899770828339,51.83528515355591,2.2232914144741467,33540.0,0.790889,458.8875,221.0,248.7603,0.8754937281505262,EIN84X_1515,44703.62234275551,0.0
75874.30725288393,826.339,-83009.1793791985,-25746.25336869676,10247.959900445083,51.81740192447087,2.1522558721560694,33622.0,0.787239,456.6022,-0.0,248.7614,0.7956893711958224,EIN84X_1515,40935.85816795059,0.0
75856.28174026139,848.6725,-87898.9239488373,-27646.65014656901,10247.959900222766,51.79956272348199,2.081615743786307,33622.0,0.787225,456.5938,-0.0,248.7581,0.795518186327838,EIN84X_1515,40927.094049342675,0.0
75838.26050304888,871.006,-92788.46840893464,-29547.295437822264,10247.959900000433,51.78167905236896,2.011034517606147,33622.0,0.78721,456.5854,-0.0,248.7548,0.795347064710187,EIN84X_1515,40918.33436893433,0.0
77219.99990000403,0.0,-74454.4952743597,-1701.2829999410553,30.480000304393627,52.321296954861715,4.779960377761712,100.0,0.3,198.3755,1775.0,183.0038,1.8003383287634749,EJU42KM_1219,109006.02000742304,0.08199782828495415
77189.84288410158,16.7423,-74543.60456999161,-3399.45787930412,181.47811339849392,52.30601485235004,4.779027893697852,595.0,0.351354,231.9372,1943.0,183.0038,1.760616811987522,EJU42KM_1219,102442.25220730739,0.07900809653461117
77160.36010201517,33.4847,-74647.83098488144,-5385.722929170909,346.7157602067942,52.28814018015833,4.777937968496902,1138.0,0.406291,267.6999,2110.0,157.8902,1.741034127119605,EJU42KM_1219,99745.39128720452,0.07575432849580607
77131.21704576047,50.227,-73783.51408177346,-7513.240048444267,526.1929407294834,52.269126688581466,4.791112337192142,1726.0,0.462258,303.9539,2278.0,132.7767,1.7443894208310124,EJU42KM_1219,100188.5463325243,0.07216863053542305
77102.03486836767,66.9693,-71869.29318556849,-9284.38509784188,719.9096549666122,52.25345493080506,4.819620055857386,2362.0,0.517201,339.3283,2445.0,107.6632,1.7631568984884143,EJU42KM_1219,102813.3306183432,0.0663362265058754
77072.55013605228,83.7117,-69094.79839501959,-10167.877840007468,927.8659029181862,52.24586729018258,4.860557256689174,3044.0,0.569639,372.8403,2612.0,84.6888,1.7883482091081992,EJU42KM_1219,106827.90534210332,0.06165438410629345
77042.65129198178,100.454,-65909.04666466467,-9871.71786414833,1150.0616845841814,52.24892280220937,4.907287910309576,3773.0,0.618616,403.8585,2780.0,84.6924,1.8130829373997803,EJU42KM_1219,111579.68725396453,0.05845784742775302
77012.34274319379,117.1963,-62458.259941838514,-9551.135033029968,1386.4969999645182,52.25220974760754,4.957913548635417,4549.0,0.6636,432.0387,2947.0,84.6958,1.8335752677324493,EJU42KM_1219,116519.28115176759,0.05515400249603102
76981.68985948635,133.9387,-58766.8511993078,-9208.418909865322,1637.1718490589324,52.255699923094525,5.012077610506136,5371.0,0.704394,457.2569,3000.0,84.6956,1.8435319819884133,EJU42KM_1219,119457.16684159919,0.050646263083582076
76950.87039606208,150.681,-54859.44736936116,-8845.639907302937,1892.3250121388699,52.25936738948522,5.069420222909709,6208.0,0.742172,480.3389,3000.0,84.705,1.8496987715257183,EJU42KM_1219,121543.63885531633,0.045214798929489944
76919.94727833176,167.4233,-50753.968820151145,-8465.144001434024,2147.4781752188487,52.26318477378365,5.129679937691836,7046.0,0.777441,501.6502,3000.0,84.7117,1.8550666873775115,EJU42KM_1219,123585.81942305503,0.039937954700784525
76888.9328768536,184.1657,-46465.655946352934,-8068.210217993719,2402.631338298859,52.267134830278295,5.192634378445337,7883.0,0.810241,521.2314,3000.0,84.7239,1.859479975424514,EJU42KM_1219,125682.72731282555,0.03552069749753423
76857.83437961228,200.908,-42009.33608272508,-7656.681290873963,2657.7845013788915,52.27119555595283,5.258067197107778,8720.0,0.82,525.9018,3000.0,84.7351,1.8572317786602446,EJU42KM_1219,124999.82892490091,0.03287466770396615
76826.76282479611,217.6503,-37512.91858181003,-7242.336063829215,2912.937664458923,52.27524817331707,5.324100973350087,9557.0,0.82,524.2894,3000.0,84.7486,1.851810092336685,EJU42KM_1219,122849.93693035888,0.030289272433287575
76795.78270853653,234.3927,-33030.27660061384,-6830.32532914494,3168.090827538944,52.27924211605693,5.389944517744351,10394.0,0.82,522.672,3000.0,84.7636,1.8458815110524154,EJU42KM_1219,120771.91578513123,0.02739214481202924
76764.90205182959,251.135,-28561.443349176858,-6420.763310047875,3423.2439906189534,52.28317668083543,5.455597094665481,11231.0,0.82,521.0495,3000.0,84.7764,1.8394583401102365,EJU42KM_1219,118764.89462655786,0.02406743433758999
76734.12859669545,267.8773,-24106.478228807056,-6013.4831000080885,3678.397153698951,52.28705369179289,5.521057559341332,12068.0,0.82,519.422,3000.0,84.7912,1.8325596144026683,EJU42KM_1219,116828.09038771599,0.02105042224885829
76703.46969820118,284.6197,-19665.412847578722,-5608.6258344024955,3933.5503167789343,52.29087220511397,5.586325204723781,12905.0,0.82,517.7894,3000.0,84.8005,1.8252104427993336,EJU42KM_1219,114960.71557217892,0.018891404448565168
76672.93222434628,301.362,-15238.330799499074,-5205.766767324693,4188.703479858903,52.29463636496399,5.651398528492839,13742.0,0.82,516.1516,3000.0,84.8119,1.8174415676350657,EJU42KM_1219,113162.02930915178,0.017693840402641936
76642.52246522608,318.1043,-10825.262558274582,-4805.068212077344,4443.856642938851,52.29834503921707,5.716276853326961,14580.0,0.82,514.5086,3000.0,84.8197,1.8092802172837419,EJU42KM_1219,111429.75297389533,0.016564707271085458
76612.24605243001,334.8467,-6426.278605760191,-4406.256717550612,4699.009806018785,52.30200101511669,5.780958900464189,15417.0,0.82,512.8603,3000.0,84.8226,1.8007833737614287,EJU42KM_1219,109766.52278192382,0.015965034574998274
76582.1078892088,351.589,-2041.459534731063,-4008.9508855320023,4954.1629690987,52.305608057306394,5.845443265071217,16254.0,0.82,511.2067,3000.0,84.8275,1.7919867380732362,EJU42KM_1219,108170.09197922284,0.015902178538231546
76552.11209157351,368.3313,2329.16256191278,-3613.3090001749633,5209.316132178591,52.30916499685939,5.909728987732906,17091.0,0.82,509.5477,3000.0,84.8325,1.7829371687922435,EJU42KM_1219,106639.92301455079,0.01577057205401231
76522.26194017097,385.0737,6685.5418218726045,-3219.3425277765245,5464.469295258459,52.312672076852024,5.9738157247254655,17928.0,0.82,507.8834,3000.0,84.8376,1.7736840078929836,EJU42KM_1219,105175.5715008761,0.015525754374244704
76492.55984251958,401.816,11027.631145494428,-2827.054383968677,5719.622458338301,52.31612966248935,6.037702270069811,18765.0,0.82,506.2135,3000.0,84.843,1.7642780843331411,EJU42KM_1219,103776.58277259314,0.015217445391076643
76463.00730498812,418.5583,15355.38522089543,-2436.4724934762257,5974.775621418116,52.31953782861333,6.101387758085901,19602.0,0.82,504.5382,3000.0,84.852,1.7547716751093134,EJU42KM_1219,102442.65311546836,0.01493092821759463
76433.6049137482,435.3007,19668.780376538216,-2047.8703125402174,6229.928784497897,52.32289444708906,6.164871618138304,20439.0,0.82,502.8572,3000.0,84.8604,1.7452173732744938,EJU42KM_1219,101173.46315077209,0.005062430655331853
76404.35232383182,452.043,23967.763349293116,-1661.1989773566308,6485.081947577647,52.32620029026275,6.228152853166827,21277.0,0.82,501.1706,3000.0,84.8677,1.7356579604565234,EJU42KM_1219,99967.76426505722,0.0
76375.24825536567,468.7853,28252.27818106724,-1276.3848731962478,6740.235110657363,52.329456354143936,6.291230432502394,22114.0,0.82,499.4783,3000.0,84.8743,1.7261663284458653,EJU42KM_1219,98827.6242436738,0.0
76346.29049603264,485.5277,32522.26955534667,-893.3668087547675,6995.3882737370395,52.332663523898596,6.354103339291835,22951.0,0.82,497.7803,3000.0,84.8816,1.7167842327399743,EJU42KM_1219,97751.87100413896,0.0
76317.47590881927,502.27,36777.69209173172,-512.1999504252473,7250.541436816682,52.33582163848771,6.41677069515909,23788.0,0.82,496.0764,3000.0,84.8886,1.7075624945761239,EJU42KM_1219,96740.52921867982,0.0
76288.8004441421,519.0123,41018.4933085337,-132.86611355305547,7505.694599896284,52.338931197596054,6.4792315254132316,24625.0,0.82,494.3667,3000.0,84.8969,1.698550792165911,EJU42KM_1219,95793.76247064001,0.0
76260.25915549863,535.7547,45244.630639948686,244.53600445652066,7760.84776297584,52.341991649732655,6.541484988419247,25462.0,0.82,492.651,3000.0,84.9047,1.689797213643615,EJU42KM_1219,94911.79815262527,0.0
76231.84621785882,552.497,49456.04884472041,620.0434209211144,8016.00092605535,52.34500366544602,6.603530073123883,26299.0,0.82,490.9294,3000.0,84.9164,1.6813482762959067,EJU42KM_1219,94095.01664429196,0.0
76203.55494809347,569.2393,53652.7204946826,993.3746606485771,8271.154089134814,52.347965049266776,6.665366130639228,27136.0,0.82,489.2017,3000.0,84.9269,1.6732486296934779,EJU42KM_1219,93343.88354799233,0.0
76175.37782682817,585.9817,57834.584744693784,1364.6166467651938,8526.307252214236,52.35087692211665,6.72699207193601,27973.0,0.82,487.4678,3000.0,84.9382,1.6655410688331727,EJU42KM_1219,92659.01293487141,0.0
76147.30652120957,602.724,62001.592765293935,1733.714803390207,8781.46041529361,52.3537391320491,6.788406965043283,28811.0,0.82,485.7278,3000.0,84.9459,1.6582582362853293,EJU42KM_1219,92040.76046889146,0.0
76119.33190817822,619.4663,66153.66780895516,2100.923501657704,9036.613578372788,52.35655430920587,6.84960952756735,29648.0,0.818711,483.2209,3000.0,84.9541,1.651548344830406,EJU42KM_1219,91408.92900753437,0.0
76091.45785253693,636.2087,70284.23152590316,2465.635285854944,9291.766741451991,52.35931817168926,6.910502578124998,30485.0,0.815977,479.863,3000.0,84.9568,1.645658643275994,EJU42KM_1219,90775.97196638977,0.0
76063.6861188953,652.951,74385.94575157388,2827.608622146931,9546.91990453123,52.36203002905678,6.970977781724404,31322.0,0.813242,476.5104,3000.0,84.9594,1.6406013535405093,EJU42KM_1219,90241.11835349776,0.0
73621.30297723302,0.0,-74827.80160414048,-1385.1380543727764,30.480000304380887,52.32129693679978,4.779960353961955,100.0,0.3,198.3755,2170.0,183.0038,1.8361517159462153,EJU5284_1390,117236.881274321,0.08199782372205884
73590.2759971766,16.8924,-74917.52009814541,-3094.9225572425125,216.66208964347516,52.30591031798531,4.779023401528786,711.0,0.348735,230.1166,2339.0,183.0038,1.8061981368490954,EJU5284_1390,110151.9604326337,0.07879809709286131
73559.76039058367,33.7849,-75021.6670976979,-5079.67417205785,417.34020001835023,52.288049219278534,4.777936520046547,1369.0,0.401429,264.2843,2507.0,157.6651,1.7864039732096293,EJU5284_1390,106493.21873287577,0.07494125132512482
73529.58787372865,50.6773,-74153.75989314151,-7192.182613246059,632.5143314293131,52.26917178481492,4.791162650427265,2075.0,0.455681,299.2653,2676.0,132.3264,1.7823395273074774,EJU5284_1390,105808.45327238383,0.07104532245632415
73499.498003477,67.5698,-72241.01487426131,-8934.258728709616,862.1844838763483,52.253762530873495,4.819644380995641,2829.0,0.509427,333.6825,2845.0,106.9877,1.7911483151276322,EJU5284_1390,107318.47106214825,0.06467797311685182
73469.27209830418,84.4622,-69481.45677417281,-9777.29408453099,1106.3506573590782,52.246538681934176,4.860355054965617,3630.0,0.561111,366.5024,3000.0,85.1025,1.805462728602127,EJU5284_1390,110004.8481264255,0.059701920646284844
73438.81419001592,101.3547,-66323.16061936719,-9506.674035924836,1363.791517478139,52.24936345182683,4.906687802406445,4474.0,0.609863,397.1577,3000.0,85.1024,1.809370529547147,EJU5284_1390,110798.15820253147,0.056283191308695434
73408.29926251476,118.2471,-62899.07234584379,-9213.270612439743,1621.2323775973052,52.25240552502168,4.956926409090947,5319.0,0.656846,426.4712,3000.0,85.1008,1.817302669855142,EJU5284_1390,112504.26596156858,0.053080510759992414
73377.65573932251,135.1396,-59220.94596305612,-8897.993429195183,1878.6732377165456,52.25565047907851,5.010899922556888,6164.0,0.701447,454.0543,3000.0,85.0995,1.8267400106155938,EJU5284_1390,114734.29636836014,0.048874699359441436
73346.85495564745,152.032,-55303.85883596208,-8562.149007937696,2136.114097835836,52.25907993574126,5.068388628100963,7008.0,0.743315,479.6947,3000.0,85.0982,1.8359640786285691,EJU5284_1390,117183.70496904892,0.043819992803688736
73315.89818907005,168.9244,-51164.70610587356,-8207.16447212374,2393.5549579551675,52.26267436447589,5.129146063098645,7853.0,0.78231,503.3178,3000.0,85.0956,1.8440520569261336,EJU5284_1390,119625.90853778814,0.03895395147238859
73284.80288977527,185.8169,-46821.01475141775,-7834.444189704158,2650.9958180745275,52.26641460841796,5.192916381997355,8697.0,0.818448,524.9495,3000.0,85.0939,1.8506981636768025,EJU5284_1390,122321.50598774428,0.03479132917635182
73253.57256970277,202.7093,-42290.06138781206,-7445.515997581459,2908.436678193911,52.270280729394536,5.259447315826826,9542.0,0.82,524.3179,3000.0,85.0953,1.844883611832826,EJU5284_1390,120379.20744524836,0.032175311012899444
73222.43881573119,219.6018,-37764.610595011574,-7057.175371017253,3165.877538313284,52.27410377886915,5.325908995009527,10387.0,0.82,522.686,3000.0,85.0997,1.837959958116988,EJU5284_1390,118256.37588489515,0.02963850566731566
73191.42265147726,236.4942,-33253.30438488506,-6670.3938093372435,3423.3183984326456,52.27787461994886,5.392174336639913,11231.0,0.82,521.049,3000.0,85.1051,1.8304858935978912,EJU5284_1390,116206.99420085325,0.026800525291497033
73160.532931475,253.3867,-28756.180149389285,-6285.260440943222,3680.759258551995,52.28159278669236,5.458242571226887,12076.0,0.82,519.4069,3000.0,85.1115,1.822470139168773,EJU5284_1390,114226.30045696191,0.023587421654003342
73129.77803702261,270.2791,-24273.277492090656,-5901.8438468537815,3938.2001186713283,52.285257998300196,5.524112892651798,12921.0,0.82,517.7596,3000.0,85.1174,1.8139503851637904,EJU5284_1390,112315.41842061328,0.020666511452544632
73099.16576770188,287.1716,-19804.645136422518,-5520.111177176064,4195.640978790647,52.28887088635927,5.589784353247704,13765.0,0.82,516.107,3000.0,85.1199,1.8049724341387883,EJU5284_1390,110475.24195665521,0.018637091137339495
73068.70324451564,304.064,-15350.3518216227,-5139.800153599562,4453.081838909948,52.292434146047626,5.655255704536805,14610.0,0.82,514.4491,3000.0,85.1195,1.795559812591034,EJU5284_1390,108701.55183247605,0.017457709454094965
73038.39682546917,320.9564,-10910.462891992835,-4760.693091326091,4710.522699029226,52.295950073190234,5.720525765808904,15454.0,0.82,512.7858,3000.0,85.1188,1.7857777884572013,EJU5284_1390,106996.97282181167,0.01634162536785069
73008.25203394385,337.8489,-6485.027660009835,-4382.765360539962,4967.963559148486,52.2994192296019,5.785593611042868,16299.0,0.82,511.1171,3000.0,85.1187,1.7756563439926918,EJU5284_1390,105357.65049234909,0.01580837757733398
72978.27349979976,354.7413,-2074.08969384481,-4006.065037510813,5225.404419267722,52.30284152910259,5.850458409510398,17144.0,0.82,509.443,3000.0,85.1179,1.7652582002593284,EJU5284_1390,103784.62419002043,0.015728929950748254
72948.46491280288,371.6338,2322.2990854029786,-3630.547956739867,5482.845279386933,52.30621763456095,5.915118920683223,17988.0,0.82,507.7633,3000.0,85.1197,1.7546493942637769,EJU5284_1390,102278.68612640083,0.015583543293811113
72918.8289877023,388.5262,6704.1071470340785,-3256.41425143997,5740.2861395061145,52.309546101316506,5.979575026531528,18833.0,0.82,506.0781,3000.0,85.1203,1.7438647190003007,EJU5284_1390,100836.55995658154,0.015323136719828207
72889.36744008012,405.4187,11071.277492650095,-2883.5715924154297,5997.726999625266,52.31282816300401,6.043825389308116,19678.0,0.82,504.3872,3000.0,85.1218,1.73297235312708,EJU5284_1390,99459.22383059224,0.015016282637829025
72860.08097195427,422.3111,15423.767355879312,-2512.100160620175,6255.167859744383,52.31606343502766,6.107869192668609,20522.0,0.82,502.6906,3000.0,85.122,1.7220415409863414,EJU5284_1390,98147.49201220286,0.004131734336732943
72830.96926602813,439.2036,19761.518119045384,-2141.900295987913,6512.608719863465,52.31925315649557,6.171705386061035,21367.0,0.82,500.9883,3000.0,85.1234,1.7111070152501926,EJU5284_1390,96898.65733473981,0.0
72802.0309874388,456.096,24084.487578138163,-1773.0706626098913,6770.049579982509,52.32239678375432,6.235333151147064,22211.0,0.82,499.2802,3000.0,85.1237,1.7002484311461643,EJU5284_1390,95714.76720070928,0.0
72773.2637918542,472.9885,28392.61770578717,-1405.5306020533515,7027.490440101515,52.32549538716202,6.298751448328442,23056.0,0.82,497.5662,3000.0,85.127,1.6894987111791337,EJU5284_1390,94593.51423576826,0.0
72744.6643387968,489.8809,32685.875912303887,-1039.5039778732419,7284.931300220475,52.3285472979,6.361959588470255,23901.0,0.82,495.8463,3000.0,85.1316,1.6789238783125076,EJU5284_1390,93535.94960134468,0.0
72716.22830912526,506.7733,36964.21900773646,-675.0968617882214,7542.37216033939,52.33155190730474,6.424956729969584,24745.0,0.82,494.1204,3000.0,85.1369,1.6685878492147965,EJU5284_1390,92542.93462574648,0.0
72687.95042567539,523.6658,41227.59869205356,-312.3620425026294,7799.813020458255,52.33450908670518,6.487741959207012,25590.0,0.82,492.3885,3000.0,85.1436,1.6585195660224126,EJU5284_1390,91612.84682631728,0.0
72659.8244761471,540.5582,45475.97029878327,48.59818254536303,8057.25388057707,52.33741826248088,6.550314408675587,26435.0,0.82,490.6505,3000.0,85.1522,1.6487794079030786,EJU5284_1390,90746.8185771766,0.0
72631.84333741592,557.4507,49709.29257365038,407.6341774015082,8314.694740695828,52.340278435465656,6.612673250950351,27279.0,0.82,488.9062,3000.0,85.1597,1.6394246387502611,EJU5284_1390,89945.81220968673,0.0
72603.99900054914,574.3431,53927.50312500271,764.838365364019,8572.135600814534,52.34309078568292,6.674817381127059,28124.0,0.82,487.1558,3000.0,85.1675,1.6304797299368763,EJU5284_1390,89208.98484511599,0.0
72576.28259590968,591.2356,58130.54978313626,1120.175751708905,8829.576460933187,52.34585534717898,6.736745829363736,28968.0,0.82,485.399,3000.0,85.175,1.622007332586638,EJU5284_1390,88538.1113371513,0.0
72548.68441783916,608.128,62318.374105331866,1473.6784007010951,9087.017321051788,52.348572758361826,6.79845754635533,29813.0,0.82,483.6358,3000.0,85.1799,1.61402907811515,EJU5284_1390,87932.89503589313,0.0
72521.19394852246,625.0205,66490.90446497382,1825.527664472266,9344.458181170206,52.35124500244671,6.859951322165046,30658.0,0.819252,481.4269,3000.0,85.1833,1.6066496133375732,EJU5284_1390,87349.04062906324,0.0
72493.80858359674,641.9129,70644.27063288234,2175.5130399664245,9601.899041288629,52.353871031171934,6.9211699498895936,31502.0,0.816516,478.0503,3000.0,85.1863,1.600200559695159,EJU5284_1390,86730.14510386289,0.0
72466.53646217701,658.8053,74768.35659523876,2522.8173747382552,9859.33990140707,52.35644531228754,6.9819641098502645,32347.0,0.81378,474.679,3000.0,85.1892,1.5946668437598932,EJU5284_1390,86207.3196270309,0.0
63741.31302227275,0.0,-75245.6513822619,69240.46429306848,30.480000304340184,52.321296864583424,4.779954840602625,100.0,0.3,198.3755,3000.0,183.0038,1.8594384657822602,EZS39RG_1538,125451.25817254068,0.08199732398641998
63699.7168845935,22.3641,-75363.70412893672,66990.70788532752,371.30872400580193,52.301050981203915,4.7787234621629056,1218.0,0.365609,240.8277,3000.0,183.0038,1.804774536109899,EZS39RG_1538,109868.0656161456,0.07716957596466452
63659.356939497324,44.7282,-75507.52494079719,64249.88395565755,712.1374477075564,52.27638589541986,4.77722469460266,2336.0,0.445148,292.0817,3000.0,149.4576,1.7520327774419144,EZS39RG_1538,101226.15414394822,0.07014803815075654
63620.221883474216,67.0923,-73811.9141289013,61376.17163526958,1052.9661714094664,52.25077525833997,4.802774716144222,3455.0,0.531351,347.2781,3000.0,130.1161,1.7377908038455863,EZS39RG_1538,99323.75795324695,0.062323324140455674
63581.45916368417,89.4564,-70773.52751865254,58816.151555243014,1393.7948951115368,52.228153770232346,4.847940812547995,4573.0,0.617167,401.7738,3000.0,130.0639,1.758715625541172,EZS39RG_1538,102167.97005421965,0.05439009566681493
63542.26470640375,111.8204,-67252.4750443304,55854.94482997452,1734.6236188137311,52.20196653045094,4.900223155016305,5691.0,0.697619,452.3421,3000.0,130.1297,1.7924165308865967,EZS39RG_1538,107544.10185835275,0.048122601730737256
63502.32599161506,134.1845,-63289.88009567505,52514.619330859634,2075.452342516006,52.17239782161045,4.958989518096221,6809.0,0.770034,497.2952,3000.0,130.1981,1.8225714569764073,EZS39RG_1538,113719.22524401819,0.04358857268577864
63461.70231467466,156.5486,-58936.33519817373,48835.83718956109,2416.2810662183347,52.139798214269746,5.023465281444347,7927.0,0.82,527.4235,3000.0,130.1768,1.8374717869799886,EZS39RG_1538,117972.08765380576,0.04122272642732208
63420.70444711929,178.9127,-54316.75010208061,44935.189754138664,2757.109789920679,52.1051945384443,5.091777423890853,9046.0,0.82,525.2747,3000.0,130.267,1.8259882955575069,EZS39RG_1538,114915.05143682043,0.04038599643597126
63379.971971377796,201.2768,-49722.24534778565,41043.30932996338,3097.9385136230067,52.07062803162334,5.159615371569588,10164.0,0.82,523.1172,3000.0,130.3106,1.8132029883734424,EZS39RG_1538,111984.80904757802,0.03913790137055989
63339.53289147809,223.6409,-45149.697645922846,37164.056176573795,3438.7672373253117,52.03613440516741,5.2270256498666905,11282.0,0.82,520.9506,3000.0,130.3238,1.799169556195503,EZS39RG_1538,109176.63894743167,0.033840992962041336
63299.41351768433,246.005,-40597.12143177492,33299.934321270266,3779.5959610275963,52.00173698223075,5.294038391610891,12400.0,0.82,518.7751,3000.0,130.4064,1.7839755999713476,EZS39RG_1538,106488.31597814478,0.028493058950777455
63259.637939588516,268.3691,-36069.251007704304,29445.538421754976,4120.42468472985,51.96738745091102,5.360586517913483,13518.0,0.82,516.5904,3000.0,130.4966,1.76772969733432,EZS39RG_1538,103917.60062307597,0.024218844099610642
63220.22758616863,290.7332,-31566.63933395218,25600.404234570673,4461.253408432074,51.93308232013288,5.4266633919518465,14637.0,0.82,514.3963,3000.0,130.5422,1.7505444512390023,EZS39RG_1538,101460.67486798472,0.022772220933199847
63181.20087690985,313.0972,-27086.34427215012,21768.157441951644,4802.0821321342655,51.89885506140736,5.492312986059256,15755.0,0.819027,511.5852,3000.0,130.6006,1.7319107201670474,EZS39RG_1538,99001.65951902092,0.02178213558537255
63142.593793518965,335.4613,-22634.586142720276,17952.4530673925,5142.910855836413,51.86473893730288,5.55744588994239,16873.0,0.817568,508.4675,3000.0,130.6529,1.7123120581879874,EZS39RG_1538,96614.873383967,0.021050017072819855
63104.42892195415,357.8254,-18213.594357851627,14156.117586958522,5483.739579538517,51.83076008299579,5.6220312681526945,17991.0,0.81669,505.7081,3000.0,130.6599,1.6926686562597113,EZS39RG_1538,94419.022355878,0.021503635058342154
63066.70200727015,380.1895,-13817.219820127013,10379.992893402767,5824.568303240567,51.79692705632753,5.686160430534825,19109.0,0.816343,503.2703,3000.0,130.6775,1.6731005373880374,EZS39RG_1538,92393.11927815905,0.021164683368733894
63029.4060168826,402.5536,-9443.35186902149,6620.863974835107,6165.397026942558,51.76321166036698,5.7498658783545284,20228.0,0.816328,501.0294,3000.0,130.704,1.65359836874665,EZS39RG_1538,90506.12193855376,0.01080500076171778
62992.53447229527,424.9177,-5090.845566364982,2876.5919928456797,6506.225750644492,51.72959529483228,5.813165808474501,21346.0,0.816555,498.9257,3000.0,130.7116,1.634260079023428,EZS39RG_1538,88745.9562161908,0.0
62956.07948850592,447.2818,-757.2607305060232,-852.402187509844,6847.054474346351,51.69608233962591,5.876097058654817,22464.0,0.816982,496.9325,3000.0,130.7106,1.6151646130976371,EZS39RG_1538,87103.540457267,0.0
62920.030837661005,469.6459,3558.927115026349,-4566.29310510295,7187.88319804813,51.66267166699137,5.938682822041534,23582.0,0.817539,495.0053,3000.0,130.7004,1.5963842624689781,EZS39RG_1538,85570.29423204162,0.0
62884.3767104053,492.01,7858.878377269677,-8264.893307999733,7528.711921749824,51.6293654957941,6.000941479283604,24700.0,0.818146,493.0947,3000.0,130.71,1.5779890611041276,EZS39RG_1538,84138.5275507241,0.0
62849.10401310251,514.3741,12141.467111524733,-11949.80116245457,7869.540645451418,51.59614995932299,6.062857851087175,25819.0,0.818812,491.2056,3000.0,130.6841,1.5600776392264262,EZS39RG_1538,82807.45159058069,0.0
62814.19663829436,536.7381,16409.15399788661,-15618.533012327312,8210.36936915291,51.5630478039326,6.124468860245281,26937.0,0.818365,488.6375,2931.0,130.6517,1.5308450394420379,EZS39RG_1538,80644.89083604854,0.0
62779.91219765759,559.1022,20657.001690432826,-19266.0369944171,8543.377648386573,51.53010506613928,6.185704643847217,28029.0,0.815596,484.734,2708.0,130.6616,1.473103561604848,EZS39RG_1538,76540.24719397794,0.0
62746.90808571608,581.4663,24871.940591437622,-22886.541398073812,8850.978176212197,51.49737475967763,6.246378355680699,29039.0,0.812947,481.0792,2484.0,130.646,1.4128253667198443,EZS39RG_1538,72592.6974244885,0.0
62715.23568720992,603.8304,29057.680742419296,-26479.986955954035,9133.17095262909,51.464858041051045,6.306545697022076,29964.0,0.810435,477.6812,2260.0,130.6437,1.3506037253203345,EZS39RG_1538,68793.48030009172,0.0
62684.938351542805,626.1945,33215.55231012373,-30049.22197680317,9389.955977637044,51.43252994087222,6.366227593499252,30807.0,0.807901,474.4477,2037.0,130.666,1.2868989413018135,EZS39RG_1538,65124.20695705501,0.0
62656.055879037944,648.5586,37345.39608272905,-33597.191994399764,9621.333251235956,51.400364668004926,6.425423285683084,31566.0,0.80538,471.3983,1813.0,130.704,1.221585594611867,EZS39RG_1538,61545.14866697889,0.0
62628.62159541715,670.9227,41447.79582485416,-37126.31328702937,9827.302773425778,51.36834113426716,6.484142633124848,32242.0,0.802757,468.4669,1589.0,130.6808,1.1550718045322794,EZS39RG_1538,58047.79729070533,0.0
62602.66589553282,693.2868,45527.478204165156,-40633.014348833305,10007.864544206497,51.33649174113473,6.542455752916919,32834.0,0.800083,465.6834,1366.0,130.7241,1.0878669450300835,EZS39RG_1538,54635.11620610082,0.0
62578.21342758033,715.6509,49581.58725634292,-44123.062931310276,10163.018563578118,51.30476542768475,6.600322340598248,33343.0,0.797203,462.9569,1142.0,130.7642,1.0195745223029,EZS39RG_1538,51262.68193617334,0.0
62555.28739696661,738.0149,53610.755434143255,-47596.55860348373,10292.764831540662,51.27316185135961,6.657752936028664,33769.0,0.794238,460.3587,918.0,130.7427,0.9506738279207892,EZS39RG_1538,47939.46015427096,0.0
62533.90412223176,760.379,57619.75868273975,-51050.05254439397,10397.103348094191,51.24171213323674,6.7148181323078076,34111.0,0.790977,457.7654,695.0,130.7996,0.8815381841857584,EZS39RG_1538,44662.42644152868,0.0
62514.079495721984,782.7431,61603.84266608971,-54488.9775913674,10476.034113238797,51.210368422884,6.771450134483491,34370.0,0.787465,455.2024,471.0,130.8464,0.8117680229523767,EZS39RG_1538,41400.468363295615,0.0
62495.82372174052,805.1072,65563.82405606854,-57912.741996074335,10529.557126974643,51.17913652986383,6.82766211029907,34546.0,0.783541,452.5758,247.0,130.8094,0.7417162516422395,EZS39RG_1538,38155.22692831596,0.0
62479.14504153403,827.4713,69504.05784166802,-61314.99273330249,10557.672389302088,51.14807360888352,6.883519053519905,34638.0,0.778975,449.7513,24.0,130.8759,0.6717002267850614,EZS39RG_1538,34927.2382489851,0.0
62464.05072291711,849.8354,73416.58038968446,-64701.2415821173,10560.379900222211,51.117131590548645,6.938907149869744,34647.0,0.778517,449.4688,-0.0,130.8517,0.6640443249637882,EZS39RG_1538,34575.58036529883,0.0
62449.127640903054,872.1995,77328.15159677944,-68083.78376644259,10560.379900000722,51.08619690032671,6.994208257141806,34647.0,0.778059,449.2044,-24.0,130.8275,0.6564934816626,EZS39RG_1538,34228.5342544322,0.0
67632.56778050425,0.0,92366.20532695744,-38687.62805314535,30.48000030434504,52.33140182586708,4.740029810415564,100.0,0.3,198.3755,3000.0,182.9988,1.8733257886948818,EZY84JU_960,133467.3294255371,0.07965505408161189
67589.68399449502,22.8871,92245.59603092464,-40989.898814707914,379.27895797810686,52.310721790289826,4.73761901001557,1244.0,0.355235,233.9731,3000.0,182.9988,1.8397245088554295,EZY84JU_960,118278.89963821997,0.07461137042148817
67547.57280891064,45.7741,92102.9063287341,-43713.65510991044,728.0779156521165,52.2862557116108,4.734769916838926,2389.0,0.423348,277.7269,3000.0,217.3294,1.7949482527666476,EZY84JU_960,108001.22321113183,0.06732019743549003
67506.51436353689,68.6612,90135.1728297909,-46293.92334558686,1076.8768733262248,52.26338396125575,4.705151246186048,3533.0,0.499436,326.3293,3000.0,251.6601,1.766868949876385,EZY84JU_960,103365.51514419419,0.05873698454735905
67466.14370929981,91.5483,86510.4234227333,-47495.49862593324,1425.6758310005196,52.253166136964026,4.65158750943311,4677.0,0.577842,376.0342,3000.0,285.9907,1.7667971468816763,EZY84JU_960,103354.71924189321,0.05136284827579761
67425.81622765173,114.4354,82276.10238607596,-46282.07237046541,1774.4747886749897,52.264731064931105,4.589690010691767,5822.0,0.653919,423.8081,3000.0,296.6275,1.7854313682945262,EZY84JU_960,106327.55429050277,0.043538944051502916
67385.08605326693,137.3224,77835.40813581062,-44055.6727489415,2123.2737463495782,52.2854015393378,4.5249629767450195,6966.0,0.724654,467.7235,3000.0,296.6302,1.8092155079322823,EZY84JU_960,110766.13144993878,0.03583353755182232
67343.81649518054,160.2095,72932.62357770393,-41597.30724025701,2472.072704024241,52.308184402947745,4.4534304973525805,8110.0,0.788566,506.8674,3000.0,296.6322,1.829929199934396,EZY84JU_960,115552.9003092332,0.02770444542789997
67302.06462782691,183.0966,67618.1273162533,-38932.26376651878,2820.8716616989527,52.33283371026397,4.375807980243358,9255.0,0.82,524.8718,3000.0,296.6297,1.8338408822452754,EZY84JU_960,117002.84238144237,0.019725359930951467
67260.1864016588,205.9836,62114.19315157733,-36172.53495474312,3169.6706193736713,52.35830515137117,4.295327339051569,10399.0,0.82,522.6619,3000.0,296.6215,1.822218113640131,EZY84JU_960,114060.99822044859,0.014335344667106877
67218.58062970979,228.8707,56633.21224176036,-33425.29397385775,3518.4695770483695,52.38360715332419,4.215089990342988,11544.0,0.82,520.4427,3000.0,296.612,1.8093993313526378,EZY84JU_960,111246.01335854371,0.0102013347821731
67177.27274551694,251.7578,51175.22815079127,-30690.703549459235,3867.268534723044,52.40873881924874,4.135097762399393,12688.0,0.82,518.214,3000.0,296.6072,1.7954867678844195,EZY84JU_960,108559.47092158232,0.008315551787094684
67136.28597736603,274.6448,45740.566083054604,-27968.36746245123,4216.0674923976885,52.433704256639984,4.055356722700216,13832.0,0.82,515.9756,3000.0,296.6081,1.7805770191837837,EZY84JU_960,105997.11832335789,0.007026320450951667
67095.64087424439,297.5319,40329.596629314896,-25257.801909539565,4564.866450072305,52.45850837024703,3.975873600465951,14977.0,0.82,513.7275,3000.0,296.6068,1.7647821392056748,EZY84JU_960,103555.23828582412,0.006050572095389131
67055.35492492272,320.419,34942.323732488134,-22559.258354538393,4913.6654077468875,52.48314949084533,3.8966496099820955,16121.0,0.82,511.4695,3000.0,296.6001,1.7482638843102485,EZY84JU_960,101235.27728046878,0.005322115605880972
67015.44227003171,343.3061,29578.599644543057,-19873.294638950134,5262.464365421426,52.507623202002264,3.8176837087497555,17265.0,0.82,509.2015,3000.0,296.5901,1.7311590348797887,EZY84JU_960,99033.69454173816,0.004678174907449256
66975.91350236916,366.1931,24238.38128252364,-17200.26346371708,5611.263323095921,52.53192692121896,3.7389764431000914,18410.0,0.82,506.9234,3000.0,296.5818,1.7136086753812558,EZY84JU_960,96947.4512329319,0.004216614076822176
66936.77554735611,389.0802,18921.855672943973,-14540.061598875878,5960.062280770368,52.556062156235434,3.660531805823938,19554.0,0.82,504.6349,3000.0,296.5785,1.6957965356979903,EZY84JU_960,94977.93070519067,0.0038057305843692307
66898.03161343832,411.9673,13629.370055030005,-11892.269072705187,6308.861238444757,52.58003326647686,3.5823561685476095,20698.0,0.82,502.3361,3000.0,296.5783,1.6778669898293193,EZY84JU_960,93122.38845747685,0.0004315078494765081
66859.68120112467,434.8543,8361.180640764416,-9256.651423903439,6657.660196119078,52.60384295821278,3.5044545290904643,21843.0,0.82,500.0266,3000.0,296.5744,1.6599608465340692,EZY84JU_960,91378.53039526052,0.0
66821.7201590551,457.7414,3117.2281477739466,-6633.60868206389,7006.459153793328,52.62748824593721,3.4268271902634564,22987.0,0.82,497.7065,3000.0,296.5651,1.642256136116409,EZY84JU_960,89747.87722333282,0.0
66784.1407757986,480.6285,-2102.6147596365336,-4023.6811088785216,7355.258111467495,52.650964803847195,3.3494737812717315,24131.0,0.82,495.3755,2894.0,296.5569,1.6090336148882018,EZY84JU_960,86853.1222684184,0.0
66747.28864670901,503.5156,-7299.26645708483,-1426.2849073110494,7691.713390431377,52.67427846156195,3.272381123328751,25235.0,0.819248,492.6642,2665.0,296.5511,1.5539441807920833,EZY84JU_960,82439.9755078195,0.0
66711.65913726395,526.4026,-12469.800878207492,1157.4078246709073,8001.5587099933455,52.69741940996779,3.19559435882628,26252.0,0.81569,488.4463,2436.0,296.5482,1.4939965404858766,EZY84JU_960,77989.39784480231,0.0
66677.3988197738,549.2897,-17598.148426575473,3719.6955787812876,8284.794070152862,52.720319557799144,3.119353740442655,27181.0,0.812389,484.5692,2207.0,296.5508,1.4310299565345663,EZY84JU_960,73732.31314119848,0.0
66644.57430952071,572.1768,-22687.567381896562,6262.820199736845,8541.419470909757,52.743000044290994,3.043612714353152,28023.0,0.809224,480.9604,1978.0,296.5563,1.365429716183352,EZY84JU_960,69631.73884812725,0.0
66613.24510696119,595.0638,-27740.664259244702,8788.403124556926,8771.43491226395,52.765476334741635,2.968334217085536,28778.0,0.806121,477.574,1749.0,296.5612,1.297569210264887,EZY84JU_960,65660.59676509458,0.0
66583.46350893384,617.9509,-32759.716950876722,11297.505357602964,8974.84039421541,52.787758772093156,2.893485936798933,29445.0,0.802996,474.3602,1521.0,296.5655,1.2280452255484964,EZY84JU_960,61809.94183729405,0.0
66555.27550920234,640.838,-37746.47475744072,13790.929921492336,9151.635916764128,52.80985532756921,2.8190433109609816,30025.0,0.799782,471.2787,1292.0,296.5729,1.1566425462453362,EZY84JU_960,58033.207617227294,0.0
66528.72100082136,663.725,-42702.09250372976,16269.591292758287,9301.821479910126,52.83177495374652,2.7449904998393744,30518.0,0.796402,468.2839,1063.0,296.5835,1.0838595120278227,EZY84JU_960,54327.36000347215,0.0
66503.83433487058,686.6121,-47627.24612021256,18734.155266688507,9425.39708365342,52.85352436375363,2.671318732870705,30923.0,0.792772,465.3269,834.0,296.5953,1.0099331006586296,EZY84JU_960,50678.53093704022,0.0
66480.64466723258,709.4992,-52522.18069952754,21184.85206614805,9522.362727994076,52.875106368420134,2.5980256605390846,31241.0,0.78879,462.3459,605.0,296.6053,0.935027963933278,EZY84JU_960,47072.6040662969,0.0
66459.17656766932,732.3863,-57386.608140852026,23621.340478474303,9592.718412932207,52.89651868558916,2.525116953675205,31472.0,0.784282,459.2386,376.0,296.6134,0.8592414217444746,EZY84JU_960,43494.42722981297,0.0
66439.45166116985,755.2733,-62219.16618681418,26042.723038899145,9636.464138468047,52.917754164010624,2.452614430921206,31616.0,0.778991,455.8534,147.0,296.6239,0.782559152846269,EZY84JU_960,39926.05581100085,0.0
66421.49066153496,778.1604,-67016.7140449423,28447.659650203717,9653.599904602363,52.93880194177497,2.3805666244828605,31672.0,0.775006,453.4091,-0.0,296.6346,0.7325909506014718,EZY84JU_960,37621.13472745048,0.0
66404.6816980915,801.0475,-71788.7065590152,30840.895814422678,9653.59990437495,52.9597043022053,2.3088328450716915,31672.0,0.774982,453.3952,-0.0,296.6382,0.7324440967884374,EZY84JU_960,37614.17473679627,0.0
66387.87624136351,823.9345,-76560.3993248482,33234.36383085037,9653.599904147477,52.98056554818594,2.237034156685009,31672.0,0.774952,453.3775,-0.0,296.6425,0.7322918388142483,EZY84JU_960,37606.92466193244,0.0
66371.07443500361,846.8216,-81331.72552714599,35628.098810865085,9653.599903919945,53.00138593900789,2.1651715689485687,31672.0,0.774928,453.3636,-0.0,296.647,0.732145072826359,EZY84JU_960,37599.970474296526,0.0
66354.27613300826,869.7087,-86102.71737567899,38022.13416465748,9653.599903692368,53.022165705098104,2.093244612014473,31672.0,0.774902,453.3483,-0.0,296.6497,0.7319963426111129,EZY84JU_960,37592.911255546394,0.0
66337.48138637244,892.5957,-90873.43682868707,40416.31095376969,9653.59990346474,53.042903341166465,2.021252423301809,31672.0,0.774876,453.333,-0.0,296.6524,0.7318476557877949,EZY84JU_960,37585.85494126343,0.0
56672.51830691713,0.0,-37588.22565553295,100446.45605081232,30.480000304300777,52.321298675412976,4.779952336393187,100.0,0.3,198.3755,3000.0,183.0038,1.8115322514283174,ITY113_1804,111249.77729543971,0.08199734686206742
56630.260045660696,23.3187,-37711.307111178634,98100.86646233105,385.8570036609273,52.30019661528871,4.778404812580883,1266.0,0.394292,259.6781,3000.0,183.0038,1.706649741058699,ITY113_1804,95566.85008440736,0.07685164280846522
56590.50462624625,46.6374,-37873.16060998214,95016.3897662993,741.2340070169723,52.27244714027239,4.776371958299131,2432.0,0.50512,331.321,3000.0,158.2036,1.675297587348656,ITY113_1804,92208.49850023942,0.06929947896108501
56551.57280519455,69.9561,-36406.245891912,91348.18089260602,1096.6110103732192,52.23955785433032,4.798326179199579,3598.0,0.61723,403.2035,3000.0,158.1986,1.7238686565061268,ITY113_1804,97583.13173392235,0.05999604069055059
56511.565647424955,93.2748,-34618.40257822355,86878.57474909474,1451.9880137296366,52.199477746305035,4.825039425572903,4764.0,0.719833,468.2918,3000.0,158.1971,1.7891915585385192,ITY113_1804,106974.57635901081,0.049992081460753006
56470.031967506184,116.5935,-32540.40407676826,81683.96806909653,1807.3650170861572,52.15288881762886,4.8560275353121,5930.0,0.807907,523.4063,3000.0,158.2018,1.8349963429929044,ITY113_1804,116985.69875901495,0.041838669337735626
56427.384937118695,139.9122,-30217.429244698043,75875.58685757055,2162.742020442734,52.10078549813849,4.890592279373676,7096.0,0.82,529.0163,3000.0,158.2065,1.8293766049317202,ITY113_1804,115693.17339926136,0.03795802263220495
56384.85774945595,163.2309,-27870.00416146063,70004.66128096913,2518.1190237992996,52.04811085765789,4.925439001715161,8262.0,0.82,526.7824,3000.0,158.2096,1.815320502257459,ITY113_1804,112361.32458156694,0.03559249559787697
56342.6724101824,186.5496,-25532.88065981009,64158.58440711396,2873.4960271558434,51.995648957651795,4.960051346639154,9427.0,0.81824,523.413,3000.0,158.2214,1.798299688627626,ITY113_1804,108879.61724854876,0.032859105842417746
56300.90352457442,209.8683,-23211.985246847424,58349.65020583414,3228.8730305123613,51.94351028914448,4.9943434040773935,10593.0,0.805152,512.8285,3000.0,158.2492,1.770436480983719,ITY113_1804,103973.20970168253,0.029110525831036505
56259.831748377444,233.187,-20940.986490774772,52657.56644053661,3584.250033868835,51.89241066174084,5.027821623253462,11759.0,0.790151,501.0937,3000.0,158.2784,1.7382332186929357,ITY113_1804,99386.861185673,0.025694093678953783
56219.53858758558,256.5057,-18725.003688762445,47095.14880400538,3939.6270372252548,51.842465821753926,5.060415946586266,12925.0,0.773156,488.1731,3000.0,158.2933,1.7024009480736335,ITY113_1804,95089.75102496678,0.023601344307901694
56180.09320713972,279.8244,-16567.815361791825,41676.20766471214,4295.004040581607,51.7938005626004,5.092076273396992,14091.0,0.777446,488.7176,3000.0,158.3012,1.6843187216582165,ITY113_1804,93138.64995743087,0.023480809069339883
56141.0762732767,303.1431,-14408.998559313799,36251.01028752356,4650.381043937916,51.7450705977246,5.123692251206051,15257.0,0.782561,489.7449,3000.0,158.3209,1.666348276195037,ITY113_1804,91313.30564332663,0.023366990204942113
56102.48371964236,326.4618,-12247.544183875396,30813.730619519276,5005.7580472941745,51.6962235682552,5.155278785762181,16423.0,0.787037,490.3353,3000.0,158.3408,1.6472839966425121,ITY113_1804,89484.37749130206,0.023224941511027112
56064.3387974615,349.7805,-10085.402050860974,25369.23537558194,5361.135050650378,51.64730320843275,5.186807378550773,17589.0,0.791008,490.5774,3000.0,158.3488,1.6273425961140608,ITY113_1804,87674.7602406036,0.023029633996494017
56026.658983542875,373.0992,-7922.994903019633,19921.853158330483,5716.512054006515,51.59834846512529,5.218271897155957,18755.0,0.794562,490.5295,3000.0,158.3682,1.606715588033841,ITY113_1804,85900.41685272648,0.022619605383723984
55989.45666755996,396.4179,-5762.693919436022,14474.386227361898,6071.889057362579,51.549384545133776,5.249638190171472,19921.0,0.797727,490.2123,3000.0,158.4067,1.585556475386305,ITY113_1804,84170.6647553603,0.01714041179911168
55952.74021151623,419.7366,-3607.4991699617467,9029.123322892281,6427.2660607185635,51.50043206942687,5.2808632423158475,21087.0,0.800613,489.6951,3000.0,158.4358,1.5640891270872999,ITY113_1804,82498.81638525336,0.0
55916.512315202315,443.0553,-1457.3947447510982,3588.6548354910765,6782.643064074453,51.45151442512747,5.311947801944474,22253.0,0.803183,488.959,3000.0,158.4474,1.54242943957167,ITY113_1804,80886.90303858415,0.0
55880.772862924765,466.374,688.3168093680266,-1843.9189838930329,7138.0200674302305,51.402659566543875,5.342902432181433,23419.0,0.805521,488.056,3000.0,158.4705,1.5207825373784938,ITY113_1804,79343.93223774638,0.0
55845.51669282224,489.6927,2827.816656305897,-7267.163249685331,7493.397070785879,51.353880470602476,5.373701480095215,24585.0,0.807643,486.9981,3000.0,158.5279,1.4993020624160942,ITY113_1804,77873.77939875037,0.0
55810.73498296791,513.0114,4957.192500918162,-12680.617350168333,7848.774074141382,51.30518145045561,5.404289509520008,25751.0,0.80958,485.8057,3000.0,158.5492,1.4781467201225549,ITY113_1804,76480.69443062847,0.0
55776.4150771592,536.3301,7079.270374416143,-18081.431925849873,8204.151077496714,51.25658824028271,5.434708068176596,26917.0,0.809383,483.316,2890.0,158.5522,1.43770738662845,ITY113_1804,73838.70540936537,0.0
55743.01309412802,559.6488,9190.579453056507,-23455.666263586987,8546.448848772274,51.20822637968326,5.464908489084228,28040.0,0.807184,479.7141,2656.0,158.5674,1.373553990004479,ITY113_1804,69845.49661453473,0.0
55711.08360751379,582.9675,11285.618754192954,-28792.644741434484,8861.123514877228,51.160192134501855,5.494813416489225,29072.0,0.804992,476.3032,2423.0,158.5995,1.3082344359508458,ITY113_1804,66033.11314341181,0.0
55680.657660058765,606.2862,13363.649989333697,-34095.01111868694,9148.175075810643,51.11246195295765,5.524413781918778,30014.0,0.802789,473.0737,2190.0,158.6314,1.2419391894544174,ITY113_1804,62366.81523591082,0.0
55651.75840047117,629.6049,15425.477046791204,-39364.67449796054,9407.603531572233,51.06501885634065,5.553722580335012,30865.0,0.80047,469.965,1957.0,158.6512,1.1749489447395558,ITY113_1804,58823.65004052197,0.0
55624.40418249622,652.9236,17472.736800848706,-44602.43211285675,9639.40888216187,51.0178558254375,5.5827646592509845,31625.0,0.798034,466.9771,1724.0,158.6643,1.1075201075951289,ITY113_1804,55387.05002675973,0.0
55598.60774829498,676.2423,19506.53984971219,-49809.28406939288,9843.5911275795,50.97096400888732,5.61155720859377,32295.0,0.795306,464.0091,1490.0,158.6815,1.0395160411102498,ITY113_1804,52023.30903481145,0.0
55574.38033718421,699.561,21526.581016096337,-54985.478561270014,10020.150267825109,50.92434135290983,5.640097162180044,32875.0,0.792341,461.0943,1257.0,158.7036,0.9716047054361797,ITY113_1804,48745.60399189904,0.0
55551.72794559226,722.8797,23532.625592397242,-60131.66161728406,10169.086302898717,50.877982225250285,5.668382429142799,33363.0,0.788984,458.1435,1024.0,158.7224,0.9036344390795571,ITY113_1804,45526.94216433113,0.0
55530.65565644836,746.1984,25524.786271809895,-65247.189435322936,10290.399232800388,50.831892578942856,5.696415939969038,33761.0,0.785122,455.0907,791.0,158.7302,0.8356155833212411,ITY113_1804,42352.6698027446,0.0
55511.16708999975,769.5171,27503.569618434136,-70330.41433194994,10384.089057530235,50.78608737245667,5.724206295791315,34069.0,0.780557,451.8213,558.0,158.7315,0.7675050037127542,ITY113_1804,39207.47589975974,0.0
55493.266090553094,792.8358,29468.56201769753,-75378.56752243073,10450.15577708847,50.74059168451489,5.75174910317572,34285.0,0.77492,448.1218,325.0,158.7382,0.6991291388852419,ITY113_1804,36071.4528253008,0.0
55476.96004766375,816.1545,31417.383256252044,-80386.88668238983,10488.599391475544,50.69544863237849,5.779012285219284,34411.0,0.767619,443.6478,91.0,158.7504,0.6297743894229264,ITY113_1804,32901.648509455095,0.0
55462.264450050265,839.4732,33346.13112979165,-85346.75314122046,10499.419900692843,50.65073613026337,5.805942739126107,34447.0,0.764087,441.5358,-0.0,158.7618,0.6022006802903184,ITY113_1804,31642.042690369326,0.0
55448.21241111986,862.7919,35264.872836910916,-90283.7976687551,10499.419900462375,50.606223282197575,5.832682381861116,34447.0,0.76405,441.5144,-0.0,158.7651,0.6020690975062881,ITY113_1804,31635.95464363407,0.0
55434.163497668116,886.1106,37183.23933339972,-95220.71243985402,10499.419900231753,50.56170551645057,5.859366179134274,34447.0,0.763999,441.4852,-0.0,158.7637,0.6019274208075289,ITY113_1804,31629.381031244,0.0
55420.11795966988,909.4293,39101.596980360235,-100157.25448161043,10499.419900000992,50.5171850181199,5.885999523512391,34447.0,0.763949,441.456,-0.0,158.7623,0.6017857789868175,ITY113_1804,31622.809796590736,0.0
61162.17058969992,0.0,-77439.1775718279,-71614.37457724183,30.480000304337153,52.32859819667499,4.708845582447124,100.0,0.3,198.3755,3000.0,3.1752,1.8458573142583796,SAS62L_1257,120215.79665412396,0.07645688568895076
61120.11368434081,22.7771,-77312.09571295089,-69323.5254787934,377.602791107386,52.3492153226766,4.710183649658614,1239.0,0.375428,247.278,3000.0,3.1752,1.7730249171126258,SAS62L_1257,104308.80787517491,0.0759363723629382
61079.74170903719,45.5542,-77153.06697663733,-66456.78399082074,724.7255819105511,52.375015332738165,4.711859719622457,2378.0,0.466024,305.7351,3000.0,37.3408,1.720939897864097,SAS62L_1257,97230.18729430047,0.07235505821017854
61040.619111735454,68.3313,-74994.58791340308,-63627.556469286515,1071.8483727138532,52.400757982208084,4.743013502301273,3517.0,0.561937,367.1884,3000.0,47.9484,1.725606105333288,SAS62L_1257,97794.58412732044,0.07131659039862658
61001.450609922715,91.1083,-71816.55504473986,-60760.855268724656,1418.971163517306,52.42696539479756,4.789230341187839,4655.0,0.654658,426.0554,3000.0,47.935,1.7648567706770457,SAS62L_1257,103064.70547332549,0.06468214835649921
60961.4159449351,113.8854,-68126.7814879552,-57430.97950762815,1766.0939543208665,52.45738429486208,4.842957846440653,5794.0,0.738925,478.9482,3000.0,47.9227,1.8069659081669565,SAS62L_1257,110306.60590562064,0.049340697691563795
60920.415599586886,136.6625,-63977.7225668478,-53684.99740751261,2113.2167451244945,52.491575046449505,4.903461466808496,6933.0,0.812501,524.4863,3000.0,47.9326,1.8375415578629108,SAS62L_1257,117790.61306968817,0.03695840296813244
60878.68126174783,159.4396,-59432.0928987181,-49582.40420540365,2460.3395359281644,52.52898542130335,4.969856354208313,8072.0,0.82,527.1462,3000.0,47.9381,1.8298188848681194,SAS62L_1257,115852.54514783058,0.027210389435338194
60837.11632725469,182.2167,-54863.01904423904,-45459.44745052837,2807.462326731821,52.5665440978316,5.036707818000572,9211.0,0.82,524.9566,3000.0,47.9936,1.8168146797125595,SAS62L_1257,112739.0821361012,0.022274042657861856
60795.85772288999,204.9938,-50309.09102661726,-41358.149798770624,3154.585117535459,52.603868889949204,5.1034528528014125,10350.0,0.82,522.7577,3000.0,48.0013,1.8023823405419526,SAS62L_1257,109753.61322353898,0.019117760943681193
60754.936460933066,227.7709,-45773.83162848023,-37274.76644956022,3501.707908339075,52.64099343175292,5.17003750175153,11489.0,0.82,520.5496,3000.0,47.9993,1.786602891204112,SAS62L_1257,106893.61578131335,0.01649355121536895
60714.381388165726,250.5479,-41258.01187298882,-33208.60561360843,3848.8306991426657,52.67792423239209,5.23644903166126,12627.0,0.816005,515.8065,3000.0,47.9345,1.7666977919755233,SAS62L_1257,103609.71439165977,0.014172768578163098
60674.30207239281,273.325,-36788.11831342057,-29174.627378358142,4195.953489946222,52.71452531375836,5.302294723416437,13766.0,0.811898,511.0058,3000.0,47.8625,1.7454112659693868,SAS62L_1257,100519.87255474209,0.011443776604713693
60634.72704659104,296.1021,-32365.066715255613,-25172.83828496883,4543.076280749737,52.75079757863717,5.367558163919506,14905.0,0.809304,507.1655,3000.0,47.8009,1.7242654998909912,SAS62L_1257,97792.8652849727,0.009488614830621252
60595.645169372205,318.8792,-27979.724305985357,-21196.58145026251,4890.199071553216,52.78680240190951,5.432371757885891,16044.0,0.807981,504.1224,3000.0,47.718,1.7033605046094416,SAS62L_1257,95349.06588330565,0.00847260975015981
60557.04484776252,341.6563,-23626.594046710095,-17238.037053610504,5237.321862356648,52.82261115804928,5.4968145361862915,17183.0,0.807579,501.6495,3000.0,47.653,1.6826333309613182,SAS62L_1257,93120.42740663103,0.00788197973070861
60518.917076116755,364.4334,-19299.448527741715,-13294.144819151621,5584.444653160028,52.85825226652177,5.560977384116613,18322.0,0.807817,499.5648,3000.0,47.602,1.6620264992054388,SAS62L_1257,91061.23365644229,0.007702348717169946
60481.25462268362,387.2105,-14993.934946901414,-9362.941347837554,5931.567443963349,52.89374402920202,5.624923764873462,19461.0,0.808492,497.7376,3000.0,47.586,1.6415209303958869,SAS62L_1257,89142.28543864744,0.0077153746947829106
60444.05076402556,409.9875,-10705.402834484656,-5445.052136784825,6278.690234766609,52.929081332127254,5.688721987635477,20599.0,0.809404,496.0416,3000.0,47.5933,1.6211122127158837,SAS62L_1257,87342.0047069657,0.0016434569338060908
60407.299383288475,432.7646,-6431.12567964339,-1541.188270520026,6625.8130255698,52.96425812064898,5.752411834145343,21738.0,0.810465,494.4213,3000.0,47.5946,1.6008284059242652,SAS62L_1257,85647.5436911564,0.0
60370.992819721905,455.5417,-2170.865588725256,2349.703334389609,6972.935816372917,52.99928410486377,5.815996018408014,22877.0,0.811588,492.8217,3000.0,47.591,1.5807474750143389,SAS62L_1257,84052.05917575756,0.0
60335.12197866729,478.3188,2075.2252680396873,6228.146019976162,7320.058607175948,53.034164161537284,5.8794714991348735,24016.0,0.81273,491.2174,3000.0,47.5645,1.5609637840093906,SAS62L_1257,82552.05792756221,0.0
60299.6754776575,501.0959,6305.561976735412,10095.788349856517,7667.181397978881,53.068913415784756,5.942813669389519,25155.0,0.813858,489.5867,3000.0,47.5216,1.541575316113351,SAS62L_1257,81145.13718257254,0.0
60264.63961873796,523.873,10518.827655093255,13953.609281167362,8014.304188781711,53.103541002195435,6.006002030342542,26294.0,0.814942,487.9127,3000.0,47.4985,1.5226844964026163,SAS62L_1257,79829.92929381435,0.0
60229.998353128154,546.6501,14715.984995310146,17799.798037610428,8361.426979584417,53.13803092239415,6.069050120707599,27433.0,0.81599,486.1996,3000.0,47.4913,1.5044070183830427,SAS62L_1257,78607.63114649456,0.0
60195.732682621434,569.4271,18897.773836458535,21632.86841569867,8708.549770386993,53.172370072869356,6.131968103866437,28571.0,0.816958,484.4221,3000.0,47.517,1.4868503785484402,SAS62L_1257,77477.40811580815,0.0
60161.821725161426,592.2042,23065.830685279852,25449.913714181395,9055.672561188974,53.206532513348144,6.194779459943714,29710.0,0.81459,480.6588,2772.0,47.5513,1.4271921835773358,SAS62L_1257,73516.10500079548,0.0
60129.246204373725,614.9813,27205.4821651622,29236.38998459202,9376.440528459874,53.240388435612694,6.2572615046844815,30763.0,0.81233,477.1407,2544.0,47.6048,1.365699831230833,SAS62L_1257,69717.38392105524,0.0
60098.04703576236,637.7584,31320.009221583834,32992.83125828117,9670.853672196576,53.27394302946385,6.319461599916885,31729.0,0.810088,473.8156,2317.0,47.669,1.3029166682800493,SAS62L_1257,66066.38479440527,0.0
60068.26002310602,660.5355,35411.65280628488,36719.98690977479,9938.911992398569,53.30720338775069,6.381411667273342,32608.0,0.807827,470.6625,2089.0,47.7077,1.2386896415863413,SAS62L_1257,62516.957318711924,0.0
60039.91605320499,683.3126,39480.12672979729,40421.012105517075,10180.615489065656,53.34019835696114,6.443106014509077,33401.0,0.805525,467.6691,1861.0,47.7624,1.1734361263858646,SAS62L_1257,59062.20783851875,0.0
60013.04176503879,706.0897,43527.73390339905,44096.00515918605,10395.964162197753,53.372929088663504,6.504577709342278,34107.0,0.803113,464.7967,1633.0,47.7871,1.107345242952356,SAS62L_1257,55684.430118579556,0.0
59987.66104183585,728.8667,47553.5267788115,47748.01755314121,10584.958011794824,53.4054235130619,6.565811348575526,34728.0,0.800598,462.0486,1406.0,47.7921,1.0408181755670647,SAS62L_1257,52382.3028730211,0.0
59963.79398515804,751.6438,51557.38107987208,51379.49121284974,10747.597037856869,53.437704026543656,6.6268039764783655,35261.0,0.79793,459.3978,1178.0,47.7889,0.9735113439834424,SAS62L_1257,49118.664883480684,0.0
59941.457741297505,774.4209,55540.03959613316,54992.15578604147,10883.881240383924,53.46978653167729,6.687565734739471,35708.0,0.795072,456.823,950.0,47.7426,0.905773335960411,SAS62L_1257,45894.100813492514,0.0
59920.6657913238,797.198,59500.38431232261,58590.41855785875,10993.810619376052,53.50171119600966,6.748079268805715,36069.0,0.79198,454.2977,722.0,47.7209,0.8377164551743608,SAS62L_1257,42698.95306443565,0.0
59901.42804853123,819.9751,63441.259861175444,62173.70812052084,11077.385174833378,53.53347297115899,6.808386345873304,36343.0,0.788582,452.3069,495.0,47.7064,0.7695749713797089,SAS62L_1257,39530.21939085967,0.0
59883.7519842013,842.7522,67363.18250233014,65741.58099548245,11134.604906756127,53.56506817111696,6.868493606894263,36531.0,0.784831,450.155,267.0,47.686,0.7012208865793146,SAS62L_1257,36370.27893614839,0.0
59867.64246381606,865.5293,71264.7646730299,69293.49535674836,11165.469815144766,53.596492468398615,6.928378825777023,36632.0,0.780581,447.7175,39.0,47.6917,0.6329644129375638,SAS62L_1257,33220.60104675585,0.0
59853.10289352739,888.3063,75145.46396389899,72825.6827314012,11169.979900000746,53.62771244283881,6.988031722379811,36647.0,0.776331,445.2801,-189.0,47.6975,0.5651826253540022,SAS62L_1257,30092.377205428176,0.0
77219.9999000028,0.0,-76733.48437512567,57695.51775068679,30.4800003044066,52.32859813166712,4.70883548274736,100.0,0.3,198.3755,2101.0,3.1752,1.8482803733960154,TRA6875_1499,121041.7600618517,0.07645595130026377
77178.45625098796,22.4672,-76607.34919344177,59969.301513248465,270.3095718893427,52.34906140833145,4.710171202666152,887.0,0.358573,236.4646,2326.0,3.1752,1.8200077137176627,TRA6875_1499,113119.12638639816,0.07695564719098143
77137.5568392945,44.9343,-76456.90628988574,62681.26994847742,535.7816311169462,52.37346818031962,4.711765819516047,1758.0,0.42256,277.8202,2551.0,36.8759,1.8048108585630018,TRA6875_1499,109875.26376486826,0.07562952678558962
77097.02095761463,67.4015,-74541.08206061633,65235.14416905204,826.8961779874975,52.39669613562606,4.739413476335329,2713.0,0.487806,319.6497,2775.0,70.5767,1.8074035239291848,TRA6875_1499,110395.24221355267,0.07545215907147139
77056.44926140181,89.8686,-71075.9155856538,66457.00876944582,1143.6532125009217,52.40814326483971,4.7902179452516656,3752.0,0.55091,359.6843,3000.0,104.2774,1.8213704489949525,TRA6875_1499,113435.92314546868,0.07454786916445373
77015.58293123756,112.3358,-67068.67402788727,65437.25791002326,1486.0527346562833,52.39947827180627,4.849491931832176,4876.0,0.609577,396.4068,3000.0,129.8591,1.821961727574212,TRA6875_1499,113574.90910077808,0.06419005966067727
76974.72217147412,134.803,-63568.484604451914,62514.89204583668,1828.4522568124864,52.373616311980506,4.901633317054529,5999.0,0.666052,431.3975,3000.0,129.8698,1.828142402526392,TRA6875_1499,115087.62098577993,0.05551283511799821
76933.73447429585,157.2701,-59758.33758541144,59332.52649981224,2170.851778968781,52.34542723944393,4.9583228972291105,7122.0,0.719176,463.9259,3000.0,129.8787,1.836406761436777,TRA6875_1499,117309.39912192823,0.0492897744940383
76892.56627965295,179.7373,-55660.19039071031,55908.52995378543,2513.2513011251353,52.31506745976278,5.019217042525353,8246.0,0.768366,493.6407,3000.0,129.8788,1.8444079721522049,TRA6875_1499,119739.2559260708,0.04369222807418284
76851.21861082329,202.2044,-51298.59482365004,52264.41031911999,2855.6508232815313,52.28272157930116,5.083934038314993,9369.0,0.813472,520.4753,3000.0,129.8769,1.8510786615537282,TRA6875_1499,122354.6105800854,0.038913462792430076
76809.6983119251,224.6716,-46699.02106625344,48421.7142248871,3198.050345437959,52.24857489074831,5.152079802627214,10492.0,0.82,522.4817,3000.0,129.8812,1.845191672474715,TRA6875_1499,120545.64034737986,0.035593693869712464
76768.29829400044,247.1388,-42082.02825486562,44563.875946566644,3540.449867594377,52.214254216432394,5.220378280388932,11616.0,0.82,520.3025,3000.0,129.8874,1.8363870081033604,TRA6875_1499,117878.26345232884,0.033850747516186094
76727.09730685689,269.6059,-37484.84697786428,40721.75483043295,3882.84938975078,52.180034206799725,5.288278981372644,12739.0,0.82,518.1142,3000.0,129.888,1.8267531739602927,TRA6875_1499,115338.58661597322,0.03141055716361879
76686.11237742649,292.0731,-32907.18559183318,36895.8669323982,4225.248911907164,52.14592013133602,5.355787616614862,13862.0,0.82,515.9166,3000.0,129.8827,1.8163530469673002,TRA6875_1499,112922.84471037501,0.02849959978211828
76645.35872005699,314.5402,-28348.73657016715,33086.749430062264,4567.64843406353,52.1119174355582,5.422910133796508,14986.0,0.82,513.7095,3000.0,129.8854,1.805263751232599,TRA6875_1499,110627.79704887903,0.02564709894227784
76604.84938489884,337.0074,-23810.115882736092,29293.83661932898,4910.0479562198725,52.0780215917828,5.48963905053912,16109.0,0.82,511.493,3000.0,129.9028,1.7936023288438627,TRA6875_1499,108455.23272576768,0.023405936008876686
76564.59496898021,359.4746,-19292.37410052304,25516.045429035697,5252.44747837619,52.04422341951802,5.55596054613038,17232.0,0.82,509.2668,3000.0,129.9189,1.7814711355242479,TRA6875_1499,106402.13130856295,0.021996810588467537
76524.6033905218,381.9417,-14795.505173151063,21753.559715656684,5594.847000532476,52.010525189069824,5.621876161817373,18356.0,0.82,507.0308,3000.0,129.9273,1.7689790709991977,TRA6875_1499,104466.05873131522,0.02151158626482646
76484.87972399822,404.4089,-10319.086093363312,18007.063622878602,5937.246522688736,51.976933671892304,5.687393511752696,19479.0,0.82,504.7849,3000.0,129.9354,1.7562697457460164,TRA6875_1499,102648.77453882,0.021322242127594416
76445.42609120776,426.876,-5863.1759025482825,14276.66725868112,6279.64604484496,51.94345045219101,5.752513195997101,20603.0,0.82,502.529,3000.0,129.9424,1.7434503258950607,TRA6875_1499,100947.04404419792,0.004526162938555556
76406.24160211168,449.3432,-1427.7922862120126,10562.532526971028,6622.04556700115,51.91007757370921,5.817236416762733,21726.0,0.82,500.2629,2947.0,129.9514,1.7243435394478661,TRA6875_1499,98583.63768019035,0.0
76367.46005551047,471.8104,2987.294003111297,6864.21294731747,6958.452761263798,51.87681159139116,5.881567962657575,22830.0,0.82,498.0264,2723.0,129.9569,1.681263836574984,TRA6875_1499,93828.71676529688,0.0
76329.60584730121,494.2775,7383.994141811498,3180.57443088339,7269.217467883522,51.843642833666074,5.945537008883466,23849.0,0.82,495.9515,2498.0,129.9543,1.6330149980310888,TRA6875_1499,89241.20504206419,0.0
76292.78428179532,516.7447,11764.198019775487,-488.8981823990747,7554.339686859985,51.81056718045922,6.009172311131628,24785.0,0.82,494.0401,2273.0,129.9568,1.5800427899702145,TRA6875_1499,84813.51964025249,0.0
76257.09405904102,539.2118,16128.951013216172,-4145.759443820786,7813.819418193092,51.777571122484524,6.072490249687649,25636.0,0.817121,490.5657,2049.0,129.9685,1.5217441359308608,TRA6875_1499,80287.07637123916,0.0
76222.70396752637,561.679,20463.767171770072,-7779.046968394212,8047.656661882794,51.74475423020522,6.135282211198424,26403.0,0.813106,486.5899,1824.0,129.9818,1.458673671792187,TRA6875_1499,75793.21843393409,0.0
76189.73824430983,584.1462,24764.04797959576,-11385.083525328211,8255.851417929061,51.71215055746936,6.197483702126501,27086.0,0.809288,482.9132,1599.0,129.9929,1.3919623089719286,TRA6875_1499,71443.62801573152,0.0
76158.27795417597,606.6133,29032.513067801596,-14965.844374820064,8438.40368633189,51.67974307558089,6.259136245548671,27685.0,0.805568,479.4758,1375.0,130.0031,1.322238413577646,TRA6875_1499,67224.09954125078,0.0
76128.39746462666,629.0805,33271.26225804906,-18522.965421362864,8595.313467091275,51.64751775271665,6.32027218207639,28200.0,0.801859,476.2241,1150.0,130.0025,1.2493322663522852,TRA6875_1499,63080.71042035791,0.0
76100.16423213437,651.5476,37482.5284005229,-22056.951271651047,8726.580760207227,51.61547065043706,6.380925715907516,28631.0,0.798069,473.1017,925.0,130.0083,1.1738257176662272,TRA6875_1499,59009.232763122374,0.0
76073.63882580579,674.0148,41666.97681909888,-25569.159030720995,8832.205565679764,51.58359020627726,6.441108129952881,28977.0,0.794112,470.0573,701.0,130.0091,1.0963675023813622,TRA6875_1499,55010.1540891694,0.0
76048.87457475622,696.482,45825.52270970058,-29059.714334954842,8912.187883508916,51.551875885291565,6.5008343755493145,29239.0,0.789872,467.0206,476.0,130.0093,1.0166015552260494,TRA6875_1499,51036.65096465775,0.0
76025.91818264054,718.9491,49958.17060665573,-32528.56170396048,8966.527713694752,51.520328828733454,6.560106210874342,29418.0,0.78518,463.8897,251.0,130.0042,0.9350226081307177,TRA6875_1499,47087.88133735475,0.0
76004.8109701091,741.4163,54064.31241201282,-35974.536766994526,8995.225056237394,51.48896020192222,6.618916705380881,29512.0,0.779777,460.5106,27.0,130.0018,0.8520857362429908,TRA6875_1499,43161.68755771377,0.0
75985.59115953368,763.8834,58141.48270435896,-39395.910223146515,8998.279911137264,51.457786452840516,6.677232279781502,29522.0,0.779071,460.0737,-0.0,130.0061,0.8417835022621847,TRA6875_1499,42679.175191771945,0.0
75966.60314732423,786.3506,62214.6158866923,-42814.418828747795,8998.279910913403,51.4266100482665,6.735410530030617,29522.0,0.77906,460.0672,-0.0,130.0144,0.8416285449516747,TRA6875_1499,42671.71633437595,0.0
75947.61877437659,808.8178,66287.19772245664,-46233.46761647937,8998.279910689518,51.39540011613421,6.793501394838817,29522.0,0.779054,460.0639,-0.0,130.0251,0.8414784173323138,TRA6875_1499,42664.542714926836,0.0
75928.63790510065,831.2849,70359.11218980578,-49653.25056932767,8998.279910465615,51.36415500980621,6.851503286787971,29522.0,0.779056,460.065,-0.0,130.0295,0.8413349165909174,TRA6875_1499,42657.76009739915,0.0
75909.66034472815,853.7521,74430.77178414853,-53073.35708112386,8998.279910241687,51.33287845264738,6.909422348502432,29522.0,0.779039,460.055,-0.0,130.0285,0.8411748901255718,TRA6875_1499,42650.00195503687,0.0
75890.68657011553,876.2192,78502.40285380046,-56493.31803144426,8998.279910017733,51.30157470794426,6.967262060450622,29522.0,0.779022,460.045,-0.0,130.0275,0.8410149134260467,TRA6875_1499,42642.24710203525,0.0
71037.0917266749,0.0,34058.24858335773,101161.12165030558,30.480000043897444,52.32130050575955,4.779960154474253,100.0,0.3,198.3755,2618.0,183.0038,1.8643690697714195,VLG12BR_219,127847.66394123196,0.08199828969290589
70993.56742886966,23.3387,33934.70610315556,98806.74881181879,340.82506542017035,52.30013533349767,4.777904771061254,1118.0,0.359349,236.7864,2851.0,183.0038,1.8419153248339972,VLG12BR_219,118947.68698237304,0.07728566887498703
70950.57364491002,46.6774,33787.06077405506,95993.04333986505,678.8406554166219,52.27484083698451,4.775451013154871,2227.0,0.425263,279.1405,3000.0,199.5067,1.8176571156636538,VLG12BR_219,112583.80740450995,0.07023015583379602
70908.16891034444,70.0161,32676.48562449709,92858.04296080513,1034.522567720689,52.24671465834098,4.758824874464664,3394.0,0.495134,323.6769,3000.0,199.5182,1.7921709355461342,VLG12BR_219,107500.23574307095,0.060907522472812115
70866.39631197907,93.3548,31386.162045649296,89217.96009192197,1390.2044801842483,52.21405416855915,4.73953443714261,4561.0,0.567588,369.514,3000.0,199.5384,1.7864536822671433,VLG12BR_219,106501.71692590878,0.0529751342796
70824.79463232937,116.6935,29910.24259711603,85058.94165449087,1745.8863927500113,52.17673379709975,4.717504488865551,5728.0,0.638666,414.0614,3000.0,199.5637,1.796607632966037,VLG12BR_219,108305.8525065069,0.0475635752623879
70782.98128085634,140.0322,28253.273066988066,80396.2957480916,2101.5683053850435,52.13488944414681,4.692816693978625,6895.0,0.705641,455.5689,3000.0,199.5882,1.8133619434344326,VLG12BR_219,111639.59037719385,0.04478616284847288
70740.7868987452,163.371,26427.230927769568,75264.83112858239,2457.250218066726,52.08883190585611,4.665664028745473,8062.0,0.76703,493.1119,3000.0,199.6024,1.8297790868462955,VLG12BR_219,115508.06346013221,0.04509225964415686
70698.20771431013,186.7097,24448.74863449124,69709.35808813099,2812.932130780403,52.03896172545262,4.6363081380974345,9229.0,0.82,524.922,3000.0,199.6014,1.8419405934043145,VLG12BR_219,119404.57767887675,0.0461518928890365
70655.30132667135,210.0484,22342.33176416083,63794.3246669762,3168.6140435070474,51.98585585236697,4.605125892729568,10396.0,0.82,522.6686,3000.0,199.5831,1.8315188413406593,VLG12BR_219,116431.55459404812,0.04710292031112805
70612.64380899329,233.3871,20246.916039211206,57904.20068967542,3524.29595622201,51.932965379643015,4.574179434950523,11563.0,0.82,520.4056,3000.0,199.5555,1.8199597173264055,VLG12BR_219,113593.9287281908,0.04462700215517676
70570.25992777704,256.7258,18163.460261583015,52038.7719139175,3879.977868923486,51.880288511341426,4.54348138502061,12730.0,0.82,518.1326,3000.0,199.5269,1.8073383404441135,VLG12BR_219,110889.24782996325,0.041137690565570234
70528.17235986871,280.0645,16092.090885071511,46198.122392691526,4235.659781609512,51.827826170622885,4.513032220212145,13897.0,0.82,515.8496,3000.0,199.4987,1.793753952201619,VLG12BR_219,108315.3016286213,0.03517067214620174
70486.40117475195,303.4032,14032.783851800219,40382.39133451326,4591.341694277947,51.775579780317855,4.482830236738105,15063.0,0.82,513.5565,3000.0,199.469,1.7793364808223522,VLG12BR_219,105871.63303465987,0.028441340054483857
70444.96341018309,326.7419,11985.702467925494,34591.65335610171,4947.023606926468,51.72355017600148,4.452876461764781,16230.0,0.82,511.253,3000.0,199.434,1.7641991342632701,VLG12BR_219,103552.94621111022,0.022358040825802353
70403.87274318858,350.0806,9951.397728388261,28825.848283236075,5302.705519552535,51.67173697457562,4.423177542649761,17397.0,0.82,508.9392,3000.0,199.3934,1.7484984925458593,VLG12BR_219,101359.25100198745,0.020324911729007463
70363.13925309268,373.4193,7930.441243120212,23084.91157912239,5658.387432153395,51.62013975939928,4.393740405039692,18564.0,0.82,506.6148,3000.0,199.3513,1.7323880468867878,VLG12BR_219,99288.95004806189,0.018383227362303887
70322.7692692932,396.758,5922.98301169218,17368.929921254523,6014.069344726057,51.56875948428976,4.364565856054187,19731.0,0.82,504.2796,3000.0,199.3183,1.7160253508560634,VLG12BR_219,97340.66682714672,0.016542229161648794
70282.7652938702,420.0967,3928.132871810939,11678.35671997356,6369.751257267306,51.51760040838888,4.335639677616516,20898.0,0.82,501.9337,3000.0,199.3042,1.6995690569225368,VLG12BR_219,95513.28749322188,0.0
70243.1259876258,443.4355,1944.0324677447993,6013.984585934678,6725.4331697737025,51.46666982996989,4.306933738791633,22065.0,0.82,499.5766,3000.0,199.3111,1.6831756367811166,VLG12BR_219,93805.83595965306,0.0
70203.84620759744,466.7742,-31.35295810896951,376.6683606025955,7081.115082241633,51.415975578567036,4.278417480477189,23232.0,0.82,497.2085,3000.0,199.3328,1.6669982219391573,VLG12BR_219,92217.69848079837,0.0
70164.91708424644,490.1129,-1999.4219917332211,-5232.957462684727,7436.796994667369,51.36552342861907,4.250069832639913,24399.0,0.82,494.829,3000.0,199.3563,1.6511840732263479,VLG12BR_219,90748.45135740818,0.0
70126.3261271941,513.4516,-3960.2859472073064,-10814.706831491158,7792.478907047186,51.31531520341948,4.221887950239153,25566.0,0.82,492.4379,2801.0,199.3683,1.60470599846666,VLG12BR_219,86670.64015468788,0.0
70088.76970711951,536.7903,-5913.5246123446805,-16371.049857898759,8124.525214514603,51.265328794356854,4.193876859458778,26655.0,0.819707,490.0201,2567.0,199.3652,1.5486510452433666,VLG12BR_219,82259.99980899153,0.0
70052.46208395272,560.129,-7857.679636707685,-21902.485459054125,8428.900996611805,51.21555983947115,4.1660565002248795,27654.0,0.816095,485.8057,2334.0,199.3522,1.4878499805878898,VLG12BR_219,77775.16633927463,0.0
70017.56951217986,583.4677,-9784.619785826306,-27388.922239595657,8705.606252983307,51.16618928313189,4.138541878971969,28562.0,0.812703,481.9187,2100.0,199.3366,1.4234966805714078,VLG12BR_219,73451.32737144048,0.0
69984.16925303255,606.8064,-11695.383367860475,-32834.04861712724,8954.640983519379,51.117184131609676,4.111316502528506,29379.0,0.809486,478.3307,1867.0,199.32,1.3564103613038054,VLG12BR_219,69285.04816733183,0.0
69952.33054776111,630.1451,-13591.050634686477,-38241.17456445207,9176.005188172952,51.068514777095345,4.084363427495891,30105.0,0.806304,474.9574,1634.0,199.2998,1.2867159447617484,VLG12BR_219,65230.96674589928,0.0
69922.11752170968,653.4838,-15472.118908751887,-43612.73439816178,9369.698866924584,51.020159485896635,4.05767416134574,30740.0,0.80312,471.7768,1400.0,199.2699,1.2144747202568977,VLG12BR_219,61254.28394511297,0.0
69893.58718685801,676.8225,-17338.436987965855,-48951.103455568824,9535.722019771898,50.972097065728484,4.031249569118313,31285.0,0.799839,468.7323,1167.0,199.2299,1.140489213570573,VLG12BR_219,57362.77511877668,0.0
69866.79100680554,700.1612,-19189.610115534317,-54258.01830601969,9674.07464672756,50.924312076840316,4.005094013330785,31739.0,0.79644,465.8114,934.0,199.1835,1.0648105541430266,VLG12BR_219,53529.2763121354,0.0
69841.77317563097,723.4999,-21025.529685932735,-59534.948538579796,9784.75674782224,50.876791472852446,3.9792077909352845,32102.0,0.792828,462.9577,700.0,199.152,0.9873796956979596,VLG12BR_219,49724.42941500521,0.0
69818.57214650615,746.8387,-22847.83572964916,-64782.034325254404,9867.768323115519,50.829534092546425,3.953566257408059,32375.0,0.788905,460.1132,467.0,199.1363,0.9090173282182327,VLG12BR_219,45964.45493069091,0.0
69797.22038198417,770.1774,-24657.979546170427,-69998.74112814739,9923.109372729112,50.78254482798707,3.9281475197076205,32556.0,0.784575,457.2203,233.0,199.1498,0.8293369343480781,VLG12BR_219,42210.2830436055,0.0
69777.74395310805,793.5161,-26458.39781354775,-75183.45774223762,9950.779896981709,50.7358381886963,3.902915692463226,32647.0,0.779583,454.1286,0.0,199.1766,0.7490417845491053,VLG12BR_219,38474.237692179115,0.0
69760.16580212762,816.8548,-28249.4302951205,-80333.38004838489,9950.779898198798,50.68943948352132,3.8778646847773395,32647.0,0.779574,454.1235,0.0,199.2124,0.7488916965282639,VLG12BR_219,38467.05646510237,0.0
69742.5913353575,840.1935,-30043.65939907641,-85482.1242163272,9950.779898920846,50.643045849072934,3.8528177537338077,32647.0,0.779564,454.1175,0.0,199.2423,0.7487405950834622,VLG12BR_219,38459.810041462195,0.0
69725.02058401807,863.5322,-31840.554016179747,-90629.86270299033,9950.779899611876,50.59665575387331,3.827782383111649,32647.0,0.779571,454.1217,0.0,199.2642,0.748601706607279,VLG12BR_219,38453.34320797713,0.0
69707.45314936269,886.8709,-33639.43676743904,-95776.96003670448,9950.779900273148,50.55026595414003,3.802768118020666,32647.0,0.779576,454.1243,0.0,199.277,0.7484609776279465,VLG12BR_219,38446.75783867994,0.0
69689.88908976589,910.2096,-35439.477834006466,-100923.68612380324,9950.779900906507,50.50387407461937,3.7777866190251403,32647.0,0.77958,454.127,0.0,199.2898,0.7483204336206772,VLG12BR_219,38440.18333216469,0.0
