mass,ts,x,y,h,latitude,longitude,altitude,mach,tas,vertical_rate,heading,fuelflow,fid,obj,thrust,cost_grid,max_fuel
77219.99990000269,0.0,91897.63480155761,-43633.09465866531,30.480000304384035,52.32860183807406,4.7088398918974,100.0,0.3,198.3755,2039.0,3.1751,1.8413027583567854,EIN611_1579,fuel,118758.25494187092,0.07048607796785758,False
77178.63631218702,22.4548,92023.7460019643,-41359.74017948138,263.0134193738873,52.34902103511334,4.711322746238434,863.0,0.360541,237.7819,2263.0,3.1751,1.8092452105972496,EIN611_1579,fuel,110772.26422087592,0.06815645412654879,False
77138.00118468175,44.9096,92174.99523468851,-38633.23278301228,521.1611276534551,52.37351036175706,4.714303694487584,1710.0,0.426576,280.5073,2488.0,329.4929,1.793963483646963,EIN611_1579,fuel,107822.33592853739,0.06206657753053409,False
77097.73449841632,67.3644,90538.9983987172,-35856.64458172747,804.9231251432475,52.39875031974839,4.690964543920502,2641.0,0.493673,323.5764,2712.0,295.8107,1.7992362033400222,EIN611_1579,fuel,108796.90938484788,0.0530695923589464,False
77057.37390426836,89.8192,87191.50145095654,-34237.62899533939,1114.299411843236,52.41385461996683,4.642058604741544,3656.0,0.558294,364.6291,2937.0,294.0883,1.816515836286061,EIN611_1579,fuel,112328.76335908714,0.03742770313753752,False
77016.64504815581,112.274,83365.78983184313,-32527.24289626869,1449.2899877531552,52.42983387812542,4.586089942594711,4755.0,0.618107,402.1258,3000.0,294.0668,1.8243163871843429,EIN611_1579,fuel,114137.958035636,0.023050308900547874,False
76975.75576072931,134.7288,79144.30627477852,-30641.81538416693,1791.501193823254,52.44741844898812,4.524283774336679,5878.0,0.674352,436.9636,3000.0,294.058,1.8312894921936884,EIN611_1579,fuel,115904.16789919513,0.014063584029727308,False
76934.72002517384,157.1836,74554.95368776115,-28592.931636889523,2133.71239989342,52.46649122239843,4.4570355505356325,7000.0,0.727014,469.1887,3000.0,294.0568,1.8397473817582326,EIN611_1579,fuel,118285.75959902159,0.008308824866224753,False
76893.49807646254,179.6384,69625.67838420949,-26392.420410777515,2475.923605963635,52.48693302032432,4.384741518057313,8123.0,0.775591,498.5044,3000.0,294.0527,1.8475738605370162,EIN611_1579,fuel,120797.19739776183,0.005998137765560409,False
76852.09962521838,202.0932,64387.14153488631,-24054.29864742463,2818.1348120338826,52.50860497221393,4.307838095802413,9246.0,0.82,524.8891,3000.0,294.0411,1.8539084609524326,EIN611_1579,fuel,123650.03149337045,0.004674808901729309,False
76810.52337454236,224.548,58869.98210558666,-21593.155465146527,3160.346018104151,52.531363644218246,4.2267622361840935,10369.0,0.82,522.7211,3000.0,294.0397,1.8460950470973,EIN611_1579,fuel,120842.96502272022,0.003858215315287126,False
76769.12546195624,247.0028,53375.71544334661,-19142.39234057517,3502.5572241744067,52.55397128875002,4.145939325488905,11491.0,0.82,520.5442,3000.0,294.0551,1.8373988030265072,EIN611_1579,fuel,118165.673298729,0.0032886996869389428,False
76727.92441616846,269.4576,47905.15644311092,-16700.441801696434,3844.7684302446464,52.57644251553697,4.0653827481789495,12614.0,0.82,518.358,3000.0,294.0734,1.8278540942358534,EIN611_1579,fuel,115612.31848680906,0.0028572404781220615,False
76686.93741458318,291.9124,42458.52111344946,-14267.08321698728,4186.97963631487,52.59877990244881,3.9850967656888208,13737.0,0.82,516.1627,3000.0,294.0832,1.8175346194702562,EIN611_1579,fuel,113183.10706541315,0.0025208692619987315,False
76646.17986848851,314.3672,37035.54446905381,-11843.175837500072,4529.19084238508,52.620976357110436,3.9050783801716085,14860.0,0.82,513.9579,3000.0,294.0907,1.8065244228105644,EIN611_1579,fuel,110876.31035073417,0.0022624079262690746,False
76605.66506562532,336.822,31636.222774695936,-9428.996843866289,4871.402048455266,52.64302999487043,3.8253285653782196,15982.0,0.82,511.7436,3000.0,294.1081,1.7949311314661374,EIN611_1579,fuel,108691.93790373715,0.002043879030715062,False
76565.40387496242,359.2769,26261.072540369903,-7023.6637521412795,5213.61325452543,52.664949333887165,3.7458561156994614,17105.0,0.82,509.5198,3000.0,294.1279,1.7828464590990247,EIN611_1579,fuel,106625.59639718529,0.0018614390527513641,False
76525.40451461471,381.7317,20910.291669382554,-4627.011128900856,5555.824460595569,52.68673647617692,3.6666650060052586,18228.0,0.82,507.2861,3000.0,294.136,1.7703969080215216,EIN611_1579,fuel,104677.66094909517,0.0017105343778880766,False
76485.6723807202,404.1865,15583.486445835784,-2240.1977112612285,5898.035666665679,52.70838163942586,3.587750356254648,19351.0,0.82,505.0426,3000.0,294.1324,1.7577061694689395,EIN611_1579,fuel,102847.21054163306,0.0015801849329532625,False
76446.20993276902,426.6413,10280.276171254684,135.6443441369778,6240.24687273576,52.72987526363416,3.5091075372310176,20473.0,0.82,502.7891,3000.0,294.1389,1.744910986303223,EIN611_1579,fuel,101134.61516267368,0.000772125013815404,False
76407.01662930203,449.0961,5001.183337288438,2501.3949864422666,6582.4580788058065,52.75122585828389,3.4307454163234388,21596.0,0.82,500.5254,3000.0,294.1487,1.7321185822099532,EIN611_1579,fuel,99536.9912178526,0.0,False
76368.08890699019,471.5509,-253.54604251310124,4857.31285762653,6924.669284875814,52.77243633053409,3.352668667385999,22719.0,0.82,498.2515,3000.0,294.1464,1.7194655758243613,EIN611_1579,fuel,98055.31601942907,0.0,False
76329.42019574808,494.0057,-5484.304539883326,7202.228227213754,7266.880490945782,52.79349674872173,3.2748725802740273,23841.0,0.82,495.9671,2925.0,294.1413,1.6971066686041019,EIN611_1579,fuel,95579.766959614,0.0,False
76291.21780919236,516.4605,-10691.85188265924,9536.17822833532,7600.587614644504,52.81440809753817,3.1973469797891854,24936.0,0.82,493.7293,2701.0,294.1474,1.6514372432458202,EIN611_1579,fuel,91022.80659854758,0.0,False
76253.98834579268,538.9153,-15877.691447011568,11861.063033223325,7908.680449133342,52.83518802150034,3.120070459400355,25947.0,0.82,491.6543,2476.0,294.1779,1.600909715646928,EIN611_1579,fuel,86614.59433702749,0.0,False
76217.82942971101,561.3701,-21042.47222435162,14179.813436153332,8191.158994411957,52.85586339800881,3.04303410835538,26874.0,0.819761,489.6013,2252.0,294.1929,1.5461364103780806,EIN611_1579,fuel,82344.54522047934,0.0,False
76182.83831455983,583.8249,-26186.981083589624,16491.07740897705,8448.02325048024,52.87642255463718,2.9662271002893505,27717.0,0.815915,485.5692,2027.0,294.1874,1.4861018016959875,EIN611_1579,fuel,77890.46751678908,0.0,False
76149.19447849848,606.2797,-31291.119435858185,18783.618582392206,8679.273217338141,52.896766116887036,2.8899509778173695,28475.0,0.812323,481.8714,1803.0,294.2179,1.4226346543066148,EIN611_1579,fuel,73599.48808246233,0.0,False
76116.9800562636,628.7345,-36356.88707802216,21062.165472619537,8884.908894985623,52.91693754956024,2.8141771612284527,29150.0,0.808828,478.4127,1578.0,294.2451,1.3555431047123445,EIN611_1579,fuel,69404.23087269682,0.0,False
76086.27343671152,651.1893,-41386.85588603251,23327.48079691011,9064.93028342269,52.93694452722902,2.738868677128786,29741.0,0.805423,475.1873,1354.0,294.2569,1.285674484853905,EIN611_1579,fuel,65316.20908388369,0.0,False
76057.14565704782,673.6441,-46384.001532552385,25579.25576537779,9219.337382649333,52.95678495221035,2.6639825500143126,30247.0,0.802021,472.1429,1129.0,294.248,1.2128036800158901,EIN611_1579,fuel,61283.93260240907,0.0,False
76029.66218949809,696.0989,-51350.943672807414,27816.493752973085,9348.13019266557,52.976450460705564,2.5894811607410837,30670.0,0.798552,469.2381,905.0,294.2489,1.1377826130953062,EIN611_1579,fuel,57321.262479617464,0.0,False
76003.88220064546,718.5537,-56288.666882461745,30040.658496956927,9451.308713471411,52.99595488586353,2.5153508729740044,31008.0,0.794976,466.4472,680.0,294.2772,1.060339975196242,EIN611_1579,fuel,53385.65233284542,0.0,False
75979.85750105424,741.0085,-61197.20046177627,32254.596939464645,9528.872945066902,53.015324568912845,2.4415919409773466,31263.0,0.791164,463.694,455.0,294.2777,0.9810161930898161,EIN611_1579,fuel,49477.63738112239,0.0,False
75957.63410865178,763.4633,-66077.91262445715,34456.03560610175,9580.822887452114,53.034539636781,2.368185466737633,31433.0,0.787065,460.9475,231.0,294.2654,0.9004708404205432,EIN611_1579,fuel,45605.78269098165,0.0,False
75937.24986651124,785.9181,-70931.24507513446,36643.87423732776,9607.158540627192,53.053590837950395,2.2951262512589863,31520.0,0.782525,458.1148,6.0,294.2616,0.8182270989795339,EIN611_1579,fuel,41725.59196708207,0.0,False
75918.73648738314,808.3729,-75755.84635118645,38818.36963829175,9607.879904592599,53.07248136055978,2.2224356612192886,31522.0,0.782403,458.0385,-0.0,294.2719,0.8158603546334919,EIN611_1579,fuel,41614.74455937118,0.0,False
75900.27967395374,830.8277,-80579.27574104918,40993.38859652889,9607.879904368978,53.09133245274918,2.1496987683298014,31522.0,0.782418,458.047,-0.0,294.2799,0.8157164660682337,EIN611_1579,fuel,41608.076296010084,0.0,False
75881.82612579105,853.2825,-85402.49113022946,43169.11974367857,9607.87990414533,53.11014561980697,2.076901222223375,31522.0,0.782403,458.0384,-0.0,294.2627,0.8155525272938597,EIN611_1579,fuel,41599.97923876304,0.0,False
75863.37654212717,875.7373,-90226.26898265144,45343.361161521796,9607.879903921665,53.12890086843771,2.0040320315196247,31522.0,0.782388,458.0297,-0.0,294.2455,0.8153885269418855,EIN611_1579,fuel,41591.877538024586,0.0,False
77219.99990001919,0.0,91897.63480168596,-43633.0946586835,30.480000303203276,52.32860183807388,4.708839891899283,100.0,0.3,198.3755,-0.0,3.1751,0.842412228573107,EIN611_1579,pop,42553.27928699857,0.07048607796730492,False
77202.27457542306,21.0447,92016.59128467803,-41488.71531295603,30.480000093559923,52.34786258612787,4.711181820976387,100.0,0.417413,276.0148,210.0,3.1751,0.9554479297863993,EIN611_1579,pop,47813.296310627404,0.07423276465186032,False
77182.17139892776,42.0894,92182.07869874919,-38505.542107208035,52.978266289041194,52.37465726976546,4.71444338655408,174.0,0.530763,350.8789,421.0,331.6081,1.2465108406711054,EIN611_1579,pop,62361.52734086591,0.07849629115382067,False
77155.9773405265,63.1341,90376.37066149674,-35164.826781740114,97.97479889099645,52.40499776854545,4.688756134242243,321.0,0.632524,417.9386,631.0,304.2936,1.5362873376702428,EIN611_1579,pop,80307.38983031923,0.07892366218961712,False
77123.70947736499,84.1788,86640.05346986205,-32616.69102521718,165.46959789962426,52.42851749512063,4.6343523684188455,543.0,0.719828,475.262,842.0,299.5206,1.732559424560375,EIN611_1579,pop,98656.96549797847,0.05797744934023677,False
77087.31647843272,105.2235,82165.65744390544,-30083.076923070475,255.46266331498606,52.45199386427604,4.56899685222235,838.0,0.792216,522.522,1052.0,295.3103,1.830039587474719,EIN611_1579,pop,115584.89391879641,0.031001753073136608,False
77048.85328223219,126.2682,77055.98162621056,-27666.623056103923,367.95399513708657,52.47447128702648,4.494165912885275,1207.0,0.82,540.1572,1263.0,294.0307,1.8542631161436753,EIN611_1579,pop,123681.19433839995,0.013191030724943377,False
77009.85076626114,147.3129,71720.45043792215,-25287.659670319183,502.94359336589736,52.49659427274061,4.415914511666409,1650.0,0.82,539.3272,1473.0,294.2177,1.857525410457877,EIN611_1579,pop,125030.25719489597,0.006422105640891825,False
76970.78329749905,168.3576,66402.10990155503,-22895.530431854648,660.4314580013704,52.51878190306971,4.337841129971403,2167.0,0.82,538.3574,1684.0,294.1613,1.8600831079784486,EIN611_1579,pop,126171.3124979965,0.00489910873617364,False
76931.66560154757,189.4023,61092.29089559543,-20513.512451539616,840.4175890434415,52.54082625415452,4.259813088319905,2757.0,0.82,537.2468,1894.0,294.0508,1.8620219830836695,EIN611_1579,pop,127094.36388277734,0.004035034707083075,False
76892.50960029985,210.4469,55790.245922978575,-18147.258466099505,1042.9019864920233,52.5626767223431,4.181819088794097,3422.0,0.82,535.9947,2104.0,293.9469,1.863474565067226,EIN611_1579,pop,127824.72841010895,0.003405536034412425,False
76853.32498490039,231.4916,50497.780287057416,-15796.77099812805,1267.8846503469942,52.58433324519547,4.103886820847324,4160.0,0.82,534.6,2315.0,293.8253,1.8645672886870983,EIN611_1579,pop,128399.77035003659,0.0029585231071119432,False
76814.11964494083,252.5363,45215.710483881696,-13464.312405111526,1515.365580608168,52.605775592335014,4.026029075659277,4972.0,0.82,533.0616,2525.0,293.7318,1.8653138223855803,EIN611_1579,pop,128808.94376591645,0.002624335951296367,False
76774.89997941125,273.581,39946.74103744674,-11147.909187470368,1785.344777275238,52.62702151846123,3.9482872997845617,5857.0,0.82,531.3783,2736.0,293.6478,1.8658317044703137,EIN611_1579,pop,129103.6208782326,0.0023458080732191716,False
76735.67111062579,294.6257,34692.825027243445,-8847.307526996949,2077.8222403475875,52.648073468520685,3.8706915724647217,6817.0,0.82,529.5487,2946.0,293.5533,1.8661136628738082,EIN611_1579,pop,129273.71960237948,0.002114319335129237,False
76696.43701886108,315.6704,29455.127492937398,-6564.093267645472,2392.797969823365,52.66891746309509,3.7932601596070743,7850.0,0.82,527.5712,3000.0,293.4933,1.8620543433807832,EIN611_1579,pop,127177.13886808115,0.0019331672020973679,False
76657.29158549332,336.7151,24235.212042820123,-4295.140580182576,2713.519119453074,52.68958192287688,3.716017720990894,8903.0,0.82,525.5501,3000.0,293.4446,1.8557673378796975,EIN611_1579,pop,124388.0196343227,0.001775252509339555,False
76618.28169791213,357.7598,19033.516623098734,-2039.360029966751,3034.24026908267,52.71007705647646,3.6389719310839728,9955.0,0.82,523.5211,3000.0,293.399,1.8486721495023295,EIN611_1579,pop,121715.6373150496,0.0016371088677807457,False
76579.42361336962,378.8045,13850.258155651936,203.524352502928,3354.961418712131,52.73040577998833,3.5621270859755847,11007.0,0.82,521.4842,3000.0,293.3923,1.840779958875166,EIN611_1579,pop,119156.08356932312,0.0015208172199329198,False
76540.73303404481,399.8492,8687.050567424649,2437.0201968394204,3675.682568341431,52.75060005796908,3.4855083044639183,12059.0,0.82,519.4393,3000.0,293.3771,1.8321236389953905,EIN611_1579,pop,116707.69592295919,0.0014193603786492306,False
76502.22475965241,420.8939,3543.6442795730645,4660.329818443809,3996.4037179705433,52.77065320202265,3.409112758375066,13112.0,0.82,517.3864,3000.0,293.362,1.8227439500944063,EIN611_1579,pop,114367.2121061107,0.00132954916891218,False
76463.91236936652,441.9386,-1579.8705009411096,6873.438012017212,4317.1248675994375,52.7905655178972,3.3329427162042546,14164.0,0.82,515.3253,3000.0,293.3436,1.8127188998109058,EIN611_1579,pop,112136.70624615127,0.001251665543030815,False
76425.80794038481,462.9833,-6683.530821701624,9076.032077746957,4637.846017228081,52.81033468992375,3.2569986381507965,15216.0,0.82,513.2559,3000.0,293.3434,1.8021160304438102,EIN611_1579,pop,110013.03839032532,0.0011815248277633845,False
76387.92180760833,484.028,-11766.553382217526,11269.697658653839,4958.567166856434,52.829975515920346,3.181293086717387,16268.0,0.82,511.1781,3000.0,293.3213,1.7910202917463507,EIN611_1579,pop,107995.00793591389,0.0011180972581934434,False
76350.26236635908,505.0727,-16829.690836128688,13452.458281029552,5279.2883164844525,52.84947071397463,3.1058158414155517,17320.0,0.82,509.0919,3000.0,293.3066,1.7795246219859442,EIN611_1579,pop,106081.56512064766,0.001063256513294911,False
76312.83591790586,526.1174,-21872.567382085534,15624.949656353034,5600.009466112087,52.86882650528152,3.030573420891274,18373.0,0.82,506.997,3000.0,293.2958,1.767717678107604,EIN611_1579,pop,104270.44480482001,0.0010135407249487953,False
76275.64655586192,547.1621,-26894.941559061026,17787.494019889757,5920.7306157392795,52.88804629773739,2.9555703351142886,19425.0,0.82,504.8935,3000.0,293.2983,1.7557219020217745,EIN611_1579,pop,102563.59959142475,0.0009681381662261632,False
76238.69609025754,568.2068,-31896.22852398583,19941.20874128565,6241.4517653659705,52.90714067856057,2.880816118413544,20477.0,0.82,502.7812,3000.0,293.2802,1.7436322760117555,EIN611_1579,pop,100959.01597186059,0.00048538340459099204,False
76201.98400524042,589.2515,-36877.105754388176,22084.276258190694,6562.172914992012,52.92609377546906,2.806301751268612,21529.0,0.82,500.6599,3000.0,293.3396,1.731554010984521,EIN611_1579,pop,99456.24881746588,0.0,False
76165.50744587173,610.2961,-41834.591683990526,24223.371302855736,6882.894064617372,52.9449663463194,2.7320718113190656,22582.0,0.82,498.5296,3000.0,293.3579,1.7195814328489893,EIN611_1579,pop,98054.11297251799,0.0,False
76129.26122930039,631.3408,-46770.13998035641,26354.867350501634,7203.615214241939,52.96372623262351,2.658105810855696,23634.0,0.82,496.3902,3000.0,293.4069,1.7078374805354517,EIN611_1579,pop,96754.59893266697,0.0,False
76093.23787565867,652.3855,-51682.52452780631,28481.345313515438,7524.336363865582,52.98239730221119,2.5844224755382337,24686.0,0.82,494.2416,3000.0,293.4638,1.6964114868015838,EIN611_1579,pop,95556.86409798103,0.0,False
76057.42765427117,673.4302,-56571.37168138241,30603.401418281537,7845.057513488188,53.00098552838275,2.511028009710058,25738.0,0.82,492.0835,2987.0,293.5172,1.6835526504767806,EIN611_1579,pop,94268.06946256923,0.0,False
76021.85643157476,694.4749,-61436.85141221742,32720.71168016083,8164.384082746051,53.0194885591277,2.43792063607767,26786.0,0.82,489.9254,2777.0,293.5817,1.6404305957057443,EIN611_1579,pop,90142.9507875012,0.0,False
75987.13744538865,715.5196,-66280.39858201149,34834.96690162956,8461.21238560901,53.03792199545792,2.3650792565177183,27760.0,0.82,487.9108,2566.0,293.6139,1.5932463511328474,EIN611_1579,pop,86138.58587371188,0.0,False
75953.34579816346,736.5643,-71104.57512751258,36943.990233832694,8735.542422072213,53.056266455625774,2.2924666259052926,28660.0,0.82,486.0414,2356.0,293.6741,1.5425979210318181,EIN611_1579,pop,82268.01969776794,0.0,False
75920.55242638964,757.609,-75909.72793964599,39050.71832555851,8987.374192134466,53.074548760038,2.220077507595716,29486.0,0.82,484.319,2145.0,293.7118,1.4883696220273648,EIN611_1579,pop,78485.73065818823,0.0,False
75888.82401677471,778.6537,-80698.08271007848,41153.83384606735,9216.70769579583,53.09275717917821,2.147879415634028,30239.0,0.82,482.7452,1935.0,293.718,1.431248438554727,EIN611_1579,pop,74807.48846596379,0.0,False
75858.22301031568,799.6984,-85472.19765345052,43251.30892599736,9423.542933057632,53.110873461283575,2.0758350967705375,30917.0,0.818935,480.6959,1724.0,293.7521,1.3708921785168928,EIN611_1579,pop,71100.439441067,0.0,False
75828.83846944779,820.7431,-90226.26898268002,45343.361161586974,9607.879903925015,53.1289008684383,2.004032031519179,31522.0,0.817869,478.8012,1514.0,293.7863,1.30819536611381,EIN611_1579,pop,67470.30032829757,0.0,False
77219.9999000026,0.0,91659.4921707459,31259.33798629098,30.480000304413434,52.328601836275915,4.708839891842465,100.0,0.3,198.3755,2107.0,3.1751,1.848909466924578,EIN84X_1515,fuel,121262.60162683966,0.07048607756183331,False
77178.69113567457,22.3335,91784.87384046936,33519.541517430065,269.4892855610461,52.348903139082076,4.711304858384931,884.0,0.358055,236.1247,2330.0,3.1751,1.8209989493673566,EIN84X_1515,fuel,113349.07656184968,0.0679605475024043,False
77138.01284177248,44.667,91934.20300016542,36211.43655114017,533.8368352623224,52.37308185067236,4.714243724664105,1751.0,0.421465,277.1064,2553.0,329.6749,1.8056720977095564,EIN84X_1515,fuel,110046.63056373723,0.061461416520551454,False
77097.69633014048,67.0005,90335.986272304,38943.708967267456,823.5226494084785,52.39791478963291,4.691445101230906,2702.0,0.486167,318.5883,2777.0,296.1747,1.807988548026704,EIN84X_1515,fuel,110514.2997883675,0.05264054594490738,False
77057.35362080841,89.3339,87069.05209946766,40549.44583952537,1138.5467279994418,52.4128823561926,4.643721831769465,3735.0,0.548821,358.3414,3000.0,262.6744,1.8214004432819246,EIN84X_1515,fuel,113442.95101566511,0.03742101347800377,False
77016.72868067687,111.6674,83007.52036637734,40027.3085213165,1478.909071034416,52.40881885792803,4.583718349116683,4852.0,0.607156,394.8652,3000.0,248.1404,1.8216666079585018,EIN84X_1515,fuel,113505.42072624678,0.0252501466840571,False
76976.11661687467,134.0009,78817.17504903417,38346.232059347385,1819.2714140702897,52.39432264270337,4.5215533644954045,5969.0,0.66339,429.7203,3000.0,248.1541,1.827609854447422,EIN84X_1515,fuel,114952.71168049371,0.01747478408538749,False
76935.38381674673,156.3344,74254.58382711555,36517.08639609721,2159.633757106244,52.378513033761514,4.453912753486797,7085.0,0.716363,462.1726,3000.0,248.1722,1.835773122632049,EIN84X_1515,fuel,117129.73949018409,0.010942142643639702,False
76894.47418047962,178.6679,69345.30606798544,34550.754481910495,2499.9961001422544,52.36147526362067,4.381187000987062,8202.0,0.765476,491.8615,3000.0,248.1784,1.8437774664118556,EIN84X_1515,fuel,119535.78047184521,0.008416335265644464,False
76853.38635828054,201.0014,64119.27174998165,32458.20645317157,2840.3584431783042,52.34329508997225,4.303830633748951,9319.0,0.810561,518.7082,3000.0,248.1627,1.850505241155897,EIN84X_1515,fuel,122071.99972090189,0.006903469844170757,False
76812.1302767917,223.3349,58607.67867081998,30249.56832672819,3180.7207862143823,52.324051132876804,4.222316060709938,10435.0,0.82,522.5918,3000.0,248.1286,1.8456154758573748,EIN84X_1515,fuel,120684.4908002057,0.005985541408094983,False
76770.9664560179,245.6684,53056.107782955034,28021.070612246236,3521.083129250455,52.30457643289888,4.140281357055179,11552.0,0.82,520.426,3000.0,248.0922,1.8369116933041367,EIN84X_1515,fuel,118026.7837925722,0.005311062897613174,False
76729.9983062078,268.0018,47529.125105685824,25798.36467157526,3861.445472286512,52.28509493994081,4.058681151840604,12669.0,0.82,518.2513,3000.0,248.0698,1.8273780966033677,EIN84X_1515,fuel,115493.59346346467,0.004771187753793882,False
76689.24264644759,290.3353,42026.278414211214,23582.86125791208,4201.8078153225515,52.26562021278246,3.977508316727017,13785.0,0.82,516.0673,3000.0,248.0762,1.817089822014228,EIN84X_1515,fuel,113084.74560515664,0.004246214418430285,False
76648.71454932034,312.6688,36546.54940110964,21377.376062554482,4542.170158358573,52.24617845950683,3.896747478321321,14902.0,0.82,513.8741,3000.0,248.1105,1.8061146509512245,EIN84X_1515,fuel,110795.2204470712,0.0038134569586035024,False
76608.42699573803,335.0023,31088.971558530015,19184.602234393227,4882.532501394575,52.22679473834982,3.8163838532668217,16019.0,0.82,511.6715,3000.0,248.1582,1.79455746299681,EIN84X_1515,fuel,108625.28406140715,0.00342884903651884,False
76568.39059010427,357.3358,25653.148034259102,17005.828818850907,5222.8948444305515,52.20748141103325,3.7364107615263626,17135.0,0.82,509.4593,3000.0,248.1986,1.7825359552545408,EIN84X_1515,fuel,106575.01008408313,0.0030898465817466992,False
76528.61333657127,379.6693,20239.479057336153,14840.364144552328,5563.257187466504,52.18823297663929,3.6568330258387935,18252.0,0.82,507.2375,3000.0,248.2187,1.7701476362618473,EIN84X_1515,fuel,104640.39854145359,0.002815137496609247,False
76489.10047419726,402.0028,14848.84698811329,12686.309118211724,5903.619530502427,52.16903307307872,3.5776625225821626,19369.0,0.82,505.0059,3000.0,248.2291,1.7575233198276041,EIN84X_1515,fuel,102821.98438772047,0.0025931186589979185,False
76449.85436660753,424.3363,9481.72979968511,10542.77502342368,6243.9818735383205,52.149874460230336,3.498905330593949,20486.0,0.82,502.7645,3000.0,248.2535,1.7447877271220316,EIN84X_1515,fuel,101119.05499611395,0.0012336904272905718,False
76410.87444027518,446.6697,4137.713098333774,8411.111577377731,6584.344216574178,52.13077004572432,3.420554526276535,21602.0,0.82,500.5129,3000.0,248.3064,1.7320763497520717,EIN84X_1515,fuel,99532.10277098989,0.0,False
76372.15716468079,469.0032,-1184.1355536825988,6293.979377181843,6924.706559609998,52.11174448870171,3.3425955207142666,22719.0,0.82,498.2512,3000.0,248.3748,1.7194934012707235,EIN84X_1515,fuel,98058.73263136024,0.0,False
76333.69606727645,491.3367,-6484.254945959355,4192.819081223255,7265.068902645785,52.092811426902365,3.2650208788215695,23836.0,0.82,495.9792,3000.0,248.4328,1.7071709271982403,EIN84X_1515,fuel,96700.07946573828,0.0,False
76295.48177626875,513.6702,-11762.123762414265,2106.660096316777,7605.431245681523,52.07396287844213,3.1878372110959767,24952.0,0.82,493.6968,3000.0,248.4695,1.6952367718268317,EIN84X_1515,fuel,95457.22853848123,0.0,False
76257.50208464125,536.0037,-17016.830888019045,33.53925322888498,7945.7935887172225,52.05518195498345,3.1110568703035852,26069.0,0.82,491.4037,2901.0,248.502,1.6692999108605142,EIN84X_1515,fuel,92851.19328007141,0.0,False
76220.05562029907,558.3372,-22249.128032685396,-2027.3015686996582,8274.91289167431,52.036462546114464,3.034667942214366,27149.0,0.82,489.1762,2678.0,248.5367,1.6218761127398507,EIN84X_1515,fuel,88520.31949291247,0.0,False
76183.60204847674,580.6707,-27461.003946786455,-4076.4618034354235,8578.693930186782,52.01779987098224,2.9586405006553336,28145.0,0.82,487.1111,2454.0,248.5827,1.5699821173969233,EIN84X_1515,fuel,84319.39191326307,0.0,False
76148.22952931898,603.0041,-32654.507935658596,-6113.584534618437,8857.136704254246,51.99919766623812,2.8829437340707016,29059.0,0.82,485.2105,2231.0,248.613,1.514271368598203,EIN84X_1515,fuel,80258.10728061429,0.0,False
76114.02091121793,625.3376,-37830.74601248197,-8140.771793064703,9110.241213876567,51.98063753922689,2.80756090864348,29889.0,0.816995,481.7046,2008.0,248.6363,1.4544692367296996,EIN84X_1515,fuel,76067.51749695031,0.0,False
76081.13169609231,647.6711,-42972.20947609162,-10151.932873736081,9338.007459053704,51.962176174200884,2.732746087717475,30637.0,0.81363,478.1672,1784.0,248.6557,1.39097116390777,EIN84X_1515,fuel,71935.44111330385,0.0,False
76049.65260529761,670.0046,-48078.32804430067,-12147.270362763755,9540.435439785622,51.94381283006836,2.658506326407677,31301.0,0.810383,474.8791,1561.0,248.6816,1.3246205658909627,EIN84X_1515,fuel,67910.53892406248,0.0,False
76019.65697744026,692.3381,-53151.886438325564,-14127.24439714974,9717.525156072315,51.92554413936638,2.5847998011489417,31882.0,0.807208,471.8135,1338.0,248.7082,1.2554306487795324,EIN84X_1515,fuel,63956.33099840548,0.0,False
75991.21350223963,714.6716,-58195.17996375568,-16092.708717033594,9869.276607913784,51.90736313641799,2.51159199052725,32380.0,0.804061,468.9423,1114.0,248.7265,1.1833562757340994,EIN84X_1515,fuel,60039.59992760727,0.0,False
75964.38601812311,737.0051,-63209.88959675915,-18045.19393796294,9995.689795310052,51.88925674843223,2.4388575601055233,32794.0,0.800901,466.2418,891.0,248.733,1.1092614037498774,EIN84X_1515,fuel,56177.680589747935,0.0,False
75939.23284020492,759.3386,-68197.33477863931,-19986.40729799,10096.764718261167,51.87121029226264,2.366576609916258,33126.0,0.797675,463.6802,668.0,248.7408,1.0331107029231452,EIN84X_1515,fuel,52342.42940353204,0.0,False
75915.80644835609,781.672,-73158.93222475167,-21916.781116165945,10172.501376767204,51.85322048365869,2.294727685590762,33374.0,0.79436,461.2421,444.0,248.7507,0.9548737675861135,EIN84X_1515,fuel,48510.01737688564,0.0,False
75894.15195942622,804.0055,-78095.95783676636,-23836.619690786236,10222.899770828339,51.83528515355591,2.2232914144741467,33540.0,0.790889,458.8875,221.0,248.7603,0.8754937281505262,EIN84X_1515,fuel,44703.62234275551,0.0,False
75874.30725288393,826.339,-83009.1793791985,-25746.25336869676,10247.959900445083,51.81740192447087,2.1522558721560694,33622.0,0.787239,456.6022,-0.0,248.7614,0.7956893711958224,EIN84X_1515,fuel,40935.85816795059,0.0,False
75856.28174026139,848.6725,-87898.9239488373,-27646.65014656901,10247.959900222766,51.79956272348199,2.081615743786307,33622.0,0.787225,456.5938,-0.0,248.7581,0.795518186327838,EIN84X_1515,fuel,40927.094049342675,0.0,False
75838.26050304888,871.006,-92788.46840893464,-29547.295437822264,10247.959900000433,51.78167905236896,2.011034517606147,33622.0,0.78721,456.5854,-0.0,248.7548,0.795347064710187,EIN84X_1515,fuel,40918.33436893433,0.0,False
77219.999900043,0.0,91659.49217100712,31259.338185887333,30.480000301716853,52.328601838070504,4.708839891900975,100.0,0.3,198.3755,74.0,3.1751,0.9027220822211419,EIN84X_1515,pop,45343.28608271176,0.07048607796606522,False
77200.93246068759,21.1148,91778.83880788655,33410.750674392126,38.46058352348939,52.34792597358148,4.711186157105414,126.0,0.415587,274.7828,286.0,3.1751,0.9969530541097478,EIN84X_1515,pop,49782.941831068514,0.07403005465391574,False
77179.89903478183,42.2296,91944.12486203718,36390.29407483662,69.08960564805382,52.37468835343964,4.714439111032963,227.0,0.527745,348.8203,497.0,331.5029,1.2688724412349472,EIN84X_1515,pop,63576.87352212219,0.07805850545453584,False
77153.15211751743,63.3444,90137.05233865239,39718.91195294335,122.36706667607184,52.404917759219884,4.688723182573875,401.0,0.628817,415.3747,708.0,299.8307,1.5448465233296411,EIN84X_1515,pop,80944.66204737905,0.07821973877565828,False
77120.60408733384,84.4593,86225.16529635637,41962.05400166634,198.292966607708,52.42571757834001,4.631647494106791,651.0,0.715799,472.4263,919.0,268.3417,1.7338461910801455,EIN84X_1515,pop,98819.49914163962,0.05809228399267256,False
77084.06670647778,105.5741,81099.44860072248,41813.663565524446,296.867305442947,52.425167501484744,4.5560277298338585,974.0,0.788129,519.5827,1130.0,259.4349,1.829290545249698,EIN84X_1515,pop,115384.89756344113,0.03725687109381065,False
77045.49529680081,126.6889,75556.31972353687,40779.78793259722,418.090083181695,52.41666494007874,4.474053925523986,1372.0,0.82,539.8491,1341.0,253.6084,1.8555035497147354,EIN84X_1515,pop,124181.70617623921,0.018355722453350824,False
77006.33789200816,147.8037,69936.91631832204,39126.80009796425,561.9612998238514,52.402548453994704,4.390857546921324,1844.0,0.82,538.964,1552.0,251.8455,1.8585005757387385,EIN84X_1515,pop,125456.20061547753,0.009024717079914644,False
76967.12089603332,168.9185,64381.45904706758,37305.151086196754,728.4809553692686,52.386849525739336,4.308624107752681,2390.0,0.82,537.9378,1764.0,250.539,1.8608454937128462,EIN84X_1515,pop,126528.0646222818,0.006157793322437903,False
76927.85805845908,190.0333,58880.8740895856,35361.503428858305,917.6490498177535,52.369990686734745,4.227235888253822,3011.0,0.82,536.7696,1975.0,249.813,1.8626035363521924,EIN84X_1515,pop,127382.81414587909,0.00542789976960878,False
76888.56052169755,211.1481,53418.73229455811,33353.23467631612,1129.4655831690538,52.3524911946742,4.146465503593049,3706.0,0.82,535.4585,2186.0,249.2013,1.863915946536715,EIN84X_1515,pop,128054.44958844308,0.004875144614699188,False
76849.23734529488,232.2629,47993.20665411445,31292.412086825672,1363.9305554228126,52.33446093403785,4.066290457375111,4475.0,0.82,534.0035,2397.0,248.9663,1.8648656651971718,EIN84X_1515,pop,128561.9917413759,0.004378867736492821,False
76809.89589396087,253.3778,42592.57466106358,29215.654344912822,1621.043966578461,52.3162312729263,3.9865450006177006,5318.0,0.82,532.4034,2608.0,248.2726,1.8655206696362374,EIN84X_1515,pop,128925.89806347135,0.003933052912731303,False
76770.54211369963,274.4926,37235.35488059341,27080.794600777885,1900.8058166349015,52.297422564857,3.9074971970005326,6236.0,0.82,530.6568,2819.0,247.9471,1.8659341442245856,EIN84X_1515,pop,129165.66881439151,0.003589058907328773,False
76731.18071628363,295.6074,31909.756964596356,24923.3953828562,2203.216105588917,52.27835664931612,3.828979224755347,7228.0,0.82,528.7623,3000.0,247.7382,1.865400239304771,EIN84X_1515,pop,128887.51214483083,0.0032774658664519478,False
76691.83209984585,316.7222,26612.75284163239,22755.05854827092,2525.0058573710635,52.25913900757288,3.750948084793675,8284.0,0.82,526.739,3000.0,247.2298,1.8595793700687788,EIN84X_1515,pop,126021.5595860596,0.002985622430954153,False
76652.61013494656,337.837,21355.532358986493,20548.34480199436,2846.7956091530805,52.239523347315306,3.673566426650993,9340.0,0.82,524.7079,3000.0,247.1334,1.8529387628595284,EIN84X_1515,pop,123272.14654522052,0.002757463972450229,False
76613.53139235936,358.9518,16122.433816020484,18341.390364620154,3168.585360934946,52.21985431132645,3.596607283012036,10396.0,0.82,522.6688,3000.0,246.8953,1.8454839487895285,EIN84X_1515,pop,120637.40775046292,0.0025520837208419557,False
76574.61209623501,380.0666,10918.996578794426,16121.429849142583,3490.3751127166333,52.20001775651631,3.5201511278475044,11451.0,0.82,520.6218,3000.0,246.8882,1.8372453308167136,EIN84X_1515,pop,118117.51611637112,0.002367674731698413,False
76535.86775825103,401.1814,5736.358801258951,13909.583335984162,3812.1648644981105,52.18020463033361,3.4440684315889625,12507.0,0.82,518.5667,3000.0,246.5398,1.8282495909962733,EIN84X_1515,pop,115706.99481810867,0.0022201871431302696,False
76497.31283590062,422.2963,587.8183277832097,11675.182763364524,4133.9546162793495,52.16013977235516,3.368553362645979,13563.0,0.82,516.5034,3000.0,246.5807,1.8185584842301676,EIN84X_1515,pop,113406.27198967276,0.0020900167770636713,False
76458.96042418224,443.4111,-4541.674518851016,9453.396613817487,4455.744368060316,52.140140354315676,3.2933853421311774,14619.0,0.82,514.4319,3000.0,246.4101,1.808240978431898,EIN84X_1515,pop,111213.95896547579,0.001971938711354837,False
76420.82198692638,464.5259,-9643.832630345425,7225.386552403775,4777.534119840977,52.12003770817913,3.2186854159994405,15674.0,0.82,512.352,3000.0,246.3932,1.797386475795219,EIN84X_1515,pop,109130.26759731796,0.0018753268844776926,False
76382.90713118295,485.6407,-14724.5574842591,5004.959364452791,5099.323871621291,52.09995669741109,3.1443663800771477,16730.0,0.82,510.2636,3000.0,246.3239,1.7860667154530447,EIN84X_1515,pop,107150.91862925734,0.0017884278908080458,False
76345.22342563758,506.7555,-19781.73799086379,2787.5277394104874,5421.113623401224,52.0798568238277,3.07045865963692,17786.0,0.82,508.1666,3000.0,246.2256,1.7743870945883993,EIN84X_1515,pop,105276.5002750588,0.0017086063146125154,False
76307.77626201171,527.8703,-24814.18171680913,570.6372088305442,5742.903375180733,52.059716792607645,2.9969793064579013,18842.0,0.82,506.0609,3000.0,246.316,1.762449381687426,EIN84X_1515,pop,103506.14473761953,0.0016419636129543788,False
76270.56875684943,548.9851,-29829.092536028085,-1629.0852255706252,6064.693126959779,52.03968649186699,2.923821058816715,19897.0,0.82,503.9464,3000.0,245.996,1.7503686428540155,EIN84X_1515,pop,101840.32531668589,0.0015790471970294994,False
76233.60168999039,570.0999,-34810.57947551648,-3847.3983371902045,6386.482878738121,52.019445891737774,2.85121873277137,20953.0,0.82,501.823,3000.0,246.0939,1.7382309048818323,EIN84X_1515,pop,100276.06033873014,7.152496389420965e-05,False
76196.87347532698,591.2148,-39774.67983459119,-6047.818464071479,6708.272630515703,51.99932290957976,2.778933991799529,22009.0,0.82,499.6906,3000.0,246.0953,1.726152390251464,EIN84X_1515,pop,98814.26809038175,0.0,False
76160.38015909,612.3296,-44717.577748447366,-8238.689817910818,7030.06238229262,51.97924334969777,2.7070225539029757,23065.0,0.82,497.5491,3000.0,246.1368,1.7142379060446007,EIN84X_1515,pop,97454.80593424478,0.0,False
76124.11544083814,633.4444,-49640.703725729734,-10416.533637051538,7351.852134068823,51.959239001039556,2.6354622369329817,24120.0,0.82,495.3983,3000.0,246.0094,1.7025996975022435,EIN84X_1515,pop,96198.58029898303,0.0,False
76088.07071248101,654.5592,-54537.54575541808,-12595.782885220748,7673.641885844257,51.93918130577966,2.5643494157087634,25176.0,0.82,493.2381,3000.0,245.9883,1.691316730659649,EIN84X_1515,pop,95044.15622681133,0.0,False
76052.23511099264,675.674,-59412.06440002567,-14767.250877712793,7995.431637618872,51.919153212957866,2.49362431576262,26232.0,0.82,491.0684,3000.0,246.1066,1.6804942227661461,EIN84X_1515,pop,93993.06068839194,0.0,False
76016.59558092417,696.7888,-64269.42253714725,-16919.062520567786,8317.221389392642,51.89926155981081,2.4232087240862534,27287.0,0.82,488.8891,3000.0,246.0613,1.6702317728023706,EIN84X_1515,pop,93046.76691162893,0.0,False
75981.13694337211,717.9036,-69103.35243977954,-19065.07261417576,8639.011141165542,51.87938304932549,2.353195598776092,28343.0,0.82,486.7,3000.0,246.043,1.6605968932553867,EIN84X_1515,pop,92205.27244153206,0.0,False
75945.84196866672,739.0185,-73914.77882273772,-21202.929031594627,8960.800892934538,51.859539380600864,2.2835702911893856,29399.0,0.819571,484.2473,3000.0,246.1156,1.6517030016810785,EIN84X_1515,pop,91442.80026609011,0.0,False
75910.6973753536,760.1333,-78704.46070197334,-23323.85957699967,9282.590644702725,51.8398099670134,2.214318989255188,30455.0,0.816787,480.4021,3000.0,246.1621,1.6439350282903353,EIN84X_1515,pop,90654.88081279499,0.0,False
75875.71128529386,781.2481,-83457.5726475571,-25423.98460239835,9604.38039647031,51.82023253368742,2.1456553186676053,31510.0,0.811031,474.8218,3000.0,246.249,1.6379961713003264,EIN84X_1515,pop,89884.84920891939,0.0,False
75840.88249846215,802.3629,-88158.30088879005,-27492.454294821877,9926.170148237945,51.80090812667937,2.07780490241919,32566.0,0.803762,468.3808,3000.0,246.0686,1.634252972772492,EIN84X_1515,pop,89294.18477130233,0.0,False
75806.17291578166,823.4777,-92788.46840905046,-29547.295438080255,10247.959900006555,51.78167905236661,2.011034517604533,33622.0,0.796493,461.9693,3000.0,245.8883,1.6326008342958365,EIN84X_1515,pop,88953.80690735104,0.0,False
64355.802741011255,0.0,94220.31626002389,-39433.21079940374,30.480000284298782,52.30459976287361,4.777520178310082,100.0,0.3,198.3755,3000.0,237.9631,1.8621154148027856,EZY16MH_978,fuel,126707.75411517525,0.048638370851160184,False
64314.2534572222,22.3071,92315.41973176308,-40625.228197715405,370.4394860353401,52.294207568564254,4.7491794671216585,1215.0,0.363524,239.4565,3000.0,237.9631,1.8113974520119596,EZY16MH_978,fuel,111221.3370452676,0.04806406185201584,False
64273.84700926485,44.6141,90008.14100145013,-42069.042257158624,710.398971797655,52.281611021360234,4.714870065180299,2331.0,0.4407,289.1687,3000.0,271.4237,1.7594532085849979,EZY16MH_978,fuel,102274.03488128076,0.04053732190337326,False
64234.64088607832,66.9212,86714.52095513727,-41987.18447068235,1050.358457564754,52.282880105768655,4.666482766207994,3446.0,0.524773,342.9894,3000.0,294.9719,1.741841811260893,EZY16MH_978,fuel,99851.40898709933,0.03513810182167239,False
64195.87971373909,89.2282,83166.70465375052,-40334.93114817913,1390.317943336281,52.298288627955685,4.614746928079755,4561.0,0.609007,396.478,3000.0,294.9753,1.758631361616005,EZY16MH_978,fuel,102155.88047418647,0.027381832377692504,False
64156.78139945451,111.5353,79061.95319215175,-38423.003881213495,1730.2774291110904,52.31609047626532,4.554844778213766,5677.0,0.68851,446.4583,3000.0,294.9774,1.7898450011607892,EZY16MH_978,fuel,107088.85464525975,0.02014096253418862,False
64116.99905253549,133.8423,74437.17938579187,-36268.6563352096,2070.2369148880584,52.33611308696824,4.487296085245637,6792.0,0.760543,491.1957,3000.0,294.9908,1.8193316139214393,EZY16MH_978,fuel,112963.73602652605,0.014328918558523128,False
64076.55144236278,156.1494,69347.6682599347,-33896.3735447903,2410.1964006664143,52.358116192421825,4.412889156268445,7907.0,0.82,527.4618,3000.0,294.9988,1.8390423770574709,EZY16MH_978,fuel,118437.99981238674,0.009430906273388594,False
64035.619988089915,178.4564,63881.51092970079,-31347.605919130903,2750.155886445378,52.381703841400466,4.3328934823315235,9023.0,0.82,525.3187,3000.0,294.9972,1.8278666671883448,EZY16MH_978,fuel,115391.22430819648,0.006593489807603656,False
63994.946155290025,200.7635,58437.652980515406,-28809.421869265403,3090.1153722239233,52.40513985817316,4.253139218130543,10138.0,0.82,523.1668,3000.0,295.0186,1.8154128239345952,EZY16MH_978,fuel,112470.78298596223,0.005253419159929566,False
63954.55737529049,223.0705,53017.20377586371,-26279.68406136391,3430.074858001983,52.42844391185914,4.173644148396175,11254.0,0.82,521.006,3000.0,295.0194,1.8017208329704817,EZY16MH_978,fuel,109670.0875658432,0.004320871323271543,False
63914.479466382814,245.3776,47619.34180991008,-23760.397552993476,3770.0343437794872,52.4515986340816,4.094396864531187,12369.0,0.82,518.8362,3000.0,294.9976,1.7868951395554704,EZY16MH_978,fuel,106990.90314161833,0.0036339958683015345,False
63874.736112892715,267.6846,42243.17253491132,-21253.72692396624,4109.9938295563525,52.47458519379728,4.015384958004403,13484.0,0.82,516.6574,3000.0,295.0001,1.7710309679188305,EZY16MH_978,fuel,104429.0263891533,0.0031405526753543805,False
63835.34842769698,289.9917,36889.86268575946,-18757.421089524054,4449.953315332495,52.4974242933053,3.936627068238385,14600.0,0.82,514.4692,3000.0,294.9921,1.7542372254809824,EZY16MH_978,fuel,101980.6248122524,0.002762613901749118,False
63796.33460273189,312.2987,31559.047286780806,-16272.51629681939,4789.9128011078155,52.520107207460605,3.8581187705250786,15715.0,0.82,512.2718,3000.0,294.975,1.736675571695236,EZY16MH_978,fuel,99647.33887754325,0.0024522971354802316,False
63757.70964679847,334.6058,26250.43650355281,-13799.891836248946,5129.872286882209,52.54262660406427,3.7798568144480527,16830.0,0.82,510.0648,3000.0,294.9752,1.7184782878634566,EZY16MH_978,fuel,97425.49253476974,0.002206205639713189,False
63719.48520591372,356.9128,20964.88128889006,-11337.981646947164,5469.831772655548,52.564997086345265,3.7018550257214153,17946.0,0.82,507.8483,3000.0,294.957,1.6997818458159495,EZY16MH_978,fuel,95311.96888042707,0.0020025451954409274,False
63681.66945858602,379.2199,15701.69518436756,-8888.523925006455,5809.791258427699,52.58720361949113,3.624104236668359,19061.0,0.819515,505.3229,3000.0,294.9416,1.6804559406853166,EZY16MH_978,fuel,93258.05494368321,0.0018311278104809674,False
63644.27775077517,401.5269,10464.217952488065,-6452.744552574313,6149.750744198488,52.60923567092926,3.5466550085332345,20176.0,0.819285,502.9472,3000.0,294.9495,1.6611358743350648,EZY16MH_978,fuel,91341.45969419161,0.001388906380910042,False
63607.30562085132,423.834,5251.887221097851,-4027.7837475730425,6489.710229967757,52.63111961778969,3.469500321125814,21292.0,0.819312,500.7195,3000.0,294.9393,1.641941526231242,EZY16MH_978,fuel,89554.99443402389,0.0,False
63570.74513135593,446.1411,62.399663013530464,-1614.5726440711064,6829.669715735273,52.652847729477216,3.3926071330810874,22407.0,0.819554,498.6127,3000.0,294.9317,1.6229999617512625,EZY16MH_978,fuel,87892.59181929621,0.0,False
63534.5859748265,468.4481,-5105.392085594602,787.7078329671929,7169.629201500896,52.67442778189122,3.3159595248051756,23522.0,0.819911,496.5637,3000.0,294.9411,1.6043559071502747,EZY16MH_978,fuel,86340.93288411474,0.0,False
63498.81693253811,490.7552,-10251.369156906778,3180.882554794784,7509.588687264381,52.69587687438209,3.2395601515026464,24638.0,0.816435,492.1916,2789.0,294.9298,1.5508661718941597,EZY16MH_978,fuel,81978.04241888257,0.0,False
63464.242032330425,513.0622,-15354.328497191287,5552.827475082052,7825.596384397218,52.717087105921095,3.163725403450388,25675.0,0.813096,488.0707,2566.0,294.9172,1.4923803634946147,EZY16MH_978,fuel,77677.53618007005,0.0,False
63430.96879290651,535.3693,-20416.97423211094,7904.677693158661,8116.325763011902,52.73806972202045,3.0884170051430186,26628.0,0.809989,484.2655,2342.0,294.9152,1.4310824070077426,EZY16MH_978,fuel,73557.38577643721,0.0,False
63399.053091450165,557.6763,-25442.07165212852,10238.869814962969,8381.776823093565,52.75884756243683,3.01359550815258,27499.0,0.807041,480.7313,2119.0,294.8877,1.3677337138728949,EZY16MH_978,fuel,69610.11554861972,0.0,False
63368.54291694838,579.9834,-30433.388180625967,12554.455116291196,8621.949564637524,52.77941285755479,2.939206639254287,28287.0,0.804105,477.3797,1896.0,294.8532,1.3024872639524931,EZY16MH_978,fuel,65794.33257084187,0.0,False
63339.480991957455,602.2904,-35393.00081015279,14851.705528638742,8836.843987641705,52.79976878297432,2.865221078165212,28992.0,0.801089,474.1561,1673.0,294.8512,1.2356400784565755,EZY16MH_978,fuel,62087.8946375555,0.0,False
63311.90446932347,624.5975,-40320.839606612775,17134.028076892788,9026.460092105177,52.81994678913092,2.7916409792859116,29614.0,0.798048,471.0929,1450.0,294.8114,1.1675295905284067,EZY16MH_978,fuel,58478.95128185127,0.0,False
63285.84256819307,646.9045,-45219.971927197796,19398.928876390004,9190.79787802769,52.83992499597115,2.718422395914803,30154.0,0.794751,468.0536,1227.0,294.7797,1.0982739831602824,EZY16MH_978,fuel,54942.9019924144,0.0,False
63261.32311360286,669.2116,-50090.21364030141,21647.19995622568,9329.85734540952,52.85971126217733,2.645569362830173,30610.0,0.791213,465.0467,1004.0,294.7659,1.0281436125962296,EZY16MH_978,fuel,51471.53638059187,0.0,False
63238.367810384654,691.5186,-54931.084517633695,23880.500158039653,9443.638494251532,52.879321276067344,2.5730901277866836,30983.0,0.787276,461.9799,781.0,294.7356,0.9572231287819377,EZY16MH_978,fuel,48048.051146362166,0.0,False
63216.99612540909,713.8257,-59742.48998382767,26097.118448165817,9532.141324555409,52.89874039431803,2.500987715451481,31273.0,0.782776,458.7565,558.0,294.7085,0.8855637145610367,EZY16MH_978,fuel,44657.52855079872,0.0,False
63197.225732476945,736.1327,-64522.546785297614,28296.555706879524,9595.365836324327,52.917965088686095,2.429291680977749,31481.0,0.777345,455.1594,335.0,294.7072,0.8129955980421955,EZY16MH_978,fuel,41276.41317527338,0.0,False
63179.077116009335,758.4398,-69266.2481513105,30479.14062995037,9633.312029565037,52.93699974349573,2.358078073532519,31605.0,0.770534,450.9249,112.0,294.6818,0.7392386590256395,EZY16MH_978,fuel,37879.43267733714,0.0,False
63162.575872904454,780.7468,-73967.7415462509,32639.77718545422,9645.97990429836,52.95580025522738,2.2874369065331104,31647.0,0.766299,448.3644,-0.0,294.6766,0.7012589926725181,EZY16MH_978,fuel,36141.49022771,0.0,False
63146.91998238883,803.0539,-78643.1726127284,34787.926935207106,9645.979904116246,52.974450394783794,2.2171265832183145,31647.0,0.76628,448.3535,-0.0,294.6774,0.7011277920282648,EZY16MH_978,fuel,36135.439950555905,0.0,False
63131.26706722916,825.3609,-83318.46271866068,36936.08378100838,9645.979903932206,52.993059099973074,2.1467577156874165,31647.0,0.766223,448.3199,-0.0,294.6679,0.7009629721771977,EZY16MH_978,fuel,36127.75556607461,0.0,False
63115.61793400229,847.668,-87993.75703649,39083.305861523215,9645.979903746362,53.01161781810171,2.0763284365904755,31647.0,0.766179,448.2947,-0.0,294.6649,0.7008106428474521,EZY16MH_978,fuel,36120.679341634495,0.0,False
63099.972280733506,869.9751,-92668.90022102902,41230.16428477852,9645.979903558915,53.03013164763816,2.00584098807679,31647.0,0.766136,448.2695,-0.0,294.6619,0.700658348874456,EZY16MH_978,fuel,36113.60562696698,0.0,False
64355.80275965125,0.0,94220.31632904663,-39433.21091635837,30.480000078658463,52.30459976181012,4.777520179292076,100.0,0.3,198.3755,1695.0,237.9631,1.617949550392931,EZY16MH_978,pop,86832.14309301694,0.04863837052897039,False
64320.58196935932,21.7563,92346.81334545393,-40605.58337909343,217.77301015814504,52.294378890508064,4.749646427441792,714.0,0.402198,265.3912,1912.0,237.9631,1.5438133205909417,EZY16MH_978,pop,80867.23619486624,0.05054139292258426,False
64287.03230453488,43.5126,89838.19050885484,-42175.39157196719,429.1115283098112,52.28068278120098,4.712343663404878,1408.0,0.509248,335.2224,2130.0,270.5976,1.6038439652009766,EZY16MH_978,pop,85625.21072701139,0.047457419775345316,False
64252.245279517345,65.2689,86098.85590052938,-42136.39026783524,664.495555111593,52.28163595250821,4.657395252311583,2180.0,0.610267,400.6417,2347.0,285.5916,1.7101071105162864,EZY16MH_978,pop,95960.76240989039,0.04157956250951728,False
64215.17782384525,87.0252,81793.36334508624,-40934.95817553125,923.9250906146034,52.293100915167244,4.594407262339211,3031.0,0.699442,457.8199,2565.0,290.5567,1.7956703797244289,EZY16MH_978,pop,108133.29283186683,0.028854899305411637,False
64176.24114345802,108.7815,77010.71571346428,-39141.40293195562,1207.4001345804293,52.30992417148517,4.524506234148117,3961.0,0.774717,505.432,2782.0,294.655,1.844347803197612,EZY16MH_978,pop,119719.74009480307,0.019471365835730323,False
64136.214256185405,130.5378,71886.2044546842,-36789.26135156382,1514.9206861927196,52.33177412439441,4.449642461060223,4970.0,0.82,533.0644,3000.0,296.0577,1.862099592819691,EZY16MH_978,pop,127037.95681879102,0.012084463409445266,False
64095.76459451139,152.2941,66545.05666412372,-34177.54879171309,1846.4867407390802,52.355937322043815,4.371567148522342,6058.0,0.82,530.9963,3000.0,296.0553,1.8545763223560607,EZY16MH_978,pop,123734.72517971728,0.008415828161673775,False
64055.48792868221,174.0504,61224.66467807177,-31576.265444657518,2178.0527982908197,52.379952888168035,4.293710346206334,7146.0,0.82,528.9202,3000.0,295.9294,1.8458124466921355,EZY16MH_978,pop,120556.10296569625,0.0060857735906967485,False
64015.410918508205,195.8067,55919.54187135902,-28996.87371844083,2509.6188557970454,52.40371880940284,4.215990273075282,8234.0,0.82,526.8359,3000.0,295.9278,1.835789552865187,EZY16MH_978,pop,117499.61381080482,0.00486167567955196,False
63975.56030285486,217.563,50635.401216430066,-26427.867888393157,2841.1849132269335,52.42733835623097,4.138494360564992,9321.0,0.82,524.7433,3000.0,295.8309,1.8245263010447996,EZY16MH_978,pop,114565.02623792496,0.004096716779676912,False
63935.962305865054,239.3193,45368.079791023614,-23878.043944957786,3172.750970557876,52.45073328202456,4.061160993603598,10409.0,0.82,522.6424,3000.0,295.7246,1.812041568039848,EZY16MH_978,pop,111745.74929031525,0.00348969181369383,False
63896.642075845324,261.0756,40117.29915561828,-21348.236927729784,3504.3170277683857,52.47389648127674,3.983987287155461,11497.0,0.82,520.5329,3000.0,295.676,1.7984043258289113,EZY16MH_978,pop,109041.7698491904,0.003013911080946174,False
63857.62317623511,282.8319,34885.729977967254,-18833.15275859465,3835.8830848368752,52.49687576786728,3.9070146066834615,12585.0,0.82,518.4149,3000.0,295.6376,1.7836975537672826,EZY16MH_978,pop,106451.0487754654,0.0026739732547600716,False
63818.9271421046,304.5882,29673.928355466895,-16331.866733737508,4167.449141740524,52.51967988249469,3.830252421970482,13673.0,0.82,516.2882,3000.0,295.6068,1.7680225052133427,EZY16MH_978,pop,103971.57165022017,0.0023893574577503293,False
63780.57310996562,326.3445,24482.32713012678,-13843.709193777744,4499.0151984550685,52.54231529967192,3.753708317163032,14761.0,0.82,514.1526,3000.0,295.6265,1.7514954218979497,EZY16MH_978,pop,101601.42877987263,0.0021514576103364045,False
63742.57752368865,348.1008,19313.21129072317,-11364.14559289934,4830.5812549544335,52.56482320219841,3.677417472743743,15848.0,0.82,512.0082,3000.0,295.6349,1.734258102127619,EZY16MH_978,pop,99340.49948043955,0.0019614802313460953,False
63704.95391520746,369.8572,14166.180884266869,-8894.243828121398,5162.147311209963,52.58719454693336,3.6013748678212743,16936.0,0.82,509.8548,3000.0,295.6068,1.7164190721609358,EZY16MH_978,pop,97183.76364800858,0.001800210319047121,False
63667.71275553705,391.6135,9039.754396873237,-6437.329082591632,5493.713367190002,52.609399992826475,3.5255594518201625,18024.0,0.82,507.6922,3000.0,295.5665,1.6981320856668423,EZY16MH_978,pop,95131.34865783903,0.0016590933608084662,False
63630.8613693799,413.3698,3933.522760842803,-3994.4991399468413,5825.279422859793,52.6314301666112,3.4499662484624887,19112.0,0.82,505.5203,3000.0,295.5064,1.6795397833903054,EZY16MH_978,pop,93181.82115085922,0.001541045570482792,False
63594.40390517345,435.1261,-1153.245374479658,-1567.5360396505314,6156.845478175244,52.653269492663426,3.3745856715563214,20200.0,0.82,503.339,3000.0,295.4332,1.6607844018560063,EZY16MH_978,pop,91333.87785282635,0.0011500437006607127,False
63558.34135370021,456.8824,-6220.97636559285,842.4008175842563,6488.411532976376,52.67490793928386,3.2994122790222296,21287.0,0.82,501.1486,3000.0,295.3517,1.6420211585541926,EZY16MH_978,pop,89587.64200524826,0.0,False
63522.67158762419,478.6387,-11269.890228543623,3234.582751779645,6819.977587268302,52.69633949837183,3.224444330918536,22375.0,0.819999,498.9479,3000.0,295.2495,1.6233546453326333,EZY16MH_978,pop,87939.39885978267,0.0,False
63487.38948820323,500.395,-16300.694156616415,5607.214727438972,7151.543641022966,52.717548448304925,3.1496726583984147,23463.0,0.82,496.738,3000.0,295.17,1.6049314606847824,EZY16MH_978,pop,86389.77928951252,0.0,False
63452.4869862653,522.1513,-21312.309440964178,7962.302442061337,7483.1096941720725,52.738553296643246,3.0751144810407904,24551.0,0.818041,493.3371,2811.0,295.1036,1.5562801019163293,EZY16MH_978,pop,82446.52785902703,0.0,False
63418.630257643745,543.9076,-26293.90842070788,10296.239731505677,7793.75735668596,52.75932259909657,3.000932250065927,25570.0,0.814702,489.248,2593.0,295.0115,1.499428165118788,EZY16MH_978,pop,78214.86253918789,0.0,False
63386.00726695812,565.6639,-31239.7159586755,12603.718596221945,8080.359518360543,52.77980971473783,2.9272139782477957,26510.0,0.811781,485.5779,2376.0,294.9717,1.4403127439995282,EZY16MH_978,pop,74196.91967441222,0.0,False
63354.666577058626,587.4202,-36151.75207966713,14891.29032756449,8342.91617507996,52.800074340251285,2.853930882620792,27372.0,0.808718,481.9906,2158.0,294.9936,1.3786751042230991,EZY16MH_978,pop,70304.55585795338,0.0,False
63324.660021653384,609.1765,-41028.31226037361,17164.60786517266,8581.427325550849,52.82016829859786,2.7811092516214266,28154.0,0.805769,478.639,1940.0,294.9683,1.315237079596458,EZY16MH_978,pop,66549.23768516503,0.0,False
63296.02613716386,630.9328,-45873.57851680656,19420.73158792192,8795.892969202283,52.84006569631144,2.708688643761983,28858.0,0.80282,475.4547,1723.0,294.9704,1.2504765685535233,EZY16MH_978,pop,62918.101211187124,0.0,False
63268.798943398215,652.6891,-50688.080239303374,21662.740280494956,8986.313105775207,52.85979495246226,2.636662135135816,29483.0,0.799976,472.4994,1505.0,295.0455,1.1843038585637218,EZY16MH_978,pop,59377.07402817739,0.0,False
63243.003974625346,674.4454,-55471.208103904544,23897.77746770244,9152.687735195415,52.87942113297301,2.5650388655671343,30029.0,0.796723,469.4693,1288.0,295.0352,1.117160900944019,EZY16MH_978,pop,55913.47922412049,0.0,False
63218.67180077674,696.2017,-60225.46073521854,26118.276737622513,9295.016857536826,52.89887669307488,2.4937839639514787,30495.0,0.793188,466.4394,1070.0,294.9885,1.0488407866432765,EZY16MH_978,pop,52499.16617207826,0.0,False
63195.82491453457,717.958,-64952.13937022241,28321.21182641281,9413.300473032288,52.91813497137178,2.4228798821296404,30884.0,0.789556,463.5193,853.0,295.0282,0.9801482447679458,EZY16MH_978,pop,49158.25632137126,0.0,False
63174.47685804008,739.7143,-69648.93737760177,30514.1828854117,9507.53858214051,52.937265282543244,2.352360746888779,31193.0,0.785497,460.5135,635.0,295.036,0.9105372159256294,EZY16MH_978,pop,45843.22715704597,0.0,False
63154.64322853173,761.4706,-74316.1173499479,32694.097626516974,9577.73118572581,52.9562405137262,2.282224401996928,31423.0,0.780489,457.1166,418.0,294.9607,0.8402953028395843,EZY16MH_978,pop,42550.43946896624,0.0,False
63136.3457761318,783.2269,-78952.7500932663,34852.32560081376,9623.87828562178,52.97498391985709,2.2124880126947772,31574.0,0.774639,453.3885,200.0,294.9337,0.7689935104535597,EZY16MH_978,pop,39251.801280521526,0.0,False
63119.59990389843,804.9832,-83553.51688095868,36991.21855771111,9645.97988750175,52.99351822415047,2.143231985560889,31647.0,0.767651,449.1557,0.0,294.9507,0.7021211267996383,EZY16MH_978,pop,36184.53445174291,0.0,False
63104.30985023291,826.7395,-88111.47232754856,39111.85093765722,9645.979898232139,53.01185511188943,2.074561368955674,31647.0,0.767429,449.0256,0.0,294.9292,0.7018149949123398,EZY16MH_978,pop,36169.89780534562,0.0,False
63089.02681963577,848.4958,-92668.90027925951,41230.164385023076,9645.979908453553,53.0301316485294,2.005840987177261,31647.0,0.767206,448.8955,0.0,294.9078,0.7015090198296567,EZY16MH_978,pop,36155.283394109734,0.0,False
77219.99990000272,0.0,-75197.38340745468,61695.74229470367,30.480000304418564,52.3212968723627,4.779955429552757,100.0,0.3,198.3755,2126.0,183.0038,1.8508500222287183,DLH4UX_557,fuel,121961.76527640747,0.04941505066059816,False
77180.08465684734,21.5574,-75311.87408315513,59513.86903428914,263.3177303746923,52.30166187665814,4.778761023976981,864.0,0.355436,234.4144,2342.0,183.0038,1.8248451973254072,DLH4UX_557,fuel,114266.57932416676,0.046630800484588286,False
77140.73754196611,43.1149,-75447.24367928671,56934.10172777646,519.7633896366187,52.278446161122446,4.777350052766222,1705.0,0.415913,273.5,2557.0,150.6676,1.8092982682478638,DLH4UX_557,fuel,110783.2234629363,0.039454761586512774,False
77101.74130433363,64.6723,-73970.06252920821,54305.280549302166,799.8169780903412,52.25500826408657,4.7996387874614275,2624.0,0.477818,313.2024,2773.0,127.2675,1.8096101355546725,DLH4UX_557,fuel,110847.75301402246,0.03318598771862984,False
77062.76038088382,86.2297,-71221.18421575248,52213.659302008404,1103.4784957358245,52.23656250913504,4.840461129307981,3620.0,0.538124,351.4994,2988.0,127.2659,1.8208134013919108,DLH4UX_557,fuel,113305.83718261422,0.02849374017590597,False
77023.55370999934,107.7872,-68135.66923587651,49866.03043464331,1430.7479425727972,52.21584231700764,4.88624226254722,4694.0,0.594705,386.9851,3000.0,127.2672,1.820551227945428,DLH4UX_557,fuel,113244.89542890765,0.021411877712183683,False
76984.37119957352,129.3446,-64736.77704823607,47279.8420963203,1759.2832270977904,52.19299609022582,4.9366236939726535,5772.0,0.649452,420.9881,3000.0,127.271,1.8252243893714555,DLH4UX_557,fuel,114359.31507951194,0.019636338642417442,False
76945.10037302984,150.902,-61037.79894316934,44464.93723410026,2087.8185116228574,52.168104976279636,4.991394492675333,6850.0,0.701394,452.9001,3000.0,127.2764,1.8327298474355875,DLH4UX_557,fuel,116289.50490149808,0.02082083773572031,False
76905.67420106947,172.4595,-57057.43750979092,41435.3048552703,2416.3537961479738,52.14128671847242,5.050263387024086,7928.0,0.749879,482.3213,3000.0,127.281,1.8406302130151202,DLH4UX_557,fuel,118552.47677066998,0.02358753725909982,False
76866.07950229691,194.0169,-52817.75902496604,38207.75151467062,2744.889080673126,52.1126841921393,5.112889647871281,9006.0,0.794659,509.1165,3000.0,127.285,1.8476017691517104,DLH4UX_557,fuel,120843.16701413353,0.025970126323600625,False
76826.33085985792,215.5743,-48341.98651433763,34799.978058911765,3073.424365198307,52.08244853657964,5.178916240009334,10083.0,0.82,523.2726,3000.0,127.284,1.8481805256255337,DLH4UX_557,fuel,121548.99399226754,0.022814987577096327,False
76786.53832371977,237.1318,-43741.36073849306,31297.267723828056,3401.9596497234875,52.05133216500669,5.246691414224566,11161.0,0.82,521.1851,3000.0,127.2843,1.8400584396626818,DLH4UX_557,fuel,118943.6836779835,0.01893945428262354,False
76746.92229251178,258.6892,-39159.237500328636,27808.61208459114,3730.494934248657,52.02030204911763,5.3141001883085766,12239.0,0.82,519.0891,3000.0,127.2893,1.8311454215969758,DLH4UX_557,fuel,116454.90811140502,0.014958238554295351,False
76707.49838377582,280.2466,-34595.98085577021,24333.688388764764,4059.0302187738125,51.9893558260779,5.381138529177817,13317.0,0.82,516.9846,3000.0,127.2946,1.821495827824194,DLH4UX_557,fuel,114081.04405329292,0.012725517816304769,False
76668.28082700621,301.8041,-30051.681521721606,20872.5348446768,4387.5655032989525,51.95849440149644,5.44780635112045,14395.0,0.82,514.8715,3000.0,127.2952,1.811179124428125,DLH4UX_557,fuel,111820.56891517306,0.011772782572455107,False
76629.28215488927,323.3615,-25526.130039615437,17425.5856843008,4716.100787824071,51.927722254777,5.514107915319221,15473.0,0.82,512.7497,3000.0,127.2969,1.8002777214540524,DLH4UX_557,fuel,109672.0921158384,0.011412243910032371,False
76590.51294227422,344.9189,-21019.467642621126,13992.81664876318,5044.6360723491725,51.8970397176107,5.580042407986751,16551.0,0.82,510.6191,3000.0,127.3015,1.7888846060631933,DLH4UX_557,fuel,107634.3632913568,0.011078259166476749,False
76551.98159465434,366.4764,-16531.946109338034,10574.060409471389,5373.171356874247,51.86644583193626,5.645607409433637,17629.0,0.82,508.4795,3000.0,127.3043,1.777100892615288,DLH4UX_557,fuel,105706.26410734875,0.011028308446105462,False
76513.69418544881,388.0338,-12063.542180965298,7169.512768995371,5701.7066413993025,51.83594291502827,5.710804484253342,18706.0,0.82,506.331,3000.0,127.2993,1.7650436933754037,DLH4UX_557,fuel,103888.16415131479,0.01125289454751193,False
76475.65433943957,409.5912,-7613.865491678697,3779.853453188743,6030.241925924329,51.805537635940084,5.775640528179171,19784.0,0.82,504.1732,3000.0,127.2927,1.7528039105826956,DLH4UX_557,fuel,102176.610873091,0.01165977632331257,False
76437.86315832184,431.1487,-3182.910897932187,405.2588161424198,6358.777210449328,51.77523211704378,5.840116858843389,20862.0,0.82,502.0062,3000.0,127.289,1.7405039389135446,DLH4UX_557,fuel,100572.4186403371,0.0015800761152096202,False
76400.31918342656,452.7061,1229.0676557970667,-2954.4327657074314,6687.312494974295,51.745025419590185,5.904230885113447,21940.0,0.82,499.8298,3000.0,127.2857,1.7282563982420927,DLH4UX_557,fuel,99075.19476917056,0.0,False
76363.0183901996,474.2635,5621.961329839107,-6299.190187236164,7015.847779499232,51.71491829249844,5.9679824029396995,23018.0,0.82,497.6439,3000.0,127.2792,1.716172610788115,DLH4UX_557,fuel,97684.78501885946,0.0,False
76325.95420890008,495.821,9995.867965981051,-9628.708558631764,7344.38306402413,51.68491409844468,6.031374061907966,24096.0,0.82,495.4483,3000.0,127.2736,1.7043613090978917,DLH4UX_557,fuel,96401.26497150052,0.0,False
76289.1175661376,517.3784,14350.648689180374,-12942.991521583383,7672.918348548989,51.655013332258136,6.094405082293903,25174.0,0.82,493.243,2802.0,127.2663,1.6642535640934233,DLH4UX_557,fuel,92277.92667866303,0.0,False
76253.09524314752,538.9358,18687.951565467214,-16243.099635875024,7979.821427828002,51.62520692617141,6.15710050905829,26181.0,0.82,491.1739,2587.0,127.2559,1.6175071684049265,DLH4UX_557,fuel,88049.97349159417,0.0,False
76218.024732938,560.4933,23009.24499025364,-19529.787535876683,8263.116577915642,51.595488516495735,6.219482683295288,27110.0,0.82,489.2562,2371.0,127.2489,1.5665209790407169,DLH4UX_557,fuel,83943.45116801465,0.0,False
76183.98757683045,582.0507,27315.60142983894,-22804.28667591635,8522.80379881154,51.56584742232722,6.281568081245386,27962.0,0.817872,486.2265,2156.0,127.244,1.5114471553789115,DLH4UX_557,fuel,79796.99668585462,0.0,False
76151.11105155719,603.6081,31597.02554008538,-26059.24623956289,8758.883090515574,51.53635073055637,6.343213832378724,28736.0,0.814376,482.5494,1940.0,127.2363,1.4523299616969179,DLH4UX_557,fuel,75642.14006006929,0.0,False
76119.50627388513,625.1656,35847.8911330038,-29290.074925562116,8971.354453027681,51.50704072981783,6.404340635993671,29434.0,0.811049,479.1409,1725.0,127.2154,1.3902313544371403,DLH4UX_557,fuel,71615.98900622883,0.0,False
76089.24355122782,646.723,40071.230429892756,-32497.556726043473,9160.217886347853,51.477910912981905,6.464994013307389,30053.0,0.807822,475.9581,1509.0,127.195,1.3249634882000483,DLH4UX_557,fuel,67665.26453712616,0.0,False
76060.38891203346,668.2804,44268.92188158857,-35683.20240743123,9325.473390476069,51.44894823018025,6.525202579085965,30595.0,0.804633,472.9641,1293.0,127.1906,1.2569963831267028,DLH4UX_557,fuel,63784.95221093991,0.0,False
76033.00383809119,689.8379,48441.657627213994,-38849.40590705672,9467.120965412332,51.42013172973347,6.5849775643780735,31060.0,0.801434,470.1299,1078.0,127.1974,1.1868931495915618,DLH4UX_557,fuel,59975.33001324739,0.0,False
76007.14478356898,711.3953,52590.155092738954,-41997.98697804385,9585.16061115666,51.39144559541676,6.644330500952122,31447.0,0.798183,467.4295,862.0,127.1897,1.11433901180446,DLH4UX_557,fuel,56192.97783713825,0.0,False
75982.86272239058,732.9527,56716.308124856456,-45128.73431940576,9679.592327709079,51.362892131074574,6.703290069065748,31757.0,0.794829,464.8321,647.0,127.1557,1.0401976737938063,DLH4UX_557,fuel,52458.12532235431,0.0,False
75960.20289572494,754.5102,60822.366801017815,-48240.398074107725,9750.416115069647,51.334482881210896,6.7618901857017235,31990.0,0.791308,462.3001,431.0,127.1529,0.9640853630011914,DLH4UX_557,fuel,48729.81818517842,0.0,False
75939.20457737255,776.0676,64907.117348435284,-51335.59849135921,9797.631973238458,51.30619491722194,6.820114198820721,32144.0,0.787532,459.7796,216.0,127.1622,0.8869239026581612,DLH4UX_557,fuel,45031.322429924294,0.0,False
75919.9011598361,797.625,68969.91863454739,-54415.20576293615,9821.239902215755,51.27802100892411,6.8779539453564915,32222.0,0.783405,457.2136,-0.0,127.1662,0.8082339173192037,DLH4UX_557,fuel,41322.02750310772,0.0,False
75902.31972978097,819.1825,73010.56231315396,-57478.46988627338,9821.239902002617,51.24996845323334,6.93540778874286,32222.0,0.783405,457.214,-0.0,127.1582,0.8080831516507767,DLH4UX_557,fuel,41314.77226298726,0.0,False
75884.74171170748,840.7399,77051.63735768355,-60541.17245349818,9821.239901788034,51.22189279421251,6.9927978501485475,32222.0,0.783406,457.2144,-0.0,127.1502,0.8079324477895615,DLH4UX_557,fuel,41307.52034599831,0.0,False
77219.9999000118,0.0,-75197.38340746585,61695.74229470881,30.480000303373046,52.32129687236274,4.779955429552591,100.0,0.3,198.3755,912.0,183.0038,1.4876706617409108,DLH4UX_557,pop,76849.49869009622,0.0494150506606526,False
77188.95375200226,20.8551,-75308.73540339463,59573.683525256616,127.06078956984771,52.30220015612376,4.77879375482102,417.0,0.389497,257.2749,1120.0,183.0038,1.4316731475114368,DLH4UX_557,pop,73150.24734723847,0.047528548971232064,False
77159.10651863838,41.7102,-75453.14569056286,56821.62583892371,245.73629774967515,52.277433973287856,4.77728856628223,806.0,0.481527,317.6363,1329.0,156.6111,1.5064153067737176,DLH4UX_557,pop,78152.2398276316,0.041833461772507394,False
77127.74803207582,62.5653,-74102.56506105153,53698.95807154109,386.50652484306283,52.249538396867344,4.797825926613155,1268.0,0.569074,374.786,1537.0,151.2863,1.6285519490505305,DLH4UX_557,pop,87765.96694874344,0.034617829000067976,False
77093.87156896389,83.4204,-72174.11841897528,50178.579063425095,549.3714708500595,52.21813893742629,4.826904714593865,1802.0,0.648307,426.1763,1746.0,148.1477,1.7377362537584202,DLH4UX_557,pop,99316.72147716224,0.025536395543187554,False
77057.72878174274,104.2755,-69765.66599147033,46302.054067523706,734.331135770668,52.18359067486961,4.863056143650103,2409.0,0.717545,470.6937,1954.0,148.9745,1.8102495674322552,DLH4UX_557,pop,110980.66489085987,0.021117810070533767,False
77020.06047505603,125.1306,-67168.0896134357,41983.32393837384,941.3855196048555,52.14507794281087,4.902010633648363,3089.0,0.776519,508.1679,2163.0,146.6371,1.850102993688298,DLH4UX_557,pop,121689.33818679958,0.019337931057230286,False
76981.5409483708,145.9857,-64176.41498472073,37439.810665195946,1170.534622352559,52.10457688402893,4.946710124501141,3840.0,0.82,535.2039,2371.0,142.3467,1.867871810123911,DLH4UX_557,pop,130248.07427847157,0.02224636109605252,False
76942.61723258656,166.8408,-60677.14837643493,32904.64811082658,1421.7784440136627,52.06418982981581,4.998751447612849,4665.0,0.82,533.6439,2580.0,138.5389,1.8684053491347774,DLH4UX_557,pop,130579.09063154669,0.02526706188539075,False
76903.68403523159,187.6959,-56896.694086284566,28625.76823683371,1695.1169845879695,52.02611337737775,5.054765054010497,5561.0,0.82,531.9415,2789.0,133.168,1.8687277903132884,DLH4UX_557,pop,130787.97693533437,0.026374780923659056,False
76864.74564050343,208.551,-52747.01963557785,24733.328199769738,1990.5502440751006,51.9915206670395,5.1160150562209665,6531.0,0.82,530.0953,2997.0,127.8875,1.8688479671127378,DLH4UX_557,pop,130875.89877900973,0.022640745275929852,False
76825.80538686767,229.4061,-48273.93807491971,21252.691794801907,2308.0782224739505,51.96062762017186,5.181831572235828,7572.0,0.82,528.1038,3000.0,125.1547,1.8637357413835831,DLH4UX_557,pop,128015.0765514463,0.016573889147744776,False
76786.97573064065,250.2612,-43657.5412469772,18001.646948314272,2625.909997172974,51.93177383594003,5.249618145913907,8615.0,0.82,526.1029,3000.0,124.5365,1.8577569402039247,DLH4UX_557,pop,125222.23778780084,0.013722722044127991,False
76748.27408823645,271.1163,-39024.08395632795,14812.809304223394,2943.7417718719835,51.90344175062796,5.317559081909787,9658.0,0.82,524.0944,3000.0,124.2216,1.8509810419231254,DLH4UX_557,pop,122542.55970623792,0.012444167939332323,False
76709.7163061719,291.9714,-34391.05069239301,11661.648484722793,3261.573546570953,51.87540935824252,5.385404317838543,10701.0,0.82,522.0781,3000.0,123.9648,1.8434185145409425,DLH4UX_557,pop,119974.27402352382,0.011824402971484668,False
76671.31779816696,312.8265,-29761.944831797635,8543.41333477067,3579.405321269864,51.84763385126376,5.453104893094054,11743.0,0.82,520.054,3000.0,124.1366,1.8351036831342862,DLH4UX_557,pop,117517.59875086238,0.01160956355014092,False
76633.09320748091,333.6816,-25160.24730368995,5423.542953333291,3897.237095968693,51.81980355227993,5.520323232459809,12786.0,0.82,518.022,3000.0,124.4581,1.8260656132841961,DLH4UX_557,pop,115167.22355068606,0.011657344067789267,False
76595.05609424946,354.5368,-20594.16806586197,2290.280821901045,4215.068870667429,51.79181319770197,5.5869414072105235,13829.0,0.82,515.982,3000.0,124.7879,1.816367651580145,DLH4UX_557,pop,112923.63665210937,0.011798107082297933,False
76557.2186555322,375.3919,-16064.243095462774,-856.6845166533993,4532.900645366059,51.76366093240845,5.652952144697643,14872.0,0.82,513.9339,3000.0,124.6676,1.806078970864193,DLH4UX_557,pop,110785.51234875657,0.01147095846249955,False
76519.59148308607,396.247,-11545.85474400271,-3981.5809486583416,4850.732420064595,51.735669938542785,5.718712262842199,15914.0,0.82,511.8777,3000.0,123.9022,1.7952883548627294,DLH4UX_557,pop,108753.16196978629,0.010999667781029112,False
76482.18336140766,417.1021,-7004.504202661811,-7033.489569427956,5168.564194763027,51.708298947584304,5.78472268092858,16957.0,0.82,509.8131,3000.0,122.8331,1.7840655450787342,DLH4UX_557,pop,106822.38462055537,0.010440405835190427,False
76445.00110646551,437.9572,-2425.6857548304174,-9988.08473504776,5486.395969461363,51.68176633319427,5.851195977154664,18000.0,0.82,507.7401,3000.0,122.4483,1.7725135530434293,DLH4UX_557,pop,104993.83773135097,0.009466661457524915,False
76408.04944381835,458.8123,2154.0339451184313,-12899.884604947852,5804.227744159599,51.655581007576004,5.917603675543702,19043.0,0.82,505.6586,3000.0,122.379,1.7607309836439413,DLH4UX_557,pop,103266.71998093028,0.00906887323097244,False
76371.33092350412,479.6674,6718.341186216949,-15794.139345521842,6122.059518857709,51.62951611458886,5.983712402702322,20085.0,0.82,503.5685,3000.0,122.3833,1.7488292348068821,DLH4UX_557,pop,101641.54988240148,0.007926201130912044,False
76334.8458681653,500.5225,11263.42574396664,-18676.676002842778,6439.891293555434,51.603519884919294,6.049467155494865,21128.0,0.82,501.4697,3000.0,122.3991,1.7368903740845598,DLH4UX_557,pop,100115.43598534442,0.0,False
76298.59235030792,521.3776,15788.62990272203,-21548.354728854796,6757.723068252499,51.577585139900194,6.1148593665488535,22171.0,0.82,499.3621,3000.0,122.4093,1.725026423751724,DLH4UX_557,pop,98689.329935385,0.0,False
76262.56619432154,542.2327,20294.15960091875,-24408.671797325605,7075.554842949312,51.55171695512651,6.179893011270803,23214.0,0.82,497.2456,3000.0,122.4178,1.7133378986675911,DLH4UX_557,pop,97363.13355167219,0.0,False
76226.76099886376,563.0878,24780.016927666722,-27257.442741431438,7393.386617645847,51.52591753434401,6.244569109989206,24257.0,0.82,495.12,3000.0,122.4285,1.7019228278008702,DLH4UX_557,pop,96136.95250931199,0.0,False
76191.16817537938,583.9429,29246.020092216073,-30094.770336624075,7711.2183923420935,51.50018650396101,6.308886007109482,25299.0,0.82,492.9852,2853.0,122.4404,1.669723482685458,DLH4UX_557,pop,92825.81781187083,0.0,False
76156.20404829198,604.798,33693.26763370827,-32921.484032692446,8013.512124118799,51.47451688062234,6.372860458846419,26291.0,0.82,490.9462,2645.0,122.4517,1.6252372080289426,DLH4UX_557,pop,88733.22783397383,0.0,False
76122.11531030292,625.6531,38123.13696582543,-35738.37679237796,8293.711136987307,51.448901952091745,6.436513167425073,27210.0,0.82,489.0486,2436.0,122.4618,1.5767592675832471,DLH4UX_557,pop,84755.34724510336,0.0,False
76088.97585867003,646.5082,42536.909572884266,-38546.12716437076,8551.81543094507,51.42333599598834,6.499863376972934,28057.0,0.82,487.2942,2228.0,122.4742,1.5249060843746103,DLH4UX_557,pop,80905.97467378923,0.0,False
76056.85513844174,667.3633,46935.70918958168,-41345.68995906998,8787.825005991299,51.39781077596822,6.5629279422592735,28831.0,0.819145,485.1778,2019.0,122.4881,1.4693816574616114,DLH4UX_557,pop,77069.67420864942,0.0,False
76025.83961989083,688.2184,51316.13281611037,-44135.04405060844,9001.739862125665,51.3723451919953,6.62565885511126,29533.0,0.816043,481.884,1811.0,122.4967,1.4105252004481041,DLH4UX_557,pop,73154.14064894758,0.0,False
75996.0516488595,709.0735,55667.725921019184,-46906.95887836762,9193.55999934803,51.34700578692223,6.687907612074617,30163.0,0.813154,478.8728,1602.0,122.5059,1.3486635612650297,DLH4UX_557,pop,69322.20393383082,0.0,False
75967.54949977405,729.9286,59992.95252902108,-49663.05386096349,9363.285417658422,51.321778459366314,6.749710778720639,30719.0,0.810504,476.1578,1393.0,122.5147,1.2843096681507211,DLH4UX_557,pop,65574.91711883247,0.0,False
75940.38564471445,750.7837,64294.44473444764,-52404.95345676164,9510.916117057017,51.29664896295807,6.811107170372215,31204.0,0.806851,473.0097,1185.0,122.5248,1.217617836658925,DLH4UX_557,pop,61831.9866921611,0.0,False
75914.63860362039,771.6388,68568.15576495705,-55130.20517462213,9636.452097544216,51.27164043806319,6.872040224695492,31616.0,0.804203,470.6071,976.0,122.5295,1.1488556556518803,DLH4UX_557,pop,58186.390153623994,0.0,False
75890.33106021477,792.4939,72821.00797179808,-57842.65190256158,9739.893359120928,51.24671811861334,6.932609899183083,31955.0,0.801028,468.0497,768.0,122.5319,1.0784110138188827,DLH4UX_557,pop,54561.64376996857,0.0,False
75867.51825472988,813.349,77051.63735770946,-60541.17245354065,9821.239901790106,51.221892794212124,6.992797850148911,32222.0,0.797853,465.6459,559.0,122.5343,1.0060651939497613,DLH4UX_557,pop,50953.185444472634,0.0,False
62347.23272988788,0.0,-37633.659448224826,101161.13114705378,30.480000304328662,52.32129867294426,4.779952280649716,100.0,0.3,198.3755,3000.0,183.0038,1.852590904593335,ITY121_1784,fuel,122613.69692857665,0.04941605355186782,False
62303.916607744846,23.374,-37757.032303785476,98809.98828811219,386.7001120726916,52.30014664499783,4.778401406003098,1269.0,0.373274,245.8338,3000.0,183.0038,1.7861596443471581,ITY121_1784,fuel,106451.49292461528,0.04531655278513373,False
62262.175771722155,46.748,-37910.50502730558,95885.22581660387,742.9202238413892,52.27383402893315,4.776474143712431,2437.0,0.462004,303.0344,3000.0,158.2237,1.7331387199318302,ITY121_1784,fuel,98730.0201434799,0.036422171958660834,False
62221.735882729736,70.1221,-36567.878362152354,92524.38919815396,1099.1403356102674,52.243700809667686,4.7965708628956705,3606.0,0.556726,363.6688,3000.0,158.2599,1.7320840765755807,ITY121_1784,fuel,98597.16188701097,0.029010682344578563,False
62181.38344145423,93.4961,-34956.84009107419,88484.25874459573,1455.3604473793214,52.20747235380408,4.820649994616852,4775.0,0.648945,422.1586,3000.0,158.3049,1.7663196393764526,ITY121_1784,fuel,103283.04095480265,0.02127634487535235,False
62140.26258135093,116.8701,-33088.81480905435,83788.94829579105,1811.5805591484987,52.165362399943014,4.848522072219203,5944.0,0.733243,475.0116,3000.0,158.3297,1.8059081080500727,ITY121_1784,fuel,110093.824961179,0.01862230458352427,False
62098.21347839465,140.2441,-30988.153720399976,78502.24858267563,2167.8006709177525,52.11794057065825,4.879802875215376,7112.0,0.807205,520.7302,3000.0,158.3455,1.8357657797373872,ITY121_1784,fuel,117216.22474318826,0.016668415982570736,False
62055.43640053437,163.6182,-28686.200058081744,72704.29200777615,2524.020782687052,52.06592316446799,4.914005160901116,8281.0,0.82,526.7452,3000.0,158.3773,1.8305658427099725,ITY121_1784,fuel,116060.26370225222,0.01691104429105558,False
62012.764650045516,186.9922,-26360.869610520607,66837.96138548056,2880.2408944563417,52.01328209833271,4.948474704924607,9450.0,0.82,524.4963,3000.0,158.4057,1.8174722717998577,ITY121_1784,fuel,112899.94814354411,0.016843927713655928,False
61970.40923580705,210.3662,-24048.43349781021,60995.71832738348,3236.4610062256097,51.96084706180344,4.982673355114784,10618.0,0.82,522.2377,3000.0,158.3893,1.8029364789135771,ITY121_1784,fuel,109876.33837821305,0.01465105987402689,False
61928.40240921102,233.7402,-21744.36437107109,55179.482578494535,3592.681117994855,51.90863570278145,5.016668472173387,11787.0,0.82,519.9693,3000.0,158.335,1.7870261850946823,ITY121_1784,fuel,106982.54252624288,0.013280330350064526,False
61886.77399022257,257.1143,-19444.890709924253,49390.87982308448,3948.9012297640734,51.85666292075248,5.050516160754534,12956.0,0.82,517.691,3000.0,158.3019,1.769868565021739,ITY121_1784,fuel,104218.08239077663,0.012004557100649932,False
61845.550755844386,280.4883,-17152.241749171,43629.15873131958,4305.121341533257,51.80492199033869,5.084185148495473,14124.0,0.818162,514.2471,3000.0,158.3185,1.7502945094023898,ITY121_1784,fuel,101343.50869977221,0.011518863665701583,False
61804.796682781605,303.8623,-14876.598681117961,37905.34660134832,4661.341453302405,51.75351193787893,5.117528251981934,15293.0,0.815504,510.2908,3000.0,158.3635,1.7291288252177854,ITY121_1784,fuel,98529.25109421674,0.011651705997629878,False
61764.55067447017,327.2363,-12623.03051613797,32224.058938784474,5017.561565071505,51.70247440749625,5.150473651723458,16462.0,0.813937,507.0183,3000.0,158.4077,1.7080059814688084,ITY121_1784,fuel,96000.1550826884,0.012501549789433608,False
61724.80416331314,350.6103,-10388.364246901132,26577.718586476858,5373.781676840555,51.651741622908,5.18306978294032,17631.0,0.813206,504.2625,3000.0,158.4479,1.6869612659851965,ITY121_1784,fuel,93695.8480924129,0.012715214746914692,False
61685.548992684344,373.9844,-8169.873114802129,20960.732242947994,5730.001788609549,51.6012635871765,5.215358142938118,18799.0,0.813062,501.863,3000.0,158.5186,1.6660074689919235,ITY121_1784,fuel,91573.04635408483,0.012083799221071034,False
61646.77783058747,397.3584,-5968.916961813042,15367.966723085374,6086.221900378479,51.55099435120145,5.247320777097571,19968.0,0.813303,499.6897,3000.0,158.6047,1.645123734559318,ITY121_1784,fuel,89598.11687320244,0.011049432504620019,False
61608.483559620545,420.7324,-3785.9480719948488,9796.336951778152,6442.442012147339,51.5009064091378,5.278952758548638,21137.0,0.813844,497.6882,3000.0,158.6408,1.6244082254718957,ITY121_1784,fuel,87758.15811737243,0.0,False
61570.65694055622,444.1064,-1615.2999505914356,4245.857005774826,6798.662123916117,51.451000147760006,5.310337381733848,22305.0,0.814581,495.7915,3000.0,158.6248,1.6039390288011754,ITY121_1784,fuel,86041.0564402407,0.0,False
61533.287260379606,467.4805,548.5397694737072,-1282.6673394098095,7154.88223568481,51.401282971092606,5.341555300191157,23474.0,0.815405,493.9325,3000.0,158.6269,1.583748832208134,ITY121_1784,fuel,84433.44754817514,0.0,False
61496.362515978886,490.8545,2703.9916030176196,-6790.338304746882,7511.102347453404,51.35174506002262,5.3725846316282375,24643.0,0.816252,492.0707,3000.0,158.6891,1.5639469860547561,ITY121_1784,fuel,82930.73769676793,0.0,False
61459.868631296216,514.2285,4845.276053488415,-12279.376037873093,7867.32245922188,51.302366664368336,5.403343400888178,25811.0,0.817129,490.211,3000.0,158.7473,1.5446787190747546,ITY121_1784,fuel,81534.26629596995,0.0,False
61423.78801986618,537.6025,6972.832338004484,-17749.625945917887,8223.542570990237,51.25314936066361,5.433839166449942,26980.0,0.816695,487.5514,2921.0,158.7226,1.5122161100214293,ITY121_1784,fuel,79196.94077928914,0.0,False
61388.43313037477,560.9765,9091.438311425441,-23189.920840728308,8570.411414246544,51.204193685693966,5.464142007517536,28118.0,0.813937,483.5657,2688.0,158.679,1.4508886108984942,ITY121_1784,fuel,74974.19974797574,0.0,False
61354.49836883055,584.3506,11197.716183290831,-28586.386671987835,8889.525928880237,51.15562460733616,5.494205107273894,29165.0,0.81132,479.8552,2454.0,158.6862,1.3871008359617925,ITY121_1784,fuel,70922.31804858588,0.0,False
61322.035751777665,607.7246,13288.00768600959,-33943.89705199888,9180.886114890573,51.10739854626133,5.523977445549543,30121.0,0.808779,476.3821,2220.0,158.7068,1.3214225644523392,ITY121_1784,fuel,67023.75798412606,0.0,False
61291.08958687403,631.0986,15362.080475633293,-39265.495856646514,9444.491972277321,51.05948833694216,5.553457186682811,30986.0,0.806228,473.0954,1986.0,158.7041,1.254181797486019,ITY121_1784,fuel,63251.97285001195,0.0,False
61261.698290784385,654.4726,17422.89343252545,-44552.31785478117,9680.343501040374,51.011883886107285,5.582688126339526,31760.0,0.803631,469.9749,1753.0,158.6923,1.1859140505831989,ITY121_1784,fuel,59599.07335970234,0.0,False
61233.89438618528,677.8467,19471.955045631566,-49805.79782612578,9888.440701179701,50.96457240729438,5.611693115526257,32442.0,0.800935,466.9897,1519.0,158.7227,1.1163994898493166,ITY121_1784,fuel,56021.856998577015,0.0,False
61207.705649106436,701.2207,21505.957251821223,-55028.845830216946,10068.783572695278,50.91752800445901,5.640426074803913,33034.0,0.798085,464.1077,1285.0,158.8125,1.0460460481272018,ITY121_1784,fuel,52515.49763151765,0.0,False
61183.15565514674,724.5947,23519.94485492465,-60224.583979719486,10221.372115587139,50.870722986599134,5.668817550752392,33535.0,0.795038,461.3053,1051.0,158.9074,0.9750496364066399,ITY121_1784,fuel,49067.161033138145,0.0,False
61160.26372119086,747.9687,25513.855777973637,-65393.9142401435,10346.206329855324,50.82414947698796,5.696868104698502,33944.0,0.79174,458.5502,818.0,158.9516,0.903854689909883,ITY121_1784,fuel,45678.135180621444,0.0,False
61139.04522766711,771.3428,27492.49378791039,-70535.4499142001,10443.286215499924,50.77781994565214,5.724647638768514,34263.0,0.788104,455.7922,584.0,158.9548,0.8320131492767839,ITY121_1784,fuel,42310.298817807,0.0,False
61119.512083172034,794.7168,29459.4949566561,-75647.61827753,10512.61177252112,50.73174852744989,5.752209220743031,34490.0,0.78398,452.9431,350.0,158.9627,0.7598912842659891,ITY121_1784,fuel,38964.857892755346,0.0,False
61101.67377392686,818.0908,31414.017095488784,-80729.42461843051,10554.183000919287,50.68594435256141,5.779542119575925,34627.0,0.77919,449.8985,116.0,158.9903,0.6875019619479756,ITY121_1784,fuel,35628.57025439326,0.0,False
61085.537579723336,841.4648,33353.420001248945,-85779.19807456536,10567.99990069556,50.64042274520265,5.806610223827456,34672.0,0.776502,448.2549,-0.0,158.9996,0.6513223475841246,ITY121_1784,fuel,33965.27663702984,0.0,False
61070.2552978338,864.8388,35285.13052705921,-90811.37239533523,10567.99990046407,50.59505361880491,5.8335186554076905,34672.0,0.776492,448.249,-0.0,158.9603,0.6511935876158903,ITY121_1784,fuel,33959.19878186032,0.0,False
61054.976147147856,888.2129,37220.271589521166,-95842.15318294863,10567.999900232475,50.549690617498655,5.860423956913906,34672.0,0.776473,448.2383,-0.0,158.913,0.6510593148432307,ITY121_1784,fuel,33952.80117166041,0.0,False
61039.700295963805,911.5869,39159.51366650665,-100871.21613232112,10567.999900000788,50.50433660048221,5.887335698554919,34672.0,0.776454,448.2275,-0.0,158.8658,0.6509249729965407,ITY121_1784,fuel,33946.39963678385,0.0,False
62347.23272989107,0.0,-37633.659448214865,101161.13114705545,30.480000303836636,52.32129867294427,4.779952280649861,100.0,0.3,198.3755,2079.0,183.0038,1.7055814528948798,ITY121_1784,pop,95446.17766670858,0.04941605355183229,False
62307.95357669344,23.0143,-37755.9095686496,98831.38449127597,273.59114241972173,52.300339135762634,4.778415513069803,898.0,0.402173,265.2069,2310.0,183.0038,1.627389438340591,ITY121_1784,pop,87662.39907292787,0.04651344070111927,False
62270.546199507495,46.0285,-37919.588202278734,95712.12581108858,543.60881092694,52.27227673438351,4.77636014900037,1783.0,0.511286,336.1252,2540.0,166.0675,1.66272655236455,ITY121_1784,pop,90955.41845632473,0.03802306507673231,False
62232.400954548306,69.0428,-36965.67888871565,91866.91474899363,840.5330058256811,52.237761738125165,4.79080059379088,2758.0,0.614956,402.9057,2770.0,161.9538,1.7451892778826021,ITY121_1784,pop,100295.2669655333,0.029084704975858987,False
62192.39387352911,92.057,-35494.094161629335,87350.2447956737,1164.3637271156567,52.1972400311762,4.812885058790577,3820.0,0.706303,461.0281,3000.0,162.1416,1.8130553207580309,ITY121_1784,pop,111573.76704909277,0.02174762509522166,False
62150.81332415661,115.0713,-33827.054172081036,82176.16350465427,1515.1009747943433,52.1508140914223,4.837859875010591,4971.0,0.782927,508.9631,3000.0,162.2036,1.8435729247905783,ITY121_1784,pop,119470.4760856111,0.01869775710623471,False
62108.50593790686,138.0855,-31992.22491566856,76460.09955284923,1865.83822247393,52.099518532021534,4.865290226987765,6122.0,0.82,530.8754,3000.0,162.1066,1.8507211281541656,ITY121_1784,pop,122243.95126217729,0.017012894464023764,False
62066.00348184859,161.0998,-30068.07657383443,70500.47641806821,2216.5754701535348,52.046031117464025,4.893985064740898,7272.0,0.82,528.6785,3000.0,160.9543,1.8405984295639004,ITY121_1784,pop,118880.97084459761,0.016368007847283338,False
62023.745885529446,184.114,-28032.98676420148,64605.42979351929,2567.3127178331047,51.99312307668303,4.924226179937878,8423.0,0.82,526.4724,3000.0,157.6942,1.8289871084968845,ITY121_1784,pop,115651.36518473276,0.015628308062944872,False
61981.76637413644,207.1283,-25675.89451669617,58859.91050235246,2918.0499655126405,51.94156693860412,4.959081881197582,9574.0,0.82,524.257,3000.0,156.5683,1.8159168338771579,ITY121_1784,pop,112554.72786006983,0.014012755559909756,False
61940.09723694053,230.1425,-23216.83344350737,53185.9696314002,3268.7872131921386,51.89064849221979,4.995338518882971,10724.0,0.82,522.0323,3000.0,156.5046,1.8014557821089532,ITY121_1784,pop,109590.40643832923,0.013331152336344609,False
61898.769078964346,253.1568,-20762.00433241711,47539.01372223963,3619.524460871592,51.83996145128274,5.031449858459184,11875.0,0.82,519.798,3000.0,156.7335,1.7856702403745168,ITY121_1784,pop,106751.61049570558,0.012246225738218928,False
61857.810160171735,276.1711,-18340.242687925034,41906.68931470392,3970.261708550995,51.78939387833819,5.066998430712359,13026.0,0.82,517.554,3000.0,156.9552,1.7686843301094373,ITY121_1784,pop,104037.98169945517,0.011682567704010657,False
61817.24583871372,299.1853,-15950.735071741263,36289.57512794418,4320.9989562303335,51.73895147977721,5.1019982578261,14177.0,0.82,515.3003,3000.0,157.309,1.750633750707692,ITY121_1784,pop,101447.18030596062,0.012137165954926348,False
61777.098125872224,322.1996,-13606.292360917558,30682.52442275835,4671.736203909587,51.6885881192381,5.136265886604831,15327.0,0.82,513.0367,3000.0,157.3704,1.7316848301491172,ITY121_1784,pop,98978.62151157996,0.01299696524963022,False
61737.38535287862,345.2138,-11278.211596510635,25097.797033207593,5022.473451588739,51.63841523947062,5.170219521415296,16478.0,0.82,510.7631,3000.0,157.9117,1.711973203666095,ITY121_1784,pop,96626.75693863534,0.01312350264910873,False
61698.12194398269,368.2281,-9013.154231933793,19516.36656225559,5373.210699267797,51.588261231538254,5.203185772656154,17629.0,0.82,508.4793,3000.0,158.7657,1.6916833053078772,ITY121_1784,pop,94391.35485792485,0.01235506848760792,False
61659.31828601286,391.2423,-6841.366101269118,13927.100221829072,5723.947946946769,51.53802641259551,5.234730907020559,18779.0,0.82,506.1852,3000.0,159.0584,1.6710047000095183,ITY121_1784,pop,92272.00970976672,0.011085804446416716,False
61620.98068204473,414.2566,-4707.906043732502,8352.279947394522,6074.685194625641,51.487912748507206,5.265652710995172,19930.0,0.817944,502.6174,3000.0,158.2552,1.648692617479206,ITY121_1784,pop,90063.05657657166,0.010562675468222291,False
61583.15974648656,437.2708,-2512.1933253177313,2847.2438275462882,6425.422442304207,51.43841883198314,5.297404217548064,21081.0,0.814697,498.3218,3000.0,158.1417,1.6257182903751632,ITY121_1784,pop,87895.64450302909,0.0,False
61545.87686129845,460.2851,-324.5564863613785,-2606.142104484205,6776.159689982323,51.389380853504896,5.328970632036788,22231.0,0.815352,496.4098,3000.0,158.1714,1.6054622826332103,ITY121_1784,pop,86189.89815480553,0.0,False
61509.039383852396,483.2994,1851.7903049782688,-8039.542278775496,7126.8969376602145,51.34051414402405,5.360306511655213,23382.0,0.816062,494.5165,3000.0,158.1916,1.585453228242758,ITY121_1784,pop,84588.88666270996,0.0,False
61472.636730984515,506.3136,4017.8505051108104,-13452.788565932911,7477.634185337859,51.29182039858557,5.391428128100221,24533.0,0.816808,492.6297,3000.0,158.2082,1.565824041366812,ITY121_1784,pop,83091.53463805199,0.0,False
61436.65543533255,529.3279,6174.006010868116,-18845.809019622124,7828.371433015218,51.243300422527106,5.422341854054466,25684.0,0.817599,490.7546,3000.0,158.1786,1.5466999098458638,ITY121_1784,pop,81698.05784365282,0.0,False
61401.07867899258,552.3421,8324.652677190777,-24216.992847212146,8179.108680692257,51.194968780970974,5.453111868477211,26834.0,0.817632,488.4111,2953.0,158.1325,1.5200578344346312,ITY121_1784,pop,79786.77518321387,0.0,False
61366.08232259186,575.3564,10469.446478925907,-29561.098974835422,8524.308702092165,51.14687270693641,5.483734271380434,27967.0,0.814903,484.4514,2722.0,158.1035,1.4597294209616398,ITY121_1784,pop,75581.25465849898,0.0,False
61332.455099867,598.3706,12600.4041595931,-34862.968018280786,8842.602197103832,51.09914880379626,5.514096247357699,29011.0,0.812344,480.7787,2492.0,158.1028,1.3973279741822844,ITY121_1784,pop,71572.39653132549,0.0,False
61300.24726096102,621.3849,14716.12615570732,-40126.723396452726,9133.989165725401,51.05176020764032,5.544179191047553,29967.0,0.809835,477.3221,2262.0,158.1155,1.3330389357950798,ITY121_1784,pop,67714.79368827114,0.0,False
61269.50279410608,644.3991,16816.295776291663,-45355.14429477987,9398.469607956311,51.00468212985517,5.573980002038805,30835.0,0.807306,474.0401,2032.0,158.0982,1.267188492505778,ITY121_1784,pop,63983.36106765798,0.0,False
61240.25970911389,667.4134,18904.383490930813,-50548.95320285209,9636.043523796296,50.95790815495742,5.603549692941799,31614.0,0.804753,470.9314,1802.0,158.0776,1.2000890650299607,ITY121_1784,pop,60360.15913082799,0.0,False
61212.54968131903,690.4276,20981.39238553191,-55709.84242193098,9846.710913245253,50.91142318401588,5.632903794403722,32305.0,0.802135,467.9726,1572.0,158.0675,1.131967211041128,ITY121_1784,pop,56826.57793988852,0.0,False
61186.399602891746,713.4419,23046.98261752155,-60839.74068240151,10030.471776303148,50.86521002985087,5.662038576839491,32908.0,0.799402,465.1338,1342.0,158.058,1.0630249893016226,ITY121_1784,pop,53366.56977003195,0.0,False
61161.83232137289,736.4562,25101.571655302792,-65939.88625307672,10187.326112970028,50.81925768484124,5.690961100849479,33423.0,0.796445,462.3522,1111.0,158.0649,0.9931437208185612,ITY121_1784,pop,49951.08643271023,0.0,False
61138.86804778616,759.4704,27143.907514522223,-71011.38732121621,10317.27392324602,50.77355638264592,5.719654632195262,33849.0,0.793311,459.6559,881.0,158.0899,0.9230603774252576,ITY121_1784,pop,46598.48211421605,0.0,False
61117.52127261976,782.4847,29172.746288171948,-76055.70451889702,10420.315207131345,50.72809320288126,5.748102556072839,34187.0,0.789851,456.9575,651.0,158.0997,0.8525940703937684,ITY121_1784,pop,43281.27191942926,0.0,False
61097.80465462826,805.4989,31189.3775100247,-81072.16325188054,10496.449964626443,50.6828743056216,5.776324420867161,34437.0,0.785977,454.2054,421.0,158.0976,0.7818462595552458,ITY121_1784,pop,39989.44783777628,0.0,False
61079.72753840216,828.5132,33194.573154342346,-86059.63491620221,10545.678195732224,50.63790994403156,5.804332407871529,34599.0,0.781528,451.3053,191.0,158.0858,0.7108623066929225,ITY121_1784,pop,36711.27187135635,0.0,False
61063.29713240097,851.5274,35188.45758082414,-91016.02603104526,10567.999900451496,50.59321907557539,5.832129585853585,34672.0,0.777291,448.7102,-0.0,158.0499,0.6516737686829677,ITY121_1784,pop,33987.81596885982,0.0,False
61048.238594337745,874.5417,37174.311667400085,-95943.5412184311,10567.999900226841,50.54878179869328,5.859763286471105,34672.0,0.777277,448.7021,-0.0,158.0571,0.651544480164812,ITY121_1784,pop,33981.67230275722,0.0,False
61033.183173670026,897.5559,39159.51366655174,-100871.21613233925,10567.999900001945,50.504336600482056,5.887335698555554,34672.0,0.777263,448.694,-0.0,158.0642,0.6514152384068965,ITY121_1784,pop,33975.531281396514,0.0,False
59277.154689320225,0.0,33703.927537959804,100483.45032698225,30.48000030429856,52.32130050569873,4.7799601540063295,100.0,0.3,198.3755,3000.0,183.0038,1.833242463053799,VLG41JT_193,fuel,116428.50355030577,0.049414058783431566,False
59235.15997308318,22.8993,33583.054984945826,98179.959079066,379.46582101166865,52.30059265614388,4.777951590085248,1245.0,0.382587,251.9876,3000.0,183.0038,1.7470539071885174,VLG41JT_193,fuel,100545.70827192813,0.04549914217960862,False
59195.1758344054,45.7987,33428.87511994873,95241.72404745601,728.4516417185949,52.27417855649645,4.775392329176326,2390.0,0.480914,315.4901,3000.0,199.3261,1.700112487982382,VLG41JT_193,fuel,94835.86239753559,0.03665656416822554,False
59156.34127275075,68.698,32206.74527895597,91756.96481536672,1077.437462425736,52.242912778434125,4.7570978891829,3535.0,0.583184,381.047,3000.0,199.3226,1.7211392966373626,VLG41JT_193,fuel,97254.0799796006,0.028607424643284897,False
59117.08626948088,91.5973,30728.908891871106,87542.25157149354,1426.4232831330712,52.20509395568439,4.735010029570808,4680.0,0.679991,442.504,3000.0,199.33,1.772240512136664,VLG41JT_193,fuel,104186.60939879558,0.022137435530221863,False
59076.67865323939,114.4967,29010.773425879197,82644.25450473913,1775.409103840531,52.16113886116372,4.709378035833788,5825.0,0.766078,496.4937,3000.0,199.3598,1.8177074054678224,VLG41JT_193,fuel,112595.11750798038,0.021588561686248755,False
59035.21096197149,137.396,27079.295303148283,77147.21716094176,2124.394924548063,52.11180147663975,4.6806244067597005,6970.0,0.82,529.2568,3000.0,199.399,1.8368843764001854,VLG41JT_193,fuel,117755.65661573762,0.02195291479302166,False
58993.25956155216,160.2953,25015.945365914435,71287.69503738456,2473.380745255617,52.059203213971344,4.649978787709042,8115.0,0.82,527.0641,3000.0,199.4286,1.824440592452374,VLG41JT_193,fuel,114485.76531730716,0.021825596178639082,False
58951.605385424555,183.1947,22958.192106222567,65453.68799205424,2822.366565963153,52.00682625080607,4.619488737333796,9260.0,0.82,524.8623,3000.0,199.4517,1.810442035574736,VLG41JT_193,fuel,111347.3329614418,0.02352958453692985,False
58910.28280979825,206.094,20906.754523022966,59645.059516006186,3171.3523866706623,51.95466943062798,4.589163684639803,10405.0,0.82,522.6513,3000.0,199.4801,1.7949487892255083,VLG41JT_193,fuel,108337.6066470843,0.026484085439038473,False
58869.32445781787,228.9933,18861.162041351577,53862.09430568081,3520.338207378144,51.902735434783686,4.558995708882745,11550.0,0.82,520.4308,3000.0,199.4995,1.7780526206107639,VLG41JT_193,fuel,105453.88826165139,0.02670244561872278,False
58828.76051799126,251.8927,16822.376080338297,48104.572151132226,3869.3240280855966,51.85102235276877,4.528997748350553,12695.0,0.815109,515.1099,3000.0,199.4872,1.7560672632405216,VLG41JT_193,fuel,102025.01123318418,0.023966731556390654,False
58788.72655523291,274.792,14805.75625233294,42405.78177959063,4218.309848793005,51.799829257806685,4.499393511653184,13840.0,0.8111,510.3611,3000.0,199.4659,1.7334269397353952,VLG41JT_193,fuel,98935.11426464029,0.017589114039621812,False
58749.23029087397,297.6913,12809.930000004837,36759.06663736235,4567.295669500362,51.74909659316085,4.470160399024644,14985.0,0.808659,506.6071,3000.0,199.4474,1.7110475088651018,VLG41JT_193,fuel,96209.69379615306,0.013044931224934374,False
58710.25770393154,320.5906,10830.678238045102,31153.497155187153,4916.281490207668,51.698726404480965,4.441234657758262,16130.0,0.807471,503.638,3000.0,199.4032,1.6889638181066298,VLG41JT_193,fuel,93762.27268837472,0.010458230889933152,False
58671.796027982346,343.49,8867.412367619205,25579.48338650484,5265.2673109149155,51.64863266363918,4.412605743081319,17274.0,0.807224,501.2496,3000.0,199.3364,1.6671434421014073,VLG41JT_193,fuel,91531.2452075959,0.009392715411158449,False
58633.834604839474,366.3893,6919.993442450788,20029.832247668885,5614.253131622097,51.5987508810084,4.384269946140217,18419.0,0.807608,499.2434,3000.0,199.3002,1.6454621401932625,VLG41JT_193,fuel,89465.53245703914,0.008826069172208696,False
58596.36537303312,389.2886,4983.932902439687,14501.357840243494,5963.238952329205,51.54905263817296,4.356160898700564,19564.0,0.808376,497.4611,3000.0,199.2769,1.6238742534019845,VLG41JT_193,fuel,87534.25049917579,0.00864395556485921,False
58559.38188499511,412.188,3057.0822446792376,8992.021614275449,6312.224773036228,51.49951975832652,4.328246415905547,20709.0,0.809408,495.8251,3000.0,199.2391,1.602411609759985,VLG41JT_193,fuel,85721.39313397868,0.002510030863354953,False
58522.87679530637,435.0873,1140.2583077977552,3499.716366906675,6661.21059374316,51.4501334103661,4.300537295294751,21854.0,0.81055,494.2409,3000.0,199.2215,1.5810855950932199,VLG41JT_193,fuel,84011.80806179883,0.0,False
58486.8425957926,457.9866,-768.6985606482502,-1975.4461640820243,7010.196414449978,51.4008947060579,4.2730015025743215,22999.0,0.811778,492.6914,3000.0,199.2636,1.5599986648992066,VLG41JT_193,fuel,82402.01754528191,0.0,False
58451.26909106215,480.886,-2675.6139619629735,-7431.863678521751,7359.182235156677,51.35181812395953,4.245554325052051,24144.0,0.813005,491.1235,3000.0,199.272,1.5392143153695441,VLG41JT_193,fuel,80885.15889438498,0.0,False
58416.14474187745,503.7853,-4577.195972735547,-12870.453584548935,7708.168055863235,51.30289551311171,4.218242373831676,25289.0,0.813243,488.9432,2948.0,199.2561,1.5099540663739464,VLG41JT_193,fuel,78799.04531196025,0.0,False
58381.66620155495,526.6846,-6468.962092833258,-18285.78435953344,8051.058300724343,51.25417584959305,4.191129209390627,26414.0,0.810487,484.9997,2719.0,199.2794,1.44866489550695,VLG41JT_193,fuel,74601.58671769165,0.0,False
58348.57929512801,549.584,-8348.41457546465,-23658.839073771167,8367.310066892094,51.205830314966725,4.164249205110837,27452.0,0.807892,481.3354,2490.0,199.3001,1.385359133097243,VLG41JT_193,fuel,70597.38620352221,0.0,False
58316.92765691112,572.4833,-10216.326763897687,-28992.73451997636,8656.923354365705,51.157831009876524,4.137589931015746,28402.0,0.805368,477.8954,2261.0,199.2907,1.320464080504872,VLG41JT_193,fuel,66757.0741167254,0.0,False
58286.74708511311,595.3826,-12070.73867850568,-34290.8535544992,8919.898163144935,51.110147688389944,4.1111782474793985,29265.0,0.802854,474.6445,2032.0,199.2815,1.254320462666993,VLG41JT_193,fuel,63055.57071566554,0.0,False
58258.06633698019,618.282,-13912.374645098113,-39555.19472362452,9156.234493229671,51.0627625119559,4.085002519861345,30040.0,0.800222,471.507,1803.0,199.2898,1.1872011350263696,VLG41JT_193,fuel,59469.5367327945,0.0,False
58230.909716675014,641.1813,-15743.256367299768,-44786.35412766621,9365.932344619867,51.01567020757558,4.0590326052614145,30728.0,0.797476,468.4862,1574.0,199.2776,1.1193664843628115,VLG41JT_193,fuel,55983.259654582645,0.0,False
58205.295349055894,664.0806,-17561.92530440662,-49986.181563500584,9548.991717315512,50.96885430726915,4.0332882659123275,31329.0,0.794459,465.4905,1345.0,199.2598,1.0509558900151337,VLG41JT_193,fuel,52576.67523544267,0.0,False
58181.23913263704,686.98,-19367.956368626634,-55155.017632037896,9705.412611316615,50.9223118973289,4.00777440588278,31842.0,0.79114,462.5025,1116.0,199.2605,0.982154863900309,VLG41JT_193,fuel,49238.06862642291,0.0,False
58158.75273638838,709.8793,-21163.012722187177,-60292.251925915436,9835.195026623227,50.87604854306314,3.9824661083519106,32268.0,0.787426,459.4675,887.0,199.2547,0.9130469713309965,VLG41JT_193,fuel,45953.20018817237,0.0,False
58137.845235011046,732.7786,-22946.292556717202,-65397.448766158086,9938.33896323544,50.8300683148938,3.957373659734755,32606.0,0.783056,456.2341,658.0,199.2276,0.8435974933887296,VLG41JT_193,fuel,42703.7625686105,0.0,False
58118.526669534665,755.678,-24715.11395315163,-70468.93259228898,10014.844421153428,50.78438652278888,3.9325339646718325,32857.0,0.777861,452.7033,429.0,199.2044,0.7737548945530308,VLG41JT_193,fuel,39474.89594896594,0.0,False
58100.8065325265,778.5773,-26468.64756904404,-75503.14082677118,10064.711400377553,50.73903539206854,3.9079572994025793,33021.0,0.771214,448.5085,200.0,199.188,0.7030848927517064,VLG41JT_193,fuel,36234.08173681832,0.0,False
58084.70330605604,801.4766,-28204.89886829496,-80492.33759325696,10087.939900908934,50.694084743390725,3.883670065072589,33097.0,0.763545,443.8979,-0.0,199.1627,0.6400413488590049,VLG41JT_193,fuel,33356.43579613349,0.0,False
58070.0387233367,824.3759,-29921.429448993244,-85431.88862709637,10087.939900682106,50.649576548107255,3.8597049810576904,33097.0,0.763464,443.8506,-0.0,199.1374,0.639867960774553,VLG41JT_193,fuel,33348.391376314285,0.0,False
58055.37820205941,847.2753,-31635.590413736132,-90371.67334883174,10087.939900455156,50.60506147595697,3.8358188593450238,33097.0,0.763418,443.8237,-0.0,199.1265,0.6397233240608617,VLG41JT_193,fuel,33341.71702464324,0.0,False
58040.721051873115,870.1746,-33348.710278782426,-95311.48371735647,10087.93990022811,50.56054135885665,3.8119926296200726,33097.0,0.763366,443.7936,-0.0,199.1271,0.6395742171839869,VLG41JT_193,fuel,33334.830568414975,0.0,False
58026.06738061645,893.0739,-35061.76556672487,-100250.9408330136,10087.939900000973,50.51601957100382,3.7882122521569923,33097.0,0.763314,443.7635,-0.0,199.1277,0.6394251448981221,VLG41JT_193,fuel,33327.94649278588,0.0,False
59277.15468932249,0.0,33703.9277378998,100483.45032698268,30.480000304023665,52.321300505686516,4.779960156947907,100.0,0.3,198.3755,2313.0,183.0038,1.7206979488594536,VLG41JT_193,pop,97201.222623732,0.049414057981739104,False
59237.72056926443,22.9061,33582.42320447315,98167.91248216917,299.60640591890683,52.30048435993058,4.777941096028171,983.0,0.404921,266.9399,2542.0,183.0038,1.6402858720225857,VLG41JT_193,pop,88828.47326734163,0.04643351615707154,False
59200.19936802699,45.8122,33418.59156569101,95045.73795024595,595.3870732859176,52.272416681643925,4.775221740087306,1953.0,0.517593,340.0704,2771.0,176.0633,1.673552960540869,VLG41JT_193,pop,92031.70312202862,0.03757982275657001,False
59161.9965831649,68.7183,33692.31591753568,91068.1129814915,917.8220024051501,52.23662940259262,4.778846763034477,3011.0,0.624478,408.7805,3000.0,176.7183,1.7540532311425332,VLG41JT_193,pop,101507.34378047124,0.028341527849748294,False
59121.98533408685,91.6245,33966.787949185455,86281.26340064463,1266.9111932755156,52.19356464472365,4.782395757673393,4157.0,0.718098,468.1699,3000.0,178.2456,1.8058013473659946,VLG41JT_193,pop,110072.4637469623,0.021926942624978334,False
59080.78147138989,114.5306,34135.011126316036,80789.19532741026,1616.0003841487514,52.14416433879145,4.784309895137371,5302.0,0.799009,518.8053,3000.0,180.5794,1.8421157581825884,VLG41JT_193,pop,119030.74084031317,0.01855020763849142,False
59038.712333792486,137.4367,34073.42054284904,74698.4201949567,1965.0895750221139,52.08939401168242,4.7827960963246925,6447.0,0.82,530.2546,3000.0,185.16,1.8420099138592252,VLG41JT_193,pop,119283.29291203122,0.016909659469657654,False
58996.62537210425,160.3428,33513.49009678538,68497.81381416411,2314.17876589547,52.03366622051081,4.773990723704435,7592.0,0.82,528.0655,3000.0,189.1437,1.8302795249448902,VLG41JT_193,pop,115952.16219372413,0.016840856419218758,False
58954.81990306936,183.2489,32528.25198221041,62376.650861942806,2663.267956768784,51.97867720567455,4.75900572487781,8738.0,0.82,525.8672,3000.0,193.3093,1.8169675016397422,VLG41JT_193,pop,112751.54652355472,0.01708470685190062,False
58913.330892702485,206.155,31106.958484074745,56368.52774837279,3012.357147642048,51.92472734113817,4.737709318204506,9883.0,0.82,523.6598,3000.0,197.2971,1.8021377782697974,VLG41JT_193,pop,109683.20205442622,0.01808845586106563,False
58872.191894115254,229.0611,29279.046490976867,50498.719840875776,3361.4463385152444,51.87203896524361,4.7105535702541035,11028.0,0.82,521.4429,3000.0,201.0044,1.785858953059218,VLG41JT_193,pop,106742.05829310438,0.019448037895249865,False
58831.43431916318,251.9673,27084.816224546114,44783.86645020932,3710.5355293883676,51.82075571302656,4.678144300682508,12174.0,0.82,519.2166,3000.0,204.1951,1.7682253378349573,VLG41JT_193,pop,103923.63895222491,0.018367348702225113,False
58791.08681488436,274.8734,24586.697836471263,39224.0203263814,4059.6247202614386,51.77087097824884,4.641403598477987,13319.0,0.82,516.9808,3000.0,205.3522,1.7493949775684956,VLG41JT_193,pop,101229.41216757006,0.015628877467455192,False
58751.174756125096,297.7795,21988.13753717214,33739.65550579008,4408.713911134461,51.72165756297006,4.603290763314892,14464.0,0.819788,514.6022,3000.0,205.8625,1.7293354721309364,VLG41JT_193,pop,98627.28829737683,0.013267282564993432,False
58711.724970153264,320.6856,19353.10090822201,28303.9655063997,4757.803102007433,51.672870831103694,4.564734610787098,15610.0,0.816475,510.2764,3000.0,205.4476,1.705838892217167,VLG41JT_193,pop,95772.41272499348,0.011348062527362417,False
58672.830531325875,343.5917,16779.436499514428,22895.44761687809,5106.892292880323,51.624314025396366,4.527151821745586,16755.0,0.814667,506.8962,3000.0,204.6204,1.6828860586318743,VLG41JT_193,pop,93257.72217770641,0.010604460134323803,False
58634.46901273912,366.4978,14300.7606183697,17486.634735585063,5455.981483753119,51.57574017515201,4.491023965360032,17900.0,0.81379,504.092,3000.0,203.9566,1.6602170099825764,VLG41JT_193,pop,90975.16450937555,0.009892521767725444,False
58596.627092681665,389.4039,11898.368962684475,12079.761081294551,5805.070674625815,51.52717107693886,4.456076063525852,19046.0,0.813755,501.8021,3000.0,203.4325,1.6379087520349844,VLG41JT_193,pop,88890.83487345124,0.009452489621310466,False
58559.28939659418,412.3101,9556.311847567067,6675.99341413239,6154.159865498388,51.47861851589882,4.422073992906048,20191.0,0.809808,497.1005,3000.0,203.0079,1.6126097978740028,VLG41JT_193,pop,86586.95325203416,0.007486009318504133,False
58522.54241746829,435.2162,7276.050198390069,1306.10217259288,6503.249056370567,51.43035998835967,4.389036335950642,21336.0,0.808849,494.2368,3000.0,202.9354,1.5897453043939187,VLG41JT_193,pop,84671.69776413396,0.0,False
58486.313435836564,458.1223,5015.779594499277,-4035.494964496858,6852.338247242451,51.382346458730666,4.356356832342156,22481.0,0.810191,492.767,3000.0,202.893,1.5686753760061722,VLG41JT_193,pop,83031.43741288266,0.0,False
58450.54738583475,481.0284,2766.2449863683746,-9362.700108154084,7201.427438114111,51.33445325918171,4.323900442809971,23627.0,0.811527,491.2757,3000.0,202.8546,1.5478284790521795,VLG41JT_193,pop,81481.64251414445,0.0,False
58415.234229140224,503.9345,527.1536146644207,-14675.109561485071,7550.516628985526,51.28668417055251,4.291662019408691,24772.0,0.812832,489.7466,3000.0,202.8175,1.5273432402767197,VLG41JT_193,pop,80023.03445232299,0.0,False
58380.36138696437,526.8406,-1701.4641560675057,-19972.24934745289,7899.6058198566525,51.23904351689914,4.25964254061887,25917.0,0.810871,486.2413,2821.0,202.7799,1.4757340633164897,VLG41JT_193,pop,76390.19507857756,0.0,False
58346.6557170698,549.7468,-3911.3644344356694,-25234.555831544243,8227.864781197226,51.191707503663864,4.2279564507218605,26994.0,0.808219,482.4628,2592.0,202.7477,1.4132607486760738,VLG41JT_193,pop,72307.74004995289,0.0,False
58314.367693942935,572.6529,-6102.034845384335,-30459.28782969673,8529.469480788317,51.14470106197508,4.1966104591038365,27984.0,0.805683,478.9355,2363.0,202.722,1.349011220766024,VLG41JT_193,pop,68400.69171356695,0.0,False
58283.53632977701,595.559,-8275.204298055325,-35648.8263319221,8804.419918628171,51.09800300560486,4.165578103299471,28886.0,0.803172,475.606,2134.0,202.6928,1.2833723810959596,VLG41JT_193,pop,64642.522692128274,0.0,False
58254.1935839826,618.4651,-10431.459243666615,-40805.34274363845,9052.716094716245,51.051594024844114,4.134849438344231,29701.0,0.8006,472.4233,1905.0,202.6578,1.2166336394061237,VLG41JT_193,pop,61009.02409542456,0.0,False
58226.3656015129,641.3712,-12570.943356232825,-45930.536760568764,9274.358009052292,51.00545905027408,4.104420935961834,30428.0,0.79789,469.3427,1676.0,202.6259,1.1490643025978726,VLG41JT_193,pop,57481.16965593294,0.0,False
58200.073566789666,664.2773,-14694.385325100002,-51025.29000690206,9469.345661636211,50.95959034960002,4.074280748348069,31067.0,0.794971,466.3238,1447.0,202.5757,1.080870799521446,VLG41JT_193,pop,54041.87513608468,0.0,False
58175.33439995233,687.1834,-16800.43947602617,-56090.82537453112,9637.679052467973,50.91397716895953,4.044446710618818,31620.0,0.79177,463.3234,1218.0,202.5291,1.0121840223669052,VLG41JT_193,pop,50674.634183860886,0.0,False
58152.16145884551,710.0896,-18889.519441806293,-61127.075841885584,9779.358181547617,50.86862031376552,4.014911490432974,32085.0,0.788175,460.2765,988.0,202.497,0.9428749977469569,VLG41JT_193,pop,47353.65667138081,0.0,False
58130.565701845626,732.9957,-20962.679602565488,-66132.87766974814,9894.383048875245,50.82353042015073,3.985658608935539,32462.0,0.784052,457.1062,759.0,202.4752,0.8735065912277618,VLG41JT_193,pop,44089.00899541647,0.0,False
58110.55641251195,755.9018,-23020.24955010839,-71106.38285060259,9982.753654451073,50.778724289235086,3.956681900894726,32752.0,0.779157,453.6695,530.0,202.4566,0.8037436008201733,VLG41JT_193,pop,40850.273518364054,0.0,False
58092.143691719124,778.8079,-25061.27927512191,-76044.44461925741,10044.469998275477,50.73423045046473,3.9279932871992798,32954.0,0.773057,449.7127,301.0,202.4517,0.7333353121606909,VLG41JT_193,pop,37613.35101722782,0.0,False
58075.342555232884,801.714,-27084.57016142319,-80940.77872196288,10079.532080349287,50.69010567109482,3.899607883354655,33069.0,0.764881,444.7288,72.0,202.4516,0.6615772813636907,VLG41JT_193,pop,34335.00670549556,0.0,False
58060.182221072006,824.6201,-29085.85979283846,-85783.89510073474,10087.939900675015,50.646453702214835,3.871583664011104,33097.0,0.761654,442.7984,-0.0,202.4466,0.638321446763193,VLG41JT_193,pop,33275.170945334496,0.0,False
58045.55437506333,847.5262,-31078.171131217066,-90606.46290970867,10087.939900450934,50.602980293239455,3.8437369808493496,33097.0,0.761598,442.7657,-0.0,202.443,0.6381687968133136,VLG41JT_193,pop,33268.13700911421,0.0,False
58030.93008283026,870.4324,-33070.03316201874,-95428.79928997517,10087.939900226578,50.559502356648615,3.8159480786811226,33097.0,0.761564,442.7462,-0.0,202.4425,0.6380346033414781,VLG41JT_193,pop,33261.9754741356,0.0,False
58016.30890241086,893.3385,-35061.765566757305,-100250.94083302947,10087.939900001978,50.51601957100366,3.788212252156534,33097.0,0.761531,442.7267,-0.0,202.442,0.6379004457597146,VLG41JT_193,pop,33255.815943842645,0.0,False
74450.42002971057,0.0,92239.6138109568,30975.81016210094,30.480000304455228,52.33140182406909,4.740029810360277,100.0,0.3,198.3755,2349.0,182.9988,1.8584757183606389,VLG8379_316,fuel,125022.02614829183,0.061972283539252666,False
74410.05764675203,21.7112,92124.65399814225,28781.380507799582,289.52062659786844,52.31169029918785,4.73773444276504,950.0,0.355216,234.1991,2566.0,182.9988,1.8351766116620254,VLG8379_316,fuel,116962.13363099778,0.05471927141964841,False
74370.20680586415,43.4223,91988.82201042026,26188.52884457647,572.5070877005243,52.28839987420212,4.735025094425738,1878.0,0.415835,273.2842,2783.0,215.5656,1.819590112904237,VLG8379_316,fuel,113023.0102986757,0.04363979407081417,False
74330.71083980994,65.1335,90225.50533294352,23722.425167629317,879.4393836125241,52.26651881155447,4.708441622557708,2885.0,0.478189,313.1591,3000.0,248.1323,1.8177330388899915,VLG8379_316,fuel,112600.88478152323,0.03481684311525838,False
74291.27583283602,86.8447,87000.09111832031,22427.93079325226,1210.317514333126,52.25539975173407,4.660716139699577,3971.0,0.539119,351.7143,3000.0,254.0546,1.8066873842869768,VLG8379_316,fuel,110250.37906559977,0.02869424358580207,False
74252.10593736656,108.5558,83243.48719279951,21354.618179725792,1541.19564505514,52.24633096335323,4.605268557131022,5056.0,0.600093,389.9878,3000.0,254.0576,1.8070554447401217,VLG8379_316,fuel,110324.71176548155,0.023585100114218945,False
74212.94958166074,130.267,79075.34011955866,20163.95327985966,1872.073775777266,52.236240357546265,4.543773204466316,6142.0,0.659038,426.6361,3000.0,254.0627,1.8149686760731125,VLG8379_316,fuel,111987.88113662502,0.0212317023570014,False
74173.63505578392,151.9781,74513.29347061279,18861.204486294093,2202.9519064994665,52.22516347688747,4.476498593174583,7228.0,0.714598,460.797,3000.0,254.0688,1.8258098842165726,VLG8379_316,fuel,114503.34623209415,0.020404463301526937,False
74134.09089948896,173.6893,69584.19188651718,17454.209630664394,2533.830037221719,52.21315753109619,4.403849079381633,8313.0,0.76605,492.0316,3000.0,254.0746,1.8364071179421186,VLG8379_316,fuel,117309.50068118025,0.01814124100584703,False
74094.31679238583,195.4005,64319.56831461118,15952.02261869125,2864.7081679440093,52.20029032746036,4.326297899215024,9399.0,0.813167,520.2235,3000.0,254.0786,1.8452623618366633,VLG8379_316,fuel,120295.89799776676,0.014627497999050436,False
74054.32723145289,217.1116,58752.212110046596,14363.874141394841,3195.586298666326,52.186631706113474,4.244336295117741,10484.0,0.82,522.4974,3000.0,254.0818,1.8391092754049272,VLG8379_316,fuel,118607.39098203406,0.011840107895066778,False
74014.45856913876,238.8228,53160.44498747395,12769.093703122728,3526.464429388633,52.17285903971997,4.162066150520272,11570.0,0.82,520.3917,3000.0,254.0837,1.8296285178098972,VLG8379_316,fuel,116001.96724699633,0.00944365149921017,False
73974.79734409427,260.534,47591.3228021241,11180.975765215875,3857.3425601109248,52.159087131885904,4.080179928712144,12655.0,0.82,518.2775,3000.0,254.0849,1.8193113753853716,VLG8379_316,fuel,113514.82398857042,0.007274973168612846,False
73935.36029951191,282.2451,42044.958497203515,9599.476527660638,4188.220690833198,52.145316335130886,3.998678802983583,13741.0,0.82,516.1547,3000.0,254.0867,1.808210837204249,VLG8379_316,fuel,111140.5833338421,0.005793033003951541,False
73896.16246104227,303.9563,36521.43253540649,8024.670452813567,4519.098821555453,52.13154806797451,3.9175634825369947,14826.0,0.82,514.023,3000.0,254.0863,1.7964284219264357,VLG8379_316,fuel,108881.09950686141,0.004825606062067009,False
73857.21683345566,325.6674,31020.898165294082,6456.381164250222,4849.976952277689,52.11778148806514,3.8368357114243885,15912.0,0.82,511.8825,3000.0,254.0829,1.7840421332597907,VLG8379_316,fuel,106731.64331348799,0.004083456410395755,False
73818.53415313453,347.3786,25543.53425515113,4894.347005116744,5180.855082999898,52.10401498673719,3.7564976093300126,16998.0,0.82,509.7331,3000.0,254.0782,1.77116731961463,VLG8379_316,fuel,104692.58991395563,0.0035244568349165786,False
73780.12269617911,369.0898,20089.47481395263,3338.468396709111,5511.73321372208,52.09024841730574,3.6765506608103964,18083.0,0.82,507.5745,3000.0,254.0733,1.7579279581443712,VLG8379_316,fuel,102764.08392033547,0.0031556696085406895,False
73741.98813950029,390.8009,14658.820438661996,1788.7677004190987,5842.611344444234,52.076482731566294,3.5969958687446146,19169.0,0.82,505.4067,3000.0,254.069,1.7444207518523438,VLG8379_316,fuel,100942.33467005959,0.0028461986002088816,False
73704.13347050836,412.5121,9251.654253722023,245.33333277925976,6173.489475166357,52.062719475268636,3.5178339764416644,20254.0,0.82,503.2295,3000.0,254.0624,1.7307875823098346,VLG8379_316,fuel,99229.10704165751,0.0019337217192393098,False
73666.55893983571,434.2233,3868.1394024211627,-1292.0216359143114,6504.36760588844,52.048957716680526,3.439066880109283,21340.0,0.82,501.0429,3000.0,254.05,1.7171271428028692,VLG8379_316,fuel,97621.30329268065,0.0,False
73629.26205087565,455.9344,-1491.4691087394544,-2823.800264127223,6835.245736610485,52.0351936555173,3.360697998859645,22425.0,0.82,498.8467,3000.0,254.0411,1.7035810789282058,VLG8379_316,fuel,96120.73316324365,0.0,False
73592.23757968794,477.6456,-6827.1598104572295,-4349.647782732294,7166.123867332497,52.021431157094035,3.2827267774069093,23511.0,0.82,496.6408,3000.0,254.0392,1.6902441221303572,VLG8379_316,fuel,94725.04297577319,0.0,False
73555.47761892444,499.3568,-12139.0167081347,-5868.870946349676,7497.001998054462,52.007677315084955,3.20515159733583,24596.0,0.82,494.425,3000.0,254.0425,1.6772515225704425,VLG8379_316,fuel,93436.16058995383,0.0,False
73518.97163977913,521.0679,-17427.07285767484,-7380.94956313551,7827.880128776378,51.9939375447073,3.1279714321482484,25682.0,0.82,492.1993,2850.0,254.0347,1.6420624149772618,VLG8379_316,fuel,90096.67712371662,0.0,False
73483.18392161804,542.7791,-22692.45443565169,-8887.323274519724,8142.239467285434,51.98019958958044,3.05116939937313,26713.0,0.82,490.0754,2633.0,253.9947,1.5932699287962646,VLG8379_316,fuel,85929.62467391712,0.0,False
73448.39833337428,564.4902,-27936.035745979723,-10391.419584359064,8432.652970985231,51.96643328266341,2.9747325643382525,27666.0,0.82,488.105,2416.0,253.9823,1.5406952630785506,VLG8379_316,fuel,81901.1434654388,0.0,False
73414.69100711915,586.2014,-33160.11467034183,-11891.150259681533,8699.12063987535,51.95265793867964,2.898626907818205,28540.0,0.816628,484.2905,2199.0,253.983,1.4838690179372,VLG8379_316,fuel,77735.58960091328,0.0,False
73382.21203038248,607.9126,-38345.175509698005,-13379.60442819699,8941.642473955637,51.93893766185922,2.8231359779402814,29336.0,0.813358,480.7065,1982.0,253.9777,1.4238984569027493,VLG8379_316,fuel,73698.13791358945,0.0,False
73351.03156116426,629.6237,-43493.450702675545,-14858.019640461374,9160.218473226047,51.92526229138103,2.7482264428662826,30053.0,0.810231,477.3778,1765.0,253.9603,1.361094396124113,VLG8379_316,fuel,69771.00486446105,0.0,False
73321.21275261218,651.3349,-48607.28780343736,-16328.225129739043,9354.848637686557,51.911616243478136,2.6738634931731586,30692.0,0.807184,474.2644,1548.0,253.9373,1.295704228350774,VLG8379_316,fuel,65931.25730375806,0.0,False
73292.8144680062,673.0461,-53688.769575808554,-17791.33250863795,9525.532967337142,51.897990319074964,2.600016217833787,31252.0,0.804151,471.3283,1330.0,253.9235,1.227706082182627,VLG8379_316,fuel,62145.6164252079,0.0,False
73265.89128306204,694.7572,-58739.94453137062,-19247.030760212998,9672.271462177803,51.884388032496666,2.5266540642224506,31733.0,0.8011,468.5489,1113.0,253.9157,1.1578988507167778,VLG8379_316,fuel,58429.838114471204,0.0,False
73240.49275811632,716.4684,-63762.55030846585,-20695.245162220537,9795.064122208558,51.870810727678396,2.453751070190402,32136.0,0.797962,465.886,896.0,253.908,1.0862378153894756,VLG8379_316,fuel,54755.03019665886,0.0,False
73216.66394495328,738.1795,-68757.74578317271,-22136.279005529334,9893.910947429436,51.857256352268124,2.3812898031899485,32460.0,0.79471,463.3233,679.0,253.9008,1.0129775967278634,VLG8379_316,fuel,51112.18906874362,0.0,False
73194.44413557721,759.8907,-73726.51398454439,-23570.369551154217,9968.811937840475,51.843723424035744,2.309255414507163,32706.0,0.79128,460.8215,462.0,253.8953,0.9383374770142674,VLG8379_316,fuel,47491.522012671274,0.0,False
73173.86726800544,781.6019,-78669.44758415483,-24997.51615994955,10019.76709344179,51.830212615085394,2.237638712220931,32873.0,0.787592,458.3332,245.0,253.8918,0.8625472340156621,VLG8379_316,fuel,43884.908311979954,0.0,False
73154.96172457446,803.313,-83586.63409037962,-26417.551189713642,10046.77641423356,51.81672614915405,2.1664378224757392,32962.0,0.783548,455.8004,28.0,253.8897,0.7858022752799834,VLG8379_316,fuel,40284.21387517792,0.0,False
73137.75021262554,825.0242,-88477.51563378696,-27830.18632593449,10049.839900216388,51.803267429592175,2.0956602170479224,32972.0,0.783006,455.4652,-0.0,253.8888,0.7756724108208308,VLG8379_316,fuel,39812.14478847576,0.0,False
73120.76047252752,846.7354,-93364.88932960242,-29241.88639086571,10049.83990000048,51.78977523479936,2.024975668168998,32972.0,0.782465,455.1503,-28.0,253.888,0.765636240347197,VLG8379_316,fuel,39344.54811910401,0.0,False
74450.42002972697,0.0,92239.61381101001,30975.810162125024,30.480000303219466,52.3314018240693,4.740029810361067,100.0,0.3,198.3755,210.0,182.9988,0.963363738695313,VLG8379_316,pop,48187.083595087104,0.061972283539077945,False
74430.73626599908,20.4321,92130.5471355747,28893.872648301156,52.253413875273445,52.31270076413941,4.737852056992827,171.0,0.413798,273.5576,414.0,182.9988,1.0374567048506158,VLG8379_316,pop,51730.65211332399,0.059016229624770294,False
74409.55302942655,40.8643,91980.17203663176,26023.412368982717,95.23440910127894,52.286916704544446,4.734852660690984,312.0,0.524761,346.7456,618.0,213.647,1.2877639515170691,VLG8379_316,pop,64619.12964198081,0.0529990866053243,False
74383.28666244651,61.2964,89961.7761739322,22990.88537382771,159.42298598148338,52.25998448845143,4.7043708029245845,523.0,0.625243,412.8409,823.0,244.2952,1.5487344962780247,VLG8379_316,pop,81237.27398587459,0.04871359103579256,False
74351.71867337606,81.7285,86054.40371743974,21109.993891599403,244.81914451595537,52.24369836958834,4.646487378774527,803.0,0.712119,469.7495,1027.0,271.214,1.731351796345313,VLG8379_316,pop,98505.28281581053,0.043241876768101685,False
74316.41914872327,102.1607,81122.02345380509,21214.517213144944,351.42288470471294,52.24538851120384,4.5740781633571075,1153.0,0.7847,517.0015,1231.0,272.183,1.8262355376971344,VLG8379_316,pop,114609.52958725317,0.03334213871150793,False
74279.16143916894,122.5928,75697.11676018525,21421.304513121515,479.23420654774367,52.248022060602,4.494452876521686,1572.0,0.82,539.4731,1436.0,268.251,1.8545702624186517,VLG8379_316,pop,123782.53657659872,0.028177136119717873,False
74241.29264057879,143.0249,70036.03140740986,21248.441208530643,628.2531100450099,52.247218429974126,4.411270071443284,2061.0,0.82,538.5557,1640.0,262.6566,1.857056206059372,VLG8379_316,pop,124809.31661009158,0.022832720022446858,False
74203.37633192926,163.4571,64429.61291729985,20525.922124575492,798.4795951964595,52.24140735136018,4.328787944336167,2620.0,0.82,537.5058,1844.0,258.5397,1.8589467135936302,VLG8379_316,pop,125636.1572711201,0.01492007649553973,False
74165.424142618,183.8892,58901.70274954107,19405.244307321762,989.9136620020229,52.23195002853115,4.247410585999445,3248.0,0.82,536.3226,2049.0,256.6553,1.8603806634060875,VLG8379_316,pop,126293.9411482972,0.010185639479050377,False
74127.44569793787,204.3213,53427.165759094016,18106.60746477818,1202.5553104615954,52.22083130789543,4.166823234244018,3945.0,0.82,535.0054,2253.0,255.6622,1.8613822501458848,VLG8379_316,pop,126772.17684376155,0.007474275723932088,False
74089.44899773775,224.7534,47990.88676672832,16717.095194798316,1436.4045405750187,52.20883720225373,4.086824823717408,4713.0,0.82,533.5529,2457.0,254.5089,1.8620379043582298,VLG8379_316,pop,127096.63343982623,0.0062183479254666425,False
74051.44069296529,245.1856,42599.97987355392,15222.967889497344,1691.4613523420257,52.19584476010878,4.007522135063223,5549.0,0.82,531.9643,2662.0,253.8285,1.8624480269957902,VLG8379_316,pop,127307.13773414986,0.005337937370080159,False
74013.42627651738,265.6177,37244.91059365297,13670.064923874199,1967.7257457620801,52.18226821610956,3.928785018830457,6456.0,0.82,530.2381,2866.0,253.478,1.8625917111749946,VLG8379_316,pop,127389.47109598307,0.004579527066210551,False
73975.41020206329,286.0498,31918.60047457589,12090.115681788056,2265.1977208335684,52.16839441285522,3.8505151701702602,7432.0,0.82,528.3732,3000.0,253.0631,1.8605863474243247,VLG8379_316,pop,126438.84725282073,0.0039482231613128345,False
73937.43729920071,306.482,26623.853108674924,10477.71943268377,2576.583408005483,52.15417553395886,3.772754287109545,8453.0,0.82,526.414,3000.0,252.8615,1.8540786963380356,VLG8379_316,pop,123666.61160715547,0.003487560871179774,False
73899.60124862904,326.9141,21354.558593266916,8852.79426654026,2887.969095177321,52.139791906454946,3.695415318893447,9475.0,0.82,524.4474,3000.0,252.7649,1.846727883971371,VLG8379_316,pop,121000.15298977686,0.0031357757549353173,False
73861.91845014143,347.3462,16107.822440105903,7225.132935702581,3199.3547823490608,52.12533247107231,3.618456682231512,10497.0,0.82,522.4734,3000.0,252.6616,1.8385507854832277,VLG8379_316,pop,118440.01274666663,0.002836004007538334,False
73824.40486385993,367.7784,10883.902848259537,5594.22491232907,3510.740469520685,52.11079333464824,3.541882065909807,11518.0,0.82,520.492,3000.0,252.635,1.8295834353823441,VLG8379_316,pop,115986.46926480616,0.0025964369432403787,False
73787.07568584142,388.2105,5680.688848847835,3967.130506691666,3822.1261566921753,52.09623872049843,3.4656606230741427,12540.0,0.82,518.503,3000.0,252.3829,1.8198541959758505,VLG8379_316,pop,113634.1155453242,0.0024074503124818314,False
73749.94504925249,408.6426,504.6815074303529,2323.507859064164,4133.511843863505,52.081486320665505,3.3898870886214785,13561.0,0.82,516.5063,3000.0,252.2206,1.8094364082152397,VLG8379_316,pop,111385.18724747925,0.0022415218918075985,False
73713.0257579971,429.0748,-4646.5922403964505,671.6599568344768,4444.897531034648,52.06661152641252,3.3145256740028115,14583.0,0.82,514.5018,3000.0,252.1587,1.798381677807452,VLG8379_316,pop,109234.82461422884,0.00210313881380012,False
73676.32905717354,449.5069,-9775.948883715186,-979.2787118831268,4756.283218205582,52.05169725239962,3.2395350687949147,15605.0,0.82,512.4896,3000.0,251.8137,1.7867777661930353,VLG8379_316,pop,107183.61734555336,0.0019878718025466867,False
73639.86444245989,469.939,-14875.105939421563,-2654.4416182058926,5067.668905376275,52.0365183841379,3.165037147783513,16626.0,0.82,510.4694,3000.0,251.7046,1.774722159674204,VLG8379_316,pop,105231.85589089004,0.0018833195904110406,False
73603.6395085808,490.3712,-19950.8281538574,-4332.623032142778,5379.054592546691,52.02126627833667,3.0909325320801404,17648.0,0.82,508.4411,3000.0,251.7141,1.7622876505562317,VLG8379_316,pop,103375.49207310229,0.0017938877556251357,False
73567.65983543727,510.8033,-25006.511115139652,-6003.249891347515,5690.440279716799,52.00603656809765,3.017170710082503,18669.0,0.82,506.4048,3000.0,251.4367,1.7495928962995506,VLG8379_316,pop,101616.51865446422,0.001715847026126088,False
73531.92890928673,531.2354,-30033.679270991444,-7691.497541639116,6001.825966886548,51.990603915179776,2.943877130503793,19691.0,0.82,504.3602,3000.0,251.3901,1.736716021370705,VLG8379_316,pop,99951.42197139031,0.0016433850614277286,False
73496.44807552609,551.6676,-35039.03103931131,-9376.943772639639,6313.2116540558245,51.97515238695754,2.870952330319389,20713.0,0.82,502.3073,3000.0,251.4503,1.7237688631033283,VLG8379_316,pop,98380.97288741071,0.000454020551465966,False
73461.21651911338,572.0997,-40025.614948421906,-11050.243448540694,6624.597341224402,51.959766448518266,2.7983503492475412,21734.0,0.82,500.246,3000.0,251.2664,1.7108633326274636,VLG8379_316,pop,96905.75470308318,0.0,False
73426.23126841456,592.5318,-44986.20561714293,-12732.553381551923,6935.98302839238,51.94425698601736,2.726178647466045,22756.0,0.82,498.1761,3000.0,251.2696,1.698076122481071,VLG8379_316,pop,95523.20469430755,0.0,False
73391.48721823236,612.9639,-49926.2071659125,-14407.57184047611,7247.368715559682,51.92877086234651,2.654356100061768,23777.0,0.82,496.0977,3000.0,251.2901,1.6855263880712485,VLG8379_316,pop,94235.26371089258,0.0,False
73356.97716791347,633.3961,-54846.034906627676,-16073.78696156934,7558.754402726207,51.91332223268486,2.5828758550155326,24799.0,0.82,494.0104,3000.0,251.1874,1.6732855591433777,VLG8379_316,pop,93040.03348543553,0.0,False
73322.69187069591,653.8282,-59742.01865500497,-17741.718823245777,7870.140089891849,51.89781747676462,2.5117926207022037,25821.0,0.82,491.9143,3000.0,251.184,1.6614549399479093,VLG8379_316,pop,91938.7880008801,0.0,False
73288.62009081274,674.2603,-64616.96589398241,-19402.80845130017,8181.5257770564895,51.88233391512174,2.4410636599491107,26842.0,0.82,489.8093,3000.0,251.1555,1.650130592285504,VLG8379_316,pop,90932.67526313296,0.0,False
73254.74866528556,694.6925,-69470.0635249468,-21059.14432926283,8492.911464219998,51.86685347120257,2.370700692200974,27864.0,0.82,487.6951,3000.0,251.1199,1.639373522929083,VLG8379_316,pop,90021.01120098427,0.0,False
73221.06256779666,715.1246,-74301.01975192608,-22711.277180135643,8804.297151382272,51.851371852014616,2.300707614607829,28885.0,0.82,485.5718,3000.0,251.1502,1.6292804902478732,VLG8379_316,pop,89206.08270809337,0.0,False
73187.54497251386,735.5567,-79111.64269641155,-24353.612050229753,9115.6828385432,51.835939733291085,2.2310563743725003,29907.0,0.82,483.4391,3000.0,251.0122,1.6199051570016854,VLG8379_316,pop,88488.15608807815,0.0,False
73154.17731625141,755.9889,-83897.01103186257,-26000.209390760658,9427.068525693687,51.820432001677375,2.161821336443244,30929.0,0.818356,480.3318,3000.0,251.1621,1.6114945775966367,VLG8379_316,pop,87771.33188914126,0.0,False
73120.9616262516,776.421,-88655.67404785531,-27623.70679372008,9738.454212846967,51.805095618739315,2.0930163931568684,31950.0,0.814147,475.7253,3000.0,251.0363,1.604618140681027,VLG8379_316,pop,87046.03408335865,0.0,False
73087.90210920197,796.8531,-93364.88932962854,-29241.886390937674,10049.839900003326,51.78977523479871,2.0249756681686377,32972.0,0.809939,471.1314,3000.0,250.9105,1.5992438877966042,VLG8379_316,pop,86481.13561890861,0.0,False
77219.99990000272,0.0,-75197.38340745468,61695.74229470367,30.480000304418564,52.3212968723627,4.779955429552757,100.0,0.3,198.3755,2126.0,183.0038,1.8508500222287183,DLH4UX_557,fuel,121961.76527640747,0.04941505066059816,True
77180.08465684734,21.5574,-75311.87408315513,59513.86903428914,263.3177303746923,52.30166187665814,4.778761023976981,864.0,0.355436,234.4144,2342.0,183.0038,1.8248451973254072,DLH4UX_557,fuel,114266.57932416676,0.046630800484588286,True
77140.73754196611,43.1149,-75447.24367928671,56934.10172777646,519.7633896366187,52.278446161122446,4.777350052766222,1705.0,0.415913,273.5,2557.0,150.6676,1.8092982682478638,DLH4UX_557,fuel,110783.2234629363,0.039454761586512774,True
77101.74130433363,64.6723,-73970.06252920821,54305.280549302166,799.8169780903412,52.25500826408657,4.7996387874614275,2624.0,0.477818,313.2024,2773.0,127.2675,1.8096101355546725,DLH4UX_557,fuel,110847.75301402246,0.03318598771862984,True
77062.76038088382,86.2297,-71221.18421575248,52213.659302008404,1103.4784957358245,52.23656250913504,4.840461129307981,3620.0,0.538124,351.4994,2988.0,127.2659,1.8208134013919108,DLH4UX_557,fuel,113305.83718261422,0.02849374017590597,True
77023.55370999934,107.7872,-68135.66923587651,49866.03043464331,1430.7479425727972,52.21584231700764,4.88624226254722,4694.0,0.594705,386.9851,3000.0,127.2672,1.820551227945428,DLH4UX_557,fuel,113244.89542890765,0.021411877712183683,True
76984.37119957352,129.3446,-64736.77704823607,47279.8420963203,1759.2832270977904,52.19299609022582,4.9366236939726535,5772.0,0.649452,420.9881,3000.0,127.271,1.8252243893714555,DLH4UX_557,fuel,114359.31507951194,0.019636338642417442,True
76945.10037302984,150.902,-61037.79894316934,44464.93723410026,2087.8185116228574,52.168104976279636,4.991394492675333,6850.0,0.701394,452.9001,3000.0,127.2764,1.8327298474355875,DLH4UX_557,fuel,116289.50490149808,0.02082083773572031,True
76905.67420106947,172.4595,-57057.43750979092,41435.3048552703,2416.3537961479738,52.14128671847242,5.050263387024086,7928.0,0.749879,482.3213,3000.0,127.281,1.8406302130151202,DLH4UX_557,fuel,118552.47677066998,0.02358753725909982,True
76866.07950229691,194.0169,-52817.75902496604,38207.75151467062,2744.889080673126,52.1126841921393,5.112889647871281,9006.0,0.794659,509.1165,3000.0,127.285,1.8476017691517104,DLH4UX_557,fuel,120843.16701413353,0.025970126323600625,True
76826.33085985792,215.5743,-48341.98651433763,34799.978058911765,3073.424365198307,52.08244853657964,5.178916240009334,10083.0,0.82,523.2726,3000.0,127.284,1.8481805256255337,DLH4UX_557,fuel,121548.99399226754,0.022814987577096327,True
76786.53832371977,237.1318,-43741.36073849306,31297.267723828056,3401.9596497234875,52.05133216500669,5.246691414224566,11161.0,0.82,521.1851,3000.0,127.2843,1.8400584396626818,DLH4UX_557,fuel,118943.6836779835,0.01893945428262354,True
76746.92229251178,258.6892,-39159.237500328636,27808.61208459114,3730.494934248657,52.02030204911763,5.3141001883085766,12239.0,0.82,519.0891,3000.0,127.2893,1.8311454215969758,DLH4UX_557,fuel,116454.90811140502,0.014958238554295351,True
76707.49838377582,280.2466,-34595.98085577021,24333.688388764764,4059.0302187738125,51.9893558260779,5.381138529177817,13317.0,0.82,516.9846,3000.0,127.2946,1.821495827824194,DLH4UX_557,fuel,114081.04405329292,0.012725517816304769,True
76668.28082700621,301.8041,-30051.681521721606,20872.5348446768,4387.5655032989525,51.95849440149644,5.44780635112045,14395.0,0.82,514.8715,3000.0,127.2952,1.811179124428125,DLH4UX_557,fuel,111820.56891517306,0.011772782572455107,True
76629.28215488927,323.3615,-25526.130039615437,17425.5856843008,4716.100787824071,51.927722254777,5.514107915319221,15473.0,0.82,512.7497,3000.0,127.2969,1.8002777214540524,DLH4UX_557,fuel,109672.0921158384,0.011412243910032371,True
76590.51294227422,344.9189,-21019.467642621126,13992.81664876318,5044.6360723491725,51.8970397176107,5.580042407986751,16551.0,0.82,510.6191,3000.0,127.3015,1.7888846060631933,DLH4UX_557,fuel,107634.3632913568,0.011078259166476749,True
76551.98159465434,366.4764,-16531.946109338034,10574.060409471389,5373.171356874247,51.86644583193626,5.645607409433637,17629.0,0.82,508.4795,3000.0,127.3043,1.777100892615288,DLH4UX_557,fuel,105706.26410734875,0.011028308446105462,True
76513.69418544881,388.0338,-12063.542180965298,7169.512768995371,5701.7066413993025,51.83594291502827,5.710804484253342,18706.0,0.82,506.331,3000.0,127.2993,1.7650436933754037,DLH4UX_557,fuel,103888.16415131479,0.01125289454751193,True
76475.65433943957,409.5912,-7613.865491678697,3779.853453188743,6030.241925924329,51.805537635940084,5.775640528179171,19784.0,0.82,504.1732,3000.0,127.2927,1.7528039105826956,DLH4UX_557,fuel,102176.610873091,0.01165977632331257,True
76437.86315832184,431.1487,-3182.910897932187,405.2588161424198,6358.777210449328,51.77523211704378,5.840116858843389,20862.0,0.82,502.0062,3000.0,127.289,1.7405039389135446,DLH4UX_557,fuel,100572.4186403371,0.0015800761152096202,True
76400.31918342656,452.7061,1229.0676557970667,-2954.4327657074314,6687.312494974295,51.745025419590185,5.904230885113447,21940.0,0.82,499.8298,3000.0,127.2857,1.7282563982420927,DLH4UX_557,fuel,99075.19476917056,0.0,True
76363.0183901996,474.2635,5621.961329839107,-6299.190187236164,7015.847779499232,51.71491829249844,5.9679824029396995,23018.0,0.82,497.6439,3000.0,127.2792,1.716172610788115,DLH4UX_557,fuel,97684.78501885946,0.0,True
76325.95420890008,495.821,9995.867965981051,-9628.708558631764,7344.38306402413,51.68491409844468,6.031374061907966,24096.0,0.82,495.4483,3000.0,127.2736,1.7043613090978917,DLH4UX_557,fuel,96401.26497150052,0.0,True
76289.1175661376,517.3784,14350.648689180374,-12942.991521583383,7672.918348548989,51.655013332258136,6.094405082293903,25174.0,0.82,493.243,2802.0,127.2663,1.6642535640934233,DLH4UX_557,fuel,92277.92667866303,0.0,True
76253.09524314752,538.9358,18687.951565467214,-16243.099635875024,7979.821427828002,51.62520692617141,6.15710050905829,26181.0,0.82,491.1739,2587.0,127.2559,1.6175071684049265,DLH4UX_557,fuel,88049.97349159417,0.0,True
76218.024732938,560.4933,23009.24499025364,-19529.787535876683,8263.116577915642,51.595488516495735,6.219482683295288,27110.0,0.82,489.2562,2371.0,127.2489,1.5665209790407169,DLH4UX_557,fuel,83943.45116801465,0.0,True
76183.98757683045,582.0507,27315.60142983894,-22804.28667591635,8522.80379881154,51.56584742232722,6.281568081245386,27962.0,0.817872,486.2265,2156.0,127.244,1.5114471553789115,DLH4UX_557,fuel,79796.99668585462,0.0,True
76151.11105155719,603.6081,31597.02554008538,-26059.24623956289,8758.883090515574,51.53635073055637,6.343213832378724,28736.0,0.814376,482.5494,1940.0,127.2363,1.4523299616969179,DLH4UX_557,fuel,75642.14006006929,0.0,True
76119.50627388513,625.1656,35847.8911330038,-29290.074925562116,8971.354453027681,51.50704072981783,6.404340635993671,29434.0,0.811049,479.1409,1725.0,127.2154,1.3902313544371403,DLH4UX_557,fuel,71615.98900622883,0.0,True
76089.24355122782,646.723,40071.230429892756,-32497.556726043473,9160.217886347853,51.477910912981905,6.464994013307389,30053.0,0.807822,475.9581,1509.0,127.195,1.3249634882000483,DLH4UX_557,fuel,67665.26453712616,0.0,True
76060.38891203346,668.2804,44268.92188158857,-35683.20240743123,9325.473390476069,51.44894823018025,6.525202579085965,30595.0,0.804633,472.9641,1293.0,127.1906,1.2569963831267028,DLH4UX_557,fuel,63784.95221093991,0.0,True
76033.00383809119,689.8379,48441.657627213994,-38849.40590705672,9467.120965412332,51.42013172973347,6.5849775643780735,31060.0,0.801434,470.1299,1078.0,127.1974,1.1868931495915618,DLH4UX_557,fuel,59975.33001324739,0.0,True
76007.14478356898,711.3953,52590.155092738954,-41997.98697804385,9585.16061115666,51.39144559541676,6.644330500952122,31447.0,0.798183,467.4295,862.0,127.1897,1.11433901180446,DLH4UX_557,fuel,56192.97783713825,0.0,True
75982.86272239058,732.9527,56716.308124856456,-45128.73431940576,9679.592327709079,51.362892131074574,6.703290069065748,31757.0,0.794829,464.8321,647.0,127.1557,1.0401976737938063,DLH4UX_557,fuel,52458.12532235431,0.0,True
75960.20289572494,754.5102,60822.366801017815,-48240.398074107725,9750.416115069647,51.334482881210896,6.7618901857017235,31990.0,0.791308,462.3001,431.0,127.1529,0.9640853630011914,DLH4UX_557,fuel,48729.81818517842,0.0,True
75939.20457737255,776.0676,64907.117348435284,-51335.59849135921,9797.631973238458,51.30619491722194,6.820114198820721,32144.0,0.787532,459.7796,216.0,127.1622,0.8869239026581612,DLH4UX_557,fuel,45031.322429924294,0.0,True
75919.9011598361,797.625,68969.91863454739,-54415.20576293615,9821.239902215755,51.27802100892411,6.8779539453564915,32222.0,0.783405,457.2136,-0.0,127.1662,0.8082339173192037,DLH4UX_557,fuel,41322.02750310772,0.0,True
75902.31972978097,819.1825,73010.56231315396,-57478.46988627338,9821.239902002617,51.24996845323334,6.93540778874286,32222.0,0.783405,457.214,-0.0,127.1582,0.8080831516507767,DLH4UX_557,fuel,41314.77226298726,0.0,True
75884.74171170748,840.7399,77051.63735768355,-60541.17245349818,9821.239901788034,51.22189279421251,6.9927978501485475,32222.0,0.783406,457.2144,-0.0,127.1502,0.8079324477895615,DLH4UX_557,fuel,41307.52034599831,0.0,True
77219.999900011,0.0,-75197.38340746508,61695.7422947086,30.480000303462685,52.32129687236274,4.779955429552602,100.0,0.3,198.3755,909.0,183.0038,1.486029382367032,DLH4UX_557,pop,76737.10389268234,0.04941505066064914,True
77188.98701019981,20.8554,-75308.738164369,59573.630908758096,126.74935769163794,52.30219968262009,4.778793726028655,416.0,0.389586,257.3344,1117.0,183.0038,1.4302459248159303,DLH4UX_557,pop,73059.31432297833,0.047530478786733464,True
77159.16863954715,41.7109,-75453.18519560443,56820.872982881876,245.1141576007597,52.277427198220366,4.777288154731857,804.0,0.48169,317.7456,1326.0,156.6686,1.5055243380308636,DLH4UX_557,pop,78089.49679436565,0.04183550590181726,True
77127.82790703463,62.5663,-74105.24369802413,53695.70702227517,385.57440003102556,52.24950880307199,4.7977872996903805,1265.0,0.569289,374.9319,1534.0,151.2514,1.6281477050765767,DLH4UX_557,pop,87729.91922751079,0.034615283520003794,True
77093.95908949929,83.4218,-72173.86158525021,50175.05541354601,548.130084982482,52.21810728613355,4.826909238621606,1798.0,0.648557,426.3462,1743.0,148.1523,1.737633226988777,DLH4UX_557,pop,99303.43683990883,0.025531130797190445,True
77057.81767677549,104.2772,-69764.7135337002,46296.705133917814,732.7812124551298,52.18354269686817,4.863071217339806,2404.0,0.717812,470.877,1951.0,149.0207,1.8102731578806681,DLH4UX_557,pop,110985.58405509713,0.021119843558055247,True
77020.14809426609,125.1327,-67169.55680713496,41974.10588235883,939.5277824489391,52.14499487353324,4.901990963584864,3082.0,0.77679,508.3563,2160.0,146.7817,1.8501611853174915,DLH4UX_557,pop,121710.41562710551,0.019338638900791464,True
76981.626704554,145.9881,-64188.1868073019,37421.27493945102,1168.3697949638492,52.104408838673585,4.946541288851782,3833.0,0.82,535.2174,2369.0,142.4624,1.8678624792760272,DLH4UX_557,pop,130242.45239133848,0.022239889097225757,True
76942.70298546714,166.8436,-60697.92509022568,32878.84825367781,1419.3072499997518,52.06395554923966,4.998452148561636,4657.0,0.82,533.6593,2577.0,138.6601,1.8683770863913587,DLH4UX_557,pop,130561.82453046934,0.02525562871938551,True
76903.76969482594,187.699,-56926.34196933688,28591.768895759444,1692.340147556457,52.0258045931403,5.054337434421448,5552.0,0.82,531.9588,2786.0,133.2503,1.8687031281346418,DLH4UX_557,pop,130772.67579493872,0.026326186178746824,True
76864.83113370027,208.5544,-52782.043383402306,24693.1593046998,1987.4684876336014,51.991156112042795,5.11550978993475,6521.0,0.82,530.1146,2994.0,127.9621,1.8688262061626668,DLH4UX_557,pop,130862.29389526579,0.022585634715263887,True
76825.89065544085,229.4099,-48313.23688617379,21206.502636721085,2304.692270230136,51.9602088355704,5.181264579318439,7561.0,0.82,528.1251,3000.0,125.2042,1.8637942247111752,DLH4UX_557,pop,128044.98022477842,0.016543670380794545,True
76787.05909631646,250.2653,-43699.39134322031,17951.28061967922,2622.529249421655,51.93131761101833,5.249014207796752,8604.0,0.82,526.1243,3000.0,124.575,1.857823758094515,DLH4UX_557,pop,125250.93795991212,0.013720174424855404,True
76748.35538748755,271.1208,-39067.81210733323,14759.149255559332,2940.366228613156,51.90295612065915,5.316927835483519,9647.0,0.82,524.1158,3000.0,124.2483,1.8510561166902426,DLH4UX_557,pop,122570.04993403296,0.012442948276534534,True
76709.79537914688,291.9762,-34435.98210582787,11605.648419410672,3258.2032078046163,51.87490297247901,5.384755438663311,10690.0,0.82,522.0995,3000.0,123.9824,1.843501630622264,DLH4UX_557,pop,120000.57358334806,0.011822493289244571,True
76671.39449233559,312.8317,-29807.56668343887,8485.812651292787,3576.040186996013,51.847113406036776,5.452445739478008,11732.0,0.82,520.0755,3000.0,124.1491,1.8351945060794637,DLH4UX_557,pop,117542.74932060266,0.011616168798630274,True
76633.16738103602,333.6871,-25206.286271137993,5364.7533760368015,3893.8771661873284,51.81927277168428,5.519657727375873,12775.0,0.82,518.0436,3000.0,124.468,1.8261636152489638,DLH4UX_557,pop,115191.23928765714,0.011663827706542432,True
76595.1276191713,354.5426,-20640.48394850122,2230.5183006170305,4211.714145378542,51.79127403282657,5.586271562559006,13818.0,0.82,516.0036,3000.0,124.798,1.8164720966827224,DLH4UX_557,pop,112946.51083002333,0.011806782107701634,True
76557.28742025275,375.398,-16110.844628351164,-917.4232407274441,4529.551124569648,51.763113355153514,5.6522778239295075,14861.0,0.82,513.9556,3000.0,124.6755,1.806189125457115,DLH4UX_557,pop,110807.27933477746,0.011470096793451463,True
76519.65739471659,396.2534,-11592.623070140753,-4043.1280039789954,4847.388103760656,51.735115464712365,5.71803516781612,15904.0,0.82,511.8993,3000.0,123.911,1.7953940206475207,DLH4UX_557,pop,108772.296329546,0.01098872836936467,True
76482.24634752003,417.1089,-7051.473431276385,-7095.914322882377,5165.225082951555,51.70773695752858,5.784042288666375,16946.0,0.82,509.8348,3000.0,122.8456,1.7841842389144222,DLH4UX_557,pop,106841.93501132882,0.010426511680286438,True
76445.06111643625,437.9643,-2473.0250262993823,-10051.678628149702,5483.062062142352,51.68119421138869,5.8505097994984485,17989.0,0.82,507.7619,3000.0,122.4571,1.7726350756341318,DLH4UX_557,pop,105012.31283190823,0.009466038038763936,True
76408.10644976122,458.8198,2106.521168918843,-12964.353890614495,5800.899041333042,51.655001403239005,5.916914530670412,19032.0,0.82,505.6805,3000.0,122.3848,1.7608542757551888,DLH4UX_557,pop,103284.12686454342,0.009068546657411138,True
76371.38492082749,479.6752,6670.8079635185895,-15859.24503696376,6118.736020523596,51.62893117451843,5.983022500930208,20075.0,0.82,503.5904,3000.0,122.3837,1.74894301678285,DLH4UX_557,pop,101656.71349712624,0.008020805901423705,True
76334.89687579867,500.5307,11216.146310736129,-18741.986127859767,6436.572999713776,51.6029334872683,6.048780470122035,21117.0,0.82,501.4917,3000.0,122.3945,1.7370139172560422,DLH4UX_557,pop,100130.70651363162,0.0,True
76298.64041064522,521.3861,15741.85445192782,-21613.47545334325,6754.409978903589,51.57700081377971,6.114179531483664,22160.0,0.82,499.3841,3000.0,122.4014,1.7251484665969752,DLH4UX_557,pop,98703.5289109943,0.0,True
76262.61137293001,542.2416,20248.048197893033,-24473.3515574608,7072.246958093169,51.55113694742694,6.179222357550177,23203.0,0.82,497.2677,3000.0,122.4056,1.7134574437913044,DLH4UX_557,pop,97376.27545694358,0.0,True
76226.80338400541,563.097,24734.78866313338,-27321.33711410198,7390.083937282492,51.52534492064203,6.243910833962615,24246.0,0.82,495.1421,3000.0,122.4078,1.7020388250531526,DLH4UX_557,pop,96149.02091249224,0.0,True
76191.20787738927,583.9524,29202.09179780381,-30157.223714141048,7707.9209164715385,51.49962714285285,6.308246195266339,25288.0,0.82,493.0074,2856.0,122.4084,1.6702901509959969,DLH4UX_557,pop,92881.54085154821,0.0,True
76156.23256357484,604.8079,33651.16864958966,-32981.61203751243,8010.518036820968,51.47397867151446,6.3722468581806115,26281.0,0.82,490.9665,2648.0,122.4084,1.62585857725359,DLH4UX_557,pop,88787.3334103435,0.0,True
76122.13167013723,625.6633,38083.398874284656,-35795.305407007734,8291.019714654174,51.44839268868945,6.435933575796412,27202.0,0.82,489.0669,2439.0,122.4083,1.5774211258918962,DLH4UX_557,pop,84807.45606033737,0.0,True
76088.97914729393,646.5188,42500.007673883185,-38599.07097992436,8549.42594996882,51.42286266703146,6.499324788704776,28049.0,0.82,487.3104,2230.0,122.4087,1.525419802362911,DLH4UX_557,pop,80942.34870404171,0.0,True
76056.84449638014,667.3742,46902.207326144475,-41393.72462119602,8785.736742764171,51.397381601341145,6.562438663075968,28825.0,0.819456,485.3766,2022.0,122.4094,1.4702072344910688,DLH4UX_557,pop,77145.53440298735,0.0,True
76025.8064196072,688.2297,51288.3085725289,-44178.237504704484,8999.952093039921,51.37195929902931,6.625251753030835,29527.0,0.816266,482.0276,1813.0,122.4122,1.4111415521127635,DLH4UX_557,pop,73205.67254328064,0.0,True
75995.99726300183,709.0851,55645.33629630795,-46944.592812864765,9192.072000795968,51.346669569482245,6.68757933128006,30158.0,0.813188,478.9027,1605.0,122.4129,1.349519220800822,DLH4UX_557,pop,69373.60586702281,0.0,True
75967.47787826783,729.9406,59975.352001909654,-49693.87496901347,9362.096466032319,51.321503171317744,6.749452292887531,30716.0,0.810065,475.9077,1396.0,122.4218,1.2850622295670693,DLH4UX_557,pop,65593.01792806148,0.0,True
75940.30798188757,750.796,64279.0731101081,-52427.3962528585,9510.02548874914,51.29644889825048,6.8108820337410485,31201.0,0.807089,473.1558,1188.0,122.4219,1.2186033990510072,DLH4UX_557,pop,61895.395393466606,0.0,True
75914.53723507402,771.6515,68559.04885286243,-55145.84206028148,9635.859068946804,51.27150093180733,6.871906305580525,31614.0,0.804048,470.5206,979.0,122.4268,1.1497466776484422,DLH4UX_557,pop,58224.58478427374,0.0,True
75890.21521727587,792.5069,72816.02687659096,-57850.20141655006,9739.597206626171,51.24665087360954,6.932536796210856,31954.0,0.801038,468.0573,771.0,122.4286,1.0793810916676936,DLH4UX_557,pop,54609.68136499953,0.0,True
75867.38335525821,813.3623,77051.6373577073,-60541.17245353746,9821.239901789939,51.22189279421215,6.992797850148881,32222.0,0.798027,465.7474,562.0,122.4304,1.0071261147984325,DLH4UX_557,pop,51010.402916278756,0.0,True
77219.99990000269,0.0,91168.2457443034,31729.00992802569,30.480000304420145,52.32860183627584,4.708839891842612,100.0,0.3,198.3755,2108.0,3.1751,1.8490135492385142,VLG98RR_135,fuel,121299.40608418701,0.07048607756177237,False
77178.76976404885,22.2888,91293.37544031386,33984.671233197645,269.21329354558986,52.34886249867819,4.711296580499218,883.0,0.357882,236.0113,2331.0,3.1751,1.8212837041495653,VLG98RR_135,fuel,113415.61172690356,0.06796146820200719,False
77138.16553459568,44.5776,91442.33291275126,36669.866014340325,533.1834990994304,52.37298121701661,4.714224162843023,1749.0,0.421099,276.8682,2554.0,329.742,1.8060037845341226,VLG98RR_135,fuel,110112.98604807243,0.061475676316926534,False
77097.92245812887,66.8663,89851.88841920176,39396.16856756815,822.3906169661767,52.39775781004106,4.691534430436438,2698.0,0.48562,318.234,2777.0,296.3088,1.808111878352722,VLG98RR_135,fuel,110539.48176857817,0.05272383166036536,False
77057.65632093203,89.1551,86598.89699057513,41004.518624938144,1136.834647145707,52.41274378377244,4.6440151245002,3730.0,0.548123,357.8927,3000.0,262.8756,1.8214108266734876,VLG98RR_135,fuel,113445.38447625207,0.03753193533092091,False
77017.11205531769,111.4439,82548.78776285752,40498.30078036563,1476.5155896364622,52.40881817870932,4.584184795860383,4844.0,0.606346,394.3496,3000.0,247.8758,1.821570680982302,VLG98RR_135,fuel,113482.88446376627,0.025334370902098294,False
76976.58309266613,133.7327,78380.08782093757,38803.51789003622,1816.19653212766,52.394192053356754,4.522337786711158,5959.0,0.662499,429.1587,3000.0,247.8672,1.8274331719854295,VLG98RR_135,fuel,114908.15379170369,0.0175753870644173,False
76935.93547968124,156.0214,73841.77628986815,36957.67777317245,2155.8774746189333,52.37822535691849,4.455053660030515,7073.0,0.71542,461.5849,3000.0,247.8547,1.835559002907558,VLG98RR_135,fuel,117069.40809978968,0.011047357665403636,False
76895.1122815618,178.3102,68959.4979123069,34970.69390160782,2495.55841711026,52.360994726728684,4.382724050693157,8188.0,0.764506,491.2645,3000.0,247.8505,1.8435611484993086,VLG98RR_135,fuel,119466.48944098945,0.008472146129712794,False
76854.11135499054,200.599,63762.280277135826,32855.08980389182,2835.239359601624,52.34260013729834,4.30579064392862,9302.0,0.809584,518.1147,3000.0,247.8557,1.8503132588924964,VLG98RR_135,fuel,121981.00264625953,0.0069458949680400155,False
76812.94346485069,222.8878,58279.889446826,30623.980246094317,3174.9203020930163,52.32314735770235,4.224705398845534,10416.0,0.82,522.6286,3000.0,247.8634,1.8457562923175317,VLG98RR_135,fuel,120730.87410856548,0.006036022581160492,False
76771.85868456747,245.1765,52749.37128796477,28374.15228956624,3514.601244584402,52.303475448174574,4.142980771784033,11531.0,0.82,520.4674,3000.0,247.8591,1.837083793933384,VLG98RR_135,fuel,118075.8188356453,0.005352593050117023,False
76730.96845873831,267.4653,47242.05992074836,26133.285591608124,3854.282187075771,52.28382580884331,4.0616712170700255,12645.0,0.82,518.2971,3000.0,247.8509,1.8275908850124052,VLG98RR_135,fuel,115546.5712649,0.0048133975802729205,False
76690.28953667832,289.7541,41758.20256279041,23901.050010320374,4193.963129567126,52.26419624630831,3.980779528087926,13760.0,0.82,516.1178,3000.0,247.8559,1.8173294029587512,VLG98RR_135,fuel,113137.784748598,0.004280417339243478,False
76649.83694293788,312.0429,36297.38302025518,21678.748873729965,4533.644072058464,52.24459930529616,3.900298946360556,14874.0,0.82,513.9291,3000.0,247.878,1.8063976528302919,VLG98RR_135,fuel,110851.20948420049,0.00384901781385755,False
76609.62363429069,334.3316,30859.044689295228,19468.035444304467,4873.325014549781,52.22505066412098,3.82022060994896,15989.0,0.82,511.7312,3000.0,247.9044,1.7948753034227076,VLG98RR_135,fuel,108682.18165437788,0.0034573789637979213,False
76569.66021627682,356.6204,25443.130137850832,17269.34207310388,5213.005957041076,52.20555497158275,3.7405427979904844,17103.0,0.82,509.5237,3000.0,247.9214,1.7828872827971856,VLG98RR_135,fuel,106632.41286498046,0.003113072240590847,False
76529.95472013287,378.9092,20050.108615586098,15081.807575337038,5552.686899532345,52.186105217063265,3.661271413798371,18217.0,0.82,507.3067,3000.0,247.9274,1.7705401917521701,VLG98RR_135,fuel,104699.23095159954,0.002839416957687666,False
76490.51243801121,401.198,14680.509222378523,12904.424725492338,5892.367842023587,52.16669308790906,3.582413276935089,19332.0,0.82,505.0799,3000.0,247.9357,1.7579445086396726,VLG98RR_135,fuel,102880.43935317293,0.00261322452391892,False
76451.33581220264,423.4867,9334.350223822323,10737.449152678906,6232.048784514798,52.147321651839334,3.503967806631437,20446.0,0.82,502.8432,3000.0,247.9595,1.745243848285927,VLG98RR_135,fuel,101177.84526314042,0.0013369833946543785,False
76412.42437259523,445.7755,4011.154341300213,8582.364404366595,6571.729727005979,52.12800501552175,3.4259271593492144,21561.0,0.82,500.5966,3000.0,247.9886,1.7325428162813483,VLG98RR_135,fuel,99588.59891778496,0.0,False
76373.77471573932,468.0643,-1289.155051195856,6439.672037090872,6911.410669497127,52.108748416719834,3.3482892819049472,22675.0,0.82,498.3398,3000.0,248.0042,1.7199852968581304,VLG98RR_135,fuel,98114.58639382684,0.0,False
76335.38051854706,490.3531,-6565.959355909671,4308.15797815048,7251.091611988238,52.089541651079394,3.2710623476302882,23790.0,0.82,496.0727,3000.0,248.0089,1.7076723837367758,VLG98RR_135,fuel,96753.81807568065,0.0,False
76297.23257972789,512.6418,-11818.73573486798,2186.846628759393,7590.772554479308,52.07037673934822,3.1942531712930027,24904.0,0.82,493.7953,2806.0,248.0213,1.6679675805637113,VLG98RR_135,fuel,92623.74111138325,0.0,False
76259.91990867129,534.9306,-17049.62328825497,75.6928347641859,7908.493055178284,52.0512539960878,3.1178295829124028,25946.0,0.82,491.6555,2583.0,248.0518,1.6196889576452702,VLG98RR_135,fuel,88219.46791341054,0.0,False
76223.62246262594,557.2194,-22260.96363378908,-2024.3503229012736,8200.976643564523,52.0321825977177,3.041756462748125,26906.0,0.82,489.6775,2360.0,248.0901,1.5670056887816062,VLG98RR_135,fuel,83961.7990645707,0.0,False
76188.43104354398,579.5082,-27454.673215916366,-4113.247330021148,8468.223319637642,52.013163394593136,2.9660049898938703,27783.0,0.81833,486.8695,2137.0,248.1178,1.509843245210042,VLG98RR_135,fuel,79694.05689362476,0.0,False
76154.47252129347,601.7969,-32621.445999624666,-6188.407119435109,8710.23308339753,51.99422080526949,2.890710056078348,28577.0,0.814674,483.0562,1914.0,248.1327,1.4484085293617968,VLG98RR_135,fuel,75387.60389038135,0.0,False
76121.88300037397,624.0857,-37750.03015633677,-8246.689684464309,8927.005934844123,51.97538465812117,2.8160345133717266,29288.0,0.811202,479.5318,1692.0,248.1473,1.38381880073417,VLG98RR_135,fuel,71220.23991399734,0.0,False
76090.73976293471,646.3745,-42843.39566708672,-10289.321709323698,9118.541873977409,51.95664481765744,2.741933765023957,29916.0,0.807836,476.2481,1469.0,248.1766,1.3158815035606728,VLG98RR_135,fuel,67134.62391995867,0.0,False
76061.11505486487,668.6633,-47904.51593419191,-12316.022582523146,9284.840900797375,51.938004584251445,2.66836310715076,30462.0,0.80452,473.1723,1246.0,248.2093,1.2451164029027217,VLG98RR_135,fuel,63125.1430141343,0.0,False
76033.07539730538,690.952,-52935.61206936847,-14327.366515410931,9425.903015304028,51.919459525954174,2.5952890009018508,30925.0,0.801178,470.2571,1023.0,248.2312,1.1718215379329462,VLG98RR_135,fuel,59173.87862229595,0.0,False
76006.68195635329,713.2408,-57937.89766710968,-16324.978170937855,9541.728217497377,51.90099578216162,2.5226928635406196,31305.0,0.797785,467.4883,800.0,248.2325,1.0963008290334786,VLG98RR_135,fuel,55268.73080572536,0.0,False
75981.98878875839,735.5296,-62912.10419024433,-18311.243991578838,9632.316507377473,51.88259264693209,2.4505634049259277,31602.0,0.794249,464.8095,577.0,248.2298,1.0188317853395614,VLG98RR_135,fuel,51396.074886057046,0.0,False
75959.04406657933,757.8184,-67858.9421445263,-20286.852079764758,9697.667884944389,51.86424465735734,2.3788894628778876,31816.0,0.790538,462.202,354.0,248.2457,0.9397182888440905,VLG98RR_135,fuel,47548.02850545556,0.0,False
75937.88794321,780.1071,-72779.69648440249,-22250.459071950856,9737.782350198282,51.845964511386285,2.307651142757808,31948.0,0.786514,459.5832,131.0,248.2689,0.8591983814233424,VLG98RR_135,fuel,43712.61950186466,0.0,False
75918.55457240232,802.3959,-77674.37085841915,-24201.364272732182,9752.65990313965,51.8277592553858,2.2368472965773143,31997.0,0.783968,457.9968,-0.0,248.2789,0.8111659446834265,VLG98RR_135,fuel,41454.37820194214,0.0,False
75900.31230190868,824.6847,-82553.03481285438,-26144.898823765914,9752.65990291774,51.80958019825582,2.166331793523252,31997.0,0.783957,457.9904,-0.0,248.2659,0.8110039086752756,VLG98RR_135,fuel,41446.36416540481,0.0,False
75882.07392848823,846.9735,-87431.18880054538,-28089.513832707707,9752.659902695807,51.79134939124767,2.095880888141588,31997.0,0.78394,457.9802,-0.0,248.2527,0.8108377256086627,VLG98RR_135,fuel,41438.032352917304,0.0,False
75863.839605564,869.2622,-92308.78571381538,-30035.209977326846,9752.65990247385,51.773066911539864,2.0254953490077146,31997.0,0.783922,457.97,-0.0,248.2395,0.8106715980884669,VLG98RR_135,fuel,41429.70450291108,0.0,False
77219.99990001906,0.0,91168.24574436598,31729.010127821977,30.48000030326774,52.32860183807227,4.70883989189796,100.0,0.3,198.3755,-0.0,3.1751,0.8424122285731055,VLG98RR_135,pop,42553.279286998484,0.07048607796730566,False
77202.32399530345,20.986,91286.87050987163,33867.409739647745,30.480000094396527,52.347809241080135,4.711168810186518,100.0,0.417085,275.7983,210.0,3.1751,0.9551168292814076,VLG98RR_135,pop,47797.67970663404,0.07422480656960201,False
77182.29081728644,41.972,91451.76714354206,36839.933191466705,52.852965635700066,52.37450877664379,4.714409694364818,173.0,0.530144,350.4702,420.0,331.6961,1.244807467977999,VLG98RR_135,pop,62269.72459935727,0.07847972461115743,False
77156.20694273898,62.958,89658.30306218931,40170.21751743226,97.5988969281481,52.40474936452508,4.68888990529292,320.0,0.631697,417.3943,630.0,300.2171,1.5342858371894397,VLG98RR_135,pop,80159.701672144,0.0790489134554979,False
77124.07450175834,83.944,85766.25739705509,42436.99708462321,164.71779397191742,52.42575520202885,4.632109769232658,540.0,0.718887,474.6447,839.0,268.7381,1.7308132712063937,VLG98RR_135,pop,98437.90572344426,0.059016402537494815,False
77087.81803832523,104.9301,80646.55286065207,42324.21801801432,254.20965676706393,52.4255201142737,4.556587321498801,834.0,0.791243,521.8878,1049.0,257.9532,1.8291230105327092,VLG98RR_135,pop,115345.69682290626,0.037974606606039525,False
77049.48156007312,125.9161,75140.85210094422,41149.247911912724,366.0744853135912,52.415739066846804,4.475134153544065,1201.0,0.82,540.1687,1259.0,252.5107,1.8541776009277877,VLG98RR_135,pop,123647.29724162933,0.019258467376753637,False
77010.58903064272,146.9021,69584.42554647087,39398.45887469804,500.31227961147334,52.40073079638677,4.392849275631856,1641.0,0.82,539.3434,1469.0,250.6434,1.8574690961343536,VLG98RR_135,pop,125005.97868825724,0.009324333630562535,False
76971.63161513764,167.8881,64097.64460660775,37470.927214837604,656.9230396606634,52.38406804517103,4.31161258328708,2155.0,0.82,538.379,1679.0,249.7054,1.8600210533509245,VLG98RR_135,pop,126142.62638035341,0.006252826632626346,False
76932.62397699832,188.8741,58654.2350840975,35457.93504500131,835.9067654610988,52.36657657175087,4.231060995320626,2742.0,0.82,537.2747,1889.0,249.0272,1.8619822400936445,VLG98RR_135,pop,127074.85594440656,0.005531481321099573,False
76893.57799365223,209.8601,53247.566846509006,33385.45289893078,1037.263457012694,52.34849190247373,4.151104646440171,3403.0,0.82,536.0296,2099.0,248.4849,1.8634590558623991,VLG98RR_135,pop,127816.56560638444,0.0049647784142389855,False
76854.50332498638,230.8461,47874.74466532966,31267.40575009572,1260.9931143153292,52.32994066175258,4.071705297234806,4137.0,0.82,534.6428,2308.0,248.0329,1.8645202232656592,VLG98RR_135,pop,128374.62668909594,0.004457453248907623,False
76815.4078398003,251.8321,42534.253793979224,29113.2705368844,1507.0957373688227,52.31100925492223,3.9928435677472107,4945.0,0.82,533.1131,2518.0,247.6558,1.865286477176679,VLG98RR_135,pop,128793.81306408824,0.004016069288081263,False
76776.29792537741,272.8181,37224.988459496984,26930.990668442722,1775.5713261728743,52.29177020894238,3.9145053109055725,5825.0,0.82,531.4393,2728.0,247.3011,1.8658006731793972,VLG98RR_135,pop,129086.08039873742,0.0036685613430340915,False
76737.17870108981,293.8041,31947.75062052115,24723.591131667636,2066.4198807268795,52.272251663616494,3.8367034393585895,6780.0,0.82,529.6201,2938.0,247.0097,1.866101742629721,VLG98RR_135,pop,129266.57381097453,0.0033432885378789183,False
76698.05415351827,314.7902,26701.726517585248,22497.832983404533,2379.6414010290246,52.25251546253421,3.7594271891208506,7807.0,0.82,527.654,3000.0,246.7928,1.862293939870506,VLG98RR_135,pop,127293.62572992593,0.0030436709053587945,False
76659.01250480127,335.7762,21484.2855711511,20260.854160613802,2699.468199976307,52.232626874479266,3.682638716782542,8857.0,0.82,525.6388,3000.0,246.6383,1.8560591779147344,VLG98RR_135,pop,124507.52315659984,0.00281215506035149,False
76620.10493173909,356.7622,16292.937496882758,18018.47411873456,3019.294998923487,52.2126392024496,3.6063017815578524,9906.0,0.82,523.6158,3000.0,246.5341,1.8490205424780886,VLG98RR_135,pop,121837.60410893554,0.0025978153863566973,False
76581.34757260385,377.7482,11125.778389683006,15775.38948511404,3339.1217978705417,52.19259554082691,3.5303884020956184,10955.0,0.82,521.585,3000.0,246.4541,1.8411883323764986,VLG98RR_135,pop,119279.96515835144,0.00240677819437582,False
76542.75603330033,398.7342,5981.927760779132,13533.88072817499,3658.9485968174513,52.172517166197785,3.4548853154817967,12004.0,0.82,519.5462,3000.0,246.3656,1.8325943048999107,VLG98RR_135,pop,116832.9288769943,0.0022588606877376686,False
76504.34504362471,419.7202,861.7834340457073,11293.282193444793,3978.7753957641867,52.15239881541351,3.3797978678841094,13054.0,0.82,517.4995,3000.0,246.2593,1.8232781374274474,VLG98RR_135,pop,114493.25861842601,0.0021228504908376755,False
76466.12814192288,440.7062,-4233.89382372011,9052.114658187504,4298.602194710721,52.13222791290275,3.3051367702825276,14103.0,0.82,515.4445,3000.0,246.1543,1.8133164176037158,VLG98RR_135,pop,112263.00140015048,0.0020022876810128877,False
76428.11739548018,461.6922,-9305.0894539101,6810.612372473623,4618.428993657023,52.11200731432413,3.230901845597257,15152.0,0.82,513.3814,3000.0,246.0705,1.8027756425741734,VLG98RR_135,pop,110139.07969762979,0.0019044621468486992,False
76390.32316117338,482.6782,-14352.568155920238,4570.765184829505,4938.255792603057,52.0917556658259,3.1570813953356764,16202.0,0.82,511.3099,3000.0,246.0355,1.7917300600523813,VLG98RR_135,pop,108118.776786814,0.0018142601881105005,False
76352.75388840139,503.6642,-19378.16860706757,2336.9577145075405,5258.082591548784,52.07151307412778,3.083647745401252,17251.0,0.82,509.2301,3000.0,246.0374,1.7802897679288925,VLG98RR_135,pop,106204.10108214917,0.001734269868127643,False
76315.41596418068,524.6503,-24383.247633637366,112.47154362624815,5577.909390494159,52.05130966528903,3.010580141326741,18300.0,0.82,507.1416,3000.0,246.0577,1.768543235808591,VLG98RR_135,pop,104392.50896475122,0.0016653785987607353,False
76278.31359859717,545.6363,-29368.42720047581,-2101.0637783305606,5897.736189439131,52.0311606906418,2.937868563987322,19350.0,0.82,505.0446,3000.0,246.0554,1.7565820830542238,VLG98RR_135,pop,102682.05089090396,0.0016006875874882715,False
76241.44874754614,566.6223,-34332.749343102725,-4305.572523580223,6217.562988383643,52.01104951271843,2.8655263632115813,20399.0,0.82,502.9388,3000.0,246.0428,1.7445300480119528,VLG98RR_135,pop,101074.61125608993,0.0009283808285581007,False
76204.8210688354,587.6083,-39275.73228399263,-6501.904004921711,6537.38978732736,51.990969157799626,2.793559899850421,21448.0,0.82,500.8241,3000.0,246.0392,1.7324815884488514,VLG98RR_135,pop,99568.44208894562,0.0,False
76168.4279072295,608.5943,-44197.632998676345,-8689.241414955954,6857.2165862702595,51.97092758946813,2.7219645730472406,22497.0,0.82,498.7005,3000.0,246.0252,1.7205404074060735,VLG98RR_135,pop,98163.30884867933,0.0,False
76132.26430381325,629.5803,-49097.96894784728,-10868.428989300222,7177.043385212359,51.95091788603065,2.6507467727271363,23547.0,0.82,496.5678,3000.0,246.0211,1.7087982061057676,VLG98RR_135,pop,96858.2689159741,0.0,False
76096.32302509584,650.5663,-53977.02834211697,-13038.574073237594,7496.870184153544,51.93094868298295,2.579901410682802,24596.0,0.82,494.4259,3000.0,246.0339,1.6973742649385646,VLG98RR_135,pop,95655.36739303081,0.0,False
76060.59460750782,671.5523,-58835.35927232232,-15198.196778709074,7816.6969830936705,51.911033854241545,2.5094194683889612,25645.0,0.82,492.2747,3000.0,246.0568,1.686353867319274,VLG98RR_135,pop,94554.0704736824,0.0,False
76025.06741331393,692.5383,-63673.24089337002,-17346.41709547407,8136.52378203261,51.89118188636284,2.4392958913748934,26695.0,0.82,490.1141,3000.0,246.0838,1.6758191964183404,VLG98RR_135,pop,93554.47260590135,0.0,False
75989.72769444015,713.5243,-68490.72499365085,-19482.86170410662,8456.35058097022,51.87139672350227,2.36952899911196,27744.0,0.82,487.9438,2852.0,246.0939,1.642664036061052,VLG98RR_135,pop,90441.77075436665,0.0,False
75955.03065516533,734.5104,-73288.46707524447,-21609.53544345843,8760.358376743574,51.851660839582294,2.3001088140474586,28741.0,0.82,485.872,2642.0,246.1061,1.5965693194735222,VLG98RR_135,pop,86518.43253075915,0.0,False
75921.23168997285,755.4964,-78068.0274097804,-23726.936954033004,9041.99320678393,51.83197009986897,2.23101198149878,29665.0,0.82,483.9446,2432.0,246.1051,1.5469135119813522,VLG98RR_135,pop,82710.77078937899,0.0,False
75888.39891544236,776.4824,-82830.27964732454,-25836.765593315522,9301.255071085134,51.81230961902633,2.162225492806844,30516.0,0.82,482.1636,2222.0,246.1098,1.4939344875587854,VLG98RR_135,pop,79003.08478170753,0.0,False
75856.59683369205,797.4684,-87576.80528428548,-27939.162757320344,9538.143969647328,51.79267837716301,2.093725769469114,31293.0,0.82,480.5305,2012.0,246.1089,1.4378855640036754,VLG98RR_135,pop,75381.06919720003,0.0,False
75825.88643772769,818.4544,-92308.78571384285,-30035.209977387232,9752.65990247712,51.77306691153932,2.0254953490073317,31997.0,0.82,479.0469,1802.0,246.1079,1.3790039938976566,VLG98RR_135,pop,71831.13797249114,0.0,False
76447.79990000273,0.0,-76546.09212900208,57733.158268432046,30.480000304399674,52.32859814068392,4.7088354793503235,100.0,0.3,198.3755,2324.0,3.1752,1.8642872600537173,AUA3SV_1122,fuel,127804.81434647978,0.07048648123988391,False
76405.75981733581,22.5435,-76419.70000738805,60011.57377476002,296.59207732124395,52.349103072776906,4.710175198333541,973.0,0.353426,233.0006,2549.0,3.1752,1.8452079947538893,AUA3SV_1122,fuel,120000.7524431718,0.06755305629415774,False
76364.1532322563,45.0871,-76271.14487514112,62689.51218210362,588.5212677607212,52.37320355270416,4.7117513012268795,1931.0,0.412011,270.7216,2775.0,36.9905,1.8318326484513991,AUA3SV_1122,fuel,116048.58693975347,0.05955502456693227,False
76322.86376340159,67.6306,-74395.1190432095,65179.9448636242,906.2675716230225,52.395855010116044,4.738827890238236,2973.0,0.472302,309.2082,3000.0,70.8058,1.8293132062564115,AUA3SV_1122,fuel,115387.47434402452,0.04650820497535565,False
76281.64902985995,90.1741,-71030.63504915516,66351.2020405453,1249.8309889075776,52.40683311025919,4.788158659377581,4100.0,0.531273,346.4367,3000.0,104.6211,1.8166013524980462,AUA3SV_1122,fuel,112347.76677917021,0.03794699191135226,False
76240.7454728208,112.7177,-67164.91012562206,65342.73701327883,1593.3944061952764,52.398251937133615,4.845342914058838,5228.0,0.59081,383.7207,3000.0,130.0201,1.8137045102649871,AUA3SV_1122,fuel,111713.37118169224,0.044980077997187555,False
76199.92982520524,135.2612,-63773.88781238039,62495.30033015573,1936.957823483138,52.37305169620393,4.895861462949442,6355.0,0.648844,419.7156,3000.0,130.0157,1.8183036147325116,AUA3SV_1122,fuel,112729.67270684872,0.05035405131903669,False
76159.0267345528,157.8047,-60062.777401622,59379.57640113491,2280.5212407710974,52.34545250663513,4.95108247863766,7482.0,0.70396,453.5192,3000.0,130.0077,1.826572772926869,AUA3SV_1122,fuel,114692.5750464779,0.03507224263440704,False
76117.94603050016,180.3482,-56050.939115923335,56012.32969802394,2624.0846580591237,52.31559655304171,5.010700630932922,8609.0,0.755354,484.6373,3000.0,130.0011,1.8354738536356259,AUA3SV_1122,fuel,117045.46871291523,0.02442109428202429,False
76076.6674926288,202.8918,-51762.352827186434,52413.6385808473,2967.6480753471947,52.283655467282564,5.074342384660613,9736.0,0.802714,512.8979,3000.0,130.0024,1.8433428309640842,AUA3SV_1122,fuel,119502.68905508281,0.020448733749537037,False
76035.20233238528,225.4353,-47222.94235301342,48604.29742627621,3311.211492635297,52.24980749738807,5.141606440046614,10864.0,0.82,521.7625,3000.0,130.009,1.8406461457173513,AUA3SV_1122,fuel,119104.47606468796,0.018105198062521886,False
75993.76768515317,247.9788,-42605.345948793496,44728.4322358382,3654.774909923397,52.21532919865537,5.209923906057651,11991.0,0.82,519.5729,3000.0,130.0132,1.8312471893083366,AUA3SV_1122,fuel,116464.34680662006,0.017345045867602712,False
75952.5459412936,270.5224,-38007.5510928542,40868.621964249716,3998.33832721148,52.18095456118753,5.277843154333587,13118.0,0.82,517.374,3000.0,130.012,1.8210106019231158,AUA3SV_1122,fuel,113949.86203452348,0.017048259975352052,False
75911.5541105567,293.0659,-33429.27887396103,37025.367907051346,4341.901744499544,52.14668872181955,5.345369729638724,14245.0,0.82,515.1657,3000.0,130.0061,1.810014682776033,AUA3SV_1122,fuel,111559.22895827927,0.01584582716433241,False
75870.80718715559,315.6094,-28870.308528252033,33199.1043141425,4685.465161787592,52.112536197063584,5.412508336207424,15372.0,0.82,512.9479,3000.0,129.9989,1.7983537536794751,AUA3SV_1122,fuel,109290.8076310747,0.014037955684115002,False
75830.31781314059,338.153,-24330.634766487165,29390.011073067446,5029.028579075614,52.078499194135475,5.479260547330787,16499.0,0.82,510.7205,3000.0,129.9925,1.7861351465630488,AUA3SV_1122,fuel,107143.1207265112,0.012426324806838925,False
75790.09600789129,360.6965,-19810.402021517963,25598.091947932186,5372.591996363607,52.044578325787434,5.545625756744946,17627.0,0.82,508.4833,3000.0,129.9861,1.7734661362875161,AUA3SV_1122,fuel,105113.47816090606,0.012105800959353487,False
75750.14896278636,383.24,-15309.70334767951,21823.41424545382,5716.155413651571,52.01077477726066,5.611604102520715,18754.0,0.82,506.2363,3000.0,129.9782,1.7604907681174327,AUA3SV_1122,fuel,103203.61040480362,0.011674163832829354,False
75710.4808972726,405.7836,-10828.528943248702,18066.17032060541,6059.7188309395,51.977090858156096,5.677197218150003,19881.0,0.82,503.9792,3000.0,129.9688,1.7473279343715769,AUA3SV_1122,fuel,101411.11175274171,0.01125129647715463,False
75671.09297054197,428.3271,-6366.877475624656,14326.544960541585,6403.282248227397,51.94352880386349,5.742406613672944,21008.0,0.82,501.7119,3000.0,129.9591,1.734108143575166,AUA3SV_1122,fuel,99735.29099879303,0.0,False
75631.98324176522,450.8706,-1924.828488754847,10604.629028469362,6746.845665515252,51.91008999708805,5.807232620792875,22135.0,0.82,499.4344,3000.0,129.9498,1.72096171120468,AUA3SV_1122,fuel,98175.70996424055,0.0,False
75593.14667120943,473.4142,2497.491064247664,6900.459352106762,7090.409082803076,51.87677532149253,5.871674874668177,23262.0,0.82,497.1464,2969.0,129.9412,1.7039999345595227,AUA3SV_1122,fuel,96278.58151904734,0.0,False
75554.66360178105,495.9577,6900.206959664062,3213.8348375684595,7430.4196645614475,51.84358350468514,5.935736642653839,24378.0,0.82,494.8717,2744.0,129.9335,1.658766576780564,AUA3SV_1122,fuel,91654.94992742283,0.0,False
75517.15146134396,518.5012,11285.003496858204,-456.78840768639134,7744.613132896778,51.8105012084902,5.999443800678499,25409.0,0.82,492.7604,2518.0,129.9276,1.6086030854505686,AUA3SV_1122,fuel,87189.19741416213,0.0,False
75480.70990534332,541.0447,15653.151959461939,-4112.706436722281,8032.98948780872,51.77751727981077,6.062816144554546,26355.0,0.82,490.8145,2293.0,129.924,1.5541951130217901,AUA3SV_1122,fuel,82890.1374684491,0.0,False
75445.43189189753,563.5883,20005.902099801464,-7755.273734060714,8295.54872929716,51.744619974268076,6.125873006673716,27216.0,0.816924,487.2016,2067.0,129.9231,1.4945352038964503,AUA3SV_1122,fuel,78451.9495595044,0.0,False
75411.48445453403,586.1318,24328.19546309158,-11372.236582370988,8532.290857362037,51.711920592997515,6.188397836450822,27993.0,0.813247,483.4131,1842.0,129.9233,1.4311136494768317,AUA3SV_1122,fuel,74112.42266625675,0.0,False
75378.97167258026,608.6753,28618.330496902934,-14962.30610860472,8743.215872003337,51.679431601379875,6.25036812491939,28685.0,0.809736,479.9061,1616.0,129.9226,1.3641019874428038,AUA3SV_1122,fuel,69883.9449449717,0.0,False
75347.97030016044,631.2189,32878.78080075411,-18527.453163680446,8928.323773221044,51.64713594740073,6.311821678237421,29292.0,0.806298,476.6238,1391.0,129.9209,1.2943158679028663,AUA3SV_1122,fuel,65769.73893977993,0.0,False
75318.55138543189,653.7624,37111.5289553026,-22069.201146408413,9087.614561015163,51.61502055239835,6.372789020532625,29815.0,0.802873,473.53,1165.0,129.919,1.221539781419041,AUA3SV_1122,fuel,61718.81526959651,0.0,False
75290.77937856124,676.3059,41318.17359072443,-25588.873599643754,9221.088235385698,51.58307409644853,6.433294970372377,30253.0,0.799394,470.5851,940.0,129.9174,1.1466641575808847,AUA3SV_1122,fuel,57745.3755717243,0.0,False
75264.71211133013,698.8495,45499.93039440673,-29087.52600208412,9328.744796332676,51.5512876471209,6.493358698843357,30606.0,0.795791,467.7452,715.0,129.9157,1.0697156204663019,AUA3SV_1122,fuel,53819.69353401521,0.0,False
75240.40064683037,721.393,49657.65248531645,-32565.85283934592,9410.584243856134,51.51965550834988,6.552994074864658,30875.0,0.791993,464.9679,489.0,129.914,0.9906463341631737,AUA3SV_1122,fuel,49913.90034964552,0.0,False
75217.88883819207,743.9365,53791.79581832671,-36024.24743053707,9466.606577956134,51.48817469957981,6.612209197507299,31058.0,0.787898,462.1927,264.0,129.9131,0.910391754770979,AUA3SV_1122,fuel,46048.69185615494,0.0,False
75197.21365373807,766.4801,57902.229907639274,-39462.70622504976,9496.81179863284,51.456845850624994,6.671003718671014,31158.0,0.783347,459.3237,38.0,129.913,0.8284588611009638,AUA3SV_1122,fuel,42178.67479811508,0.0,False
75178.40628668029,789.0236,61987.976152108546,-42880.49930468471,9501.199905886704,51.42567621461127,6.7293651799055265,31172.0,0.782516,458.808,-0.0,129.913,0.814357506282309,AUA3SV_1122,fuel,41518.578802491815,0.0,False
75159.92367712637,811.5671,66069.2663570303,-46294.56110824191,9501.199905662192,51.39451173643706,6.787583551879255,31172.0,0.782489,458.792,-0.0,129.9137,0.8141871168464128,AUA3SV_1122,fuel,41510.027060683235,0.0,False
75141.44527192142,834.1107,70150.37053434674,-49708.55598785389,9501.199905437652,51.363319100191134,6.845719985630759,31172.0,0.782477,458.7851,-0.0,129.9159,0.8140282948464095,AUA3SV_1122,fuel,41502.25945299628,0.0,False
75122.97068428471,856.6542,74231.28263037032,-53122.65615593303,9501.199905213089,51.33209683335999,6.90377448910176,31172.0,0.782454,458.7714,-0.0,129.9183,0.81386091813113,AUA3SV_1122,fuel,41493.912605581725,0.0,False
75104.50019873354,879.1977,78311.9343169923,-56536.820588863506,9501.199904988503,51.30084538955175,6.961746214404354,31172.0,0.782431,458.7578,-0.0,129.9206,0.8136937191244682,AUA3SV_1122,fuel,41485.57827949517,0.0,False
76447.79990001272,0.0,-76546.09212900588,57733.15846826813,30.480000303630064,52.32859814248083,4.708835479304612,100.0,0.3,198.3755,743.0,3.1752,1.3753503072449274,AUA3SV_1122,pop,69669.11999833185,0.0704864816746384,False
76417.34644599697,22.124,-76421.17937905286,59984.905988650265,113.99857035453293,52.3488630722268,4.710159510774504,374.0,0.401948,265.5378,964.0,3.1752,1.3418970395119503,AUA3SV_1122,pop,67694.05042366996,0.07251172969636244,False
76387.67587580302,44.2479,-76253.99281924142,62998.704993461986,222.3821843767607,52.375986175339136,4.711933378656041,730.0,0.505249,333.3723,1186.0,36.3611,1.470164158343058,AUA3SV_1122,pop,75663.75314095513,0.07490604658691336,False
76355.22621955305,66.3719,-74007.55121139363,66050.03987049682,355.63084237055057,52.4037313374843,4.744346216370935,1167.0,0.601306,396.1525,1407.0,68.7188,1.6343352464320438,AUA3SV_1122,pop,88285.6820265913,0.056586531711116904,False
76319.17569564922,88.4958,-69812.54409267976,67684.01790678246,513.7445443359618,52.41897441324936,4.805834343623696,1686.0,0.685957,451.1095,1628.0,80.1947,1.759853193623738,AUA3SV_1122,pop,102331.73544137373,0.044213967710653335,False
76280.3470046495,110.6198,-64761.72512989991,68556.92563081332,696.7232902729946,52.427443882104875,4.880135385893256,2286.0,0.757795,497.311,1849.0,94.9844,1.8308610382558965,AUA3SV_1122,pop,115790.99289388498,0.04846768230039942,False
76239.92367948408,132.7437,-59133.49005618156,68066.06086088679,904.5670801816236,52.42366604957926,4.963223800752282,2968.0,0.817117,534.9631,2071.0,106.07,1.8637870117129463,AUA3SV_1122,pop,127875.190916294,0.034230008299280745,False
76198.73026589234,154.8677,-53294.82898537118,66384.12827521584,1137.2759140617973,52.409140006621406,5.049590978702926,3731.0,0.82,535.4101,2292.0,111.2079,1.8658414904285168,AUA3SV_1122,pop,129075.74120800484,0.020055196128246147,False
76157.48842695213,176.9916,-47627.30281420332,64184.939229138545,1394.849791913412,52.38988495844814,5.133453104173857,4576.0,0.82,533.8113,2513.0,114.5683,1.8665161096807286,AUA3SV_1122,pop,129462.29264632965,0.014860418169860343,False
76116.2335864901,199.1156,-42116.82508141964,61665.73070482873,1677.288713736277,52.367680927343365,5.214969287848635,5503.0,0.82,532.0527,2734.0,116.818,1.8669107558716862,AUA3SV_1122,pop,129698.67055856602,0.01603870768113791,False
76074.97159376924,221.2395,-36729.2635170474,58942.15755016236,1984.5926795300168,52.343575020398596,5.294616621622106,6511.0,0.82,530.1326,2956.0,119.792,1.8671101915701236,AUA3SV_1122,pop,129827.15739119228,0.014068747709042574,False
76033.70700368426,243.3635,-31511.202137350407,55954.71618119882,2316.761689293518,52.31703313475869,5.371708293842223,7601.0,0.82,528.0493,3000.0,122.2458,1.8625139471772465,AUA3SV_1122,pop,127390.6449257945,0.012074777348493814,False
75992.5481122859,265.4874,-26446.341314470254,52759.546551027124,2653.9307284027473,52.2885658209057,5.446471521006182,8707.0,0.82,525.9262,3000.0,125.1364,1.855896808631599,AUA3SV_1122,pop,124429.23220212944,0.011677729944027219,False
75951.5401369345,287.6114,-21568.889356486667,49326.97922478362,2991.0997675119165,52.257909238694026,5.518400484601581,9813.0,0.82,523.7945,3000.0,127.3686,1.8483606950915912,AUA3SV_1122,pop,121594.60212679264,0.011623473361289353,False
75910.70245039403,309.7353,-16848.185280714468,45721.82443545949,3328.2688066210253,52.22565224931121,5.587937429279401,10920.0,0.82,521.654,3000.0,128.9008,1.8399152430600576,AUA3SV_1122,pop,118882.73543823711,0.01061984109130518,False
75870.05377522885,331.8593,-12244.596634224074,42007.08465795289,3665.43784573008,52.19236645697044,5.655659294274759,12026.0,0.82,519.5048,3000.0,130.1598,1.8306113304247362,AUA3SV_1122,pop,116295.64054544398,0.00993407864473657,False
75829.61172942104,353.9832,-7742.500720007375,38207.928899330494,4002.6068848390664,52.15828146715462,5.7217940024373455,13132.0,0.82,517.3466,3000.0,131.1655,1.820500027797757,AUA3SV_1122,pop,113829.43204430153,0.00950027086428329,False
75789.39241228708,376.1072,-3326.3408308056564,34346.56695898249,4339.775923947975,52.123599696168554,5.786569395120445,14238.0,0.82,515.1794,3000.0,132.2501,1.809656125827063,AUA3SV_1122,pop,111482.43495746554,0.009153844213022202,False
75749.4100411969,398.2311,997.6074257139655,30418.948364525837,4676.944963056782,52.088286887909085,5.849894281289026,15344.0,0.82,513.003,3000.0,133.18,1.7981691254420722,AUA3SV_1122,pop,109253.07332828513,0.009618995522903183,False
75709.67664527157,420.3551,5239.117213051927,26438.691681087992,5014.114002165458,52.052467682422986,5.911912652893147,16451.0,0.82,510.8174,3000.0,134.3366,1.7861310968902167,AUA3SV_1122,pop,107138.49830543049,0.010361616604782896,False
75670.20181840114,442.479,9381.561115137503,22391.082596559947,5351.283041273986,52.01601201872217,5.9723822606925125,17557.0,0.82,508.6224,3000.0,136.1978,1.7736718525248485,AUA3SV_1122,pop,105140.46363456384,0.010668710634607732,False
75630.99253074467,464.603,13373.001944590764,18229.170394511115,5688.45208038237,51.978501224959736,6.030544252010325,18663.0,0.82,506.4178,3000.0,137.9134,1.7608996701255055,AUA3SV_1122,pop,103256.3295988852,0.010501101860443087,False
75592.05299541609,486.727,17221.17122466261,13968.320877816761,6025.6211194906155,51.94007659293262,6.086513958893522,19769.0,0.82,504.2036,3000.0,138.8452,1.7479362869040183,AUA3SV_1122,pop,101485.23017920117,0.009922753295925145,False
75553.38458530074,508.8509,20982.88783152606,9664.50094988044,6362.790158598638,51.90124235819435,6.141125237386269,20875.0,0.82,501.9797,3000.0,139.0472,1.7349052468150408,AUA3SV_1122,pop,99826.48193777844,0.0011363285186288177,False
75514.98579383267,530.9749,24712.7524530978,5366.638673113037,6699.959197705956,51.86243794764165,6.195178835829778,21981.0,0.82,499.7458,3000.0,139.0573,1.7219299173755185,AUA3SV_1122,pop,98279.59108011442,0.0,False
75476.85223299213,553.0988,28425.12964149703,1087.3982786635988,7037.128236812991,51.8237772365327,6.248886437626487,23088.0,0.82,497.5019,3000.0,139.0667,1.7091217734377786,AUA3SV_1122,pop,96843.41669443902,0.0,False
75438.97666166238,575.2228,32120.003807061086,-3173.080590624501,7374.297275919765,51.78526190507304,6.302249316791912,24194.0,0.82,495.2479,2783.0,139.0767,1.6659375150872628,AUA3SV_1122,pop,92338.4722898616,0.0,False
75402.0095408074,597.3467,35798.789957598885,-7416.505970620528,7687.095434279184,51.74687692036888,6.355289328773075,25220.0,0.82,493.1476,2562.0,139.0876,1.617591352822808,AUA3SV_1122,pop,87942.71116682375,0.0,False
75366.05837642014,619.4707,39462.55398431927,-11644.222925893291,7975.028548672142,51.70861049725464,6.4080231491823945,26165.0,0.82,491.2063,2341.0,139.098,1.56493855813198,AUA3SV_1122,pop,83696.29941282768,0.0,False
75331.21203463608,641.5946,43112.46244533407,-15857.501319097424,8238.09661909613,51.67045148811758,6.460468802983262,27028.0,0.817318,487.8251,2119.0,139.1067,1.5072552802322803,AUA3SV_1122,pop,79342.44531378572,0.0,False
75297.62098945031,663.7186,46737.87539453717,-20043.77587594774,8476.299645550367,51.63251411433645,6.512475001745909,27809.0,0.813692,484.0558,1898.0,139.1135,1.4457788102999225,AUA3SV_1122,pop,75057.71224455535,0.0,False
75265.39344461897,685.8425,50335.98143519932,-24199.52243461926,8689.637628034494,51.59483085404035,6.564003492290481,28509.0,0.810231,480.5605,1677.0,139.1197,1.3810042637651767,AUA3SV_1122,pop,70899.03689054304,0.0,False
75234.60333033449,707.9665,53908.809689764894,-28326.97988640771,8878.110566548346,51.557381958732094,6.615085399902446,29128.0,0.806804,477.2611,1456.0,139.126,1.3132232073381322,AUA3SV_1122,pop,66837.55742752638,0.0,False
75205.32023815085,730.0904,57457.756647335395,-32427.755500581112,9041.718461091878,51.5201533676715,6.66574260184147,29664.0,0.803496,474.2061,1234.0,139.1318,1.242537898236876,AUA3SV_1122,pop,62848.00675619514,0.0,False
75177.60427651873,752.2144,60984.61574931021,-36503.8375270668,9180.461311665124,51.48312751093955,6.716002491284105,30120.0,0.800072,471.2566,1013.0,139.1364,1.1696950782342785,AUA3SV_1122,pop,58932.08103540428,0.0,False
75151.51362497652,774.3383,64490.18736084442,-40555.97908957341,9294.339118268219,51.44629799023825,6.765878179566192,30493.0,0.796579,468.4382,792.0,139.1399,1.094796333922261,AUA3SV_1122,pop,55068.424860065395,0.0,False
75127.09756285859,796.4623,67975.45620450501,-44585.15302470817,9383.351880901419,51.40965638510678,6.81538531042723,30785.0,0.792908,465.6865,571.0,139.1428,1.0180772484761722,AUA3SV_1122,pop,51241.95013069836,0.0,False
75104.39981468688,818.5862,71440.89225859383,-48591.805547764525,9447.499599565215,51.37319904767947,6.86453212105726,30996.0,0.788972,462.9497,350.0,139.1452,0.9397947150562513,AUA3SV_1122,pop,47441.883215263704,0.0,False
75083.45767524296,840.7102,74886.5633402579,-52575.943384235135,9486.782274260655,51.33692631992238,6.913321100266839,31125.0,0.784631,460.1433,128.0,139.1467,0.8598218506833721,AUA3SV_1122,pop,43640.836938694294,0.0,False
75064.30297765923,862.8341,78311.93431704403,-56536.820588905706,9501.19990499099,51.300845389551355,6.961746214405089,31172.0,0.78029,457.5029,-93.0,139.1482,0.779435985299131,AUA3SV_1122,pop,39886.623127691564,0.0,False
77219.9999000026,0.0,91659.4921707459,31259.33798629098,30.480000304413434,52.328601836275915,4.708839891842465,100.0,0.3,198.3755,2107.0,3.1751,1.848909466924578,EIN84X_1515,fuel,121262.60162683966,0.07048607756183331,True
77178.69113567457,22.3335,91784.87384046936,33519.541517430065,269.4892855610461,52.348903139082076,4.711304858384931,884.0,0.358055,236.1247,2330.0,3.1751,1.8209989493673566,EIN84X_1515,fuel,113349.07656184968,0.0679605475024043,True
77138.01284177248,44.667,91934.20300016542,36211.43655114017,533.8368352623224,52.37308185067236,4.714243724664105,1751.0,0.421465,277.1064,2553.0,329.6749,1.8056720977095564,EIN84X_1515,fuel,110046.63056373723,0.061461416520551454,True
77097.69633014048,67.0005,90335.986272304,38943.708967267456,823.5226494084785,52.39791478963291,4.691445101230906,2702.0,0.486167,318.5883,2777.0,296.1747,1.807988548026704,EIN84X_1515,fuel,110514.2997883675,0.05264054594490738,True
77057.35362080841,89.3339,87069.05209946766,40549.44583952537,1138.5467279994418,52.4128823561926,4.643721831769465,3735.0,0.548821,358.3414,3000.0,262.6744,1.8214004432819246,EIN84X_1515,fuel,113442.95101566511,0.03742101347800377,True
77016.72868067687,111.6674,83007.52036637734,40027.3085213165,1478.909071034416,52.40881885792803,4.583718349116683,4852.0,0.607156,394.8652,3000.0,248.1404,1.8216666079585018,EIN84X_1515,fuel,113505.42072624678,0.0252501466840571,True
76976.11661687467,134.0009,78817.17504903417,38346.232059347385,1819.2714140702897,52.39432264270337,4.5215533644954045,5969.0,0.66339,429.7203,3000.0,248.1541,1.827609854447422,EIN84X_1515,fuel,114952.71168049371,0.01747478408538749,True
76935.38381674673,156.3344,74254.58382711555,36517.08639609721,2159.633757106244,52.378513033761514,4.453912753486797,7085.0,0.716363,462.1726,3000.0,248.1722,1.835773122632049,EIN84X_1515,fuel,117129.73949018409,0.010942142643639702,True
76894.47418047962,178.6679,69345.30606798544,34550.754481910495,2499.9961001422544,52.36147526362067,4.381187000987062,8202.0,0.765476,491.8615,3000.0,248.1784,1.8437774664118556,EIN84X_1515,fuel,119535.78047184521,0.008416335265644464,True
76853.38635828054,201.0014,64119.27174998165,32458.20645317157,2840.3584431783042,52.34329508997225,4.303830633748951,9319.0,0.810561,518.7082,3000.0,248.1627,1.850505241155897,EIN84X_1515,fuel,122071.99972090189,0.006903469844170757,True
76812.1302767917,223.3349,58607.67867081998,30249.56832672819,3180.7207862143823,52.324051132876804,4.222316060709938,10435.0,0.82,522.5918,3000.0,248.1286,1.8456154758573748,EIN84X_1515,fuel,120684.4908002057,0.005985541408094983,True
76770.9664560179,245.6684,53056.107782955034,28021.070612246236,3521.083129250455,52.30457643289888,4.140281357055179,11552.0,0.82,520.426,3000.0,248.0922,1.8369116933041367,EIN84X_1515,fuel,118026.7837925722,0.005311062897613174,True
76729.9983062078,268.0018,47529.125105685824,25798.36467157526,3861.445472286512,52.28509493994081,4.058681151840604,12669.0,0.82,518.2513,3000.0,248.0698,1.8273780966033677,EIN84X_1515,fuel,115493.59346346467,0.004771187753793882,True
76689.24264644759,290.3353,42026.278414211214,23582.86125791208,4201.8078153225515,52.26562021278246,3.977508316727017,13785.0,0.82,516.0673,3000.0,248.0762,1.817089822014228,EIN84X_1515,fuel,113084.74560515664,0.004246214418430285,True
76648.71454932034,312.6688,36546.54940110964,21377.376062554482,4542.170158358573,52.24617845950683,3.896747478321321,14902.0,0.82,513.8741,3000.0,248.1105,1.8061146509512245,EIN84X_1515,fuel,110795.2204470712,0.0038134569586035024,True
76608.42699573803,335.0023,31088.971558530015,19184.602234393227,4882.532501394575,52.22679473834982,3.8163838532668217,16019.0,0.82,511.6715,3000.0,248.1582,1.79455746299681,EIN84X_1515,fuel,108625.28406140715,0.00342884903651884,True
76568.39059010427,357.3358,25653.148034259102,17005.828818850907,5222.8948444305515,52.20748141103325,3.7364107615263626,17135.0,0.82,509.4593,3000.0,248.1986,1.7825359552545408,EIN84X_1515,fuel,106575.01008408313,0.0030898465817466992,True
76528.61333657127,379.6693,20239.479057336153,14840.364144552328,5563.257187466504,52.18823297663929,3.6568330258387935,18252.0,0.82,507.2375,3000.0,248.2187,1.7701476362618473,EIN84X_1515,fuel,104640.39854145359,0.002815137496609247,True
76489.10047419726,402.0028,14848.84698811329,12686.309118211724,5903.619530502427,52.16903307307872,3.5776625225821626,19369.0,0.82,505.0059,3000.0,248.2291,1.7575233198276041,EIN84X_1515,fuel,102821.98438772047,0.0025931186589979185,True
76449.85436660753,424.3363,9481.72979968511,10542.77502342368,6243.9818735383205,52.149874460230336,3.498905330593949,20486.0,0.82,502.7645,3000.0,248.2535,1.7447877271220316,EIN84X_1515,fuel,101119.05499611395,0.0012336904272905718,True
76410.87444027518,446.6697,4137.713098333774,8411.111577377731,6584.344216574178,52.13077004572432,3.420554526276535,21602.0,0.82,500.5129,3000.0,248.3064,1.7320763497520717,EIN84X_1515,fuel,99532.10277098989,0.0,True
76372.15716468079,469.0032,-1184.1355536825988,6293.979377181843,6924.706559609998,52.11174448870171,3.3425955207142666,22719.0,0.82,498.2512,3000.0,248.3748,1.7194934012707235,EIN84X_1515,fuel,98058.73263136024,0.0,True
76333.69606727645,491.3367,-6484.254945959355,4192.819081223255,7265.068902645785,52.092811426902365,3.2650208788215695,23836.0,0.82,495.9792,3000.0,248.4328,1.7071709271982403,EIN84X_1515,fuel,96700.07946573828,0.0,True
76295.48177626875,513.6702,-11762.123762414265,2106.660096316777,7605.431245681523,52.07396287844213,3.1878372110959767,24952.0,0.82,493.6968,3000.0,248.4695,1.6952367718268317,EIN84X_1515,fuel,95457.22853848123,0.0,True
76257.50208464125,536.0037,-17016.830888019045,33.53925322888498,7945.7935887172225,52.05518195498345,3.1110568703035852,26069.0,0.82,491.4037,2901.0,248.502,1.6692999108605142,EIN84X_1515,fuel,92851.19328007141,0.0,True
76220.05562029907,558.3372,-22249.128032685396,-2027.3015686996582,8274.91289167431,52.036462546114464,3.034667942214366,27149.0,0.82,489.1762,2678.0,248.5367,1.6218761127398507,EIN84X_1515,fuel,88520.31949291247,0.0,True
76183.60204847674,580.6707,-27461.003946786455,-4076.4618034354235,8578.693930186782,52.01779987098224,2.9586405006553336,28145.0,0.82,487.1111,2454.0,248.5827,1.5699821173969233,EIN84X_1515,fuel,84319.39191326307,0.0,True
76148.22952931898,603.0041,-32654.507935658596,-6113.584534618437,8857.136704254246,51.99919766623812,2.8829437340707016,29059.0,0.82,485.2105,2231.0,248.613,1.514271368598203,EIN84X_1515,fuel,80258.10728061429,0.0,True
76114.02091121793,625.3376,-37830.74601248197,-8140.771793064703,9110.241213876567,51.98063753922689,2.80756090864348,29889.0,0.816995,481.7046,2008.0,248.6363,1.4544692367296996,EIN84X_1515,fuel,76067.51749695031,0.0,True
76081.13169609231,647.6711,-42972.20947609162,-10151.932873736081,9338.007459053704,51.962176174200884,2.732746087717475,30637.0,0.81363,478.1672,1784.0,248.6557,1.39097116390777,EIN84X_1515,fuel,71935.44111330385,0.0,True
76049.65260529761,670.0046,-48078.32804430067,-12147.270362763755,9540.435439785622,51.94381283006836,2.658506326407677,31301.0,0.810383,474.8791,1561.0,248.6816,1.3246205658909627,EIN84X_1515,fuel,67910.53892406248,0.0,True
76019.65697744026,692.3381,-53151.886438325564,-14127.24439714974,9717.525156072315,51.92554413936638,2.5847998011489417,31882.0,0.807208,471.8135,1338.0,248.7082,1.2554306487795324,EIN84X_1515,fuel,63956.33099840548,0.0,True
75991.21350223963,714.6716,-58195.17996375568,-16092.708717033594,9869.276607913784,51.90736313641799,2.51159199052725,32380.0,0.804061,468.9423,1114.0,248.7265,1.1833562757340994,EIN84X_1515,fuel,60039.59992760727,0.0,True
75964.38601812311,737.0051,-63209.88959675915,-18045.19393796294,9995.689795310052,51.88925674843223,2.4388575601055233,32794.0,0.800901,466.2418,891.0,248.733,1.1092614037498774,EIN84X_1515,fuel,56177.680589747935,0.0,True
75939.23284020492,759.3386,-68197.33477863931,-19986.40729799,10096.764718261167,51.87121029226264,2.366576609916258,33126.0,0.797675,463.6802,668.0,248.7408,1.0331107029231452,EIN84X_1515,fuel,52342.42940353204,0.0,True
75915.80644835609,781.672,-73158.93222475167,-21916.781116165945,10172.501376767204,51.85322048365869,2.294727685590762,33374.0,0.79436,461.2421,444.0,248.7507,0.9548737675861135,EIN84X_1515,fuel,48510.01737688564,0.0,True
75894.15195942622,804.0055,-78095.95783676636,-23836.619690786236,10222.899770828339,51.83528515355591,2.2232914144741467,33540.0,0.790889,458.8875,221.0,248.7603,0.8754937281505262,EIN84X_1515,fuel,44703.62234275551,0.0,True
75874.30725288393,826.339,-83009.1793791985,-25746.25336869676,10247.959900445083,51.81740192447087,2.1522558721560694,33622.0,0.787239,456.6022,-0.0,248.7614,0.7956893711958224,EIN84X_1515,fuel,40935.85816795059,0.0,True
75856.28174026139,848.6725,-87898.9239488373,-27646.65014656901,10247.959900222766,51.79956272348199,2.081615743786307,33622.0,0.787225,456.5938,-0.0,248.7581,0.795518186327838,EIN84X_1515,fuel,40927.094049342675,0.0,True
75838.26050304888,871.006,-92788.46840893464,-29547.295437822264,10247.959900000433,51.78167905236896,2.011034517606147,33622.0,0.78721,456.5854,-0.0,248.7548,0.795347064710187,EIN84X_1515,fuel,40918.33436893433,0.0,True
77219.99990000874,0.0,91659.49217077123,31259.337986466933,30.480000304013373,52.3286018362775,4.708839891842886,100.0,0.3,198.3755,700.0,3.1751,1.3624263596289448,EIN84X_1515,pop,68898.65700864658,0.07048607756209439,True
77190.83501240345,21.395,91780.30361023292,33437.155865835084,106.51383766790642,52.34816314651401,4.711214967325383,349.0,0.398231,263.1048,914.0,3.1751,1.329181879949764,EIN84X_1515,pop,66959.12245690112,0.072234025049611,True
77162.41938760383,42.79,91940.51714018223,36325.25894278743,205.80118980670363,52.37410420629091,4.714368064169387,675.0,0.497767,328.4975,1127.0,331.0826,1.4509880790997007,EIN84X_1515,pop,74396.34381156259,0.07417128359680378,True
77131.43536453911,64.185,90194.41126865713,39486.05897703246,328.3420567205795,52.40281463110753,4.6895055581238445,1077.0,0.590815,389.362,1341.0,298.9901,1.613073362381311,EIN84X_1515,pop,86410.50054020181,0.07231590967032014,True
77097.01738842916,85.58,86451.1233053182,41560.15267240603,474.13643840958224,52.42206818573542,4.634875042853819,1556.0,0.67351,443.1237,1555.0,266.8976,1.7426869350830876,EIN84X_1515,pop,99962.78475379766,0.051538226061863805,True
77059.83119844992,106.975,81588.63777185895,41296.60457483416,643.1843348737223,52.42044547603486,4.563114491878319,2110.0,0.744421,488.8339,1769.0,254.9219,1.8202167913364065,EIN84X_1515,pop,113167.41638050674,0.03168867658736459,True
77020.96852917846,128.37,76402.54469100795,39899.41954370548,835.4857461129853,52.40863118942718,4.48632805771588,2741.0,0.803654,526.5674,1983.0,251.7528,1.8582343116161852,EIN84X_1515,pop,124991.66985959964,0.017676495998569935,True
76981.26431319588,149.765,70908.9360094087,38088.195379746576,1051.0406721273348,52.393084114153865,4.404962969249838,3448.0,0.82,535.9443,2197.0,250.4156,1.8658336415271108,EIN84X_1515,pop,129075.7951904271,0.009187652155512782,True
76941.3775617426,171.16,65363.53464365528,36115.266780283986,1289.8491129167016,52.37603337978354,4.322860652071864,4232.0,0.82,534.4636,2411.0,249.7153,1.8666782518797056,EIN84X_1515,pop,129558.02879443536,0.006554835899701166,True
76901.47456063799,192.5551,59859.65397973434,34080.99477631074,1551.9110684809634,52.35836970117566,4.241422167828356,5092.0,0.82,532.8341,2625.0,249.2239,1.867240799791067,EIN84X_1515,pop,129892.1437298407,0.00579313517375325,True
76861.56109134362,213.9501,54391.995698893195,32006.638239071282,1837.2265388198782,52.340286086323495,4.16057546240706,6028.0,0.82,531.0542,2839.0,248.8333,1.8675764774777168,EIN84X_1515,pop,130100.99530827499,0.00514372547618081,True
76821.64173282884,235.3451,48958.77430449853,29902.86470374434,2145.7955239327157,52.321879778487975,4.080297284817494,7040.0,0.82,529.1226,3000.0,248.5132,1.8664515155392,EIN84X_1515,pop,129467.6037664033,0.004584845740246667,True
76781.74829307538,256.7401,43558.686115779434,27777.153612456517,2471.855412220503,52.30321924118176,4.000570364074729,8110.0,0.82,527.0737,3000.0,248.2321,1.86071679937402,EIN84X_1515,pop,126543.84112025623,0.004122623207489573,True
76741.98158416542,278.1351,38190.107767207315,25633.36797388352,2797.9153005082576,52.28434038369164,3.9213718363975327,9180.0,0.82,525.0169,3000.0,247.9779,1.8541437035920278,EIN84X_1515,pop,123740.10405283242,0.0037549403701624606,True
76702.35881600788,299.5301,32852.15595305004,23474.300796796397,3123.975188795974,52.26526938039938,3.8426893767880523,10249.0,0.82,522.952,3000.0,247.7785,1.8467411384580217,EIN84X_1515,pop,121056.40108435616,0.003400503717595657,True
76662.89689616663,320.9251,27542.86579819558,21305.29433543751,3450.0350770836444,52.24605534612878,3.7644948074422384,11319.0,0.82,520.8789,3000.0,247.6202,1.8385187546031607,EIN84X_1515,pop,118486.89007247018,0.003088392594509225,True
76623.6120371007,342.3201,22260.76412730167,19130.345304504717,3776.0949653712614,52.22673519496712,3.6867667754997417,12389.0,0.82,518.7975,3000.0,247.489,1.8295213938196366,EIN84X_1515,pop,116031.91357318872,0.002841296566788104,True
76584.5193876699,363.7151,17004.896495618043,16952.110424013827,4102.154853658815,52.20733371287662,3.6094912469717157,13459.0,0.82,516.7077,3000.0,247.3829,1.8198046929217637,EIN84X_1515,pop,113689.87441900442,0.0026162149970982156,True
76545.63269951292,385.1101,11774.381278074361,14773.025119880782,4428.214741946301,52.18787365236892,3.532655097314316,14528.0,0.82,514.6094,3000.0,247.2943,1.809447342056388,EIN84X_1515,pop,111460.90859146707,0.0024198621799504895,True
76506.9640355404,406.5051,6568.625530825087,12594.801120687207,4754.274630233703,52.168371214189875,3.4562492842241213,15598.0,0.82,512.5026,3000.0,247.2194,1.7985149960309452,EIN84X_1515,pop,109340.37961324916,0.0022664188332511418,True
76468.52352463081,427.9001,1387.1810386327081,10418.787289466045,5080.334518521014,52.14883930268618,3.3802667887710296,16668.0,0.82,510.387,3000.0,247.1519,1.7871079332139859,EIN84X_1515,pop,107328.73691568532,0.0021266231187036487,True
76430.31916384975,449.2951,-3770.155988936023,8245.741368496363,5406.394406808224,52.12928547463827,3.3047041151531924,17738.0,0.82,508.2627,3000.0,247.0952,1.7753262668267635,EIN84X_1515,pop,105424.95426392494,0.002003173635453126,True
76392.3566672319,470.6901,-8903.72022959725,6076.727170574822,5732.454295095322,52.109720035686905,3.2295558268748086,18807.0,0.82,506.1294,3000.0,247.0394,1.7632853086459976,EIN84X_1515,pop,103629.35579733699,0.0019031210246975903,True
76354.63935840369,492.0851,-14013.470684316097,3911.916473898953,6058.514183382292,52.09014529418689,3.154821938587503,19877.0,0.82,503.9871,3000.0,246.9971,1.7510741318827532,EIN84X_1515,pop,101938.60060130367,0.0018112731362468718,True
76317.16810306774,513.4801,-19099.83296050851,1752.5821876215293,6384.574071669117,52.07057343331533,3.0804955361082658,20947.0,0.82,501.8357,3000.0,246.9864,1.7388128938485061,EIN84X_1515,pop,100353.48473578057,9.20821794520389e-05,True
76279.94127656911,534.8751,-24163.91222417528,-398.40775322415874,6710.633959955763,52.05103091857476,3.0065595954327735,22017.0,0.82,499.6749,3000.0,246.9868,1.726611829923165,EIN84X_1515,pop,98873.62007045485,0.0,True
76242.95476135504,556.2701,-29206.03093711003,-2540.0300813900617,7036.693848242234,52.03152761922045,2.9330085574511173,23086.0,0.82,497.5048,3000.0,246.9868,1.714590013585517,EIN84X_1515,pop,97499.81766654257,0.0,True
76206.20196905558,577.6652,-34226.07984215562,-4672.274708419793,7362.753736528508,52.01206430272095,2.859843224816299,24156.0,0.82,495.3252,3000.0,246.9864,1.702833391753559,EIN84X_1515,pop,96230.22585393791,0.0,True
76169.67388207925,599.0602,-39223.94258789858,-6795.1447068587195,7688.813624814578,51.99264161805225,2.7870645046298885,25226.0,0.82,493.136,3000.0,246.9869,1.6914549870429727,EIN84X_1515,pop,95066.21054447514,0.0,True
76133.35910998154,620.4552,-44199.556191710864,-8908.513881803316,8014.873513100429,51.97326137208003,2.7146725075299694,26296.0,0.82,490.937,3000.0,246.9866,1.6805534406342053,EIN84X_1515,pop,94008.40492444529,0.0,True
76097.24395636635,641.8502,-49152.79099041404,-11012.409324649594,8340.933401386053,51.953923996836004,2.6426683323248077,27365.0,0.82,488.7281,2805.0,246.9868,1.6397219022706797,EIN84X_1515,pop,90137.2514354157,0.0,True
76061.94138147963,663.2452,-54085.43423169775,-13107.53662551234,8645.839293655963,51.93462363590344,2.5710252267930134,28366.0,0.82,486.6535,2591.0,246.9871,1.5921063642815663,EIN84X_1515,pop,86113.69944134365,0.0,True
76027.58733496109,684.6402,-58998.97036041474,-15194.510610078802,8927.491671155014,51.91535521415517,2.499720925522394,29290.0,0.82,484.7291,2377.0,246.9847,1.5407764061988247,EIN84X_1515,pop,82210.71371707332,0.0,True
75994.25497358249,706.0352,-63894.74688018271,-17274.190998885508,9185.890533881286,51.89611141438991,2.42873527871089,30137.0,0.82,482.9569,2164.0,246.9852,1.4862197079062014,EIN84X_1515,pop,78426.88691830105,0.0,True
75962.01329609632,727.4302,-68774.33828933096,-19346.946343305164,9421.035881834216,51.87688925791274,2.3580448157067053,30909.0,0.819611,481.1101,1950.0,246.984,1.428223589064989,EIN84X_1515,pop,74684.45039945375,0.0,True
75930.9375402365,748.8252,-73636.85229967856,-21412.56583070845,9632.927715013615,51.857691245220686,2.287661918661722,31604.0,0.816411,477.7754,1736.0,246.9874,1.367016317306689,EIN84X_1515,pop,70793.11959750099,0.0,True
75901.16809129174,770.2202,-78467.31322148084,-23464.230761534764,9821.566033419498,51.838581311589564,2.2178023842586376,32223.0,0.81336,474.6941,1522.0,246.9879,1.3030952369437334,EIN84X_1515,pop,66981.92483993153,0.0,True
75872.7664020967,791.6152,-83268.09904822732,-25503.242293175706,9986.9508370521,51.819548287520334,2.1484307780097818,32766.0,0.810386,471.8239,1308.0,246.9863,1.23666686531097,EIN84X_1515,pop,63229.841869759766,0.0,True
75845.79137755146,813.0102,-88041.18988649383,-27530.6460660169,10129.082125912055,51.80058327607811,2.079517522839825,33232.0,0.807467,469.1502,1094.0,246.9842,1.1679554598944861,EIN84X_1515,pop,59522.51952173207,0.0,True
75820.29789088473,834.4052,-92788.46840894688,-29547.295437849723,10247.959900001537,51.7816790523687,2.0110345176059767,33622.0,0.804547,466.6408,880.0,246.982,1.0971710904721625,EIN84X_1515,pop,55845.99795031232,0.0,True
76447.79990000273,0.0,-76546.09212900208,57733.158268432046,30.480000304399674,52.32859814068392,4.7088354793503235,100.0,0.3,198.3755,2324.0,3.1752,1.8642872600537173,AUA3SV_1122,fuel,127804.81434647978,0.07048648123988391,True
76405.75981733581,22.5435,-76419.70000738805,60011.57377476002,296.59207732124395,52.349103072776906,4.710175198333541,973.0,0.353426,233.0006,2549.0,3.1752,1.8452079947538893,AUA3SV_1122,fuel,120000.7524431718,0.06755305629415774,True
76364.1532322563,45.0871,-76271.14487514112,62689.51218210362,588.5212677607212,52.37320355270416,4.7117513012268795,1931.0,0.412011,270.7216,2775.0,36.9905,1.8318326484513991,AUA3SV_1122,fuel,116048.58693975347,0.05955502456693227,True
76322.86376340159,67.6306,-74395.1190432095,65179.9448636242,906.2675716230225,52.395855010116044,4.738827890238236,2973.0,0.472302,309.2082,3000.0,70.8058,1.8293132062564115,AUA3SV_1122,fuel,115387.47434402452,0.04650820497535565,True
76281.64902985995,90.1741,-71030.63504915516,66351.2020405453,1249.8309889075776,52.40683311025919,4.788158659377581,4100.0,0.531273,346.4367,3000.0,104.6211,1.8166013524980462,AUA3SV_1122,fuel,112347.76677917021,0.03794699191135226,True
76240.7454728208,112.7177,-67164.91012562206,65342.73701327883,1593.3944061952764,52.398251937133615,4.845342914058838,5228.0,0.59081,383.7207,3000.0,130.0201,1.8137045102649871,AUA3SV_1122,fuel,111713.37118169224,0.044980077997187555,True
76199.92982520524,135.2612,-63773.88781238039,62495.30033015573,1936.957823483138,52.37305169620393,4.895861462949442,6355.0,0.648844,419.7156,3000.0,130.0157,1.8183036147325116,AUA3SV_1122,fuel,112729.67270684872,0.05035405131903669,True
76159.0267345528,157.8047,-60062.777401622,59379.57640113491,2280.5212407710974,52.34545250663513,4.95108247863766,7482.0,0.70396,453.5192,3000.0,130.0077,1.826572772926869,AUA3SV_1122,fuel,114692.5750464779,0.03507224263440704,True
76117.94603050016,180.3482,-56050.939115923335,56012.32969802394,2624.0846580591237,52.31559655304171,5.010700630932922,8609.0,0.755354,484.6373,3000.0,130.0011,1.8354738536356259,AUA3SV_1122,fuel,117045.46871291523,0.02442109428202429,True
76076.6674926288,202.8918,-51762.352827186434,52413.6385808473,2967.6480753471947,52.283655467282564,5.074342384660613,9736.0,0.802714,512.8979,3000.0,130.0024,1.8433428309640842,AUA3SV_1122,fuel,119502.68905508281,0.020448733749537037,True
76035.20233238528,225.4353,-47222.94235301342,48604.29742627621,3311.211492635297,52.24980749738807,5.141606440046614,10864.0,0.82,521.7625,3000.0,130.009,1.8406461457173513,AUA3SV_1122,fuel,119104.47606468796,0.018105198062521886,True
75993.76768515317,247.9788,-42605.345948793496,44728.4322358382,3654.774909923397,52.21532919865537,5.209923906057651,11991.0,0.82,519.5729,3000.0,130.0132,1.8312471893083366,AUA3SV_1122,fuel,116464.34680662006,0.017345045867602712,True
75952.5459412936,270.5224,-38007.5510928542,40868.621964249716,3998.33832721148,52.18095456118753,5.277843154333587,13118.0,0.82,517.374,3000.0,130.012,1.8210106019231158,AUA3SV_1122,fuel,113949.86203452348,0.017048259975352052,True
75911.5541105567,293.0659,-33429.27887396103,37025.367907051346,4341.901744499544,52.14668872181955,5.345369729638724,14245.0,0.82,515.1657,3000.0,130.0061,1.810014682776033,AUA3SV_1122,fuel,111559.22895827927,0.01584582716433241,True
75870.80718715559,315.6094,-28870.308528252033,33199.1043141425,4685.465161787592,52.112536197063584,5.412508336207424,15372.0,0.82,512.9479,3000.0,129.9989,1.7983537536794751,AUA3SV_1122,fuel,109290.8076310747,0.014037955684115002,True
75830.31781314059,338.153,-24330.634766487165,29390.011073067446,5029.028579075614,52.078499194135475,5.479260547330787,16499.0,0.82,510.7205,3000.0,129.9925,1.7861351465630488,AUA3SV_1122,fuel,107143.1207265112,0.012426324806838925,True
75790.09600789129,360.6965,-19810.402021517963,25598.091947932186,5372.591996363607,52.044578325787434,5.545625756744946,17627.0,0.82,508.4833,3000.0,129.9861,1.7734661362875161,AUA3SV_1122,fuel,105113.47816090606,0.012105800959353487,True
75750.14896278636,383.24,-15309.70334767951,21823.41424545382,5716.155413651571,52.01077477726066,5.611604102520715,18754.0,0.82,506.2363,3000.0,129.9782,1.7604907681174327,AUA3SV_1122,fuel,103203.61040480362,0.011674163832829354,True
75710.4808972726,405.7836,-10828.528943248702,18066.17032060541,6059.7188309395,51.977090858156096,5.677197218150003,19881.0,0.82,503.9792,3000.0,129.9688,1.7473279343715769,AUA3SV_1122,fuel,101411.11175274171,0.01125129647715463,True
75671.09297054197,428.3271,-6366.877475624656,14326.544960541585,6403.282248227397,51.94352880386349,5.742406613672944,21008.0,0.82,501.7119,3000.0,129.9591,1.734108143575166,AUA3SV_1122,fuel,99735.29099879303,0.0,True
75631.98324176522,450.8706,-1924.828488754847,10604.629028469362,6746.845665515252,51.91008999708805,5.807232620792875,22135.0,0.82,499.4344,3000.0,129.9498,1.72096171120468,AUA3SV_1122,fuel,98175.70996424055,0.0,True
75593.14667120943,473.4142,2497.491064247664,6900.459352106762,7090.409082803076,51.87677532149253,5.871674874668177,23262.0,0.82,497.1464,2969.0,129.9412,1.7039999345595227,AUA3SV_1122,fuel,96278.58151904734,0.0,True
75554.66360178105,495.9577,6900.206959664062,3213.8348375684595,7430.4196645614475,51.84358350468514,5.935736642653839,24378.0,0.82,494.8717,2744.0,129.9335,1.658766576780564,AUA3SV_1122,fuel,91654.94992742283,0.0,True
75517.15146134396,518.5012,11285.003496858204,-456.78840768639134,7744.613132896778,51.8105012084902,5.999443800678499,25409.0,0.82,492.7604,2518.0,129.9276,1.6086030854505686,AUA3SV_1122,fuel,87189.19741416213,0.0,True
75480.70990534332,541.0447,15653.151959461939,-4112.706436722281,8032.98948780872,51.77751727981077,6.062816144554546,26355.0,0.82,490.8145,2293.0,129.924,1.5541951130217901,AUA3SV_1122,fuel,82890.1374684491,0.0,True
75445.43189189753,563.5883,20005.902099801464,-7755.273734060714,8295.54872929716,51.744619974268076,6.125873006673716,27216.0,0.816924,487.2016,2067.0,129.9231,1.4945352038964503,AUA3SV_1122,fuel,78451.9495595044,0.0,True
75411.48445453403,586.1318,24328.19546309158,-11372.236582370988,8532.290857362037,51.711920592997515,6.188397836450822,27993.0,0.813247,483.4131,1842.0,129.9233,1.4311136494768317,AUA3SV_1122,fuel,74112.42266625675,0.0,True
75378.97167258026,608.6753,28618.330496902934,-14962.30610860472,8743.215872003337,51.679431601379875,6.25036812491939,28685.0,0.809736,479.9061,1616.0,129.9226,1.3641019874428038,AUA3SV_1122,fuel,69883.9449449717,0.0,True
75347.97030016044,631.2189,32878.78080075411,-18527.453163680446,8928.323773221044,51.64713594740073,6.311821678237421,29292.0,0.806298,476.6238,1391.0,129.9209,1.2943158679028663,AUA3SV_1122,fuel,65769.73893977993,0.0,True
75318.55138543189,653.7624,37111.5289553026,-22069.201146408413,9087.614561015163,51.61502055239835,6.372789020532625,29815.0,0.802873,473.53,1165.0,129.919,1.221539781419041,AUA3SV_1122,fuel,61718.81526959651,0.0,True
75290.77937856124,676.3059,41318.17359072443,-25588.873599643754,9221.088235385698,51.58307409644853,6.433294970372377,30253.0,0.799394,470.5851,940.0,129.9174,1.1466641575808847,AUA3SV_1122,fuel,57745.3755717243,0.0,True
75264.71211133013,698.8495,45499.93039440673,-29087.52600208412,9328.744796332676,51.5512876471209,6.493358698843357,30606.0,0.795791,467.7452,715.0,129.9157,1.0697156204663019,AUA3SV_1122,fuel,53819.69353401521,0.0,True
75240.40064683037,721.393,49657.65248531645,-32565.85283934592,9410.584243856134,51.51965550834988,6.552994074864658,30875.0,0.791993,464.9679,489.0,129.914,0.9906463341631737,AUA3SV_1122,fuel,49913.90034964552,0.0,True
75217.88883819207,743.9365,53791.79581832671,-36024.24743053707,9466.606577956134,51.48817469957981,6.612209197507299,31058.0,0.787898,462.1927,264.0,129.9131,0.910391754770979,AUA3SV_1122,fuel,46048.69185615494,0.0,True
75197.21365373807,766.4801,57902.229907639274,-39462.70622504976,9496.81179863284,51.456845850624994,6.671003718671014,31158.0,0.783347,459.3237,38.0,129.913,0.8284588611009638,AUA3SV_1122,fuel,42178.67479811508,0.0,True
75178.40628668029,789.0236,61987.976152108546,-42880.49930468471,9501.199905886704,51.42567621461127,6.7293651799055265,31172.0,0.782516,458.808,-0.0,129.913,0.814357506282309,AUA3SV_1122,fuel,41518.578802491815,0.0,True
75159.92367712637,811.5671,66069.2663570303,-46294.56110824191,9501.199905662192,51.39451173643706,6.787583551879255,31172.0,0.782489,458.792,-0.0,129.9137,0.8141871168464128,AUA3SV_1122,fuel,41510.027060683235,0.0,True
75141.44527192142,834.1107,70150.37053434674,-49708.55598785389,9501.199905437652,51.363319100191134,6.845719985630759,31172.0,0.782477,458.7851,-0.0,129.9159,0.8140282948464095,AUA3SV_1122,fuel,41502.25945299628,0.0,True
75122.97068428471,856.6542,74231.28263037032,-53122.65615593303,9501.199905213089,51.33209683335999,6.90377448910176,31172.0,0.782454,458.7714,-0.0,129.9183,0.81386091813113,AUA3SV_1122,fuel,41493.912605581725,0.0,True
75104.50019873354,879.1977,78311.9343169923,-56536.820588863506,9501.199904988503,51.30084538955175,6.961746214404354,31172.0,0.782431,458.7578,-0.0,129.9206,0.8136937191244682,AUA3SV_1122,fuel,41485.57827949517,0.0,True
76447.79990000778,0.0,-76546.0921290032,57733.15826873257,30.480000304069083,52.328598140686616,4.708835479350238,100.0,0.3,198.3755,1233.0,3.1752,1.629241644072553,AUA3SV_1122,pop,87827.55255605116,0.07048648124054899,True
76411.78632743748,22.0842,-76421.59174679666,59977.47221603969,168.83699966044964,52.34879617093007,4.710155138029034,554.0,0.386457,255.1459,1454.0,3.1752,1.5619307327487464,AUA3SV_1122,pop,82245.74646733623,0.07099458194565662,True
76377.30184205815,44.1684,-76261.43720981633,62864.50802026163,331.96981843168237,52.374778451511006,4.711854350256363,1089.0,0.476997,314.3401,1675.0,36.3015,1.60042041999785,AUA3SV_1122,pop,85338.00316945932,0.07111958872790358,True
76342.01921262058,66.2527,-74152.3186382392,65735.56742664607,519.8784566179834,52.40088404549282,4.742282398673194,1706.0,0.564087,370.9372,1896.0,69.4278,1.6866744728191594,AUA3SV_1122,pop,93385.88282686492,0.05370394060044742,True
76304.8684462221,88.3369,-70216.6198760555,67212.7166476405,732.5629142193991,52.41468480129961,4.799975880197903,2403.0,0.643331,422.0194,2117.0,92.047,1.7683745923955505,AUA3SV_1122,pop,103592.96669578488,0.04256162562502848,True
76265.9230695409,110.4211,-65437.48086925767,67041.89713196356,970.0231912359126,52.413740068490874,4.87046735504426,3182.0,0.712705,466.2528,2337.0,101.9639,1.8239231616058966,AUA3SV_1122,pop,114042.84063095598,0.05038348688262121,True
76225.73661802389,132.5053,-60269.59009317888,65946.83511445319,1232.2592876674607,52.404485344186114,4.946853857379124,4043.0,0.771795,503.3808,2558.0,111.9956,1.8551015381172808,AUA3SV_1122,pop,123599.55360029625,0.041092359005787844,True
76184.84093223083,154.5896,-54982.41288875157,63811.15427434937,1519.2712035139114,52.385835780007966,5.025137538463187,4984.0,0.82,533.0373,2779.0,116.6535,1.8704992833738634,AUA3SV_1122,pop,131906.09014329925,0.0226761530843908,True
76143.57033118293,176.6738,-49587.08565788877,61103.07673936185,1831.0589387748707,52.36199712386955,5.10503279155198,6007.0,0.82,531.0928,3000.0,119.6132,1.8705000207518263,AUA3SV_1122,pop,131919.8909425557,0.017793202713273896,True
76102.30123612717,198.758,-44359.973812902754,58132.07252459276,2167.6224934471543,52.33572680549827,5.182400936239224,7112.0,0.82,528.9857,3000.0,121.342,1.8652103402511335,AUA3SV_1122,pop,128775.5955655534,0.016829262032063905,True
76061.15421164289,220.8422,-39245.39007666567,55017.22289982978,2504.1860481199583,52.308104540822704,5.258038951995154,8216.0,0.82,526.8701,3000.0,123.1384,1.8590250690154426,AUA3SV_1122,pop,125763.15347729254,0.01571841758587037,True
76020.14858214412,242.9264,-34251.16113856503,51756.75927750067,2840.749602792738,52.27911716543736,5.331828407720339,9320.0,0.82,524.7461,3000.0,125.3469,1.8519253839422454,AUA3SV_1122,pop,122878.0459582803,0.014309351881404083,True
75979.30371898906,265.0107,-29406.041982289345,48320.27024674643,3177.313157465483,52.24849302333776,5.403346511948806,10424.0,0.82,522.6134,3000.0,127.3601,1.8439178669903542,AUA3SV_1122,pop,120118.099721894,0.014024516860694992,True
75938.63856046917,287.0949,-24703.96559006861,44730.45062456282,3513.876712138188,52.216440512390385,5.472677555952804,11528.0,0.82,520.472,3000.0,128.9792,1.8350307237743075,AUA3SV_1122,pop,117481.33721028955,0.013378734994540377,True
75898.17114863024,309.1791,-20124.18238823166,41024.56287601636,3850.440266810855,52.18329925606098,5.5401218129266425,12633.0,0.82,518.3217,3000.0,130.0126,1.8253044207248585,AUA3SV_1122,pop,114964.08461322788,0.011810924223335417,True
75857.91819971983,331.2633,-15630.756450973886,37252.45041311152,4187.003821483482,52.14952167023685,5.606203031007342,13737.0,0.82,516.1625,3000.0,130.7965,1.8148208169444449,AUA3SV_1122,pop,112568.25103397582,0.010767939346773744,True
75817.89472064348,353.3476,-11207.999231109543,33435.30244496339,4523.567376156059,52.11530084192297,5.671150639126901,14841.0,0.82,513.9942,3000.0,131.8367,1.8036552335672955,AUA3SV_1122,pop,110290.34130517145,0.010425540315894564,True
75778.1136794201,375.4318,-6873.692413292458,29554.983457906368,4860.130930828576,52.080475250065746,5.7347055648673635,15945.0,0.82,511.8167,3000.0,132.9464,1.79190350792639,AUA3SV_1122,pop,108128.89187625449,0.01058312419489875,True
75738.58573360578,397.516,-2633.5200671476496,25608.374717532348,5196.694485501026,52.04501899530452,5.7967854932520755,17050.0,0.82,509.6299,3000.0,133.817,1.779662147363381,AUA3SV_1122,pop,106081.17828942828,0.010423623070313645,True
75699.31901721683,419.6002,1528.198337907586,21615.058666701927,5533.258040173398,52.009110398111005,5.857620586204688,18154.0,0.82,507.4337,3000.0,134.2958,1.7670645851003886,AUA3SV_1122,pop,104148.97729761101,0.011027598131178741,True
75660.3189839342,441.6845,5638.4760792457,17604.59969141485,5869.821594845674,51.97301691705002,5.917606926134107,19258.0,0.82,505.228,3000.0,135.1171,1.7542206802592129,AUA3SV_1122,pop,102329.82042412291,0.01203919817754598,True
75621.58830232716,463.7687,9673.087420879237,13553.45580179868,6206.385149517848,51.936528482507285,5.97639186086567,20362.0,0.82,503.0125,3000.0,135.5922,1.7412524765987587,AUA3SV_1122,pop,100622.90459680856,0.007365596347487995,True
75583.12679745413,485.8529,13656.288723593592,9487.050249644592,6542.948704189747,51.899874867023335,6.034331384366774,21466.0,0.82,500.7873,3000.0,135.6039,1.7282830511847307,AUA3SV_1122,pop,99027.70144621443,0.0,True
75544.93143239692,507.9371,17620.90125831997,5437.965726483576,6879.512258861416,51.86334924680301,6.091906643668362,22571.0,0.82,498.5521,3000.0,135.5901,1.7154238951672436,AUA3SV_1122,pop,97542.87307652758,0.0,True
75506.99632297453,530.0213,21568.65277796235,1408.0541501064235,7216.075813532947,51.82696869603798,6.149144360903996,23675.0,0.82,496.3069,2890.0,135.5882,1.6879956031729597,AUA3SV_1122,pop,94559.89654345579,0.0,True
75469.6306924233,552.1056,25499.443025237768,-2604.283171425554,7540.341789130122,51.79071928374203,6.206044422188101,24739.0,0.82,494.1341,2670.0,135.5912,1.6420666087583937,AUA3SV_1122,pop,90100.44552206165,0.0,True
75433.23128404195,574.1898,29414.308369068356,-6600.781070144299,7839.831945314658,51.754585790210356,6.262623133820707,25721.0,0.82,492.1187,2449.0,135.5926,1.5915355692124395,AUA3SV_1122,pop,85785.2951336209,0.0,True
75397.88962551576,596.274,33314.55127989172,-10582.550748323667,8114.546282085258,51.718558554480175,6.3189005856151,26623.0,0.819593,490.0196,2228.0,135.5939,1.5367354594007638,AUA3SV_1122,pop,81573.98154123753,0.0,True
75363.70098780851,618.3582,37199.45635390076,-14548.840630992478,8364.48479944151,51.68264476214962,6.374867678363759,27443.0,0.815806,486.0692,2007.0,135.5981,1.4770285712281246,AUA3SV_1122,pop,77208.98820814493,0.0,True
75330.83361307996,640.4425,41054.05699917385,-18484.76727613322,8589.647497383223,51.64697974670205,6.430310498876528,28181.0,0.812264,482.4418,1786.0,135.5996,1.4138880531214595,AUA3SV_1122,pop,72989.3180203499,0.0,True
75299.36289004776,662.5267,44881.04192794508,-22392.70073231897,8790.0343759103,51.611542668111674,6.485269902120464,28839.0,0.808846,479.0628,1565.0,135.5997,1.347589666561543,AUA3SV_1122,pop,68881.60027264907,0.0,True
75269.3597182835,684.6109,48682.41093171379,-26274.49567083063,8965.645435022705,51.576317301027395,6.539776598515492,29415.0,0.805483,475.8908,1344.0,135.6063,1.278468171446856,AUA3SV_1122,pop,64864.29166619009,0.0,True
75240.88925686681,706.6951,52459.308602200676,-30132.179396862957,9116.480674720442,51.54128588777215,6.593848717706711,29910.0,0.802126,472.8962,1124.0,135.6047,1.2071109148732102,AUA3SV_1122,pop,60934.65988778378,0.0,True
75214.01038613051,728.7793,56213.61984973374,-33966.57997366555,9242.540095003542,51.50644134488736,6.6475151230282155,30323.0,0.798701,470.0332,903.0,135.606,1.1332471515304587,AUA3SV_1122,pop,57046.290815743596,0.0,True
75188.77620139191,750.8636,59946.11627093866,-37778.88035958582,9343.823695872083,51.47177346126117,6.700788409824513,30656.0,0.795145,467.2646,682.0,135.6035,1.0574155871353648,AUA3SV_1122,pop,53200.954278601304,0.0,True
75165.23335098304,772.9478,63657.7283135555,-41569.5144465965,9420.33147732621,51.437278718825965,6.753683502700052,30907.0,0.791379,464.5425,461.0,135.6061,0.9799087440813546,AUA3SV_1122,pop,49388.06118725981,0.0,True
75143.42212868476,795.032,67348.40350481833,-45339.109554422226,9472.063439366188,51.40295194890834,6.80620104821137,31076.0,0.787313,461.8137,240.0,135.607,0.9009768453514746,AUA3SV_1122,pop,45597.529464352716,0.0,True
75123.37630674684,817.1162,71018.11668483831,-49087.41566199879,9499.01958199257,51.36879586556026,6.8583422265587375,31165.0,0.782773,458.9731,19.0,135.6071,0.8207699509765538,AUA3SV_1122,pop,41815.4360806788,0.0,True
75105.12493978874,839.2005,74665.94708246167,-52813.38334637558,9501.19990520707,51.3348204855436,6.91009549456375,31172.0,0.782321,458.6932,-0.0,135.6021,0.8136169920531684,AUA3SV_1122,pop,41480.29395618874,0.0,True
75087.03730261221,861.2847,78311.934317015,-56536.820588884075,9501.199904989693,51.30084538955156,6.961746214404675,31172.0,0.781868,458.4277,-19.0,135.5972,0.8065484824893434,AUA3SV_1122,pop,41149.219647855025,0.0,True
64355.802741011255,0.0,94220.31626002389,-39433.21079940374,30.480000284298782,52.30459976287361,4.777520178310082,100.0,0.3,198.3755,3000.0,237.9631,1.8621154148027856,EZY16MH_978,fuel,126707.75411517525,0.048638370851160184,True
64314.2534572222,22.3071,92315.41973176308,-40625.228197715405,370.4394860353401,52.294207568564254,4.7491794671216585,1215.0,0.363524,239.4565,3000.0,237.9631,1.8113974520119596,EZY16MH_978,fuel,111221.3370452676,0.04806406185201584,True
64273.84700926485,44.6141,90008.14100145013,-42069.042257158624,710.398971797655,52.281611021360234,4.714870065180299,2331.0,0.4407,289.1687,3000.0,271.4237,1.7594532085849979,EZY16MH_978,fuel,102274.03488128076,0.04053732190337326,True
64234.64088607832,66.9212,86714.52095513727,-41987.18447068235,1050.358457564754,52.282880105768655,4.666482766207994,3446.0,0.524773,342.9894,3000.0,294.9719,1.741841811260893,EZY16MH_978,fuel,99851.40898709933,0.03513810182167239,True
64195.87971373909,89.2282,83166.70465375052,-40334.93114817913,1390.317943336281,52.298288627955685,4.614746928079755,4561.0,0.609007,396.478,3000.0,294.9753,1.758631361616005,EZY16MH_978,fuel,102155.88047418647,0.027381832377692504,True
64156.78139945451,111.5353,79061.95319215175,-38423.003881213495,1730.2774291110904,52.31609047626532,4.554844778213766,5677.0,0.68851,446.4583,3000.0,294.9774,1.7898450011607892,EZY16MH_978,fuel,107088.85464525975,0.02014096253418862,True
64116.99905253549,133.8423,74437.17938579187,-36268.6563352096,2070.2369148880584,52.33611308696824,4.487296085245637,6792.0,0.760543,491.1957,3000.0,294.9908,1.8193316139214393,EZY16MH_978,fuel,112963.73602652605,0.014328918558523128,True
64076.55144236278,156.1494,69347.6682599347,-33896.3735447903,2410.1964006664143,52.358116192421825,4.412889156268445,7907.0,0.82,527.4618,3000.0,294.9988,1.8390423770574709,EZY16MH_978,fuel,118437.99981238674,0.009430906273388594,True
64035.619988089915,178.4564,63881.51092970079,-31347.605919130903,2750.155886445378,52.381703841400466,4.3328934823315235,9023.0,0.82,525.3187,3000.0,294.9972,1.8278666671883448,EZY16MH_978,fuel,115391.22430819648,0.006593489807603656,True
63994.946155290025,200.7635,58437.652980515406,-28809.421869265403,3090.1153722239233,52.40513985817316,4.253139218130543,10138.0,0.82,523.1668,3000.0,295.0186,1.8154128239345952,EZY16MH_978,fuel,112470.78298596223,0.005253419159929566,True
63954.55737529049,223.0705,53017.20377586371,-26279.68406136391,3430.074858001983,52.42844391185914,4.173644148396175,11254.0,0.82,521.006,3000.0,295.0194,1.8017208329704817,EZY16MH_978,fuel,109670.0875658432,0.004320871323271543,True
63914.479466382814,245.3776,47619.34180991008,-23760.397552993476,3770.0343437794872,52.4515986340816,4.094396864531187,12369.0,0.82,518.8362,3000.0,294.9976,1.7868951395554704,EZY16MH_978,fuel,106990.90314161833,0.0036339958683015345,True
63874.736112892715,267.6846,42243.17253491132,-21253.72692396624,4109.9938295563525,52.47458519379728,4.015384958004403,13484.0,0.82,516.6574,3000.0,295.0001,1.7710309679188305,EZY16MH_978,fuel,104429.0263891533,0.0031405526753543805,True
63835.34842769698,289.9917,36889.86268575946,-18757.421089524054,4449.953315332495,52.4974242933053,3.936627068238385,14600.0,0.82,514.4692,3000.0,294.9921,1.7542372254809824,EZY16MH_978,fuel,101980.6248122524,0.002762613901749118,True
63796.33460273189,312.2987,31559.047286780806,-16272.51629681939,4789.9128011078155,52.520107207460605,3.8581187705250786,15715.0,0.82,512.2718,3000.0,294.975,1.736675571695236,EZY16MH_978,fuel,99647.33887754325,0.0024522971354802316,True
63757.70964679847,334.6058,26250.43650355281,-13799.891836248946,5129.872286882209,52.54262660406427,3.7798568144480527,16830.0,0.82,510.0648,3000.0,294.9752,1.7184782878634566,EZY16MH_978,fuel,97425.49253476974,0.002206205639713189,True
63719.48520591372,356.9128,20964.88128889006,-11337.981646947164,5469.831772655548,52.564997086345265,3.7018550257214153,17946.0,0.82,507.8483,3000.0,294.957,1.6997818458159495,EZY16MH_978,fuel,95311.96888042707,0.0020025451954409274,True
63681.66945858602,379.2199,15701.69518436756,-8888.523925006455,5809.791258427699,52.58720361949113,3.624104236668359,19061.0,0.819515,505.3229,3000.0,294.9416,1.6804559406853166,EZY16MH_978,fuel,93258.05494368321,0.0018311278104809674,True
63644.27775077517,401.5269,10464.217952488065,-6452.744552574313,6149.750744198488,52.60923567092926,3.5466550085332345,20176.0,0.819285,502.9472,3000.0,294.9495,1.6611358743350648,EZY16MH_978,fuel,91341.45969419161,0.001388906380910042,True
63607.30562085132,423.834,5251.887221097851,-4027.7837475730425,6489.710229967757,52.63111961778969,3.469500321125814,21292.0,0.819312,500.7195,3000.0,294.9393,1.641941526231242,EZY16MH_978,fuel,89554.99443402389,0.0,True
63570.74513135593,446.1411,62.399663013530464,-1614.5726440711064,6829.669715735273,52.652847729477216,3.3926071330810874,22407.0,0.819554,498.6127,3000.0,294.9317,1.6229999617512625,EZY16MH_978,fuel,87892.59181929621,0.0,True
63534.5859748265,468.4481,-5105.392085594602,787.7078329671929,7169.629201500896,52.67442778189122,3.3159595248051756,23522.0,0.819911,496.5637,3000.0,294.9411,1.6043559071502747,EZY16MH_978,fuel,86340.93288411474,0.0,True
63498.81693253811,490.7552,-10251.369156906778,3180.882554794784,7509.588687264381,52.69587687438209,3.2395601515026464,24638.0,0.816435,492.1916,2789.0,294.9298,1.5508661718941597,EZY16MH_978,fuel,81978.04241888257,0.0,True
63464.242032330425,513.0622,-15354.328497191287,5552.827475082052,7825.596384397218,52.717087105921095,3.163725403450388,25675.0,0.813096,488.0707,2566.0,294.9172,1.4923803634946147,EZY16MH_978,fuel,77677.53618007005,0.0,True
63430.96879290651,535.3693,-20416.97423211094,7904.677693158661,8116.325763011902,52.73806972202045,3.0884170051430186,26628.0,0.809989,484.2655,2342.0,294.9152,1.4310824070077426,EZY16MH_978,fuel,73557.38577643721,0.0,True
63399.053091450165,557.6763,-25442.07165212852,10238.869814962969,8381.776823093565,52.75884756243683,3.01359550815258,27499.0,0.807041,480.7313,2119.0,294.8877,1.3677337138728949,EZY16MH_978,fuel,69610.11554861972,0.0,True
63368.54291694838,579.9834,-30433.388180625967,12554.455116291196,8621.949564637524,52.77941285755479,2.939206639254287,28287.0,0.804105,477.3797,1896.0,294.8532,1.3024872639524931,EZY16MH_978,fuel,65794.33257084187,0.0,True
63339.480991957455,602.2904,-35393.00081015279,14851.705528638742,8836.843987641705,52.79976878297432,2.865221078165212,28992.0,0.801089,474.1561,1673.0,294.8512,1.2356400784565755,EZY16MH_978,fuel,62087.8946375555,0.0,True
63311.90446932347,624.5975,-40320.839606612775,17134.028076892788,9026.460092105177,52.81994678913092,2.7916409792859116,29614.0,0.798048,471.0929,1450.0,294.8114,1.1675295905284067,EZY16MH_978,fuel,58478.95128185127,0.0,True
63285.84256819307,646.9045,-45219.971927197796,19398.928876390004,9190.79787802769,52.83992499597115,2.718422395914803,30154.0,0.794751,468.0536,1227.0,294.7797,1.0982739831602824,EZY16MH_978,fuel,54942.9019924144,0.0,True
63261.32311360286,669.2116,-50090.21364030141,21647.19995622568,9329.85734540952,52.85971126217733,2.645569362830173,30610.0,0.791213,465.0467,1004.0,294.7659,1.0281436125962296,EZY16MH_978,fuel,51471.53638059187,0.0,True
63238.367810384654,691.5186,-54931.084517633695,23880.500158039653,9443.638494251532,52.879321276067344,2.5730901277866836,30983.0,0.787276,461.9799,781.0,294.7356,0.9572231287819377,EZY16MH_978,fuel,48048.051146362166,0.0,True
63216.99612540909,713.8257,-59742.48998382767,26097.118448165817,9532.141324555409,52.89874039431803,2.500987715451481,31273.0,0.782776,458.7565,558.0,294.7085,0.8855637145610367,EZY16MH_978,fuel,44657.52855079872,0.0,True
63197.225732476945,736.1327,-64522.546785297614,28296.555706879524,9595.365836324327,52.917965088686095,2.429291680977749,31481.0,0.777345,455.1594,335.0,294.7072,0.8129955980421955,EZY16MH_978,fuel,41276.41317527338,0.0,True
63179.077116009335,758.4398,-69266.2481513105,30479.14062995037,9633.312029565037,52.93699974349573,2.358078073532519,31605.0,0.770534,450.9249,112.0,294.6818,0.7392386590256395,EZY16MH_978,fuel,37879.43267733714,0.0,True
63162.575872904454,780.7468,-73967.7415462509,32639.77718545422,9645.97990429836,52.95580025522738,2.2874369065331104,31647.0,0.766299,448.3644,-0.0,294.6766,0.7012589926725181,EZY16MH_978,fuel,36141.49022771,0.0,True
63146.91998238883,803.0539,-78643.1726127284,34787.926935207106,9645.979904116246,52.974450394783794,2.2171265832183145,31647.0,0.76628,448.3535,-0.0,294.6774,0.7011277920282648,EZY16MH_978,fuel,36135.439950555905,0.0,True
63131.26706722916,825.3609,-83318.46271866068,36936.08378100838,9645.979903932206,52.993059099973074,2.1467577156874165,31647.0,0.766223,448.3199,-0.0,294.6679,0.7009629721771977,EZY16MH_978,fuel,36127.75556607461,0.0,True
63115.61793400229,847.668,-87993.75703649,39083.305861523215,9645.979903746362,53.01161781810171,2.0763284365904755,31647.0,0.766179,448.2947,-0.0,294.6649,0.7008106428474521,EZY16MH_978,fuel,36120.679341634495,0.0,True
63099.972280733506,869.9751,-92668.90022102902,41230.16428477852,9645.979903558915,53.03013164763816,2.00584098807679,31647.0,0.766136,448.2695,-0.0,294.6619,0.700658348874456,EZY16MH_978,fuel,36113.60562696698,0.0,True
64355.802740927036,0.0,94220.31625981645,-39433.21099873168,30.480000303593936,52.304599761081434,4.777520178250829,100.0,0.3,198.3755,1479.0,237.9631,1.5340215007181717,EZY16MH_978,pop,80140.2336623452,0.048638370710510276,True
64322.58117720773,21.6425,92354.77501789365,-40600.601239892145,193.08358003915313,52.29442233933229,4.749764852919228,633.0,0.408264,269.4695,1695.0,237.9631,1.4706582252414837,EZY16MH_978,pop,75696.830223625,0.05086251592970135,True
64290.79411753002,43.285,89819.04005544615,-42187.375192034655,379.48182030578505,52.280578182152965,4.712058988717725,1245.0,0.520018,342.5056,1912.0,270.4269,1.5643244738206679,EZY16MH_978,pop,82431.30905853002,0.04887703459342404,True
64257.0500089135,64.9276,86016.08438967277,-42159.039100097805,589.6747211037881,52.281445350699364,4.656172878138621,1935.0,0.623993,410.0043,2128.0,283.412,1.6975537024293041,EZY16MH_978,pop,94554.46666691927,0.04335524010884204,True
64220.450513250245,86.5701,81587.42257381816,-41103.006816510395,823.6622824332203,52.291620689582366,4.591338570704727,2702.0,0.714598,468.2796,2345.0,289.3414,1.795810712021366,EZY16MH_978,pop,108159.04685768101,0.029806556673091886,True
64181.71105545381,108.2126,76681.21878860335,-39380.90253650224,1081.4445042940424,52.307817026179585,4.5196051612134145,3548.0,0.790134,516.2426,2561.0,294.484,1.8475939765748208,EZY16MH_978,pop,120807.14145665297,0.019552906671545592,True
64141.81518352031,129.8551,71465.09821920602,-37005.54028041903,1363.0213866861086,52.329884686676614,4.443399526561867,4472.0,0.82,534.0091,2778.0,296.5855,1.859939022701461,EZY16MH_978,pop,126013.28161247021,0.011676510482421274,True
64101.62306707362,151.4977,66164.62528050147,-34352.93429261089,1668.3929296090496,52.354406543735216,4.365931097048396,5474.0,0.82,532.1082,2994.0,296.8336,1.8585864636950498,EZY16MH_978,pop,125412.3817299268,0.008317113970231944,True
64061.46497676615,173.1402,60896.50578790892,-31687.936699331014,1997.5591330617012,52.37898549684726,4.288855612732661,6554.0,0.82,530.0514,3000.0,296.5827,1.8507087611034745,EZY16MH_978,pop,122260.00245693898,0.006048702362385553,True
64021.48627704974,194.7827,55637.368719006816,-29056.34852609702,2327.39116411942,52.403212905518345,4.211821165930106,7636.0,0.82,527.9825,3000.0,296.5591,1.8414204088194912,EZY16MH_978,pop,119153.9653763558,0.0048272901917698905,True
63981.717222152896,216.4252,50397.82981708012,-26437.25376615515,2657.2231951770978,52.42727602234089,4.134989283157814,8718.0,0.82,525.9054,3000.0,296.5471,1.8308870690764167,EZY16MH_978,pop,116167.65316998748,0.004074847445440788,True
63942.18398893063,238.0677,45178.502028008086,-23829.63243942891,2987.055226234718,52.45118442902892,4.05837022404262,9800.0,0.82,523.8201,3000.0,296.4325,1.8191301653752359,EZY16MH_978,pop,113298.80889463016,0.003475079715960227,True
63902.91199925678,259.7103,39974.83397844631,-21242.828096966816,3316.887257292262,52.474854913649914,3.981896703980123,10882.0,0.82,521.7264,3000.0,296.2608,1.8061963693494791,EZY16MH_978,pop,110545.21079501719,0.003002967496166471,True
63863.92539376215,281.3528,34784.41552631797,-18681.984382938346,3646.7192883497196,52.49824172032629,3.905533941769412,11964.0,0.82,519.6243,3000.0,296.0925,1.7921555523274597,EZY16MH_978,pop,107904.77724793574,0.00266520245264069,True
63825.24656254422,302.9953,29607.59364539084,-16146.727818035919,3976.551319407069,52.52134846644608,3.8292886423493493,13046.0,0.82,517.5137,3000.0,295.9363,1.7770975317067408,EZY16MH_978,pop,105375.49351155339,0.002382663267664352,True
63786.89574335526,324.6378,24445.090717122443,-13635.907116854383,4306.383350464298,52.544185762459676,3.75317310640376,14129.0,0.82,515.3944,3000.0,295.7913,1.7611158070056996,EZY16MH_978,pop,102953.66899178337,0.0021462303944973686,True
63748.89069258806,346.2803,19297.57355878881,-11148.464521541126,4636.21538152139,52.56676340908931,3.6771987564625803,15211.0,0.82,513.2664,3000.0,295.6601,1.7443553087933956,EZY16MH_978,pop,100641.09276792812,0.0019576043244444487,True
63711.24642993999,367.9229,14165.811979697037,-8683.109946551773,4966.047412578322,52.589093320756504,3.6013785023982363,16293.0,0.82,511.1295,3000.0,295.5468,1.7269331779513193,EZY16MH_978,pop,98434.19858906732,0.001797191118268242,True
63673.97505408081,389.5654,9050.729010865576,-6238.212632755677,5295.879443635078,52.611190503814726,3.525727473391959,17375.0,0.82,508.9837,3000.0,295.4516,1.7089854550818053,EZY16MH_978,pop,96331.40411422448,0.001656771710288666,True
63637.08562400346,411.2079,3953.2464440548088,-3812.1222085615886,5625.711474691632,52.6330701777228,3.450260702979765,18457.0,0.82,506.8288,3000.0,295.3702,1.6906515187231774,EZY16MH_978,pop,94331.20482607256,0.0015393222334404936,True
63600.58409893741,432.8504,-1125.9153476138038,-1403.5945634784835,5955.543505747963,52.6547439122293,3.3749902624053014,19539.0,0.82,504.6646,3000.0,295.3053,1.672071717680383,EZY16MH_978,pop,92432.22236356302,0.0014356656613350818,True
63564.473328646556,454.493,-6185.934160951703,988.8406468310893,6285.37553680399,52.6762253069492,3.2999292581341746,20621.0,0.82,502.4912,3000.0,295.2594,1.6533854748401056,EZY16MH_978,pop,90633.25924594048,0.0005092442323603581,True
63528.75308548755,476.1355,-11225.896447346999,3366.857366941446,6615.207567859607,52.6975299867746,3.2250926266768394,21703.0,0.82,500.3083,3000.0,295.2142,1.63472875203488,EZY16MH_978,pop,88933.19158020592,0.0,True
63493.42012961447,497.778,-16245.65918501305,5730.501213054525,6945.039598914866,52.71865884419485,3.150483601999544,22786.0,0.82,498.1158,3000.0,295.1624,1.61621833573683,EZY16MH_978,pop,87329.96019806099,0.0,True
63458.46829912842,519.4205,-21245.37775479907,8079.179832376679,7274.871629969717,52.739607030860995,3.076101045185414,23868.0,0.82,495.9137,2947.0,295.1118,1.5900932556769982,EZY16MH_978,pop,85172.38810546816,0.0,True
63424.05640860057,541.063,-26225.385558302845,10413.232446468217,7598.9018001085515,52.760378061703015,3.0019411255587025,24931.0,0.816958,491.9091,2731.0,295.0625,1.5357217067291702,EZY16MH_978,pop,80874.11110780545,0.0,True
63390.81871557092,562.7056,-31168.963525486815,12725.031850306965,7899.137309721135,52.780904784416336,2.9282542745012736,25916.0,0.81382,488.0127,2514.0,295.0242,1.478209057917902,EZY16MH_978,pop,76740.5887672224,0.0,True
63358.81996455661,584.3481,-36076.66422923864,15016.052345870165,8175.578158804852,52.801201353636536,2.8550339217285976,26823.0,0.810883,484.4031,2298.0,294.996,1.4185074641393576,EZY16MH_978,pop,72794.26277355246,0.0,True
63328.109232726485,605.9906,-40950.88155779936,17288.52163920341,8428.224347358884,52.82128853474071,2.7822458819274094,27652.0,0.808126,481.0666,2082.0,294.9502,1.3568395799541075,EZY16MH_978,pop,68998.15130393847,0.0,True
63298.72783594678,627.6331,-45794.969691886145,19542.23130543887,8657.07587538285,52.84116501268266,2.7098418049290074,28402.0,0.8053,477.8543,1865.0,294.91,1.2932119651875595,EZY16MH_978,pop,65306.566269206305,0.0,True
63270.715081281676,649.2756,-50609.85927036926,21778.24764036073,8862.132742876562,52.860841039990284,2.6378091518730584,29075.0,0.802461,474.7991,1649.0,294.898,1.2283798525567056,EZY16MH_978,pop,61731.61068330187,0.0,True
63244.10250471282,670.9182,-55395.93763009705,23999.665789613253,9043.394949839952,52.880345133696004,2.566143034542944,29670.0,0.799562,471.8733,1432.0,294.8922,1.1621414481944938,EZY16MH_978,pop,58232.63090923603,0.0,True
63218.91663758997,692.5607,-60154.18149919887,26207.579736564418,9200.86249627303,52.899687732167365,2.4948299466774264,30187.0,0.796463,468.9945,1216.0,294.8678,1.0951524606380265,EZY16MH_978,pop,54817.179561700425,0.0,True
63195.18144631655,714.2032,-64885.684609500684,28400.639484403495,9334.535382175873,52.91885724534351,2.423855029642922,30625.0,0.793068,466.1057,999.0,294.8212,1.0270627374392185,EZY16MH_978,pop,51446.00477845196,0.0,True
63172.91774087905,735.8457,-69591.08822096222,30576.953345450213,9444.413607548655,52.93783723111358,2.3532103373092403,30986.0,0.789409,463.2266,783.0,294.8236,0.9585853229465526,EZY16MH_978,pop,48137.71376153081,0.0,True
63152.14067871357,757.4883,-74268.51883720316,32740.571181711497,9530.497172391686,52.95666499890392,2.2829241800789197,31268.0,0.785224,460.2022,567.0,294.8041,0.8894609834564934,EZY16MH_978,pop,44861.41272474169,0.0,True
63132.866225686885,779.1308,-78917.23530975672,34888.98505268124,9592.78607670553,52.97531878647371,2.2130093664849815,31472.0,0.780243,456.8735,350.0,294.7423,0.8192924751574981,EZY16MH_978,pop,41584.999924135394,0.0,True
63115.11152541481,800.7733,-83535.6222681192,37017.33955076037,9631.280320491374,52.99375588586858,2.1434925318243776,31599.0,0.774231,453.1018,134.0,294.7437,0.7485229754577478,EZY16MH_978,pop,38318.20416755528,0.0,True
63098.89454665229,822.4158,-88116.72819695341,39128.645333974666,9645.979903752868,53.012005252094234,2.0744782172479055,31647.0,0.769648,450.3239,-0.0,294.7805,0.7037234868507318,EZY16MH_978,pop,36264.0483693833,0.0,True
63083.646484656885,844.0583,-92668.90022080227,41230.16428424202,9645.97990354359,53.03013164763338,2.005840988080335,31647.0,0.765064,447.642,-134.0,294.8173,0.6592481626239348,EZY16MH_978,pop,34233.77013987449,0.0,True
77219.99990000269,0.0,91897.63480155761,-43633.09465866531,30.480000304384035,52.32860183807406,4.7088398918974,100.0,0.3,198.3755,2039.0,3.1751,1.8413027583567854,EIN611_1579,fuel,118758.25494187092,0.07048607796785758,True
77178.63631218702,22.4548,92023.7460019643,-41359.74017948138,263.0134193738873,52.34902103511334,4.711322746238434,863.0,0.360541,237.7819,2263.0,3.1751,1.8092452105972496,EIN611_1579,fuel,110772.26422087592,0.06815645412654879,True
77138.00118468175,44.9096,92174.99523468851,-38633.23278301228,521.1611276534551,52.37351036175706,4.714303694487584,1710.0,0.426576,280.5073,2488.0,329.4929,1.793963483646963,EIN611_1579,fuel,107822.33592853739,0.06206657753053409,True
77097.73449841632,67.3644,90538.9983987172,-35856.64458172747,804.9231251432475,52.39875031974839,4.690964543920502,2641.0,0.493673,323.5764,2712.0,295.8107,1.7992362033400222,EIN611_1579,fuel,108796.90938484788,0.0530695923589464,True
77057.37390426836,89.8192,87191.50145095654,-34237.62899533939,1114.299411843236,52.41385461996683,4.642058604741544,3656.0,0.558294,364.6291,2937.0,294.0883,1.816515836286061,EIN611_1579,fuel,112328.76335908714,0.03742770313753752,True
77016.64504815581,112.274,83365.78983184313,-32527.24289626869,1449.2899877531552,52.42983387812542,4.586089942594711,4755.0,0.618107,402.1258,3000.0,294.0668,1.8243163871843429,EIN611_1579,fuel,114137.958035636,0.023050308900547874,True
76975.75576072931,134.7288,79144.30627477852,-30641.81538416693,1791.501193823254,52.44741844898812,4.524283774336679,5878.0,0.674352,436.9636,3000.0,294.058,1.8312894921936884,EIN611_1579,fuel,115904.16789919513,0.014063584029727308,True
76934.72002517384,157.1836,74554.95368776115,-28592.931636889523,2133.71239989342,52.46649122239843,4.4570355505356325,7000.0,0.727014,469.1887,3000.0,294.0568,1.8397473817582326,EIN611_1579,fuel,118285.75959902159,0.008308824866224753,True
76893.49807646254,179.6384,69625.67838420949,-26392.420410777515,2475.923605963635,52.48693302032432,4.384741518057313,8123.0,0.775591,498.5044,3000.0,294.0527,1.8475738605370162,EIN611_1579,fuel,120797.19739776183,0.005998137765560409,True
76852.09962521838,202.0932,64387.14153488631,-24054.29864742463,2818.1348120338826,52.50860497221393,4.307838095802413,9246.0,0.82,524.8891,3000.0,294.0411,1.8539084609524326,EIN611_1579,fuel,123650.03149337045,0.004674808901729309,True
76810.52337454236,224.548,58869.98210558666,-21593.155465146527,3160.346018104151,52.531363644218246,4.2267622361840935,10369.0,0.82,522.7211,3000.0,294.0397,1.8460950470973,EIN611_1579,fuel,120842.96502272022,0.003858215315287126,True
76769.12546195624,247.0028,53375.71544334661,-19142.39234057517,3502.5572241744067,52.55397128875002,4.145939325488905,11491.0,0.82,520.5442,3000.0,294.0551,1.8373988030265072,EIN611_1579,fuel,118165.673298729,0.0032886996869389428,True
76727.92441616846,269.4576,47905.15644311092,-16700.441801696434,3844.7684302446464,52.57644251553697,4.0653827481789495,12614.0,0.82,518.358,3000.0,294.0734,1.8278540942358534,EIN611_1579,fuel,115612.31848680906,0.0028572404781220615,True
76686.93741458318,291.9124,42458.52111344946,-14267.08321698728,4186.97963631487,52.59877990244881,3.9850967656888208,13737.0,0.82,516.1627,3000.0,294.0832,1.8175346194702562,EIN611_1579,fuel,113183.10706541315,0.0025208692619987315,True
76646.17986848851,314.3672,37035.54446905381,-11843.175837500072,4529.19084238508,52.620976357110436,3.9050783801716085,14860.0,0.82,513.9579,3000.0,294.0907,1.8065244228105644,EIN611_1579,fuel,110876.31035073417,0.0022624079262690746,True
76605.66506562532,336.822,31636.222774695936,-9428.996843866289,4871.402048455266,52.64302999487043,3.8253285653782196,15982.0,0.82,511.7436,3000.0,294.1081,1.7949311314661374,EIN611_1579,fuel,108691.93790373715,0.002043879030715062,True
76565.40387496242,359.2769,26261.072540369903,-7023.6637521412795,5213.61325452543,52.664949333887165,3.7458561156994614,17105.0,0.82,509.5198,3000.0,294.1279,1.7828464590990247,EIN611_1579,fuel,106625.59639718529,0.0018614390527513641,True
76525.40451461471,381.7317,20910.291669382554,-4627.011128900856,5555.824460595569,52.68673647617692,3.6666650060052586,18228.0,0.82,507.2861,3000.0,294.136,1.7703969080215216,EIN611_1579,fuel,104677.66094909517,0.0017105343778880766,True
76485.6723807202,404.1865,15583.486445835784,-2240.1977112612285,5898.035666665679,52.70838163942586,3.587750356254648,19351.0,0.82,505.0426,3000.0,294.1324,1.7577061694689395,EIN611_1579,fuel,102847.21054163306,0.0015801849329532625,True
76446.20993276902,426.6413,10280.276171254684,135.6443441369778,6240.24687273576,52.72987526363416,3.5091075372310176,20473.0,0.82,502.7891,3000.0,294.1389,1.744910986303223,EIN611_1579,fuel,101134.61516267368,0.000772125013815404,True
76407.01662930203,449.0961,5001.183337288438,2501.3949864422666,6582.4580788058065,52.75122585828389,3.4307454163234388,21596.0,0.82,500.5254,3000.0,294.1487,1.7321185822099532,EIN611_1579,fuel,99536.9912178526,0.0,True
76368.08890699019,471.5509,-253.54604251310124,4857.31285762653,6924.669284875814,52.77243633053409,3.352668667385999,22719.0,0.82,498.2515,3000.0,294.1464,1.7194655758243613,EIN611_1579,fuel,98055.31601942907,0.0,True
76329.42019574808,494.0057,-5484.304539883326,7202.228227213754,7266.880490945782,52.79349674872173,3.2748725802740273,23841.0,0.82,495.9671,2925.0,294.1413,1.6971066686041019,EIN611_1579,fuel,95579.766959614,0.0,True
76291.21780919236,516.4605,-10691.85188265924,9536.17822833532,7600.587614644504,52.81440809753817,3.1973469797891854,24936.0,0.82,493.7293,2701.0,294.1474,1.6514372432458202,EIN611_1579,fuel,91022.80659854758,0.0,True
76253.98834579268,538.9153,-15877.691447011568,11861.063033223325,7908.680449133342,52.83518802150034,3.120070459400355,25947.0,0.82,491.6543,2476.0,294.1779,1.600909715646928,EIN611_1579,fuel,86614.59433702749,0.0,True
76217.82942971101,561.3701,-21042.47222435162,14179.813436153332,8191.158994411957,52.85586339800881,3.04303410835538,26874.0,0.819761,489.6013,2252.0,294.1929,1.5461364103780806,EIN611_1579,fuel,82344.54522047934,0.0,True
76182.83831455983,583.8249,-26186.981083589624,16491.07740897705,8448.02325048024,52.87642255463718,2.9662271002893505,27717.0,0.815915,485.5692,2027.0,294.1874,1.4861018016959875,EIN611_1579,fuel,77890.46751678908,0.0,True
76149.19447849848,606.2797,-31291.119435858185,18783.618582392206,8679.273217338141,52.896766116887036,2.8899509778173695,28475.0,0.812323,481.8714,1803.0,294.2179,1.4226346543066148,EIN611_1579,fuel,73599.48808246233,0.0,True
76116.9800562636,628.7345,-36356.88707802216,21062.165472619537,8884.908894985623,52.91693754956024,2.8141771612284527,29150.0,0.808828,478.4127,1578.0,294.2451,1.3555431047123445,EIN611_1579,fuel,69404.23087269682,0.0,True
76086.27343671152,651.1893,-41386.85588603251,23327.48079691011,9064.93028342269,52.93694452722902,2.738868677128786,29741.0,0.805423,475.1873,1354.0,294.2569,1.285674484853905,EIN611_1579,fuel,65316.20908388369,0.0,True
76057.14565704782,673.6441,-46384.001532552385,25579.25576537779,9219.337382649333,52.95678495221035,2.6639825500143126,30247.0,0.802021,472.1429,1129.0,294.248,1.2128036800158901,EIN611_1579,fuel,61283.93260240907,0.0,True
76029.66218949809,696.0989,-51350.943672807414,27816.493752973085,9348.13019266557,52.976450460705564,2.5894811607410837,30670.0,0.798552,469.2381,905.0,294.2489,1.1377826130953062,EIN611_1579,fuel,57321.262479617464,0.0,True
76003.88220064546,718.5537,-56288.666882461745,30040.658496956927,9451.308713471411,52.99595488586353,2.5153508729740044,31008.0,0.794976,466.4472,680.0,294.2772,1.060339975196242,EIN611_1579,fuel,53385.65233284542,0.0,True
75979.85750105424,741.0085,-61197.20046177627,32254.596939464645,9528.872945066902,53.015324568912845,2.4415919409773466,31263.0,0.791164,463.694,455.0,294.2777,0.9810161930898161,EIN611_1579,fuel,49477.63738112239,0.0,True
75957.63410865178,763.4633,-66077.91262445715,34456.03560610175,9580.822887452114,53.034539636781,2.368185466737633,31433.0,0.787065,460.9475,231.0,294.2654,0.9004708404205432,EIN611_1579,fuel,45605.78269098165,0.0,True
75937.24986651124,785.9181,-70931.24507513446,36643.87423732776,9607.158540627192,53.053590837950395,2.2951262512589863,31520.0,0.782525,458.1148,6.0,294.2616,0.8182270989795339,EIN611_1579,fuel,41725.59196708207,0.0,True
75918.73648738314,808.3729,-75755.84635118645,38818.36963829175,9607.879904592599,53.07248136055978,2.2224356612192886,31522.0,0.782403,458.0385,-0.0,294.2719,0.8158603546334919,EIN611_1579,fuel,41614.74455937118,0.0,True
75900.27967395374,830.8277,-80579.27574104918,40993.38859652889,9607.879904368978,53.09133245274918,2.1496987683298014,31522.0,0.782418,458.047,-0.0,294.2799,0.8157164660682337,EIN611_1579,fuel,41608.076296010084,0.0,True
75881.82612579105,853.2825,-85402.49113022946,43169.11974367857,9607.87990414533,53.11014561980697,2.076901222223375,31522.0,0.782403,458.0384,-0.0,294.2627,0.8155525272938597,EIN611_1579,fuel,41599.97923876304,0.0,True
75863.37654212717,875.7373,-90226.26898265144,45343.361161521796,9607.879903921665,53.12890086843771,2.0040320315196247,31522.0,0.782388,458.0297,-0.0,294.2455,0.8153885269418855,EIN611_1579,fuel,41591.877538024586,0.0,True
77219.99993775219,0.0,91897.63488525595,-43633.09473156521,30.480000008060816,52.32860183740448,4.70883989310877,100.0,0.3,198.3755,643.0,3.1752,1.3256818455636263,EIN611_1579,pop,66758.25289459422,0.07048607746977226,True
77191.56946689551,21.4269,92018.64165907633,-41451.75601400375,100.50954541814396,52.348194552928646,4.711222205522978,330.0,0.400079,264.3438,858.0,3.1752,1.3007879993166147,EIN611_1579,pop,65346.49934895739,0.07240127523955486,True
77163.71930279976,42.8537,92179.86687799428,-38545.416135914005,193.86190746129358,52.374299124246804,4.714399766029342,636.0,0.501093,330.7367,1072.0,331.0348,1.4355611292429493,EIN611_1579,pop,73398.74385239674,0.0745327263242579,True
77133.02399119594,64.2806,90416.41461810708,-35359.496335670985,310.53708648162626,52.403240763056615,4.689293351584745,1019.0,0.595156,392.302,1286.0,300.295,1.6076402193745907,EIN611_1579,pop,85946.24046111984,0.07300644566608272,True
77098.67194595652,85.7075,86687.55587887316,-33180.96713248362,450.5350825731833,52.423436212504726,4.634905477879506,1478.0,0.678446,446.4914,1500.0,296.7715,1.7425206322826579,EIN611_1579,pop,99940.83223667425,0.051847479500557875,True
77061.43282392023,107.1343,82299.97833717844,-30967.379295421877,613.8558957535466,52.44402214708744,4.57075916379656,2014.0,0.749608,492.405,1715.0,294.6387,1.8216329159832862,EIN611_1579,pop,113497.50260528628,0.027638090439682947,True
77022.48077223454,128.5612,77374.59337804474,-28708.3365390755,800.4995259910502,52.46505900766823,4.498625971514887,2626.0,0.808831,530.172,1929.0,293.9839,1.8595198562548654,EIN611_1579,pop,125629.79407908607,0.013356607233878265,True
76982.68460805865,149.988,72045.01586205038,-26337.251978210963,1010.4659732064897,52.4871132766327,4.420479731576947,3315.0,0.82,536.1955,2143.0,294.0381,1.8652469586597067,EIN611_1579,pop,128753.95672893952,0.006654749191241743,True
76942.75081047483,171.4149,66658.63729909743,-23934.792621448105,1243.7552372512296,52.50940514927584,4.341422312862658,4081.0,0.82,534.7497,2358.0,294.0034,1.8662096887810837,EIN611_1579,pop,129291.93527668508,0.005054872176484316,True
76902.79864739746,192.8418,61287.011352489826,-21542.805564682512,1500.3673178704332,52.53154847520861,4.262500903321601,4922.0,0.82,533.155,2572.0,293.963,1.8668515572266262,EIN611_1579,pop,129665.30417375473,0.004131332207259193,True
76862.83431366403,214.2686,55931.508024878014,-19162.521744737107,1780.302214552588,52.553532379342606,4.183736444062136,5841.0,0.82,531.4098,2786.0,293.9228,1.8672427744063045,EIN611_1579,pop,129903.16186848219,0.003473746969925183,True
76822.86274046845,235.6955,50593.76558475689,-16794.612961361625,2083.5599257597814,52.57535104340377,4.1051540503792525,6836.0,0.82,529.5127,3000.0,293.8772,1.8674435117926242,EIN611_1579,pop,130034.53933215473,0.003003030851497883,True
76782.88788959416,257.1224,45275.204938856434,-14440.281159906674,2410.1053302810583,52.596993964240376,4.026775636276775,7907.0,0.82,527.4624,3000.0,293.8306,1.8618597186067933,EIN611_1579,pop,127084.63958565686,0.0026588083112113504,True
76743.03691415284,278.5492,39975.47625921789,-12099.443933779177,2736.6507347327774,52.61846237504401,3.9485971592099904,8979.0,0.82,525.404,3000.0,293.7899,1.855431794845916,EIN611_1579,pop,124253.26409337552,0.0023730147024312296,True
76703.3271166708,299.9761,34694.92409109184,-9771.550196583805,3063.196139106083,52.63976166601151,3.8706248974142725,10050.0,0.82,523.3375,3000.0,293.7653,1.8481691037993533,EIN611_1579,pop,121542.72180761033,0.0021360089899854955,True
76663.77557118643,321.403,29434.29095787642,-7455.144148777023,3389.7415433867286,52.660905355685266,3.792871082501666,11121.0,0.82,521.2628,3000.0,293.7557,1.8400849680553715,EIN611_1579,pop,118948.99806434955,0.0019487677013426377,True
76624.39872439728,342.8298,24194.27768803587,-5148.862206592487,3716.2869475594575,52.68190616456965,3.7153472456963708,12193.0,0.82,519.1799,3000.0,293.7536,1.8312082522450739,EIN611_1579,pop,116468.5725389492,0.0017880620587906201,True
76585.21201893229,364.2567,18975.27086768307,-2852.055546139502,4042.8323516080204,52.702770423668525,3.638060142196022,13264.0,0.82,517.0885,3000.0,293.7554,1.8216059959359039,EIN611_1579,pop,114103.46831149043,0.0016476115151672966,True
76546.22955009984,385.6835,13777.514526633411,-564.4018036283755,4369.377755515078,52.72350154650031,3.5610143615677528,14335.0,0.82,514.9887,3000.0,293.7584,1.8113393788452952,EIN611_1579,pop,111850.3335951397,0.001529326485325676,True
76507.46376404625,407.1104,8601.140074962655,1714.1626136123455,4695.923159262021,52.74410062990912,3.4842127919327677,15407.0,0.82,512.8803,3000.0,293.762,1.8004799124317532,EIN611_1579,pop,109706.23028322891,0.001425641234614144,True
76468.92520201129,428.5373,3446.257818610956,3983.650413603279,5022.468562828807,52.76456831066191,3.407657982981546,16478.0,0.82,510.7631,3000.0,293.7654,1.7891361134747956,EIN611_1579,pop,107673.06692778677,0.0013347212425976315,True
76430.62229248589,449.9641,-1687.0508331481517,6244.005687817059,5349.013966194058,52.78490457145337,3.331352051488162,17549.0,0.82,508.6372,3000.0,293.7672,1.777398700922989,EIN611_1579,pop,105748.15930146206,0.0012557968357770738,True
76392.56119067513,471.391,-6798.758578571049,8495.046642839918,5675.559369335042,52.80510832185265,3.255296408908711,18621.0,0.82,506.5023,3000.0,293.7684,1.7653625684877545,EIN611_1579,pop,103929.24889423966,0.0011848998799182432,True
76354.74566279403,492.8179,-11888.799962412608,10736.675066947626,6002.10477222764,52.82517925303918,3.1794929773439784,19692.0,0.82,504.3584,3000.0,293.7708,1.7531562773226583,EIN611_1579,pop,102218.2313446819,0.0011206625481374158,True
76317.17701136385,514.2447,-16957.037701786758,12968.952686127166,6328.6501748313085,52.84511846829433,3.103944731636405,20763.0,0.82,502.2053,3000.0,293.7798,1.7408806647041914,EIN611_1579,pop,100613.13030818956,0.00025216246672357423,True
76279.85403678635,535.6716,-22003.125129891454,15192.413217654044,6655.195577076193,52.86493132299866,3.0286577336241507,21835.0,0.82,500.043,3000.0,293.7919,1.7286364028587908,EIN611_1579,pop,99112.5413088249,0.0,True
76242.77302999304,557.0985,-27026.844455005456,17407.294070546606,6981.740978978316,52.884620512576184,2.953636122213252,22906.0,0.82,497.8712,3000.0,293.8032,1.7165534459151468,EIN611_1579,pop,97718.38779285431,0.0,True
76205.92779085772,578.5253,-32028.138594350243,19613.46451273379,7308.286380511959,52.90418541922478,2.878881663712737,23977.0,0.82,495.69,2939.0,293.8142,1.6965782046032418,EIN611_1579,pop,95527.28984484797,0.0,True
76169.47954586438,599.9522,-37007.50755605888,21811.106992946916,7628.194652366118,52.92362820433391,2.804387784049703,25027.0,0.82,493.5437,2725.0,293.8239,1.6531036916035964,EIN611_1579,pop,91183.52056658697,0.0,True
76133.91404880467,621.3791,-41966.77864181156,24000.879575017378,7924.780113286517,52.94295518292827,2.7301280111482074,26000.0,0.82,491.5456,2510.0,293.8329,1.605198164865496,EIN611_1579,pop,86974.66981442075,0.0,True
76099.31590497938,642.8059,-46907.40587147469,26183.341230965223,8198.04276028624,52.96217174284851,2.6560813680614626,26896.0,0.82,489.6973,2296.0,293.8405,1.553489909116403,EIN611_1579,pop,82912.86160628652,0.0,True
76065.76459119836,664.2328,-51830.88106223306,28359.007652503435,8447.982592424538,52.98128282454438,2.582226244752537,27716.0,0.819856,487.9153,2082.0,293.8475,1.4980892310428433,EIN611_1579,pop,78954.34649943339,0.0,True
76033.33781270724,685.6596,-56737.81920551568,30528.091277057018,8674.599609286464,53.000290678813904,2.5085541136141605,28460.0,0.816331,484.2808,1868.0,293.8531,1.4383325381098635,EIN611_1579,pop,74815.05017916783,0.0,True
76002.1958136495,707.0865,-61609.54299068417,32682.169556066197,8877.893810684942,53.019122107716484,2.4353464691688007,29127.0,0.813008,480.9324,1653.0,293.8586,1.3752648232563587,EIN611_1579,pop,70779.14789776778,0.0,True
75972.40516037012,728.5134,-66448.8556790313,34822.47759426556,9057.865196583982,53.03778877328345,2.362562544690426,29717.0,0.809782,477.8065,1439.0,293.8626,1.309637845126789,EIN611_1579,pop,66850.06569818806,0.0,True
75944.02880703045,749.9402,-71257.97783956985,36949.83430414525,9214.513767075989,53.056298566472044,2.290170227939162,30231.0,0.806614,474.8795,1225.0,293.8664,1.2414789112196294,EIN611_1579,pop,62994.55659824649,0.0,True
75917.12436561396,771.3671,-76038.83588934013,39065.06903296777,9347.839522408638,53.074659430092126,2.2181416931847036,30669.0,0.803424,472.1028,1011.0,293.8689,1.1710449225146937,EIN611_1579,pop,59195.350368631305,0.0,True
75891.74500421203,792.794,-80792.90774310965,41168.695040259925,9457.842463091774,53.09287646027227,2.146455804811128,31030.0,0.800225,469.4828,796.0,293.871,1.09832409773612,EIN611_1579,pop,55428.37556598846,0.0,True
75867.93678676368,814.2208,-85521.6919802079,43261.34276431258,9544.522590247449,53.110955748010966,2.075091012380024,31314.0,0.796941,466.9747,582.0,293.8719,1.0241941570334254,EIN611_1579,pop,51712.73293920017,0.0,True
75845.74047643623,835.6477,-90226.26904823723,45343.36124555828,9607.879907384098,53.1289008691822,2.004032030513048,31522.0,0.793657,464.6267,368.0,293.8727,0.9486870733695354,EIN611_1579,pop,48031.524488341594,0.0,True
72079.56151045386,0.0,91622.4771572032,-41193.018572953595,30.48000030443698,52.33140182586771,4.740029810410439,100.0,0.3,198.3755,2877.0,182.9988,1.8789789883060575,EIN60R_1659,fuel,138649.1180688472,0.061972283825257254,False
72036.02386997586,23.1671,91500.27773588989,-43525.64270743662,369.0782232753556,52.31044890950081,4.737592369299248,1211.0,0.347603,228.9732,3000.0,182.9988,1.8642800563659847,EIN60R_1659,fuel,127801.04685343729,0.052613508962300146,False
71992.82687382783,46.3341,91358.98179719585,-46222.79391453628,722.1441926424108,52.28622154118512,4.734777048066607,2369.0,0.403228,264.5453,3000.0,217.7494,1.834749580214861,EIN60R_1659,fuel,116843.0397018806,0.040506605629847224,False
71950.32571333251,69.5012,89444.6782884858,-48695.202941888085,1075.210162010016,52.26430815801278,4.705977789475714,3528.0,0.466969,305.1212,3000.0,252.5,1.8052411164992663,EIN60R_1659,fuel,109960.70863933886,0.03214121593395215,False
71908.53674350576,92.6682,85999.85471409104,-49781.35035252175,1428.2761313778888,52.25509542725399,4.655087773516026,4686.0,0.534996,348.1414,3000.0,287.2506,1.7895735015075447,EIN60R_1659,fuel,107041.30520174452,0.026741685119025374,False
71867.14676088415,115.8353,82059.75733781111,-48557.87085223144,1781.3421007459506,52.266702837488225,4.597511198824225,5844.0,0.603565,391.1419,3000.0,298.0813,1.7904128234988772,EIN60R_1659,fuel,107188.61502147462,0.022794141048965183,False
71825.7682793984,139.0023,77967.1550632789,-46374.33659498581,2134.4080701141374,52.28693666740652,4.537886900901085,7003.0,0.669766,432.2393,3000.0,298.0959,1.801844468807848,EIN60R_1659,fuel,109294.97189990016,0.01819405313505591,False
71784.14378776074,162.1694,73442.88840022124,-43959.01689957778,2487.474039482406,52.30928295231972,4.471910721505785,8161.0,0.73174,470.2547,3000.0,298.1151,1.8167664571499675,EIN60R_1659,fuel,112384.5050444543,0.01317390281085773,False
71742.18049217279,185.3365,68519.88449161527,-41328.71451836283,2840.54000885073,52.33357586705534,4.40004463333982,9319.0,0.788561,504.6288,3000.0,298.1242,1.8306287518105835,EIN60R_1659,fuel,115739.80333984597,0.009501934760450796,False
71699.89350399982,208.5035,63236.190017185385,-38504.61956574209,3193.605978219094,52.35960976069713,4.322825565084886,10478.0,0.82,522.5099,3000.0,298.1037,1.8334363526054445,EIN60R_1659,fuel,116962.45820579282,0.006820932937008943,False
71657.49994183183,231.6706,57763.690905882504,-35582.12741534978,3546.6719475874615,52.38649815568927,4.242750849628049,11636.0,0.82,520.2629,3000.0,298.0808,1.822337835860223,EIN60R_1659,fuel,114165.08064111076,0.0053204769499661615,False
71615.36682908567,254.8376,52313.74541763633,-32674.470404738597,3899.73791695581,52.413196782889244,4.162908780644915,12794.0,0.82,518.006,3000.0,298.071,1.8102244333720863,EIN60R_1659,fuel,111498.93684421928,0.004364558859980151,False
71573.51563256462,278.0047,46887.12570116371,-29780.452118170797,4252.803886324139,52.43971688461387,4.083312238292318,13953.0,0.82,515.7393,3000.0,298.0677,1.7971805946606285,EIN60R_1659,fuel,108960.22866748343,0.003655407500741131,False
71531.96534968421,301.1718,41484.26849217648,-26899.50683979395,4605.869855692445,52.466064088339905,4.003969019469469,15111.0,0.82,513.4626,3000.0,298.0649,1.7833388866903361,EIN60R_1659,fuel,106550.44096841669,0.0031336589814436222,False
71490.73210267059,324.3388,36105.30522400395,-24031.644524555628,4958.935825060722,52.492238882339144,3.924882324045337,16269.0,0.82,511.1757,3000.0,298.0566,1.768818356235182,EIN60R_1659,fuel,104265.93360201913,0.002742224193669234,False
71449.8288213003,347.5059,30750.07210903526,-21177.432405283475,5312.001794428972,52.5182367650538,3.8460509380707477,17428.0,0.82,508.8786,3000.0,298.042,1.7537472354271002,EIN60R_1659,fuel,102103.64107166394,0.0024275182691253588,False
71409.26501148564,370.6729,25418.37512209744,-18337.498555387137,5665.067763797188,52.5440526824551,3.76747322206198,18586.0,0.82,506.571,3000.0,298.0292,1.738295060255044,EIN60R_1659,fuel,100065.0088199192,0.0021734187833674203,False
71369.04660330116,393.84,20110.41402520621,-15511.735900702784,6018.133733165367,52.56968816933894,3.689153437048563,19745.0,0.82,504.2529,3000.0,298.0253,1.722590117770852,EIN60R_1659,fuel,98146.01071741678,0.001969635313658618,False
71329.17586954182,417.007,14826.746001877153,-12699.36920695207,6371.199702533499,52.59515076739714,3.6111011612597923,20903.0,0.82,501.9241,3000.0,298.0236,1.7068084672575234,EIN60R_1659,fuel,96348.16747347794,0.0001746280531477178,False
71289.65140444497,440.1741,9567.59425179808,-9900.254034745203,6724.265671901588,52.620442373287894,3.5333209716192844,22061.0,0.82,499.5844,3000.0,298.0186,1.6910892957997172,EIN60R_1659,fuel,94669.29919659036,0.0,False
71250.46815162121,463.3412,4332.919817087134,-7114.742379557716,7077.331641269633,52.64556043128937,3.4558135444164106,23220.0,0.82,497.2337,3000.0,298.0047,1.6755683570002007,EIN60R_1659,fuel,93107.85244342426,0.0,False
71211.61747031737,486.5082,-877.5938374891219,-4343.712267793617,7430.397610637621,52.67049762607817,3.3785757934039955,24378.0,0.82,494.8719,3000.0,297.9838,1.6604122516826574,EIN60R_1659,fuel,91665.59829354688,0.0,False
71173.0872297058,509.6753,-6064.157848491307,-1587.8488715495891,7783.463580005548,52.69524828045706,3.301605056651552,25536.0,0.82,492.4987,3000.0,297.965,1.645745373731832,EIN60R_1659,fuel,90341.45497651538,0.0,False
71134.86192179711,532.8423,-11226.540325645463,1152.991402362888,8136.529549373415,52.719814433943576,3.2249066769884522,26695.0,0.82,490.114,2780.0,297.9697,1.5960443618498434,EIN60R_1659,fuel,86062.36201103916,0.0,False
71097.7273897541,556.0094,-16365.741917428219,3882.070802105096,8463.709603653599,52.74422596665437,3.148466890624955,27768.0,0.82,487.8938,2548.0,297.9816,1.5403673288642326,EIN60R_1659,fuel,81782.02008211083,0.0,False
71061.81241270216,579.1765,-21483.197402998463,6600.957704076659,8763.62465339169,52.768497492386125,3.0722653913297804,28752.0,0.81758,484.4157,2317.0,297.966,1.480581267618054,EIN60R_1659,fuel,77482.48090647046,0.0,False
71027.25682639415,602.3435,-26566.889890792387,9300.135672559301,9036.274698587176,52.79254454798401,2.99648268841385,29647.0,0.814294,480.6158,2085.0,297.9333,1.417054155345873,EIN60R_1659,fuel,73245.01199252049,0.0,False
70994.16171579252,625.5106,-31614.13409471522,11976.276105786032,9281.659739239889,52.816338224478685,2.921160817584846,30452.0,0.811141,477.0877,1853.0,297.9032,1.3505848123868904,EIN60R_1659,fuel,69135.91987129863,0.0,False
70962.59705999166,648.6776,-36627.55502924159,14631.106618616455,9499.779775349769,52.839894820170606,2.8462624668797973,31167.0,0.808054,473.7909,1622.0,297.8898,1.2817474519757566,EIN60R_1659,fuel,65143.428656716715,0.0,False
70932.62724536641,671.8447,-41608.70229678549,17267.348516285205,9690.634806916787,52.86323955108953,2.7717660124052785,31793.0,0.804973,470.6896,1390.0,297.8971,1.2103146047516786,EIN60R_1659,fuel,61216.690005202094,0.0,False
70904.3111896062,695.0117,-46558.575190632364,19887.845893461115,9854.224833940934,52.886398724073004,2.697657785948606,32330.0,0.801858,467.7599,1158.0,297.9068,1.1368137553359206,EIN60R_1659,fuel,57352.98919070061,0.0,False
70877.7019280986,718.1788,-51478.765258666725,22493.70122819095,9990.549856422233,52.90938288694772,2.6239153492431453,32777.0,0.798663,464.9739,927.0,297.8959,1.0618278257591731,EIN60R_1659,fuel,53552.73612859421,0.0,False
70852.8465723384,741.3459,-56371.613908541505,25083.88294963365,10099.609874360729,52.932183256997284,2.550505324291554,33135.0,0.795326,462.2954,695.0,297.881,0.9850127467771771,EIN60R_1659,fuel,49773.38880533761,0.0,False
70829.78623607701,764.5129,-61238.31246570472,27658.60269455684,10181.404887756511,52.954802275245854,2.4774112480578316,33404.0,0.791799,459.6952,463.0,297.8717,0.9069211600473053,EIN60R_1659,fuel,46019.77770344328,0.0,False
70808.55519863377,787.68,-66079.31048533275,30218.716362382915,10235.934896609751,52.97724822270531,2.4046275471062875,33582.0,0.787992,457.1196,232.0,297.8671,0.8281431324163773,EIN60R_1659,fuel,42297.71387367845,0.0,False
70789.18119269377,810.847,-70894.52841910272,32764.704704689284,10263.199900920927,52.999526059148124,2.3321565642231645,33672.0,0.783792,454.5013,-0.0,297.8713,0.7482307826412278,EIN60R_1659,fuel,38567.44052810638,0.0,False
70771.68520115159,834.0141,-75682.99726505198,35296.99931539179,10263.199900691414,53.021640429625016,2.2600139172341915,33672.0,0.783783,454.4957,-0.0,297.8781,0.7480741562471207,EIN60R_1659,fuel,38559.76742409367,0.0,False
70754.19311505817,857.1812,-80471.10696585517,37829.83009861125,10263.199900461159,53.04371596491862,2.18780256825429,33672.0,0.783766,454.4862,-0.0,297.8737,0.7479136336230892,EIN60R_1659,fuel,38551.79227987135,0.0,False
70736.7050871755,880.3482,-85259.30955296224,40362.24372908815,10263.199900230864,53.06574395063148,2.1155160017936216,33672.0,0.783756,454.4804,-0.0,297.8614,0.747756927173139,EIN60R_1659,fuel,38544.111015487404,0.0,False
70719.22096865649,903.5153,-90047.99545951409,42893.59551264384,10263.199900000534,53.08771844207952,2.043148583306114,33672.0,0.783746,454.4746,-0.0,297.8491,0.747600282527586,EIN60R_1659,fuel,38536.43345280595,0.0,False
72079.56151046518,0.0,91622.47715843622,-41193.01877289225,30.480000303383537,52.33140182406978,4.740029810373671,100.0,0.3,198.3755,1178.0,182.9988,1.5349836487449433,EIN60R_1659,pop,80211.13593652021,0.06197228353544871,False
72045.3849604651,22.2481,91503.98887841374,-43454.80216494566,163.59625744630944,52.31108523913111,4.737666357473754,537.0,0.399288,263.6328,1400.0,182.9988,1.473422826852513,EIN60R_1659,pop,75882.32185940149,0.05683708472642253,False
72012.62800912649,44.4962,91346.49179139966,-46461.21170720222,321.8573765685421,52.28407993146731,4.734528340644142,1056.0,0.501835,330.7462,1623.0,216.371,1.5543654600015577,EIN60R_1659,pop,81664.65357657961,0.04850773312607404,False
71978.13391384804,66.7443,89106.60971435011,-49502.53925465502,505.2633576704228,52.25710430616433,4.70079615234951,1658.0,0.598299,393.5003,1845.0,249.7431,1.678673438799554,EIN60R_1659,pop,92553.36591671628,0.040370734000636864,False
71940.90666466736,88.9924,84890.9610827847,-51058.349814005014,713.8142007520233,52.243786622998066,4.638475801620321,2342.0,0.683814,448.6719,2068.0,283.1153,1.778559859240401,EIN60R_1659,pop,105188.750513669,0.032165731307730115,False
71901.45644919253,111.2404,79901.56526422051,-49895.88003280222,947.5099058133312,52.254991836459446,4.565481569096322,3109.0,0.75659,495.091,2290.0,300.8963,1.8366536766484125,EIN60R_1659,pop,117379.86877120091,0.025310549904645388,False
71860.68735401885,133.4885,75051.47305302591,-46993.58734992803,1206.3504728542653,52.28177719680906,4.494887470215873,3958.0,0.816797,532.8921,2513.0,299.4065,1.8645787595122345,EIN60R_1659,pop,128254.30057576908,0.018571638582509285,False
71819.25564556074,155.7366,69752.6533362578,-44007.06962237841,1490.3359018746446,52.30933534864056,4.417626014394107,4890.0,0.82,533.2174,2735.0,298.966,1.8655458106563416,EIN60R_1659,pop,128883.79606434374,0.011051815180399759,False
71777.79939344795,177.9847,64429.68812500757,-41060.62990968575,1799.4661928740375,52.33648547464224,4.339905280977271,5904.0,0.82,531.2901,2958.0,299.1487,1.865247740382949,EIN60R_1659,pop,128732.71792506467,0.007852646796237513,False
71736.35274392049,200.2328,59137.419791343134,-38109.090966554555,2133.741345851126,52.363627042933814,4.262542083517846,7000.0,0.82,529.1982,3000.0,298.964,1.8599496268766138,EIN60R_1659,pop,126113.89017135871,0.00598191243879697,False
71695.02989744753,222.4809,53857.06735793668,-35186.47812933172,2472.8022380832854,52.39045671509363,4.185254745869663,8113.0,0.82,527.0678,3000.0,298.8778,1.8525160798053604,EIN60R_1659,pop,123029.68588343677,0.004739463400306162,False
71653.87875762663,244.729,48593.753539346304,-32283.627737302082,2811.8631303154007,52.41705666171314,4.108121793931456,9225.0,0.82,524.9287,3000.0,298.8406,1.844024856887016,EIN60R_1659,pop,120075.58567964955,0.003960605850428299,False
71612.9221133636,266.9771,43350.078465358354,-29396.049228376898,3150.9240225474528,52.44346743325676,4.0311835386369985,10338.0,0.82,522.7809,3000.0,298.7715,1.8344770631418086,EIN60R_1659,pop,117245.06620558747,0.003391810927908188,False
71572.18213411362,289.2252,38124.55035580762,-26526.673142795655,3489.9849147794266,52.46966323275828,3.954418841140224,11450.0,0.82,520.6243,3000.0,298.6966,1.8239254688494004,EIN60R_1659,pop,114540.04053620863,0.0029349148804542393,False
71531.67984828618,311.4733,32917.00883123134,-23676.0241509642,3829.045807011306,52.4956397610236,3.877826595520109,12562.0,0.82,518.4587,3000.0,298.6476,1.8124237129381584,EIN60R_1659,pop,111956.34921962065,0.0025860661111376452,False
71491.43466902258,333.7213,27728.86255683534,-20841.760235031314,4168.106699243077,52.521418413548595,3.8014291516295624,13675.0,0.82,516.284,3000.0,298.608,1.8000423554603775,EIN60R_1659,pop,109490.34221078637,0.002315938065121179,False
71451.46397982747,355.9694,22560.692118022085,-18023.045390403073,4507.167591474717,52.54700713167323,3.7252364108281153,14787.0,0.82,514.1001,3000.0,298.5707,1.7868977315992367,EIN60R_1659,pop,107143.76102009078,0.002087755478603125,False
71411.78278728973,378.2175,17412.720176313785,-15219.699292586178,4846.228483706215,52.572407994460576,3.6492529084715932,15900.0,0.82,511.9068,3000.0,298.5404,1.773080548220122,EIN60R_1659,pop,104911.56119809317,0.0018978410546546685,False
71372.40344349394,400.4656,12285.404260991827,-12431.11158447887,5185.289375937546,52.597626952103404,3.573486666298822,17012.0,0.82,509.7042,3000.0,298.5137,1.7587337370193001,EIN60R_1659,pop,102795.45100564923,0.0017433304623004839,False
71333.33543690741,422.7137,7179.0270398812345,-9656.994234653961,5524.350268168693,52.62266707687037,3.497943081915052,18125.0,0.82,507.492,3000.0,298.4852,1.743963671846305,EIN60R_1659,pop,100791.01278120143,0.0016074727016143766,False
71294.58524759271,444.9618,2093.6131045952334,-6897.536671016533,5863.411160399638,52.64752716335222,3.4226237094495215,19237.0,0.82,505.2701,3000.0,298.4565,1.728926574511016,EIN60R_1659,pop,98899.88929531223,0.0014894012289181063,False
71256.15626052018,467.2099,-2970.736328263431,-4152.790534108255,6202.472052630353,52.67220713130412,3.3475315809159474,20349.0,0.82,503.0384,3000.0,298.4387,1.713746092149425,EIN60R_1659,pop,97119.5933667252,0.0009050413639451432,False
71218.04872945267,489.458,-8013.3892970090965,-1421.830406362373,6541.532944860723,52.696715873823734,3.2726764572433966,21462.0,0.82,500.7967,3000.0,298.4316,1.6985448073316394,EIN60R_1659,pop,95448.15440357037,0.0,False
71180.25978322283,511.7061,-13033.732436996768,1296.2337286757809,6880.593837090748,52.72106197175874,3.198069103713837,22574.0,0.82,498.545,3000.0,298.4246,1.68347954004929,EIN60R_1659,pop,93887.2911938338,0.0,False
71142.78346609576,533.9542,-18031.65072007481,4001.368934145608,7219.654729320442,52.74524565364351,3.1237123389784287,23687.0,0.82,496.283,3000.0,298.4182,1.6686552888960828,EIN60R_1659,pop,92434.41646782597,0.0,False
71105.61080417497,556.2022,-23007.007186804425,6693.579455148786,7558.715621549772,52.76926749733461,3.049609333223789,24799.0,0.82,494.0107,3000.0,298.4122,1.6542202442672742,EIN60R_1659,pop,91091.37947336721,0.0,False
71068.72989035754,578.4503,-27959.676858329945,9372.843992373208,7897.7765137787055,52.79312785535253,2.975763086032626,25911.0,0.82,491.7279,2945.0,298.4054,1.6318705023235056,EIN60R_1659,pop,89092.4883510113,0.0,False
71032.30918849973,600.6984,-32890.128885907136,12039.328015660654,8230.60133073539,52.816828727633926,2.9021677397049475,27003.0,0.82,489.4767,2722.0,298.3983,1.5811659584159128,EIN60R_1659,pop,84868.83213663209,0.0,False
70996.95625641537,622.9465,-37800.27804288697,14694.04368321945,8538.281285718209,52.84037960887912,2.828795786492614,28013.0,0.82,487.3863,2500.0,298.3906,1.5269308734372973,EIN60R_1659,pop,80809.69847867012,0.0,False
70962.74712815594,645.1946,-42691.691083737336,17337.78366591127,8820.816378724261,52.86378797681269,2.7556248054644064,28940.0,0.818772,484.7319,2277.0,298.3821,1.4688837576754974,EIN60R_1659,pop,76775.13949505825,0.0,False
70929.78120058653,667.4427,-47558.650150813,19967.374092441994,9078.20660975261,52.88702622699142,2.682741426089849,29784.0,0.815653,481.1321,2055.0,298.3744,1.4076043728296044,EIN60R_1659,pop,72734.74009910347,0.0,False
70898.1729618827,689.6908,-52391.52238523765,22577.71082376453,9310.451978802854,52.91004998848566,2.6102913371570935,30546.0,0.812503,477.6925,1832.0,298.367,1.3434089743451385,EIN60R_1659,pop,68786.7735112296,0.0,False
70867.98686236836,711.9389,-57191.81930763143,25169.650327669864,9517.552485874803,52.93286765146697,2.538253505149728,31226.0,0.809767,474.6742,1610.0,298.3597,1.2771755713011677,EIN60R_1659,pop,64968.969823128136,0.0,False
70839.2705384774,734.187,-61963.68583517524,27745.45222507104,9699.508130968408,52.95549986148922,2.4665672101303038,31823.0,0.806606,471.5841,1387.0,298.3533,1.2084613168585088,EIN60R_1659,pop,61185.12974355189,0.0,False
70812.08582305688,756.4351,-66706.26519226468,30304.759287486468,9856.31891408372,52.97794420402662,2.395246700931155,32337.0,0.803764,468.8574,1165.0,298.3485,1.1382634085655494,EIN60R_1659,pop,57495.25584567001,0.0,False
70786.4709430717,778.6831,-71423.04388988232,32849.637442538275,9987.984835220901,53.00021950295551,2.3242408309051683,32769.0,0.800782,466.225,942.0,298.3425,1.066132104933812,EIN60R_1659,pop,53832.259127822625,0.0,False
70762.46906085209,800.9312,-76114.93006855054,35380.44366393289,10094.505894380272,53.022329455684506,2.2535371686472563,33118.0,0.797534,463.6134,720.0,298.3375,0.9928604865776408,EIN60R_1659,pop,50211.03667314035,0.0,False
70740.11998022988,823.1793,-80781.98103285265,37897.33370905264,10175.88209156244,53.04427604539643,2.1831360049751676,33385.0,0.794458,461.276,498.0,298.3352,0.9185723582018341,EIN60R_1659,pop,46632.33196034941,0.0,False
70719.44639166456,845.4274,-85426.73482656799,40401.96083109103,10232.113426768783,53.06607432009498,2.113000093284556,33570.0,0.790891,458.8269,275.0,298.3321,0.8429185803646166,EIN60R_1659,pop,43042.77291219791,0.0,False
70700.47930208058,867.6755,-90047.99545955185,42893.59551271353,10263.19990000311,53.087718442080146,2.043148583305528,33672.0,0.787324,456.5495,53.0,298.329,0.7670483797544783,EIN60R_1659,pop,39493.440514639515,0.0,False
74450.42002971057,0.0,92239.6138109568,30975.81016210094,30.480000304455228,52.33140182406909,4.740029810360277,100.0,0.3,198.3755,2349.0,182.9988,1.8584757183606389,VLG8379_316,fuel,125022.02614829183,0.061972283539252666,True
74410.05764675203,21.7112,92124.65399814225,28781.380507799582,289.52062659786844,52.31169029918785,4.73773444276504,950.0,0.355216,234.1991,2566.0,182.9988,1.8351766116620254,VLG8379_316,fuel,116962.13363099778,0.05471927141964841,True
74370.20680586415,43.4223,91988.82201042026,26188.52884457647,572.5070877005243,52.28839987420212,4.735025094425738,1878.0,0.415835,273.2842,2783.0,215.5656,1.819590112904237,VLG8379_316,fuel,113023.0102986757,0.04363979407081417,True
74330.71083980994,65.1335,90225.50533294352,23722.425167629317,879.4393836125241,52.26651881155447,4.708441622557708,2885.0,0.478189,313.1591,3000.0,248.1323,1.8177330388899915,VLG8379_316,fuel,112600.88478152323,0.03481684311525838,True
74291.27583283602,86.8447,87000.09111832031,22427.93079325226,1210.317514333126,52.25539975173407,4.660716139699577,3971.0,0.539119,351.7143,3000.0,254.0546,1.8066873842869768,VLG8379_316,fuel,110250.37906559977,0.02869424358580207,True
74252.10593736656,108.5558,83243.48719279951,21354.618179725792,1541.19564505514,52.24633096335323,4.605268557131022,5056.0,0.600093,389.9878,3000.0,254.0576,1.8070554447401217,VLG8379_316,fuel,110324.71176548155,0.023585100114218945,True
74212.94958166074,130.267,79075.34011955866,20163.95327985966,1872.073775777266,52.236240357546265,4.543773204466316,6142.0,0.659038,426.6361,3000.0,254.0627,1.8149686760731125,VLG8379_316,fuel,111987.88113662502,0.0212317023570014,True
74173.63505578392,151.9781,74513.29347061279,18861.204486294093,2202.9519064994665,52.22516347688747,4.476498593174583,7228.0,0.714598,460.797,3000.0,254.0688,1.8258098842165726,VLG8379_316,fuel,114503.34623209415,0.020404463301526937,True
74134.09089948896,173.6893,69584.19188651718,17454.209630664394,2533.830037221719,52.21315753109619,4.403849079381633,8313.0,0.76605,492.0316,3000.0,254.0746,1.8364071179421186,VLG8379_316,fuel,117309.50068118025,0.01814124100584703,True
74094.31679238583,195.4005,64319.56831461118,15952.02261869125,2864.7081679440093,52.20029032746036,4.326297899215024,9399.0,0.813167,520.2235,3000.0,254.0786,1.8452623618366633,VLG8379_316,fuel,120295.89799776676,0.014627497999050436,True
74054.32723145289,217.1116,58752.212110046596,14363.874141394841,3195.586298666326,52.186631706113474,4.244336295117741,10484.0,0.82,522.4974,3000.0,254.0818,1.8391092754049272,VLG8379_316,fuel,118607.39098203406,0.011840107895066778,True
74014.45856913876,238.8228,53160.44498747395,12769.093703122728,3526.464429388633,52.17285903971997,4.162066150520272,11570.0,0.82,520.3917,3000.0,254.0837,1.8296285178098972,VLG8379_316,fuel,116001.96724699633,0.00944365149921017,True
73974.79734409427,260.534,47591.3228021241,11180.975765215875,3857.3425601109248,52.159087131885904,4.080179928712144,12655.0,0.82,518.2775,3000.0,254.0849,1.8193113753853716,VLG8379_316,fuel,113514.82398857042,0.007274973168612846,True
73935.36029951191,282.2451,42044.958497203515,9599.476527660638,4188.220690833198,52.145316335130886,3.998678802983583,13741.0,0.82,516.1547,3000.0,254.0867,1.808210837204249,VLG8379_316,fuel,111140.5833338421,0.005793033003951541,True
73896.16246104227,303.9563,36521.43253540649,8024.670452813567,4519.098821555453,52.13154806797451,3.9175634825369947,14826.0,0.82,514.023,3000.0,254.0863,1.7964284219264357,VLG8379_316,fuel,108881.09950686141,0.004825606062067009,True
73857.21683345566,325.6674,31020.898165294082,6456.381164250222,4849.976952277689,52.11778148806514,3.8368357114243885,15912.0,0.82,511.8825,3000.0,254.0829,1.7840421332597907,VLG8379_316,fuel,106731.64331348799,0.004083456410395755,True
73818.53415313453,347.3786,25543.53425515113,4894.347005116744,5180.855082999898,52.10401498673719,3.7564976093300126,16998.0,0.82,509.7331,3000.0,254.0782,1.77116731961463,VLG8379_316,fuel,104692.58991395563,0.0035244568349165786,True
73780.12269617911,369.0898,20089.47481395263,3338.468396709111,5511.73321372208,52.09024841730574,3.6765506608103964,18083.0,0.82,507.5745,3000.0,254.0733,1.7579279581443712,VLG8379_316,fuel,102764.08392033547,0.0031556696085406895,True
73741.98813950029,390.8009,14658.820438661996,1788.7677004190987,5842.611344444234,52.076482731566294,3.5969958687446146,19169.0,0.82,505.4067,3000.0,254.069,1.7444207518523438,VLG8379_316,fuel,100942.33467005959,0.0028461986002088816,True
73704.13347050836,412.5121,9251.654253722023,245.33333277925976,6173.489475166357,52.062719475268636,3.5178339764416644,20254.0,0.82,503.2295,3000.0,254.0624,1.7307875823098346,VLG8379_316,fuel,99229.10704165751,0.0019337217192393098,True
73666.55893983571,434.2233,3868.1394024211627,-1292.0216359143114,6504.36760588844,52.048957716680526,3.439066880109283,21340.0,0.82,501.0429,3000.0,254.05,1.7171271428028692,VLG8379_316,fuel,97621.30329268065,0.0,True
73629.26205087565,455.9344,-1491.4691087394544,-2823.800264127223,6835.245736610485,52.0351936555173,3.360697998859645,22425.0,0.82,498.8467,3000.0,254.0411,1.7035810789282058,VLG8379_316,fuel,96120.73316324365,0.0,True
73592.23757968794,477.6456,-6827.1598104572295,-4349.647782732294,7166.123867332497,52.021431157094035,3.2827267774069093,23511.0,0.82,496.6408,3000.0,254.0392,1.6902441221303572,VLG8379_316,fuel,94725.04297577319,0.0,True
73555.47761892444,499.3568,-12139.0167081347,-5868.870946349676,7497.001998054462,52.007677315084955,3.20515159733583,24596.0,0.82,494.425,3000.0,254.0425,1.6772515225704425,VLG8379_316,fuel,93436.16058995383,0.0,True
73518.97163977913,521.0679,-17427.07285767484,-7380.94956313551,7827.880128776378,51.9939375447073,3.1279714321482484,25682.0,0.82,492.1993,2850.0,254.0347,1.6420624149772618,VLG8379_316,fuel,90096.67712371662,0.0,True
73483.18392161804,542.7791,-22692.45443565169,-8887.323274519724,8142.239467285434,51.98019958958044,3.05116939937313,26713.0,0.82,490.0754,2633.0,253.9947,1.5932699287962646,VLG8379_316,fuel,85929.62467391712,0.0,True
73448.39833337428,564.4902,-27936.035745979723,-10391.419584359064,8432.652970985231,51.96643328266341,2.9747325643382525,27666.0,0.82,488.105,2416.0,253.9823,1.5406952630785506,VLG8379_316,fuel,81901.1434654388,0.0,True
73414.69100711915,586.2014,-33160.11467034183,-11891.150259681533,8699.12063987535,51.95265793867964,2.898626907818205,28540.0,0.816628,484.2905,2199.0,253.983,1.4838690179372,VLG8379_316,fuel,77735.58960091328,0.0,True
73382.21203038248,607.9126,-38345.175509698005,-13379.60442819699,8941.642473955637,51.93893766185922,2.8231359779402814,29336.0,0.813358,480.7065,1982.0,253.9777,1.4238984569027493,VLG8379_316,fuel,73698.13791358945,0.0,True
73351.03156116426,629.6237,-43493.450702675545,-14858.019640461374,9160.218473226047,51.92526229138103,2.7482264428662826,30053.0,0.810231,477.3778,1765.0,253.9603,1.361094396124113,VLG8379_316,fuel,69771.00486446105,0.0,True
73321.21275261218,651.3349,-48607.28780343736,-16328.225129739043,9354.848637686557,51.911616243478136,2.6738634931731586,30692.0,0.807184,474.2644,1548.0,253.9373,1.295704228350774,VLG8379_316,fuel,65931.25730375806,0.0,True
73292.8144680062,673.0461,-53688.769575808554,-17791.33250863795,9525.532967337142,51.897990319074964,2.600016217833787,31252.0,0.804151,471.3283,1330.0,253.9235,1.227706082182627,VLG8379_316,fuel,62145.6164252079,0.0,True
73265.89128306204,694.7572,-58739.94453137062,-19247.030760212998,9672.271462177803,51.884388032496666,2.5266540642224506,31733.0,0.8011,468.5489,1113.0,253.9157,1.1578988507167778,VLG8379_316,fuel,58429.838114471204,0.0,True
73240.49275811632,716.4684,-63762.55030846585,-20695.245162220537,9795.064122208558,51.870810727678396,2.453751070190402,32136.0,0.797962,465.886,896.0,253.908,1.0862378153894756,VLG8379_316,fuel,54755.03019665886,0.0,True
73216.66394495328,738.1795,-68757.74578317271,-22136.279005529334,9893.910947429436,51.857256352268124,2.3812898031899485,32460.0,0.79471,463.3233,679.0,253.9008,1.0129775967278634,VLG8379_316,fuel,51112.18906874362,0.0,True
73194.44413557721,759.8907,-73726.51398454439,-23570.369551154217,9968.811937840475,51.843723424035744,2.309255414507163,32706.0,0.79128,460.8215,462.0,253.8953,0.9383374770142674,VLG8379_316,fuel,47491.522012671274,0.0,True
73173.86726800544,781.6019,-78669.44758415483,-24997.51615994955,10019.76709344179,51.830212615085394,2.237638712220931,32873.0,0.787592,458.3332,245.0,253.8918,0.8625472340156621,VLG8379_316,fuel,43884.908311979954,0.0,True
73154.96172457446,803.313,-83586.63409037962,-26417.551189713642,10046.77641423356,51.81672614915405,2.1664378224757392,32962.0,0.783548,455.8004,28.0,253.8897,0.7858022752799834,VLG8379_316,fuel,40284.21387517792,0.0,True
73137.75021262554,825.0242,-88477.51563378696,-27830.18632593449,10049.839900216388,51.803267429592175,2.0956602170479224,32972.0,0.783006,455.4652,-0.0,253.8888,0.7756724108208308,VLG8379_316,fuel,39812.14478847576,0.0,True
73120.76047252752,846.7354,-93364.88932960242,-29241.88639086571,10049.83990000048,51.78977523479936,2.024975668168998,32972.0,0.782465,455.1503,-28.0,253.888,0.765636240347197,VLG8379_316,fuel,39344.54811910401,0.0,True
74450.42002980933,0.0,92239.61381142451,30975.810162423586,30.480000294554515,52.331401824071904,4.740029810367248,100.0,0.3,198.3755,878.0,182.9988,1.419752475820818,VLG8379_316,pop,72395.36043023602,0.06197228353784839,True
74420.92428939404,20.7576,92128.95388707278,28863.459648822954,123.08986183665931,52.31242757822187,4.737820258652979,404.0,0.39601,261.5884,1086.0,182.9988,1.3746631987569704,VLG8379_316,pop,69627.9119800271,0.05773699555743141,True
74392.40989569978,41.5152,91983.033328332,26078.030605682423,237.58832191804595,52.28740731649704,4.734909698039829,779.0,0.493925,325.8441,1293.0,214.1352,1.4760113344109147,VLG8379_316,pop,76056.6277706715,0.05081765224535373,True
74361.83377144796,62.2728,90033.4918643944,23202.379808083526,373.97538054061044,52.2618743746922,4.705481027159218,1227.0,0.586046,386.0185,1501.0,245.2716,1.621714522273894,VLG8379_316,pop,87161.02295912604,0.04463135537889206,True
74328.26755968423,83.0304,86295.4736999142,21480.840899825274,532.2510377048226,52.24699506328851,4.650122744874319,1746.0,0.668403,439.4723,1709.0,268.2002,1.7427148859930215,VLG8379_316,pop,99966.47610766419,0.03726068847035457,True
74292.19515378514,103.788,81613.1134751006,21333.711545687223,712.4152934107493,52.24638755610147,4.58131926238986,2337.0,0.739431,485.172,1916.0,268.7932,1.8176012621589142,VLG8379_316,pop,112571.2531966353,0.028655418621169257,True
74254.54954605363,124.5456,76443.2370651983,21224.806961432572,914.4681476581986,52.246151868280634,4.505366564770814,3000.0,0.799108,523.1128,2124.0,266.1694,1.8558049124597138,VLG8379_316,pop,123922.12624618184,0.024400873093830294,True
74216.0855940213,145.3032,70881.26616812528,20852.39991342757,1138.4096004467162,52.24354879430817,4.423600632702167,3735.0,0.82,535.4031,2331.0,261.9769,1.8648673417104158,VLG8379_316,pop,128528.20131132002,0.02109657014036874,True
74177.41034395175,166.0608,65233.15803289053,20056.290416858108,1384.2396517754776,52.23708949230613,4.3404972504927155,4541.0,0.82,533.8773,2539.0,258.8751,1.865308276818393,VLG8379_316,pop,128773.65839257097,0.014577874834221795,True
74138.72822948832,186.8184,59654.107704243834,18959.209816461098,1651.9583016430643,52.22785795030677,4.258378699815428,5420.0,0.82,532.2106,2746.0,256.9844,1.8654707194619173,VLG8379_316,pop,128871.97553244838,0.010396108367841689,True
74100.04417815532,207.576,54133.43475934112,17683.074816945806,1941.565550046607,52.216953576375396,4.177122474988858,6370.0,0.82,530.4018,2954.0,255.683,1.8654575652413743,VLG8379_316,pop,128876.53498288822,0.007730981588833162,True
74061.3621692561,228.3336,48663.77357610977,16287.148403844974,2253.0613969774195,52.204911694514735,4.096637489425653,7392.0,0.82,528.4494,3000.0,254.402,1.8609447489859123,VLG8379_316,pop,126607.29836040956,0.006444220128099018,True
74022.77765338104,249.0912,43247.25143002024,14775.034328867598,2569.407180633806,52.19176608044813,4.016960856961957,8430.0,0.82,526.4592,3000.0,253.6487,1.8543796447127594,VLG8379_316,pop,123786.51718082085,0.005532221861667991,True
73984.33347305702,269.8488,37871.541241545085,13197.843634144567,2885.752964289866,52.17797881200029,3.937922645919833,9468.0,0.82,524.4614,3000.0,253.1992,1.8469521389273067,VLG8379_316,pop,121077.23315900372,0.004696163984640606,True
73946.04678130445,290.6064,32528.864220904154,11584.715559165294,3202.0987479454907,52.16381363687867,3.8594143427239964,10506.0,0.82,522.456,3000.0,252.9107,1.838674228521064,VLG8379_316,pop,118477.68129059402,0.004023906501761659,True
73907.93426868973,311.364,27214.92079052189,9951.015892830956,3518.4445316005776,52.149409967747076,3.7813755603329113,11543.0,0.82,520.4429,3000.0,252.6721,1.8295830644292745,VLG8379_316,pop,115988.03823214651,0.0035594484896201476,True
73870.01181284661,332.1216,21928.419225475533,8301.634170713629,3834.790315255025,52.134812717268765,3.7037883864605723,12581.0,0.82,518.4219,3000.0,252.5143,1.8197091599953348,VLG8379_316,pop,113602.83363000726,0.003185565266788863,True
73832.29415599482,352.8792,16667.138979672443,6644.202858920028,4151.136098908715,52.12009144123947,3.6266211402865474,13619.0,0.82,516.393,3000.0,252.3638,1.8091198334092184,VLG8379_316,pop,111322.54615946754,0.0028717064702643257,True
73794.7946181102,373.6367,11430.950971582477,4979.548818909827,4467.481882561536,52.105254360494925,3.549872088460059,14657.0,0.82,514.3562,3000.0,252.2645,1.797887944248735,VLG8379_316,pop,109145.78994317816,0.0026312218440107337,True
73757.52485056708,394.3943,6218.450674507138,3312.4650871449658,4783.827666213365,52.090345370104146,3.4735208430877904,15695.0,0.82,512.3112,3000.0,252.162,1.7860967031143082,VLG8379_316,pop,107071.2266852712,0.0024348160134745203,True
73720.49463250725,415.1519,1029.804479163263,1642.7741580121312,5100.173449864066,52.07536360207752,3.397569707026643,16733.0,0.82,510.258,3000.0,252.1,1.773837947035784,VLG8379_316,pop,105097.69484859024,0.0022637655945690113,True
73683.71171000828,435.9095,-4136.092333043904,-25.763203326732512,5416.519233513497,52.060343512530366,3.322002376959518,17771.0,0.82,508.1966,3000.0,252.0182,1.7612098219117136,VLG8379_316,pop,103224.15137676036,0.0021248006103395463,True
73647.18167637009,456.6671,-9278.5840195818,-1694.8574949573062,5732.8650171614945,52.045270489883656,3.2468282262722346,18809.0,0.82,506.1267,3000.0,251.9663,1.7483145776222615,VLG8379_316,pop,101449.62978649576,0.0020059744540948396,True
73610.90789052073,477.4247,-14398.465165192854,-3361.741802516952,6049.210800807894,52.03017013753146,3.1720352546917576,19846.0,0.82,504.0484,3000.0,251.8958,1.7352683511858071,VLG8379_316,pop,99774.59114194839,0.0018987183745790687,True
73574.89142963302,498.1823,-19495.11845807516,-5027.995454307785,6365.556584452374,52.01502895940883,3.097632231167634,20884.0,0.82,501.9614,3000.0,251.889,1.7221545972849983,VLG8379_316,pop,98195.84340897939,0.0002091665870694531,True
73539.13107149207,518.9399,-24570.309524183605,-6687.9055374005475,6681.902368094451,51.999898952519956,3.023592670186745,21922.0,0.82,499.8657,3000.0,251.8761,1.7090895684572176,VLG8379_316,pop,96714.22251489204,0.0,True
73503.62330190698,539.6975,-29623.777003187733,-8341.967853168877,6998.248151734184,51.98477631760486,2.9499199186758647,22960.0,0.82,497.7612,3000.0,251.8783,1.696176768001484,VLG8379_316,pop,95329.42378357677,0.0,True
73468.36234245595,560.4551,-34655.86587886387,-9988.821568943304,7314.593935371323,51.96967391991011,2.8766083073098536,23998.0,0.82,495.6478,3000.0,251.8662,1.6835170204422591,VLG8379_316,pop,94041.33382347946,0.0,True
73433.34019403571,581.2127,-39666.07520685254,-11629.6866019391,7630.939719005615,51.95458146019105,2.8036647371728836,25036.0,0.82,493.5253,3000.0,251.8687,1.6712076770853002,VLG8379_316,pop,92850.03575021985,0.0,True
73398.54669200843,601.9703,-44654.73353787828,-13263.245178165667,7947.285502636802,51.93951140788716,2.7310837384033246,26074.0,0.82,491.3936,2928.0,251.8552,1.6484954031801993,VLG8379_316,pop,90721.22750492881,0.0,True
73364.18846452562,622.7279,-49621.97763711209,-14891.092936175182,8256.039635699844,51.92445003407578,2.658862990457649,27087.0,0.82,489.3042,2720.0,251.8575,1.6027133459011362,VLG8379_316,pop,86741.60330633148,0.0,True
73330.72517637315,643.4855,-54569.939671118285,-16512.404156655317,8542.905170266826,51.909405179708706,2.586970794017929,28028.0,0.82,487.3548,2513.0,251.8448,1.5536491867127515,VLG8379_316,pop,82905.31280361966,0.0,True
73298.22306278827,664.2431,-59499.553928274254,-18128.90673660186,8807.882106316662,51.89436177144331,2.515393344029147,28897.0,0.82,485.5473,2305.0,251.8433,1.5012217651642064,VLG8379_316,pop,79167.92802188256,0.0,True
73266.74367299871,685.0007,-64412.50573331128,-19740.08692464333,9050.970443842945,51.87932477121239,2.4441055907043068,29695.0,0.82,483.8831,2098.0,251.8363,1.4461008152190022,VLG8379_316,pop,75543.8780830769,0.0,True
73236.3439573514,705.7583,-69310.02366944107,-21346.87054822098,9272.170182843196,51.86428619077083,2.3730894302778496,30421.0,0.81721,480.7224,1890.0,251.8349,1.387550612947999,VLG8379_316,pop,71771.71305400928,0.0,True
73207.1493417055,726.5159,-74177.01926486206,-22943.7717265667,9471.481323316793,51.84929783089757,2.3025629742458507,31074.0,0.814259,477.6229,1683.0,251.8289,1.3268065551858648,VLG8379_316,pop,68084.15067487535,0.0,True
73179.21890519462,747.2735,-79013.91083174004,-24531.360112372484,9648.903865264694,51.834355353986666,2.2325194635950623,31657.0,0.811409,474.7387,1475.0,251.8309,1.2636106329031072,VLG8379_316,pop,64456.47340540665,0.0,True
73152.6006867569,768.0311,-83823.02770336748,-26109.642867815215,9804.437808689954,51.819459171187376,2.1629242451132766,32167.0,0.808686,472.0831,1267.0,251.8258,1.1984649905909945,VLG8379_316,pop,60892.77349822178,0.0,True
73127.33766656235,788.7887,-88606.41000313568,-27679.952553485728,9938.083153600031,51.80459773625803,2.093747261455475,32605.0,0.805818,469.4979,1060.0,251.828,1.1318051589720572,VLG8379_316,pop,57380.14228777477,0.0,True
73103.47489837439,809.5463,-93364.8893298346,-29241.886391694527,10049.839900018844,51.78977523479187,2.024975668165847,32972.0,0.802951,467.0666,852.0,251.8302,1.0632843809798653,VLG8379_316,pop,53889.30101100463,0.0,True
69310.46311519887,0.0,-36419.175981155575,91599.54351064726,30.480000304380077,52.3286000659671,4.708832762424756,100.0,0.3,198.3755,3000.0,3.1752,1.8773756395251702,ITY109_1534,fuel,136967.29938602442,0.07048771533151954,False
69265.79277621716,23.7897,-36286.45601952623,93992.02822183496,393.0356285972186,52.350124258361994,4.710526807855199,1289.0,0.352466,232.1128,3000.0,3.1752,1.850339553628444,ITY109_1534,fuel,121775.13609519223,0.06384305136231073,False
69221.76664063788,47.5795,-36130.70689795381,96799.64952889657,755.5912568899859,52.375383233540184,4.712516830889683,2479.0,0.417848,274.0322,3000.0,38.8598,1.8098603900956234,ITY109_1534,fuel,110899.67349550175,0.05429350100875227,False
69178.72716000299,71.3692,-34043.11146428589,99390.5546591253,1118.14688518266,52.39881623507097,4.743004118677726,3668.0,0.491811,321.1939,3000.0,74.5444,1.7797172160494554,ITY109_1534,fuel,105376.82462739706,0.04206401621341757,False
69136.44858630419,95.159,-30278.340851158646,100431.47691386032,1480.7025134753524,52.40839741126489,4.798395790142174,4858.0,0.568934,369.9993,3000.0,110.229,1.7740687003177642,ITY109_1534,fuel,104472.35503434035,0.03712424100214708,False
69094.34850217709,118.9487,-26052.00130518952,98874.05578429055,1843.2581417681502,52.3946079128767,4.860819672941923,6047.0,0.64452,417.3791,3000.0,145.9136,1.7875500011307535,ITY109_1534,fuel,106689.92376043514,0.045461497832489955,False
69051.95659829836,142.7384,-23202.529189021214,94663.24354323428,2205.813770061053,52.35686725027978,4.903104078860379,7237.0,0.715388,461.291,3000.0,161.9559,1.808123424845634,ITY109_1534,fuel,110541.8408591427,0.04522849917540762,False
69009.08495196301,166.5282,-21461.208200765803,89318.02000352637,2568.3693983540284,52.3088676689137,4.929085988088963,8426.0,0.779866,500.6987,3000.0,161.9498,1.8273745588272217,ITY109_1534,fuel,114893.90853636083,0.035852579556449944,False
68965.75130626744,190.3179,-19569.961065772204,83514.65650941012,2930.925026647051,52.25674763241902,4.957241098803921,9616.0,0.82,524.1755,3000.0,161.9474,1.8345238383437057,ITY109_1534,fuel,117214.77116984328,0.024397782913045354,False
68922.2047737029,214.1077,-17589.509674992383,77438.45400871488,3293.480654940084,52.20217009072305,4.986653374709005,10805.0,0.82,521.8753,3000.0,161.9451,1.8227671513193724,ITY109_1534,fuel,114217.2045761671,0.01799910941475487,False
68878.94421998775,237.8974,-15617.579943293389,71389.19615249743,3656.036283233098,52.147827345973454,5.015867428011849,11995.0,0.82,519.5648,3000.0,161.9423,1.8097954275325745,ITY109_1534,fuel,111356.62931041568,0.019067645254179578,False
68835.99626482697,261.6871,-13654.145163121251,65367.02425735227,4018.591911526087,52.09372079480796,5.0448848873515075,13184.0,0.82,517.2441,3000.0,161.9465,1.7957236552178313,ITY109_1534,fuel,108634.42775243058,0.019433314743060322,False
68793.38489046856,285.4769,-11699.995984781646,59371.81496080238,4381.1475398190505,52.03984943455259,5.073695428241959,14374.0,0.82,514.9128,3000.0,161.9526,1.7806521490266911,ITY109_1534,fuel,106044.50331626489,0.018710959502968746,False
68751.1309107532,309.2666,-9755.353733748134,53403.63239446779,4743.703168111985,51.98621396845222,5.102297073326686,15563.0,0.82,512.571,3000.0,161.9618,1.7647428467221613,ITY109_1534,fuel,103588.17657438623,0.015508083058191315,False
68709.25155245519,333.0563,-7820.577369585232,47462.497804197104,5106.258796404884,51.93281471373349,5.1306858416417445,16753.0,0.82,510.2185,3000.0,161.9641,1.7481276279101372,ITY109_1534,fuel,101260.10376389741,0.0127040688082489,False
68667.76014722552,356.8461,-5894.990007143803,41548.77170807083,5468.814424697746,51.8796550531689,5.158872847987935,17942.0,0.82,507.855,3000.0,161.9672,1.7309951090708162,ITY109_1534,fuel,99061.5154160276,0.011251035237856392,False
68626.66592692412,380.6358,-3978.717417008114,35662.55512302408,5831.3700529905655,51.8267360191393,5.1868574783886245,19132.0,0.82,505.4805,3000.0,161.974,1.7134911065063063,ITY109_1534,fuel,96987.85429915559,0.010779742911921792,False
68585.97391132117,404.4256,-2072.174621116658,29803.856952417824,6193.925681283335,51.774057814745674,5.214634912641763,20321.0,0.82,503.0947,3000.0,161.9753,1.6958134537196055,ITY109_1534,fuel,95040.40263000471,0.007384082638907162,False
68545.68487486686,428.2153,-174.83202162670742,23972.99559447769,6556.4813095760555,51.721623430702,5.24221405832094,21511.0,0.82,500.6976,3000.0,161.9752,1.6781076940928745,ITY109_1534,fuel,93215.40113667591,0.0,False
68505.79537821098,452.005,1713.4057854325454,18170.15020644045,6919.036937868718,51.669434597600684,5.269597483969154,22700.0,0.82,498.289,3000.0,161.9779,1.660567353978,ITY109_1534,fuel,91514.27093404837,0.0,False
68466.29785011162,475.7948,3592.2123866005127,12395.364847787638,7281.5925661613155,51.61749182927125,5.296781630570565,23890.0,0.82,495.8687,3000.0,161.9774,1.643328151569453,ITY109_1534,fuel,89934.10060558935,0.0,False
68427.18070603843,499.5845,5461.866427327774,6648.882654801797,7644.148194453836,51.56579742085659,5.323771698780641,25079.0,0.82,493.4365,3000.0,161.9743,1.6265702927067118,ITY109_1534,fuel,88476.53102812763,0.0,False
68388.42849091231,523.3743,7322.583034860825,930.928365734593,8006.703822746277,51.51435349035034,5.350571908409297,26269.0,0.82,490.9922,2922.0,161.9648,1.5980129083603816,ITY109_1534,fuel,86094.3475276994,0.0,False
68350.31119886617,547.164,9175.239351521275,-4759.057872586486,8359.816399028256,51.46315512179742,5.377195993361902,27427.0,0.82,488.5999,2684.0,161.9524,1.5411280028370409,ITY109_1534,fuel,81700.29808552618,0.0,False
68313.4811474949,570.9537,11020.888831899534,-10423.376050126917,8684.178623856133,51.41218173447714,5.403660192511373,28491.0,0.817949,485.1755,2446.0,161.9355,1.4799578073486925,ITY109_1534,fuel,77325.79170601896,0.0,False
68278.07067073246,594.7435,12856.025721107435,-16049.7877021615,8979.790497229367,51.361543558336756,5.429915459684937,29461.0,0.814736,481.2615,2208.0,161.9085,1.415213620147435,ITY109_1534,fuel,73026.49012833794,0.0,False
68244.18714328756,618.5332,14679.715071782763,-21632.18775174024,9246.652019147783,51.31129564242199,5.455949916120491,30337.0,0.811658,477.6301,1970.0,161.8845,1.3476718379144526,ITY109_1534,fuel,68872.89416638645,0.0,False
68211.89828571482,642.323,16492.674664656348,-27173.858114804803,9484.763189611314,51.26140858087549,5.481775157541307,31118.0,0.808633,474.2326,1732.0,161.8507,1.2776901103911724,ITY109_1534,fuel,64836.39089408046,0.0,False
68181.26559754273,666.1127,18296.661363257554,-32677.110263364404,9694.124008619932,51.21186165188234,5.507417616689646,31805.0,0.805603,471.0344,1494.0,161.8152,1.2055712267884156,ITY109_1534,fuel,60893.18757754092,0.0,False
68152.34444099339,689.9024,20092.50987012965,-38144.102929675086,9874.734476173628,51.16263551683378,5.53289033996725,32397.0,0.802532,468.0136,1257.0,161.7803,1.1319004526819119,ITY109_1534,fuel,57039.16259488276,0.0,False
68125.1838407996,713.6922,21880.764779902627,-43576.80467618316,10026.594592272406,51.11371254717961,5.558202122051218,32896.0,0.799372,465.1422,1019.0,161.7382,1.0563790759624052,ITY109_1534,fuel,53229.25412149699,0.0,False
68099.82677430543,737.4819,23662.58483553286,-48976.614022615446,10149.704356916307,51.06508020770798,5.5833704998737685,33300.0,0.796051,462.3779,781.0,161.6953,0.9795457132002912,ITY109_1534,fuel,49463.592809179914,0.0,False
68076.31050317836,761.2717,25438.37935891358,-54344.62827897194,10244.063770105391,51.01672869038482,5.608402210485442,33609.0,0.792538,459.7015,543.0,161.6621,0.9016560862704512,ITY109_1534,fuel,45731.91852271864,0.0,False
68054.66521238383,785.0614,27207.48346970145,-59682.045909835615,10309.672831839785,50.968647322927985,5.633288587697682,33824.0,0.788735,457.0553,305.0,161.6261,0.822924980893045,ITY109_1534,fuel,42022.808909211504,0.0,False
68034.91494655068,808.8511,28970.184967563688,-64989.00255795122,10346.531542119752,50.92083495016339,5.658034647888742,33945.0,0.784519,454.3662,67.0,161.589,0.7435574249984558,ITY109_1534,fuel,38325.99593755751,0.0,False
68017.07752177681,832.6409,30726.34503214459,-70264.82333401655,10354.639900946091,50.87329772466238,5.682639367124263,33972.0,0.783281,453.5946,-0.0,161.5689,0.7209328440000995,ITY109_1534,fuel,37278.35513504617,0.0,False
67999.78587426018,856.4306,32481.4706568843,-75531.39220177651,10354.639900709792,50.82583860821645,5.707180091870028,33972.0,0.783314,453.6137,-0.0,161.5411,0.7208073749285755,ITY109_1534,fuel,37272.878955928296,0.0,False
67982.49709326503,880.2203,34239.23342389616,-80797.32815925468,10354.639900473445,50.77837989922489,5.731708582626131,33972.0,0.783318,453.6165,-0.0,161.5283,0.720664598057601,ITY109_1534,fuel,37266.15193034546,0.0,False
67965.21183734866,904.0101,35998.18207698901,-86062.90354796128,10354.639900237049,50.73091923482239,5.756204267771538,33972.0,0.783317,453.6158,-0.0,161.5175,0.7205181529188003,ITY109_1534,fuel,37259.1588778978,0.0,False
67947.93024164591,927.7998,37758.11324291784,-91328.14226951348,10354.639900000611,50.68345642180421,5.780664391011153,33972.0,0.783316,453.6152,-0.0,161.5068,0.7203718804682753,ITY109_1534,fuel,37252.1769667309,0.0,False
69310.46311520447,0.0,-36419.175981142835,91599.5435106766,30.480000304031712,52.328600065967365,4.708832762424941,100.0,0.3,198.3755,1758.0,3.1752,1.7116872648748522,ITY109_1534,pop,96142.5477056424,0.07048771533153723,False
69270.24381590774,23.4808,-36287.11216278025,93980.20021417369,240.13472592117387,52.350017846739846,4.710518428887518,788.0,0.393151,259.3556,1992.0,3.1752,1.6390632770378621,ITY109_1534,pop,88716.27041594542,0.0692082935887037,False
69231.7784018009,46.9615,-36114.31758606124,97095.09248742835,477.7978360791029,52.37804120640453,4.712726366635484,1568.0,0.49244,323.9784,2227.0,38.3963,1.6646110231605291,ITY109_1534,pop,91140.25645496722,0.06509479790475728,False
69192.78156951482,70.4423,-33692.923215454546,100150.53650495107,743.4693307781686,52.4056722894952,4.748088620678931,2439.0,0.587827,385.5613,2462.0,73.6175,1.7368105196925498,ITY109_1534,pop,99197.58298864382,0.0462774818076053,False
69152.13113232856,93.923,-29241.01958694078,101459.32912700615,1037.149210018354,52.417697057786306,4.813597386527298,3403.0,0.673436,440.2218,2697.0,108.8386,1.8025600655876324,ITY109_1534,pop,109433.57833884555,0.04054013836696546,False
69109.93840281857,117.4038,-24226.764172830837,99748.5659179603,1358.837473799318,52.402555879011935,4.887654646663992,4458.0,0.746827,486.38,2932.0,142.3948,1.8437905011882316,ITY109_1534,pop,119539.9641680923,0.05235650717583118,False
69066.75478932416,140.8846,-20655.24284522158,95111.71527189601,1708.5341221199085,52.36100186156604,4.940583743561408,5605.0,0.807886,524.0008,3000.0,155.7846,1.8608539109183695,ITY109_1534,pop,126217.7057323182,0.042019502580827726,False
69023.14386689314,164.3653,-18068.61032911145,89360.33584652495,2066.3808930689115,52.30936984657936,4.9789838794371235,6779.0,0.82,529.6204,3000.0,167.2707,1.8572991105980927,ITY109_1534,pop,124911.55795109531,0.03135741641275532,False
68979.60659598016,187.8461,-16664.133701393755,83142.99395600424,2424.227664017987,52.25350056828895,4.999949942504914,7954.0,0.82,527.3735,3000.0,172.0399,1.8487252540035228,ITY109_1534,pop,121610.39880310031,0.022688035372697937,False
68936.27958452626,211.3268,-15785.213092191982,76857.38682186438,2782.0744349671013,52.19699891527303,5.013155586112926,9128.0,0.82,525.117,3000.0,171.4968,1.8388755945460808,ITY109_1534,pop,118453.41679794429,0.01891842028630304,False
68893.19189266574,234.8076,-14850.802014148343,70607.45096860146,3139.9212059161473,52.1408180762893,5.027139194055385,10302.0,0.82,522.8508,3000.0,169.0282,1.8277654178997953,ITY109_1534,pop,115435.54128299501,0.020646029343962945,False
68850.37167607584,258.2883,-13653.284936737562,64430.539209162176,3497.7679768650805,52.085298841477815,5.044935098082757,11476.0,0.82,520.5747,3000.0,166.3961,1.815447325986844,ITY109_1534,pop,112554.12183007006,0.020563305075276223,False
68807.84547188159,281.7691,-12179.867730544658,58341.96042380135,3855.6147478139196,52.03057744540551,5.066716414414271,12650.0,0.82,518.2886,3000.0,164.0903,1.8020027843516426,ITY109_1534,pop,109806.67185990256,0.019339944088270153,False
68765.63756168509,305.2499,-10470.27830701142,52344.25104434867,4213.4615187627005,51.976673747189786,5.091889677883667,13824.0,0.82,515.9924,3000.0,162.2406,1.7875382226397165,ITY109_1534,pop,107190.84811013986,0.015522361556704823,False
68723.76942873327,328.7306,-8576.483708923874,46431.36513462674,4571.308289711451,51.9235304027503,5.119686455341496,14998.0,0.82,513.6859,3000.0,161.5559,1.7721805704308515,ITY109_1534,pop,104704.43789506261,0.012863720633093038,False
68682.25931772236,352.2114,-6621.013622205091,40568.06584824216,4929.155060660132,51.87082721549678,5.148314900160287,16172.0,0.82,511.369,3000.0,161.4292,1.7560728617244232,ITY109_1534,pop,102345.41029383765,0.011323092127431064,False
68641.12189848756,375.6921,-4661.527203801242,34735.74051120876,5287.001831608727,51.81839569715719,5.176934389211649,17346.0,0.82,509.0416,3000.0,161.4329,1.7393696652189445,ITY109_1534,pop,100111.90270245817,0.011021820631446334,False
68600.36802911118,399.1729,-2711.4015639803715,28930.04675514749,5644.848602557197,51.766196718153786,5.205351166733709,18520.0,0.82,506.7035,3000.0,161.4451,1.722232796005649,ITY109_1534,pop,98002.21496420045,0.011177148585874154,False
68560.00460983603,422.6537,-771.5387217984907,23150.819613481548,6002.695373505517,51.7142289203238,5.233553332559913,19694.0,0.82,504.3545,3000.0,161.427,1.7048276447332475,ITY109_1534,pop,96014.84294722139,0.011906386175695617,False
68520.03451647864,446.1344,1161.0759834343116,17399.211241294135,6360.54214445354,51.66250279296601,5.2615858192052976,20868.0,0.82,501.9945,3000.0,161.3921,1.6873200114401221,ITY109_1534,pop,94148.50866575011,0.0016076991982710209,False
68480.45660058843,469.6152,3088.054364841548,11675.906504298617,6718.388915400895,51.61102458592568,5.289473051967927,22042.0,0.82,499.6234,3000.0,161.3859,1.669873307002855,ITY109_1534,pop,92402.15885476765,0.0,False
68441.26574314591,493.0959,5006.4740909591965,5980.066535848731,7076.235686347948,51.55978685619106,5.317173736553641,23216.0,0.82,497.241,3000.0,161.3816,1.652646325485835,ITY109_1534,pop,90774.97141061942,0.0,False
68402.45294889504,516.5767,6916.098716959514,311.75766585714405,7434.0824572947195,51.50879029872746,5.344685524001966,24390.0,0.82,494.8472,3000.0,161.3794,1.635791754055032,ITY109_1534,pop,89266.4090157242,0.0,False
68364.00546922407,540.0575,8816.669234353954,-5328.959301292162,7791.929228241174,51.45803560475834,5.3720057555527605,25564.0,0.82,492.4416,3000.0,161.3789,1.6194547702414894,ITY109_1534,pop,87876.1927364149,0.0,False
68325.90694267215,563.5382,10707.967621086216,-10942.00760126577,8149.775999187293,51.40752360327782,5.399132471620165,26738.0,0.82,490.0243,2831.0,161.3801,1.5760391162469305,ITY109_1534,pop,84336.93269225105,0.0,False
68288.77524751404,587.019,12590.432795375147,-16529.210946221065,8487.431221904593,51.357237995276336,5.426073073248239,27846.0,0.82,487.7324,2596.0,161.3819,1.5184081924624626,ITY109_1534,pop,80067.06052123796,0.0,False
68252.92942881092,610.4997,14464.701938709628,-22092.6847578797,8797.078060085474,51.307159848731146,5.452837702203489,28862.0,0.817419,484.0928,2361.0,161.3849,1.4566198415235119,ITY109_1534,pop,75766.32717356872,0.0,False
68218.50918018089,633.9805,16325.443383781609,-27616.954596467418,9078.716513727391,51.25742858438953,5.479351437342224,29786.0,0.813234,479.7016,2126.0,161.3878,1.3913832060133757,ITY109_1534,pop,71507.8745372319,0.0,False
68185.62615876914,657.4613,18169.739389267248,-33093.32362857612,9332.346582829568,51.208122661079386,5.505574295682884,30618.0,0.810854,476.5739,1891.0,161.3917,1.324025615403234,ITY109_1534,pop,67490.59816370063,0.0,False
68154.30300008641,680.942,20002.33503858575,-38536.16870208206,9557.968267391669,51.15911279800039,5.531575214282201,31358.0,0.808115,473.4311,1657.0,161.3958,1.2545491938102116,ITY109_1534,pop,63566.93514775784,0.0,False
68124.60576902202,704.4228,21823.124645040454,-43945.21302245074,9755.581567413537,51.11040162087289,5.557353943766177,32007.0,0.804794,470.1439,1422.0,161.4004,1.1826736788599561,ITY109_1534,pop,59682.78291068107,0.0,False
68096.5988906527,727.9035,23631.468100951868,-49318.70679692383,9925.18648289513,51.062005024112196,5.5829026811778215,32563.0,0.801901,467.3034,1187.0,161.4055,1.1092570451436163,ITY109_1534,pop,55892.82566615101,0.0,False
68070.31621694192,751.3843,25428.996647206677,-54661.65853326921,10066.783013836519,51.01387802912046,5.608245669907556,33028.0,0.798763,464.5155,952.0,161.4088,1.0343394633332488,ITY109_1534,pop,52147.90101005308,0.0,False
68045.80056221205,774.865,27216.055701291676,-59974.48639205484,10180.371160237879,50.96601697847274,5.633388930687299,33400.0,0.795293,461.7307,717.0,161.4123,0.9581573164295332,ITY109_1534,pop,48435.42293003707,0.0,False
68023.08958813324,798.3458,28992.59080508374,-65257.10684682746,10265.950922099502,50.91842274111904,5.658332779140724,33681.0,0.792061,459.2776,483.0,161.4139,0.8815062497037753,ITY109_1534,pop,44787.93094854515,0.0,False
68002.20019757294,821.8266,30760.0162388085,-70513.12398225493,10323.522299421988,50.87106294366056,5.683098140111449,33870.0,0.787979,456.5244,248.0,161.4147,0.8035390606322863,ITY109_1534,pop,41120.81336998794,0.0,False
67983.1664211448,845.3073,32517.2081458777,-75738.93890307676,10353.085292206573,50.82397011505977,5.707670289795018,33967.0,0.783965,454.0012,13.0,161.4165,0.725282567420388,ITY109_1534,pop,37486.395771527204,0.0,False
67965.99212899484,868.7881,34264.905184422954,-80937.07451193182,10354.639900457076,50.77712163186911,5.7320605363374435,33972.0,0.783592,453.7751,-0.0,161.4181,0.7206950071218083,ITY109_1534,pop,37271.773718856326,0.0,False
67948.92843755042,892.2688,36011.607742771484,-86132.72996329296,10354.639900229995,50.730290448250926,5.756388124484777,33972.0,0.78355,453.7508,-0.0,161.4193,0.7205253003040786,ITY109_1534,pop,37263.04449230096,0.0,False
67931.8692581228,915.7496,37758.11324300806,-91328.14226954387,10354.639900002658,50.68345642180393,5.78066439101243,33972.0,0.783509,453.7266,-0.0,161.4204,0.7203557502387503,ITY109_1534,pop,37254.328306093805,0.0,False
69310.46311519887,0.0,-36419.175981155575,91599.54351064726,30.480000304380077,52.3286000659671,4.708832762424756,100.0,0.3,198.3755,3000.0,3.1752,1.8773756395251702,ITY109_1534,fuel,136967.29938602442,0.07048771533151954,True
69265.79277621716,23.7897,-36286.45601952623,93992.02822183496,393.0356285972186,52.350124258361994,4.710526807855199,1289.0,0.352466,232.1128,3000.0,3.1752,1.850339553628444,ITY109_1534,fuel,121775.13609519223,0.06384305136231073,True
69221.76664063788,47.5795,-36130.70689795381,96799.64952889657,755.5912568899859,52.375383233540184,4.712516830889683,2479.0,0.417848,274.0322,3000.0,38.8598,1.8098603900956234,ITY109_1534,fuel,110899.67349550175,0.05429350100875227,True
69178.72716000299,71.3692,-34043.11146428589,99390.5546591253,1118.14688518266,52.39881623507097,4.743004118677726,3668.0,0.491811,321.1939,3000.0,74.5444,1.7797172160494554,ITY109_1534,fuel,105376.82462739706,0.04206401621341757,True
69136.44858630419,95.159,-30278.340851158646,100431.47691386032,1480.7025134753524,52.40839741126489,4.798395790142174,4858.0,0.568934,369.9993,3000.0,110.229,1.7740687003177642,ITY109_1534,fuel,104472.35503434035,0.03712424100214708,True
69094.34850217709,118.9487,-26052.00130518952,98874.05578429055,1843.2581417681502,52.3946079128767,4.860819672941923,6047.0,0.64452,417.3791,3000.0,145.9136,1.7875500011307535,ITY109_1534,fuel,106689.92376043514,0.045461497832489955,True
69051.95659829836,142.7384,-23202.529189021214,94663.24354323428,2205.813770061053,52.35686725027978,4.903104078860379,7237.0,0.715388,461.291,3000.0,161.9559,1.808123424845634,ITY109_1534,fuel,110541.8408591427,0.04522849917540762,True
69009.08495196301,166.5282,-21461.208200765803,89318.02000352637,2568.3693983540284,52.3088676689137,4.929085988088963,8426.0,0.779866,500.6987,3000.0,161.9498,1.8273745588272217,ITY109_1534,fuel,114893.90853636083,0.035852579556449944,True
68965.75130626744,190.3179,-19569.961065772204,83514.65650941012,2930.925026647051,52.25674763241902,4.957241098803921,9616.0,0.82,524.1755,3000.0,161.9474,1.8345238383437057,ITY109_1534,fuel,117214.77116984328,0.024397782913045354,True
68922.2047737029,214.1077,-17589.509674992383,77438.45400871488,3293.480654940084,52.20217009072305,4.986653374709005,10805.0,0.82,521.8753,3000.0,161.9451,1.8227671513193724,ITY109_1534,fuel,114217.2045761671,0.01799910941475487,True
68878.94421998775,237.8974,-15617.579943293389,71389.19615249743,3656.036283233098,52.147827345973454,5.015867428011849,11995.0,0.82,519.5648,3000.0,161.9423,1.8097954275325745,ITY109_1534,fuel,111356.62931041568,0.019067645254179578,True
68835.99626482697,261.6871,-13654.145163121251,65367.02425735227,4018.591911526087,52.09372079480796,5.0448848873515075,13184.0,0.82,517.2441,3000.0,161.9465,1.7957236552178313,ITY109_1534,fuel,108634.42775243058,0.019433314743060322,True
68793.38489046856,285.4769,-11699.995984781646,59371.81496080238,4381.1475398190505,52.03984943455259,5.073695428241959,14374.0,0.82,514.9128,3000.0,161.9526,1.7806521490266911,ITY109_1534,fuel,106044.50331626489,0.018710959502968746,True
68751.1309107532,309.2666,-9755.353733748134,53403.63239446779,4743.703168111985,51.98621396845222,5.102297073326686,15563.0,0.82,512.571,3000.0,161.9618,1.7647428467221613,ITY109_1534,fuel,103588.17657438623,0.015508083058191315,True
68709.25155245519,333.0563,-7820.577369585232,47462.497804197104,5106.258796404884,51.93281471373349,5.1306858416417445,16753.0,0.82,510.2185,3000.0,161.9641,1.7481276279101372,ITY109_1534,fuel,101260.10376389741,0.0127040688082489,True
68667.76014722552,356.8461,-5894.990007143803,41548.77170807083,5468.814424697746,51.8796550531689,5.158872847987935,17942.0,0.82,507.855,3000.0,161.9672,1.7309951090708162,ITY109_1534,fuel,99061.5154160276,0.011251035237856392,True
68626.66592692412,380.6358,-3978.717417008114,35662.55512302408,5831.3700529905655,51.8267360191393,5.1868574783886245,19132.0,0.82,505.4805,3000.0,161.974,1.7134911065063063,ITY109_1534,fuel,96987.85429915559,0.010779742911921792,True
68585.97391132117,404.4256,-2072.174621116658,29803.856952417824,6193.925681283335,51.774057814745674,5.214634912641763,20321.0,0.82,503.0947,3000.0,161.9753,1.6958134537196055,ITY109_1534,fuel,95040.40263000471,0.007384082638907162,True
68545.68487486686,428.2153,-174.83202162670742,23972.99559447769,6556.4813095760555,51.721623430702,5.24221405832094,21511.0,0.82,500.6976,3000.0,161.9752,1.6781076940928745,ITY109_1534,fuel,93215.40113667591,0.0,True
68505.79537821098,452.005,1713.4057854325454,18170.15020644045,6919.036937868718,51.669434597600684,5.269597483969154,22700.0,0.82,498.289,3000.0,161.9779,1.660567353978,ITY109_1534,fuel,91514.27093404837,0.0,True
68466.29785011162,475.7948,3592.2123866005127,12395.364847787638,7281.5925661613155,51.61749182927125,5.296781630570565,23890.0,0.82,495.8687,3000.0,161.9774,1.643328151569453,ITY109_1534,fuel,89934.10060558935,0.0,True
68427.18070603843,499.5845,5461.866427327774,6648.882654801797,7644.148194453836,51.56579742085659,5.323771698780641,25079.0,0.82,493.4365,3000.0,161.9743,1.6265702927067118,ITY109_1534,fuel,88476.53102812763,0.0,True
68388.42849091231,523.3743,7322.583034860825,930.928365734593,8006.703822746277,51.51435349035034,5.350571908409297,26269.0,0.82,490.9922,2922.0,161.9648,1.5980129083603816,ITY109_1534,fuel,86094.3475276994,0.0,True
68350.31119886617,547.164,9175.239351521275,-4759.057872586486,8359.816399028256,51.46315512179742,5.377195993361902,27427.0,0.82,488.5999,2684.0,161.9524,1.5411280028370409,ITY109_1534,fuel,81700.29808552618,0.0,True
68313.4811474949,570.9537,11020.888831899534,-10423.376050126917,8684.178623856133,51.41218173447714,5.403660192511373,28491.0,0.817949,485.1755,2446.0,161.9355,1.4799578073486925,ITY109_1534,fuel,77325.79170601896,0.0,True
68278.07067073246,594.7435,12856.025721107435,-16049.7877021615,8979.790497229367,51.361543558336756,5.429915459684937,29461.0,0.814736,481.2615,2208.0,161.9085,1.415213620147435,ITY109_1534,fuel,73026.49012833794,0.0,True
68244.18714328756,618.5332,14679.715071782763,-21632.18775174024,9246.652019147783,51.31129564242199,5.455949916120491,30337.0,0.811658,477.6301,1970.0,161.8845,1.3476718379144526,ITY109_1534,fuel,68872.89416638645,0.0,True
68211.89828571482,642.323,16492.674664656348,-27173.858114804803,9484.763189611314,51.26140858087549,5.481775157541307,31118.0,0.808633,474.2326,1732.0,161.8507,1.2776901103911724,ITY109_1534,fuel,64836.39089408046,0.0,True
68181.26559754273,666.1127,18296.661363257554,-32677.110263364404,9694.124008619932,51.21186165188234,5.507417616689646,31805.0,0.805603,471.0344,1494.0,161.8152,1.2055712267884156,ITY109_1534,fuel,60893.18757754092,0.0,True
68152.34444099339,689.9024,20092.50987012965,-38144.102929675086,9874.734476173628,51.16263551683378,5.53289033996725,32397.0,0.802532,468.0136,1257.0,161.7803,1.1319004526819119,ITY109_1534,fuel,57039.16259488276,0.0,True
68125.1838407996,713.6922,21880.764779902627,-43576.80467618316,10026.594592272406,51.11371254717961,5.558202122051218,32896.0,0.799372,465.1422,1019.0,161.7382,1.0563790759624052,ITY109_1534,fuel,53229.25412149699,0.0,True
68099.82677430543,737.4819,23662.58483553286,-48976.614022615446,10149.704356916307,51.06508020770798,5.5833704998737685,33300.0,0.796051,462.3779,781.0,161.6953,0.9795457132002912,ITY109_1534,fuel,49463.592809179914,0.0,True
68076.31050317836,761.2717,25438.37935891358,-54344.62827897194,10244.063770105391,51.01672869038482,5.608402210485442,33609.0,0.792538,459.7015,543.0,161.6621,0.9016560862704512,ITY109_1534,fuel,45731.91852271864,0.0,True
68054.66521238383,785.0614,27207.48346970145,-59682.045909835615,10309.672831839785,50.968647322927985,5.633288587697682,33824.0,0.788735,457.0553,305.0,161.6261,0.822924980893045,ITY109_1534,fuel,42022.808909211504,0.0,True
68034.91494655068,808.8511,28970.184967563688,-64989.00255795122,10346.531542119752,50.92083495016339,5.658034647888742,33945.0,0.784519,454.3662,67.0,161.589,0.7435574249984558,ITY109_1534,fuel,38325.99593755751,0.0,True
68017.07752177681,832.6409,30726.34503214459,-70264.82333401655,10354.639900946091,50.87329772466238,5.682639367124263,33972.0,0.783281,453.5946,-0.0,161.5689,0.7209328440000995,ITY109_1534,fuel,37278.35513504617,0.0,True
67999.78587426018,856.4306,32481.4706568843,-75531.39220177651,10354.639900709792,50.82583860821645,5.707180091870028,33972.0,0.783314,453.6137,-0.0,161.5411,0.7208073749285755,ITY109_1534,fuel,37272.878955928296,0.0,True
67982.49709326503,880.2203,34239.23342389616,-80797.32815925468,10354.639900473445,50.77837989922489,5.731708582626131,33972.0,0.783318,453.6165,-0.0,161.5283,0.720664598057601,ITY109_1534,fuel,37266.15193034546,0.0,True
67965.21183734866,904.0101,35998.18207698901,-86062.90354796128,10354.639900237049,50.73091923482239,5.756204267771538,33972.0,0.783317,453.6158,-0.0,161.5175,0.7205181529188003,ITY109_1534,fuel,37259.1588778978,0.0,True
67947.93024164591,927.7998,37758.11324291784,-91328.14226951348,10354.639900000611,50.68345642180421,5.780664391011153,33972.0,0.783316,453.6152,-0.0,161.5068,0.7203718804682753,ITY109_1534,fuel,37252.1769667309,0.0,True
69310.46311520413,0.0,-36419.1759811418,91599.54351067629,30.480000304029872,52.328600065967365,4.708832762424956,100.0,0.3,198.3755,1699.0,3.1752,1.6941027010112677,ITY109_1534,pop,94178.99291906238,0.07048771533153295,True
69270.67986749035,23.4671,-36287.15013107308,93979.51577633891,232.97410752776727,52.35001168913981,4.710517944032552,764.0,0.395058,260.6351,1933.0,3.1752,1.6207288734555818,ITY109_1534,pop,87074.63918958069,0.06940316180125243,True
69232.67056416583,46.9343,-36113.56286260972,97108.69755702741,463.4441329924636,52.37816360533909,4.712736016287266,1520.0,0.495985,326.3642,2168.0,38.3759,1.6533559922427976,ITY109_1534,pop,90051.12781640126,0.06574960123074072,True
69193.96596693485,70.4014,-33676.373153897366,100186.32558651545,721.8900766984409,52.40599515326854,4.748328968374246,2368.0,0.592517,388.733,2403.0,73.5766,1.7325671607528732,ITY109_1534,pop,98657.93984796989,0.046562119520133755,True
69153.44325323617,93.8686,-29190.634939071468,101508.53944638588,1008.3119386456798,52.418142285395355,4.814335981569815,3308.0,0.678778,443.8619,2637.0,108.7774,1.8020744696660398,ITY109_1534,pop,109339.42772230202,0.040773727419593675,True
69111.28660487529,117.3357,-24135.238995696935,99789.77191144905,1322.709718833856,52.40293047258598,4.889000711203369,4340.0,0.752421,490.2291,2872.0,141.3985,1.8445709923731912,ITY109_1534,pop,119792.23680210771,0.052896271843160494,True
69068.10813497119,140.8029,-20456.341946052766,95181.54162470975,1665.083417261875,52.36163724499177,4.943508452878657,5463.0,0.81344,527.8715,3000.0,155.4047,1.8634412452895752,ITY109_1534,pop,127576.29017526115,0.04171352682891769,True
69024.45251019378,164.27,-17813.704233779597,89408.27702412293,2022.722726597083,52.30980928390377,4.982730676503904,6636.0,0.82,529.8939,3000.0,167.7067,1.8582495449411969,ITY109_1534,pop,125320.66943252986,0.03096140551051344,True
68980.91694514378,187.7372,-16456.656254423284,83180.79351534479,2380.3620359323504,52.253846728490174,5.002995992760655,7810.0,0.82,527.6494,3000.0,172.8938,1.8498376575792164,ITY109_1534,pop,122004.55870533007,0.02262628542704341,True
68937.58784660036,211.2043,-15671.5434238201,76883.111880283,2738.0013452676512,52.19723349797188,5.01482211383292,8983.0,0.82,525.3954,3000.0,172.1369,1.8401515365980663,ITY109_1534,pop,118832.77644092613,0.01900147237927462,True
68894.49428658036,234.6715,-14807.046954842488,70623.40676796528,3095.640654602888,52.14096274105206,5.0277796483058275,10156.0,0.82,523.1317,3000.0,169.5494,1.8292024546449865,ITY109_1534,pop,115800.20278373905,0.02076241118216352,True
68851.66452631577,258.1386,-13665.809908218158,64436.088576693764,3453.2799639380214,52.08534843945428,5.044751571855618,11330.0,0.82,520.8582,3000.0,166.8081,1.8170299732815505,ITY109_1534,pop,112902.26713353599,0.020670403332682843,True
68809.12529630915,281.6058,-12236.25389170342,58337.25555681811,3810.919273273068,52.0305338943889,5.065892378011734,12503.0,0.82,518.5747,3000.0,164.4234,1.803729555496133,ITY109_1534,pop,110140.40698732759,0.01942449086593681,True
68766.90115053683,305.0729,-10561.603496660118,52329.842891613655,4168.558582608062,51.976542445400796,5.09055681048982,13676.0,0.82,516.2811,3000.0,162.497,1.7893961671829381,ITY109_1534,pop,107510.23833092352,0.01556239823660476,True
68725.01391285851,328.54,-8694.30846205142,46408.63216668039,4526.197891943029,51.923324134054006,5.117968867859278,14850.0,0.82,513.9772,3000.0,161.7655,1.7741426868033698,ITY109_1534,pop,105007.87844539815,0.012889424287801286,True
68683.48222508986,352.0072,-6760.310543924338,40538.2620229121,4883.837201277939,51.87055751273948,5.146286582976616,16023.0,0.82,511.663,3000.0,161.6192,1.758132461008188,ITY109_1534,pop,102634.70259590035,0.011341101528056183,True
68642.3211988023,375.4743,-4820.171592607537,34699.46755337445,5241.4765106127725,51.81806814030188,5.1746268758728,17196.0,0.82,509.3383,3000.0,161.6266,1.741507616758406,ITY109_1534,pop,100387.06256948794,0.011040550027999715,True
68601.54216702572,398.9415,-2889.6674326922016,28887.163346648224,5599.115819947491,51.76581016589407,5.202761039078147,18370.0,0.82,507.0029,3000.0,161.6331,1.7244161222760115,ITY109_1534,pop,98261.85079157585,0.01119904413415686,True
68561.15252771135,422.4086,-968.7490182405039,23101.50301227725,5956.755129282073,51.71378509908513,5.230690981905206,19543.0,0.82,504.6567,3000.0,161.6031,1.7070481096922039,ITY109_1534,pop,96260.4215831473,0.011936332659725641,True
68521.15566795945,445.8758,946.2210967369077,17343.834288023478,6314.394438616327,51.66200517977041,5.258470629059234,20717.0,0.82,502.2995,3000.0,161.5318,1.6895435151517961,ITY109_1534,pop,94378.76593110355,0.0034472684811467486,True
68481.5509564295,469.3429,2859.3112529268274,11615.657229180972,6672.033747949842,51.61048396285008,5.286159922840828,21890.0,0.82,499.9312,3000.0,161.5121,1.672091980818123,ITY109_1534,pop,92618.31449158496,0.0,True
68442.33379078977,492.8101,4765.264864369439,5915.364785319092,7029.673057283075,51.55920707649342,5.313683624070707,23063.0,0.82,497.5517,3000.0,161.49,1.654839707065768,ITY109_1534,pop,90976.92816175491,0.0,True
68403.49568727892,516.2772,6664.2601747906465,243.16267804517838,7387.312366616024,51.508176447821484,5.34104531111464,24237.0,0.82,495.1607,3000.0,161.4684,1.6379270319566808,ITY109_1534,pop,89453.05757488031,0.0,True
68365.02440021432,539.7444,8556.178390282068,-5400.84053701612,7744.951675948666,51.45739317652574,5.3682442643010075,25410.0,0.82,492.7581,3000.0,161.4455,1.6215257617599965,ITY109_1534,pop,88048.40792777928,0.0,True
68326.90406040431,563.2115,10441.085278933315,-11016.47227446528,8102.590985280971,51.4068589278392,5.395282533436373,26583.0,0.82,490.3437,2861.0,161.4185,1.5831808079094625,ITY109_1534,pop,84898.25016452948,0.0,True
68289.63279924249,586.6787,12319.831905673338,-16605.037845010287,8443.681026653803,51.356562032754596,5.422173375378958,27702.0,0.82,488.03,2627.0,161.4069,1.5262167210143973,ITY109_1534,pop,80620.4207655412,0.0,True
68253.63559851525,610.1458,14191.630704917972,-22169.202357220594,8756.795149789925,51.30647862518863,5.448906306453939,28730.0,0.81742,484.3674,2392.0,161.3482,1.4648572588898414,ITY109_1534,pop,76300.80551500167,0.0,True
68219.05232874569,633.6129,16055.789142236457,-27691.924037692115,9041.933354686893,51.25676207485485,5.475473080317411,29665.0,0.814296,480.5785,2157.0,161.3315,1.4003021344050348,ITY109_1534,pop,72093.82450748571,0.0,True
68185.97038686239,657.0801,17907.689066142542,-33173.0419598232,9299.095641343954,51.20741407106242,5.501808630725727,30509.0,0.811292,477.0579,1922.0,161.2834,1.333098346370094,ITY109_1534,pop,68022.18922757183,0.0,True
68154.45306799475,680.5472,19751.28611449747,-38614.51933529127,9528.282009760775,51.158416960719386,5.527970985794663,31261.0,0.808322,473.7544,1688.0,161.2414,1.2638355439762026,ITY109_1534,pop,64072.91346382875,0.0,True
68124.55811795672,704.0144,21586.74688847919,-44018.94101159201,9729.492459937204,51.109747592174735,5.553963564306879,31921.0,0.80531,470.6228,1453.0,161.2112,1.1923096243082927,ITY109_1534,pop,60195.618789171465,0.0,True
68096.33803110129,727.4815,23413.541629605967,-49388.549157520996,9902.726991873205,51.06138592107535,5.579779767760708,32489.0,0.802278,467.6755,1218.0,161.1806,1.119055671338268,ITY109_1534,pop,56389.853448457696,0.0,True
68069.83799502075,750.9487,25232.35122574366,-54725.32857508857,10047.98560556884,51.01331416975429,5.605430295251134,32966.0,0.799166,464.8773,984.0,161.1525,1.044610021794677,ITY109_1534,pop,52653.43645785905,0.0,True
68045.09779113166,774.4158,27043.44255735932,-60030.951246774646,10165.268301024265,50.965517383875614,5.6309198660165976,33351.0,0.79589,462.1795,749.0,161.1445,0.9686447984643617,ITY109_1534,pop,48944.14304582398,0.0,True
68022.15207746961,797.883,28845.290440397035,-65307.077875095216,10254.575078239783,50.917980796718474,5.656227577548984,33644.0,0.792444,459.5762,514.0,161.1161,0.8916981466332838,ITY109_1534,pop,45267.58077726148,0.0,True
68001.0282442171,821.3501,30640.075694958105,-70554.02152396624,10315.905937215954,50.87070158052722,5.681385498661644,33845.0,0.788699,456.9924,280.0,161.1066,0.8142879052930596,ITY109_1534,pop,41626.192197449986,0.0,True
67981.7485932089,844.8173,32426.08110385289,-75772.46583245983,10349.260877953959,50.823673767671636,5.706370030614036,33954.0,0.784566,454.375,45.0,161.0901,0.7360030898250722,ITY109_1534,pop,37982.93230726259,0.0,True
67964.32877108811,868.2844,34203.746940959725,-80961.67295885476,10354.639900457458,50.776904065328566,5.731188466646091,33972.0,0.78377,453.8778,-0.0,161.0778,0.7207909626344906,ITY109_1534,pop,37279.077251139104,0.0,True
67947.27119693992,891.7515,35980.64724190789,-86145.02929175897,10354.63990023014,50.730181779693815,5.755947051732143,33972.0,0.783763,453.8739,-0.0,161.0714,0.7206432078380451,ITY109_1534,pop,37271.92929610976,0.0,True
67930.21731428533,915.2187,37758.11324300215,-91328.14226954263,10354.639900002596,50.68345642180395,5.780664391012347,33972.0,0.783756,453.87,-0.0,161.065,0.7204955142275067,ITY109_1534,pop,37264.78476521083,0.0,True
72079.56151045386,0.0,91622.4771572032,-41193.018572953595,30.48000030443698,52.33140182586771,4.740029810410439,100.0,0.3,198.3755,2877.0,182.9988,1.8789789883060575,EIN60R_1659,fuel,138649.1180688472,0.061972283825257254,True
72036.02386997586,23.1671,91500.27773588989,-43525.64270743662,369.0782232753556,52.31044890950081,4.737592369299248,1211.0,0.347603,228.9732,3000.0,182.9988,1.8642800563659847,EIN60R_1659,fuel,127801.04685343729,0.052613508962300146,True
71992.82687382783,46.3341,91358.98179719585,-46222.79391453628,722.1441926424108,52.28622154118512,4.734777048066607,2369.0,0.403228,264.5453,3000.0,217.7494,1.834749580214861,EIN60R_1659,fuel,116843.0397018806,0.040506605629847224,True
71950.32571333251,69.5012,89444.6782884858,-48695.202941888085,1075.210162010016,52.26430815801278,4.705977789475714,3528.0,0.466969,305.1212,3000.0,252.5,1.8052411164992663,EIN60R_1659,fuel,109960.70863933886,0.03214121593395215,True
71908.53674350576,92.6682,85999.85471409104,-49781.35035252175,1428.2761313778888,52.25509542725399,4.655087773516026,4686.0,0.534996,348.1414,3000.0,287.2506,1.7895735015075447,EIN60R_1659,fuel,107041.30520174452,0.026741685119025374,True
71867.14676088415,115.8353,82059.75733781111,-48557.87085223144,1781.3421007459506,52.266702837488225,4.597511198824225,5844.0,0.603565,391.1419,3000.0,298.0813,1.7904128234988772,EIN60R_1659,fuel,107188.61502147462,0.022794141048965183,True
71825.7682793984,139.0023,77967.1550632789,-46374.33659498581,2134.4080701141374,52.28693666740652,4.537886900901085,7003.0,0.669766,432.2393,3000.0,298.0959,1.801844468807848,EIN60R_1659,fuel,109294.97189990016,0.01819405313505591,True
71784.14378776074,162.1694,73442.88840022124,-43959.01689957778,2487.474039482406,52.30928295231972,4.471910721505785,8161.0,0.73174,470.2547,3000.0,298.1151,1.8167664571499675,EIN60R_1659,fuel,112384.5050444543,0.01317390281085773,True
71742.18049217279,185.3365,68519.88449161527,-41328.71451836283,2840.54000885073,52.33357586705534,4.40004463333982,9319.0,0.788561,504.6288,3000.0,298.1242,1.8306287518105835,EIN60R_1659,fuel,115739.80333984597,0.009501934760450796,True
71699.89350399982,208.5035,63236.190017185385,-38504.61956574209,3193.605978219094,52.35960976069713,4.322825565084886,10478.0,0.82,522.5099,3000.0,298.1037,1.8334363526054445,EIN60R_1659,fuel,116962.45820579282,0.006820932937008943,True
71657.49994183183,231.6706,57763.690905882504,-35582.12741534978,3546.6719475874615,52.38649815568927,4.242750849628049,11636.0,0.82,520.2629,3000.0,298.0808,1.822337835860223,EIN60R_1659,fuel,114165.08064111076,0.0053204769499661615,True
71615.36682908567,254.8376,52313.74541763633,-32674.470404738597,3899.73791695581,52.413196782889244,4.162908780644915,12794.0,0.82,518.006,3000.0,298.071,1.8102244333720863,EIN60R_1659,fuel,111498.93684421928,0.004364558859980151,True
71573.51563256462,278.0047,46887.12570116371,-29780.452118170797,4252.803886324139,52.43971688461387,4.083312238292318,13953.0,0.82,515.7393,3000.0,298.0677,1.7971805946606285,EIN60R_1659,fuel,108960.22866748343,0.003655407500741131,True
71531.96534968421,301.1718,41484.26849217648,-26899.50683979395,4605.869855692445,52.466064088339905,4.003969019469469,15111.0,0.82,513.4626,3000.0,298.0649,1.7833388866903361,EIN60R_1659,fuel,106550.44096841669,0.0031336589814436222,True
71490.73210267059,324.3388,36105.30522400395,-24031.644524555628,4958.935825060722,52.492238882339144,3.924882324045337,16269.0,0.82,511.1757,3000.0,298.0566,1.768818356235182,EIN60R_1659,fuel,104265.93360201913,0.002742224193669234,True
71449.8288213003,347.5059,30750.07210903526,-21177.432405283475,5312.001794428972,52.5182367650538,3.8460509380707477,17428.0,0.82,508.8786,3000.0,298.042,1.7537472354271002,EIN60R_1659,fuel,102103.64107166394,0.0024275182691253588,True
71409.26501148564,370.6729,25418.37512209744,-18337.498555387137,5665.067763797188,52.5440526824551,3.76747322206198,18586.0,0.82,506.571,3000.0,298.0292,1.738295060255044,EIN60R_1659,fuel,100065.0088199192,0.0021734187833674203,True
71369.04660330116,393.84,20110.41402520621,-15511.735900702784,6018.133733165367,52.56968816933894,3.689153437048563,19745.0,0.82,504.2529,3000.0,298.0253,1.722590117770852,EIN60R_1659,fuel,98146.01071741678,0.001969635313658618,True
71329.17586954182,417.007,14826.746001877153,-12699.36920695207,6371.199702533499,52.59515076739714,3.6111011612597923,20903.0,0.82,501.9241,3000.0,298.0236,1.7068084672575234,EIN60R_1659,fuel,96348.16747347794,0.0001746280531477178,True
71289.65140444497,440.1741,9567.59425179808,-9900.254034745203,6724.265671901588,52.620442373287894,3.5333209716192844,22061.0,0.82,499.5844,3000.0,298.0186,1.6910892957997172,EIN60R_1659,fuel,94669.29919659036,0.0,True
71250.46815162121,463.3412,4332.919817087134,-7114.742379557716,7077.331641269633,52.64556043128937,3.4558135444164106,23220.0,0.82,497.2337,3000.0,298.0047,1.6755683570002007,EIN60R_1659,fuel,93107.85244342426,0.0,True
71211.61747031737,486.5082,-877.5938374891219,-4343.712267793617,7430.397610637621,52.67049762607817,3.3785757934039955,24378.0,0.82,494.8719,3000.0,297.9838,1.6604122516826574,EIN60R_1659,fuel,91665.59829354688,0.0,True
71173.0872297058,509.6753,-6064.157848491307,-1587.8488715495891,7783.463580005548,52.69524828045706,3.301605056651552,25536.0,0.82,492.4987,3000.0,297.965,1.645745373731832,EIN60R_1659,fuel,90341.45497651538,0.0,True
71134.86192179711,532.8423,-11226.540325645463,1152.991402362888,8136.529549373415,52.719814433943576,3.2249066769884522,26695.0,0.82,490.114,2780.0,297.9697,1.5960443618498434,EIN60R_1659,fuel,86062.36201103916,0.0,True
71097.7273897541,556.0094,-16365.741917428219,3882.070802105096,8463.709603653599,52.74422596665437,3.148466890624955,27768.0,0.82,487.8938,2548.0,297.9816,1.5403673288642326,EIN60R_1659,fuel,81782.02008211083,0.0,True
71061.81241270216,579.1765,-21483.197402998463,6600.957704076659,8763.62465339169,52.768497492386125,3.0722653913297804,28752.0,0.81758,484.4157,2317.0,297.966,1.480581267618054,EIN60R_1659,fuel,77482.48090647046,0.0,True
71027.25682639415,602.3435,-26566.889890792387,9300.135672559301,9036.274698587176,52.79254454798401,2.99648268841385,29647.0,0.814294,480.6158,2085.0,297.9333,1.417054155345873,EIN60R_1659,fuel,73245.01199252049,0.0,True
70994.16171579252,625.5106,-31614.13409471522,11976.276105786032,9281.659739239889,52.816338224478685,2.921160817584846,30452.0,0.811141,477.0877,1853.0,297.9032,1.3505848123868904,EIN60R_1659,fuel,69135.91987129863,0.0,True
70962.59705999166,648.6776,-36627.55502924159,14631.106618616455,9499.779775349769,52.839894820170606,2.8462624668797973,31167.0,0.808054,473.7909,1622.0,297.8898,1.2817474519757566,EIN60R_1659,fuel,65143.428656716715,0.0,True
70932.62724536641,671.8447,-41608.70229678549,17267.348516285205,9690.634806916787,52.86323955108953,2.7717660124052785,31793.0,0.804973,470.6896,1390.0,297.8971,1.2103146047516786,EIN60R_1659,fuel,61216.690005202094,0.0,True
70904.3111896062,695.0117,-46558.575190632364,19887.845893461115,9854.224833940934,52.886398724073004,2.697657785948606,32330.0,0.801858,467.7599,1158.0,297.9068,1.1368137553359206,EIN60R_1659,fuel,57352.98919070061,0.0,True
70877.7019280986,718.1788,-51478.765258666725,22493.70122819095,9990.549856422233,52.90938288694772,2.6239153492431453,32777.0,0.798663,464.9739,927.0,297.8959,1.0618278257591731,EIN60R_1659,fuel,53552.73612859421,0.0,True
70852.8465723384,741.3459,-56371.613908541505,25083.88294963365,10099.609874360729,52.932183256997284,2.550505324291554,33135.0,0.795326,462.2954,695.0,297.881,0.9850127467771771,EIN60R_1659,fuel,49773.38880533761,0.0,True
70829.78623607701,764.5129,-61238.31246570472,27658.60269455684,10181.404887756511,52.954802275245854,2.4774112480578316,33404.0,0.791799,459.6952,463.0,297.8717,0.9069211600473053,EIN60R_1659,fuel,46019.77770344328,0.0,True
70808.55519863377,787.68,-66079.31048533275,30218.716362382915,10235.934896609751,52.97724822270531,2.4046275471062875,33582.0,0.787992,457.1196,232.0,297.8671,0.8281431324163773,EIN60R_1659,fuel,42297.71387367845,0.0,True
70789.18119269377,810.847,-70894.52841910272,32764.704704689284,10263.199900920927,52.999526059148124,2.3321565642231645,33672.0,0.783792,454.5013,-0.0,297.8713,0.7482307826412278,EIN60R_1659,fuel,38567.44052810638,0.0,True
70771.68520115159,834.0141,-75682.99726505198,35296.99931539179,10263.199900691414,53.021640429625016,2.2600139172341915,33672.0,0.783783,454.4957,-0.0,297.8781,0.7480741562471207,EIN60R_1659,fuel,38559.76742409367,0.0,True
70754.19311505817,857.1812,-80471.10696585517,37829.83009861125,10263.199900461159,53.04371596491862,2.18780256825429,33672.0,0.783766,454.4862,-0.0,297.8737,0.7479136336230892,EIN60R_1659,fuel,38551.79227987135,0.0,True
70736.7050871755,880.3482,-85259.30955296224,40362.24372908815,10263.199900230864,53.06574395063148,2.1155160017936216,33672.0,0.783756,454.4804,-0.0,297.8614,0.747756927173139,EIN60R_1659,fuel,38544.111015487404,0.0,True
70719.22096865649,903.5153,-90047.99545951409,42893.59551264384,10263.199900000534,53.08771844207952,2.043148583306114,33672.0,0.783746,454.4746,-0.0,297.8491,0.747600282527586,EIN60R_1659,fuel,38536.43345280595,0.0,True
72079.56151046405,0.0,91622.47715822497,-41193.01877289866,30.480000303472227,52.331401824069765,4.740029810370561,100.0,0.3,198.3755,1215.0,182.9988,1.552218324448546,EIN60R_1659,pop,81501.18225505372,0.0619722835363593,True
72044.96799519694,22.2709,91503.88336579068,-43456.8162563001,167.89312751611786,52.311067147429476,4.7376642538618645,551.0,0.398231,262.9225,1437.0,182.9988,1.4883516545798983,EIN60R_1659,pop,76896.2098445301,0.0567593332692968,True
72011.84420820238,44.5417,91346.66654739226,-46457.875844103364,330.50262842453236,52.28410989616791,4.734531820301002,1084.0,0.499941,329.4658,1660.0,216.4051,1.562974992113074,EIN60R_1659,pop,82326.59531640631,0.04831590427898834,True
71977.12083071229,66.8126,89111.56277353333,-49488.9284515316,518.3085030290382,52.25722587890098,4.7008725307088595,1700.0,0.595849,391.8305,1883.0,249.8114,1.6821392868080545,EIN60R_1659,pop,92911.32139525012,0.040058171515424915,True
71939.78005152592,89.0835,84907.99186862349,-51034.5881547004,731.3107513297053,52.2439976321168,4.638731920840869,2399.0,0.681056,446.7732,2105.0,283.2178,1.7790190446321166,EIN60R_1659,pop,105263.19515799443,0.03194694291948819,True
71900.2781635179,111.3543,79937.07201535783,-49867.043914661735,969.5093733265239,52.25524592924984,4.566010013951437,3181.0,0.753722,493.0891,2328.0,300.8861,1.8362442682659108,EIN60R_1659,pop,117263.16513189363,0.025204671091294744,True
71859.47764205888,133.6252,75101.47272570617,-46974.59318229129,1232.9043690194192,52.28194111345038,4.495626643130505,4045.0,0.81396,530.8779,2551.0,299.4603,1.8640677004749533,EIN60R_1659,pop,127915.46181631635,0.01850838655085676,True
71818.01931692992,155.8961,69820.44586745884,-43991.55994589258,1521.4957384082227,52.309466138379,4.418626326086544,4992.0,0.82,533.0235,2774.0,299.0839,1.8659006742707207,EIN60R_1659,pop,129079.85704081942,0.011070024011630444,True
71776.51318078893,178.1669,64500.39820469809,-41032.417929277246,1835.2834814925366,52.33673080007838,4.3409513718101955,6021.0,0.82,531.0664,2996.0,299.2415,1.8655262660302552,EIN60R_1659,pop,128885.2702521082,0.007876611491583503,True
71735.0177023046,200.4378,59210.10228494871,-38070.746037370736,2174.267598271139,52.36396395888808,4.263619236336143,7133.0,0.82,528.944,3000.0,299.0697,1.85912254683187,EIN60R_1659,pop,125740.9496944604,0.005989384674156688,True
71693.67184142597,222.7087,53932.31561438512,-35136.82089670833,2513.675612565305,52.39089580799337,4.186371606942879,8247.0,0.82,526.8104,3000.0,298.9998,1.8515556083933868,EIN60R_1659,pop,122669.42818799958,0.004743681910095118,True
71652.50077970522,244.9795,48672.409656762095,-32221.232268278938,2853.083626859427,52.41761072945742,4.109290676371694,9361.0,0.82,524.6681,3000.0,298.9184,1.8429226677292039,EIN60R_1659,pop,119725.88671188489,0.003964643705855723,True
71611.52732728943,267.2504,43429.92787196451,-29325.03279787384,3192.4916411534905,52.444099692841554,4.032370889846803,10474.0,0.82,522.517,3000.0,298.856,1.8332485197566941,EIN60R_1659,pop,116910.03409532527,0.0033935905581727287,True
71570.7736068904,289.5213,38205.96083305556,-26446.47865413552,3531.8996554474766,52.47037869039593,3.9556299018323147,11588.0,0.82,520.3571,3000.0,298.7463,1.822559695415826,EIN60R_1659,pop,114215.67424729158,0.002935484517428988,True
71530.26053450517,311.7921,32998.26662540902,-23589.881795934336,3871.3076697413735,52.496409500838844,3.879035464706067,12701.0,0.82,518.1881,3000.0,298.6948,1.810935743433581,EIN60R_1659,pop,111644.59612039835,0.002587229691109916,True
71490.00734962296,334.063,27809.8859315184,-20749.943525634666,4210.715684035164,52.52223997518252,3.8026344055971877,13815.0,0.82,516.01,3000.0,298.6252,1.7984419303591825,EIN60R_1659,pop,109191.21067476444,0.0023163918348657274,True
71450.03120681742,356.3339,22640.04889208169,-17928.304344481858,4550.123698328836,52.54785583704548,3.726416495489623,14928.0,0.82,513.8227,3000.0,298.5566,1.7851969111641248,EIN60R_1659,pop,106857.24784128819,0.002087802292221181,True
71410.34683539502,378.6047,17488.93366845663,-15124.878982163744,4889.531712622371,52.5732582707342,3.6503856977892815,16042.0,0.82,511.6261,3000.0,298.5144,1.771293124073511,EIN60R_1659,pop,104637.71676419105,0.0018981133593129352,True
71370.96626919317,400.8756,12357.951203696812,-12337.313748904782,5228.939726915747,52.598468840498334,3.574564311575577,17155.0,0.82,509.4199,3000.0,298.4568,1.7568747354169474,EIN60R_1659,pop,102534.24223866907,0.0017433416201001937,True
71331.89864488412,423.1465,7246.479318101634,-9566.993303608742,5568.34774120895,52.62347557315226,3.498944331308573,18269.0,0.82,507.2042,3000.0,298.4171,1.7420494094877703,EIN60R_1659,pop,100542.52159546985,0.0016073358582809815,True
71293.15006429444,445.4173,2155.498777716232,-6812.350564817428,5907.7557555019575,52.64829301587596,3.423541589648273,19382.0,0.82,504.9788,3000.0,298.3859,1.7269741080260528,EIN60R_1659,pop,98664.17432877174,0.0014893158975082367,True
71254.72351426247,467.6882,-2914.4594629740964,-4072.6457915305277,6247.163769794749,52.672928197860195,3.348365514627654,20496.0,0.82,502.7435,3000.0,298.3621,1.7117607681884988,EIN60R_1659,pop,96895.53286900753,0.0007010577390941345,True
71216.61883633432,489.9591,-7962.9314801773335,-1347.2635287654932,6586.571784087271,52.69738721680363,3.273423405718922,21609.0,0.82,500.4982,3000.0,298.327,1.6965683354612966,EIN60R_1659,pop,95238.26673205705,0.0,True
71178.83273801809,512.2299,-12990.335588538439,1362.7743957616196,6925.979798379525,52.721661431839586,3.1987107991006245,22723.0,0.82,498.2428,3000.0,298.3188,1.6815054588661669,EIN60R_1659,pop,93689.47049741852,0.0,True
71141.35883724505,534.5008,-17995.28768240345,4059.7860104846136,7265.387812671479,52.74577222291328,3.1242493203545068,23837.0,0.82,495.9771,3000.0,298.2864,1.666713147623151,EIN60R_1659,pop,92249.95767549431,0.0,True
71104.18773199829,556.7717,-22978.814607490796,6741.613008521067,7604.795826963098,52.769700671858146,3.0500249992282504,24950.0,0.82,493.7011,3000.0,298.2872,1.6523271164600166,EIN60R_1659,pop,90920.47755311064,0.0,True
71067.30708765083,579.0425,-27939.245563413824,9411.103783897173,7944.203841254364,52.793472988504725,2.976063655832135,26064.0,0.82,491.4145,2913.0,298.274,1.624982447840059,EIN60R_1659,pop,88488.85600328457,0.0,True
71030.99427604457,601.3134,-32877.97375040742,12067.449303669166,8273.766395628078,52.817082364901225,2.902345763408846,27145.0,0.82,489.184,2690.0,298.2867,1.5737170385395414,EIN60R_1659,pop,84286.33650309975,0.0,True
70995.76268292843,623.5843,-37795.638466163255,14713.86790002845,8578.132576311056,52.84055821225622,2.8288625515779624,28143.0,0.82,487.1149,2468.0,298.2765,1.5189882167469149,EIN60R_1659,pop,80246.37248080561,0.0,True
70961.68760391598,645.8551,-42694.84858402104,17349.232929731395,8857.302383300595,52.86389068682329,2.755576263163469,29059.0,0.81812,484.0972,2245.0,298.3049,1.4603213552681642,EIN60R_1659,pop,76179.27135051599,0.0,True
70928.88400425382,668.126,-47564.19529322034,19971.639867442573,9111.275816595848,52.88706409652288,2.682658155669348,29893.0,0.814954,480.4941,2022.0,298.3087,1.3983732338487127,EIN60R_1659,pop,72137.74047513228,0.0,True
70897.45168512203,690.3969,-52398.825780422034,22575.772303762205,9340.05287619644,52.910031842866616,2.610182746584825,30643.0,0.811924,477.1507,1799.0,298.324,1.3338290936931283,EIN60R_1659,pop,68212.09838844648,0.0,True
70867.4503408884,712.6677,-57200.76052458897,25163.947553482518,9543.633562102194,52.93281541558111,2.5381211196016764,31311.0,0.808935,474.0088,1577.0,298.3035,1.2671918680415648,EIN60R_1659,pop,64390.54302249309,0.0,True
70838.9358877521,734.9386,-61973.5610590181,27734.209244379937,9722.017874313064,52.955397618717335,2.466421965194501,31896.0,0.805969,471.0585,1354.0,298.3316,1.1982261833622794,EIN60R_1659,pop,60628.156048095574,0.0,True
70811.95872571808,757.2095,-66716.88447715712,30291.60234222739,9875.205812829101,52.97782457125148,2.395090834145315,32399.0,0.803022,468.2963,1131.0,298.3287,1.1274290072212805,EIN60R_1659,pop,56925.45474673278,0.0,True
70786.56350504221,779.4803,-71433.9208851289,32834.51823312741,10003.197377650462,53.000082098622045,2.3240816660411987,32819.0,0.799987,465.659,909.0,298.3837,1.0553352903821025,EIN60R_1659,pop,53280.93730527426,0.0,True
70762.79133911183,801.7512,-76123.27437999932,35368.32336540694,10105.99256877744,53.02221928383163,2.253415299055736,33156.0,0.796871,463.1505,686.0,298.3941,0.9816058430149975,EIN60R_1659,pop,49657.23947720889,0.0,True
70740.67676023528,824.0221,-80788.1266447906,37889.9821705392,10183.591386210608,53.044209013671704,2.1830459381757654,33411.0,0.79353,460.6852,463.0,298.3903,0.9067160627634173,EIN60R_1659,pop,46054.83915666627,0.0,True
70720.25083546081,846.2929,-85429.43747011674,40398.51193491468,10235.993829951169,53.06604287704474,2.1129605703999266,33583.0,0.78999,458.2781,240.0,298.3792,0.8309409116136242,EIN60R_1659,pop,42470.79982844965,0.0,True
70701.53654161366,868.5638,-90047.99545954878,42893.59551270769,10263.199900002848,53.0877184420801,2.043148583305576,33672.0,0.78645,456.0425,18.0,298.3682,0.7550024087308553,EIN60R_1659,pop,38926.343303851376,0.0,True
77219.99990000269,0.0,91168.2457443034,31729.00992802569,30.480000304420145,52.32860183627584,4.708839891842612,100.0,0.3,198.3755,2108.0,3.1751,1.8490135492385142,VLG98RR_135,fuel,121299.40608418701,0.07048607756177237,True
77178.76976404885,22.2888,91293.37544031386,33984.671233197645,269.21329354558986,52.34886249867819,4.711296580499218,883.0,0.357882,236.0113,2331.0,3.1751,1.8212837041495653,VLG98RR_135,fuel,113415.61172690356,0.06796146820200719,True
77138.16553459568,44.5776,91442.33291275126,36669.866014340325,533.1834990994304,52.37298121701661,4.714224162843023,1749.0,0.421099,276.8682,2554.0,329.742,1.8060037845341226,VLG98RR_135,fuel,110112.98604807243,0.061475676316926534,True
77097.92245812887,66.8663,89851.88841920176,39396.16856756815,822.3906169661767,52.39775781004106,4.691534430436438,2698.0,0.48562,318.234,2777.0,296.3088,1.808111878352722,VLG98RR_135,fuel,110539.48176857817,0.05272383166036536,True
77057.65632093203,89.1551,86598.89699057513,41004.518624938144,1136.834647145707,52.41274378377244,4.6440151245002,3730.0,0.548123,357.8927,3000.0,262.8756,1.8214108266734876,VLG98RR_135,fuel,113445.38447625207,0.03753193533092091,True
77017.11205531769,111.4439,82548.78776285752,40498.30078036563,1476.5155896364622,52.40881817870932,4.584184795860383,4844.0,0.606346,394.3496,3000.0,247.8758,1.821570680982302,VLG98RR_135,fuel,113482.88446376627,0.025334370902098294,True
76976.58309266613,133.7327,78380.08782093757,38803.51789003622,1816.19653212766,52.394192053356754,4.522337786711158,5959.0,0.662499,429.1587,3000.0,247.8672,1.8274331719854295,VLG98RR_135,fuel,114908.15379170369,0.0175753870644173,True
76935.93547968124,156.0214,73841.77628986815,36957.67777317245,2155.8774746189333,52.37822535691849,4.455053660030515,7073.0,0.71542,461.5849,3000.0,247.8547,1.835559002907558,VLG98RR_135,fuel,117069.40809978968,0.011047357665403636,True
76895.1122815618,178.3102,68959.4979123069,34970.69390160782,2495.55841711026,52.360994726728684,4.382724050693157,8188.0,0.764506,491.2645,3000.0,247.8505,1.8435611484993086,VLG98RR_135,fuel,119466.48944098945,0.008472146129712794,True
76854.11135499054,200.599,63762.280277135826,32855.08980389182,2835.239359601624,52.34260013729834,4.30579064392862,9302.0,0.809584,518.1147,3000.0,247.8557,1.8503132588924964,VLG98RR_135,fuel,121981.00264625953,0.0069458949680400155,True
76812.94346485069,222.8878,58279.889446826,30623.980246094317,3174.9203020930163,52.32314735770235,4.224705398845534,10416.0,0.82,522.6286,3000.0,247.8634,1.8457562923175317,VLG98RR_135,fuel,120730.87410856548,0.006036022581160492,True
76771.85868456747,245.1765,52749.37128796477,28374.15228956624,3514.601244584402,52.303475448174574,4.142980771784033,11531.0,0.82,520.4674,3000.0,247.8591,1.837083793933384,VLG98RR_135,fuel,118075.8188356453,0.005352593050117023,True
76730.96845873831,267.4653,47242.05992074836,26133.285591608124,3854.282187075771,52.28382580884331,4.0616712170700255,12645.0,0.82,518.2971,3000.0,247.8509,1.8275908850124052,VLG98RR_135,fuel,115546.5712649,0.0048133975802729205,True
76690.28953667832,289.7541,41758.20256279041,23901.050010320374,4193.963129567126,52.26419624630831,3.980779528087926,13760.0,0.82,516.1178,3000.0,247.8559,1.8173294029587512,VLG98RR_135,fuel,113137.784748598,0.004280417339243478,True
76649.83694293788,312.0429,36297.38302025518,21678.748873729965,4533.644072058464,52.24459930529616,3.900298946360556,14874.0,0.82,513.9291,3000.0,247.878,1.8063976528302919,VLG98RR_135,fuel,110851.20948420049,0.00384901781385755,True
76609.62363429069,334.3316,30859.044689295228,19468.035444304467,4873.325014549781,52.22505066412098,3.82022060994896,15989.0,0.82,511.7312,3000.0,247.9044,1.7948753034227076,VLG98RR_135,fuel,108682.18165437788,0.0034573789637979213,True
76569.66021627682,356.6204,25443.130137850832,17269.34207310388,5213.005957041076,52.20555497158275,3.7405427979904844,17103.0,0.82,509.5237,3000.0,247.9214,1.7828872827971856,VLG98RR_135,fuel,106632.41286498046,0.003113072240590847,True
76529.95472013287,378.9092,20050.108615586098,15081.807575337038,5552.686899532345,52.186105217063265,3.661271413798371,18217.0,0.82,507.3067,3000.0,247.9274,1.7705401917521701,VLG98RR_135,fuel,104699.23095159954,0.002839416957687666,True
76490.51243801121,401.198,14680.509222378523,12904.424725492338,5892.367842023587,52.16669308790906,3.582413276935089,19332.0,0.82,505.0799,3000.0,247.9357,1.7579445086396726,VLG98RR_135,fuel,102880.43935317293,0.00261322452391892,True
76451.33581220264,423.4867,9334.350223822323,10737.449152678906,6232.048784514798,52.147321651839334,3.503967806631437,20446.0,0.82,502.8432,3000.0,247.9595,1.745243848285927,VLG98RR_135,fuel,101177.84526314042,0.0013369833946543785,True
76412.42437259523,445.7755,4011.154341300213,8582.364404366595,6571.729727005979,52.12800501552175,3.4259271593492144,21561.0,0.82,500.5966,3000.0,247.9886,1.7325428162813483,VLG98RR_135,fuel,99588.59891778496,0.0,True
76373.77471573932,468.0643,-1289.155051195856,6439.672037090872,6911.410669497127,52.108748416719834,3.3482892819049472,22675.0,0.82,498.3398,3000.0,248.0042,1.7199852968581304,VLG98RR_135,fuel,98114.58639382684,0.0,True
76335.38051854706,490.3531,-6565.959355909671,4308.15797815048,7251.091611988238,52.089541651079394,3.2710623476302882,23790.0,0.82,496.0727,3000.0,248.0089,1.7076723837367758,VLG98RR_135,fuel,96753.81807568065,0.0,True
76297.23257972789,512.6418,-11818.73573486798,2186.846628759393,7590.772554479308,52.07037673934822,3.1942531712930027,24904.0,0.82,493.7953,2806.0,248.0213,1.6679675805637113,VLG98RR_135,fuel,92623.74111138325,0.0,True
76259.91990867129,534.9306,-17049.62328825497,75.6928347641859,7908.493055178284,52.0512539960878,3.1178295829124028,25946.0,0.82,491.6555,2583.0,248.0518,1.6196889576452702,VLG98RR_135,fuel,88219.46791341054,0.0,True
76223.62246262594,557.2194,-22260.96363378908,-2024.3503229012736,8200.976643564523,52.0321825977177,3.041756462748125,26906.0,0.82,489.6775,2360.0,248.0901,1.5670056887816062,VLG98RR_135,fuel,83961.7990645707,0.0,True
76188.43104354398,579.5082,-27454.673215916366,-4113.247330021148,8468.223319637642,52.013163394593136,2.9660049898938703,27783.0,0.81833,486.8695,2137.0,248.1178,1.509843245210042,VLG98RR_135,fuel,79694.05689362476,0.0,True
76154.47252129347,601.7969,-32621.445999624666,-6188.407119435109,8710.23308339753,51.99422080526949,2.890710056078348,28577.0,0.814674,483.0562,1914.0,248.1327,1.4484085293617968,VLG98RR_135,fuel,75387.60389038135,0.0,True
76121.88300037397,624.0857,-37750.03015633677,-8246.689684464309,8927.005934844123,51.97538465812117,2.8160345133717266,29288.0,0.811202,479.5318,1692.0,248.1473,1.38381880073417,VLG98RR_135,fuel,71220.23991399734,0.0,True
76090.73976293471,646.3745,-42843.39566708672,-10289.321709323698,9118.541873977409,51.95664481765744,2.741933765023957,29916.0,0.807836,476.2481,1469.0,248.1766,1.3158815035606728,VLG98RR_135,fuel,67134.62391995867,0.0,True
76061.11505486487,668.6633,-47904.51593419191,-12316.022582523146,9284.840900797375,51.938004584251445,2.66836310715076,30462.0,0.80452,473.1723,1246.0,248.2093,1.2451164029027217,VLG98RR_135,fuel,63125.1430141343,0.0,True
76033.07539730538,690.952,-52935.61206936847,-14327.366515410931,9425.903015304028,51.919459525954174,2.5952890009018508,30925.0,0.801178,470.2571,1023.0,248.2312,1.1718215379329462,VLG98RR_135,fuel,59173.87862229595,0.0,True
76006.68195635329,713.2408,-57937.89766710968,-16324.978170937855,9541.728217497377,51.90099578216162,2.5226928635406196,31305.0,0.797785,467.4883,800.0,248.2325,1.0963008290334786,VLG98RR_135,fuel,55268.73080572536,0.0,True
75981.98878875839,735.5296,-62912.10419024433,-18311.243991578838,9632.316507377473,51.88259264693209,2.4505634049259277,31602.0,0.794249,464.8095,577.0,248.2298,1.0188317853395614,VLG98RR_135,fuel,51396.074886057046,0.0,True
75959.04406657933,757.8184,-67858.9421445263,-20286.852079764758,9697.667884944389,51.86424465735734,2.3788894628778876,31816.0,0.790538,462.202,354.0,248.2457,0.9397182888440905,VLG98RR_135,fuel,47548.02850545556,0.0,True
75937.88794321,780.1071,-72779.69648440249,-22250.459071950856,9737.782350198282,51.845964511386285,2.307651142757808,31948.0,0.786514,459.5832,131.0,248.2689,0.8591983814233424,VLG98RR_135,fuel,43712.61950186466,0.0,True
75918.55457240232,802.3959,-77674.37085841915,-24201.364272732182,9752.65990313965,51.8277592553858,2.2368472965773143,31997.0,0.783968,457.9968,-0.0,248.2789,0.8111659446834265,VLG98RR_135,fuel,41454.37820194214,0.0,True
75900.31230190868,824.6847,-82553.03481285438,-26144.898823765914,9752.65990291774,51.80958019825582,2.166331793523252,31997.0,0.783957,457.9904,-0.0,248.2659,0.8110039086752756,VLG98RR_135,fuel,41446.36416540481,0.0,True
75882.07392848823,846.9735,-87431.18880054538,-28089.513832707707,9752.659902695807,51.79134939124767,2.095880888141588,31997.0,0.78394,457.9802,-0.0,248.2527,0.8108377256086627,VLG98RR_135,fuel,41438.032352917304,0.0,True
75863.839605564,869.2622,-92308.78571381538,-30035.209977326846,9752.65990247385,51.773066911539864,2.0254953490077146,31997.0,0.783922,457.97,-0.0,248.2395,0.8106715980884669,VLG98RR_135,fuel,41429.70450291108,0.0,True
77219.99990076739,0.0,91168.24574911162,31729.00999160452,30.48000018408231,52.3286018368467,4.708839891930676,100.0,0.3,198.3755,781.0,3.1751,1.412456750690937,VLG98RR_135,pop,71938.39867698414,0.07048607767352247,True
77189.75436903641,21.3962,91289.03974711729,33906.51345648062,115.37491895116278,52.34816047563654,4.711211417747842,379.0,0.395772,261.4539,995.0,3.1751,1.3694860214278353,VLG98RR_135,pop,69318.31701616716,0.07199480713628961,True
77160.46848806478,42.7924,91448.22995585875,36776.169538999835,223.52591761378403,52.373936045463644,4.714340131184864,733.0,0.493355,325.52,1209.0,331.0809,1.4746183665196817,VLG98RR_135,pop,75962.75145868723,0.07365410558691779,True
77128.98047289894,64.1886,89718.01612126762,39907.9732253794,354.93299618556,52.402381626710174,4.689699399259192,1164.0,0.585061,385.4533,1423.0,298.9866,1.622538866510013,VLG98RR_135,pop,87233.42654894739,0.0711974450969541,True
77094.36059570312,85.5847,86012.48211535811,41960.848850467824,509.59615467025685,52.42143521011715,4.635617525698055,1672.0,0.666962,438.6382,1637.0,266.8923,1.7442404943655618,VLG98RR_135,pop,100168.72234541143,0.050573291157657345,True
77057.1417587067,106.9809,81199.60090105305,41699.54196486349,687.5153930686545,52.41982134486279,4.564590168817501,2256.0,0.737525,484.0596,1851.0,255.9046,1.8190034036110634,VLG98RR_135,pop,112888.71982805789,0.03131315471386854,True
77018.30590863075,128.3771,76041.55407397251,40404.37212386222,888.6907113796649,52.40891672524515,4.488243070805204,2916.0,0.796746,521.7216,2065.0,252.2027,1.8567521935628846,VLG98RR_135,pop,124307.68870813542,0.017463812846239143,True
76978.63696455711,149.7733,70584.95905641188,38652.73015531356,1113.122109600466,52.39389697908379,4.407437379510455,3652.0,0.82,535.5598,2279.0,250.586,1.8666988571467062,VLG98RR_135,pop,129563.05495825654,0.009182930148511253,True
76938.7300346953,171.1695,65038.040191440996,36697.82673314625,1360.8095877256496,52.377005199788776,4.32531656510799,4465.0,0.82,534.0229,2493.0,249.7303,1.8674014148393383,VLG98RR_135,pop,129977.96321658787,0.006563488062608322,True
76898.80978240866,192.5657,59538.55025550231,34666.80834954148,1631.7531457457442,52.35936700491657,4.243943448315489,5354.0,0.82,532.3366,2707.0,249.1308,1.8678481345397178,VLG98RR_135,pop,130252.67876785871,0.005810613188548683,True
76858.88143655182,213.9619,54079.796068280564,32585.67180354615,1925.952783641718,52.34121831437214,4.163226824485208,6319.0,0.82,530.4995,2921.0,248.6295,1.8680903408432556,VLG98RR_135,pop,130410.69041323301,0.0051567996115167315,True
76818.94909548358,235.358,48660.2264603152,30464.981236199463,2243.4085013564154,52.32265554966507,4.083147275441872,7360.0,0.82,528.51,3000.0,248.2174,1.864835221426357,VLG98RR_135,pop,128586.69749629509,0.004597793623668593,True
76779.08931968725,256.7542,43277.17203887837,28313.808428531072,2569.486373306495,52.30376173647873,4.003668043919819,8430.0,0.82,526.4587,3000.0,247.8861,1.858853045983549,VLG98RR_135,pop,125699.10730612508,0.0041422964265355935,True
76739.36139449752,278.1504,37927.63869678477,26140.074484003664,2895.564245254156,52.28460946676188,3.9247469094042073,9500.0,0.82,524.3993,3000.0,247.6005,1.8520314853646744,VLG98RR_135,pop,122930.9158622566,0.0037734885254502772,True
76699.78247886003,299.5466,32610.038163324127,23948.37246452494,3221.642117198881,52.26524119933639,3.846361523283481,10570.0,0.82,522.3319,3000.0,247.3582,1.8443789989262953,VLG98RR_135,pop,120280.27525608594,0.003417873033756522,True
76660.36931023127,320.9428,27322.833997152182,21742.989904890626,3547.719989140138,52.24569657646362,3.7684899985125297,11640.0,0.82,520.2562,3000.0,247.1561,1.8359223913255889,VLG98RR_135,pop,117745.34549759567,0.0031097973879223332,True
76621.13781773478,342.339,22064.5708204474,19527.879185540514,3873.797861077372,52.2260121589853,3.691111366226862,12709.0,0.82,518.1722,3000.0,247.0124,1.8267137473660453,VLG98RR_135,pop,115326.23157587758,0.002859961367584431,True
76582.102763104,363.7352,16833.075541331764,17308.574944314667,4199.875733009971,52.20623869841121,3.6141939791224758,13779.0,0.82,516.0797,3000.0,246.9029,1.8167983627000228,VLG98RR_135,pop,113017.7434990048,0.002632552766584763,True
76543.27741900763,385.1313,11627.092360353405,15088.349646993765,4525.953604937284,52.186406494945764,3.537719267964513,14849.0,0.82,513.9788,3000.0,246.7933,1.806257401203042,VLG98RR_135,pop,110820.3336769976,0.002438101692164577,True
76504.67329102756,406.5275,6446.699278763436,12867.314778184884,4852.03147685863,52.16651735181171,3.461687981726363,15919.0,0.82,511.8692,3000.0,246.693,1.7951762965889815,VLG98RR_135,pop,108732.65449378084,0.0022824138630646584,True
76466.29988650585,427.9237,1291.609618663904,10646.430691710306,5178.109348773288,52.146580699674274,3.386095513048596,16989.0,0.82,509.7509,3000.0,246.6145,1.7836499482079162,VLG98RR_135,pop,106753.55909442207,0.0021409571168592217,True
76428.16453084587,449.3199,-3838.9519720200706,8427.777835439421,5504.187220680481,52.12661601243711,3.3109300379109263,18058.0,0.82,507.6238,3000.0,246.5502,1.7717900234577029,VLG98RR_135,pop,104883.35612696943,0.00201870076120912,True
76390.27222972752,470.7161,-8945.460593911423,6212.724862318061,5830.265092579418,52.10663634404903,3.2361840645944233,19128.0,0.82,505.4877,3000.0,246.4898,1.7596836475361057,VLG98RR_135,pop,103118.43059401869,0.001917248819326163,True
76352.62557408796,492.1123,-14027.987212575597,4001.702374509571,6156.342964469094,52.0866463316098,3.1618559577888394,20198.0,0.82,503.3426,3000.0,246.449,1.7474499080823043,VLG98RR_135,pop,101459.52713769351,0.0014631937303510242,True
76315.2246836039,513.5085,-19087.210656778458,1796.5350907082254,6482.420836345174,52.06666311386092,3.087935058466019,21268.0,0.82,501.1882,3000.0,246.4524,1.7351992202827118,VLG98RR_135,pop,99906.11610564735,0.0,True
76278.06718373539,534.9046,-24124.739377872025,-398.82737971938496,6808.498708208624,52.04672285695928,3.01439687880105,22338.0,0.82,499.0246,3000.0,246.4622,1.7230417149098147,VLG98RR_135,pop,98457.9340338961,0.0,True
76241.14821108776,556.3008,-29140.72450308382,-2583.7787864143015,7134.5765800594545,52.02683167012089,2.941238334541311,23407.0,0.82,496.8515,3000.0,246.4697,1.7110955432274308,VLG98RR_135,pop,97115.7747567127,0.0,True
76204.46044184448,577.697,-34134.981252080936,-4758.480245073037,7460.654451896764,52.00698877174444,2.8684612991086538,24477.0,0.82,494.6689,2934.0,246.4751,1.6904271589261826,VLG98RR_135,pop,94899.68139903752,0.0,True
76168.18156657842,599.0932,-39107.95956022462,-6923.3583032321885,7779.563345040792,51.98719095049692,2.7960584157097004,25524.0,0.82,492.525,2720.0,246.4837,1.6465026680533417,VLG98RR_135,pop,90601.12853856372,0.0,True
76132.79005749537,620.4894,-44061.536891221076,-9078.91171643305,8075.216158503575,51.96743421174412,2.7240015395218964,26493.0,0.82,490.529,2506.0,246.4924,1.598408147287778,VLG98RR_135,pop,86449.11173622885,0.0,True
76098.36861627856,641.8856,-48997.14151992281,-11225.748952677406,8347.612892172328,51.94771354334842,2.652269175047947,27387.0,0.82,488.6828,2292.0,246.5017,1.5463999152117514,VLG98RR_135,pop,82424.19083928023,0.0,True
76064.99497169451,663.2818,-53916.22977586299,-13364.456833259976,8596.753546011554,51.928024071261596,2.580839488191133,28205.0,0.819998,486.9869,2078.0,246.5055,1.490799583841174,VLG98RR_135,pop,78511.19663108786,0.0,True
76032.74166901752,684.6779,-58820.03978762995,-15496.133494584634,8822.638120005602,51.908356292408506,2.509693986203683,28946.0,0.816573,483.4177,1864.0,246.5124,1.4310156247089507,VLG98RR_135,pop,74412.52805252111,0.0,True
76001.76824885838,706.0741,-63689.70958190091,-17612.272888841755,9025.26661414743,51.888789329873966,2.4391053452021456,29610.0,0.813282,480.0938,1650.0,246.5212,1.3682063176514059,VLG98RR_135,pop,70422.19188682055,0.0,True
75972.14191206382,727.4703,-68527.70167254133,-19713.76044352402,9204.639028435682,51.86931587130748,2.3690365927140635,30199.0,0.810122,477.0118,1436.0,246.5308,1.3026250963826453,VLG98RR_135,pop,66520.81152343593,0.0,True
75943.92402293101,748.8665,-73336.39760115706,-21801.56773829586,9360.755362873908,51.84992774728589,2.299452073474052,30711.0,0.806984,474.1068,1222.0,246.5348,1.2345395488819744,VLG98RR_135,pop,62686.8429302345,0.0,True
75917.17272676952,770.2627,-78117.29062654378,-23876.90908858547,9493.615617471538,51.830614642026326,2.2303292335648743,31147.0,0.803878,471.3842,1008.0,246.5372,1.1642159821606928,VLG98RR_135,pop,58908.80602317163,0.0,True
75891.9397055172,791.6589,-82872.07629756932,-25940.676075702002,9603.219792247995,51.81136905478352,2.161642609132865,31507.0,0.800749,468.81,794.0,246.5415,1.0919146388053147,VLG98RR_135,pop,55173.5843034403,0.0,True
75868.27154939788,813.0551,-87602.22361452706,-27993.33153059997,9689.567887245903,51.792187312824076,2.093370017000574,31790.0,0.797531,466.345,580.0,246.547,1.017903284851997,VLG98RR_135,pop,51470.24136687939,0.0,True
75846.20952249966,834.4512,-92308.78571584502,-30035.209982882254,9752.659902598767,51.77306691148957,2.025495348979709,31997.0,0.794312,464.0401,367.0,246.5526,0.9428449118458281,VLG98RR_135,pop,47813.781909679856,0.0,True
62347.23272988788,0.0,-37633.659448224826,101161.13114705378,30.480000304328662,52.32129867294426,4.779952280649716,100.0,0.3,198.3755,3000.0,183.0038,1.852590904593335,ITY121_1784,fuel,122613.69692857665,0.04941605355186782,True
62303.916607744846,23.374,-37757.032303785476,98809.98828811219,386.7001120726916,52.30014664499783,4.778401406003098,1269.0,0.373274,245.8338,3000.0,183.0038,1.7861596443471581,ITY121_1784,fuel,106451.49292461528,0.04531655278513373,True
62262.175771722155,46.748,-37910.50502730558,95885.22581660387,742.9202238413892,52.27383402893315,4.776474143712431,2437.0,0.462004,303.0344,3000.0,158.2237,1.7331387199318302,ITY121_1784,fuel,98730.0201434799,0.036422171958660834,True
62221.735882729736,70.1221,-36567.878362152354,92524.38919815396,1099.1403356102674,52.243700809667686,4.7965708628956705,3606.0,0.556726,363.6688,3000.0,158.2599,1.7320840765755807,ITY121_1784,fuel,98597.16188701097,0.029010682344578563,True
62181.38344145423,93.4961,-34956.84009107419,88484.25874459573,1455.3604473793214,52.20747235380408,4.820649994616852,4775.0,0.648945,422.1586,3000.0,158.3049,1.7663196393764526,ITY121_1784,fuel,103283.04095480265,0.02127634487535235,True
62140.26258135093,116.8701,-33088.81480905435,83788.94829579105,1811.5805591484987,52.165362399943014,4.848522072219203,5944.0,0.733243,475.0116,3000.0,158.3297,1.8059081080500727,ITY121_1784,fuel,110093.824961179,0.01862230458352427,True
62098.21347839465,140.2441,-30988.153720399976,78502.24858267563,2167.8006709177525,52.11794057065825,4.879802875215376,7112.0,0.807205,520.7302,3000.0,158.3455,1.8357657797373872,ITY121_1784,fuel,117216.22474318826,0.016668415982570736,True
62055.43640053437,163.6182,-28686.200058081744,72704.29200777615,2524.020782687052,52.06592316446799,4.914005160901116,8281.0,0.82,526.7452,3000.0,158.3773,1.8305658427099725,ITY121_1784,fuel,116060.26370225222,0.01691104429105558,True
62012.764650045516,186.9922,-26360.869610520607,66837.96138548056,2880.2408944563417,52.01328209833271,4.948474704924607,9450.0,0.82,524.4963,3000.0,158.4057,1.8174722717998577,ITY121_1784,fuel,112899.94814354411,0.016843927713655928,True
61970.40923580705,210.3662,-24048.43349781021,60995.71832738348,3236.4610062256097,51.96084706180344,4.982673355114784,10618.0,0.82,522.2377,3000.0,158.3893,1.8029364789135771,ITY121_1784,fuel,109876.33837821305,0.01465105987402689,True
61928.40240921102,233.7402,-21744.36437107109,55179.482578494535,3592.681117994855,51.90863570278145,5.016668472173387,11787.0,0.82,519.9693,3000.0,158.335,1.7870261850946823,ITY121_1784,fuel,106982.54252624288,0.013280330350064526,True
61886.77399022257,257.1143,-19444.890709924253,49390.87982308448,3948.9012297640734,51.85666292075248,5.050516160754534,12956.0,0.82,517.691,3000.0,158.3019,1.769868565021739,ITY121_1784,fuel,104218.08239077663,0.012004557100649932,True
61845.550755844386,280.4883,-17152.241749171,43629.15873131958,4305.121341533257,51.80492199033869,5.084185148495473,14124.0,0.818162,514.2471,3000.0,158.3185,1.7502945094023898,ITY121_1784,fuel,101343.50869977221,0.011518863665701583,True
61804.796682781605,303.8623,-14876.598681117961,37905.34660134832,4661.341453302405,51.75351193787893,5.117528251981934,15293.0,0.815504,510.2908,3000.0,158.3635,1.7291288252177854,ITY121_1784,fuel,98529.25109421674,0.011651705997629878,True
61764.55067447017,327.2363,-12623.03051613797,32224.058938784474,5017.561565071505,51.70247440749625,5.150473651723458,16462.0,0.813937,507.0183,3000.0,158.4077,1.7080059814688084,ITY121_1784,fuel,96000.1550826884,0.012501549789433608,True
61724.80416331314,350.6103,-10388.364246901132,26577.718586476858,5373.781676840555,51.651741622908,5.18306978294032,17631.0,0.813206,504.2625,3000.0,158.4479,1.6869612659851965,ITY121_1784,fuel,93695.8480924129,0.012715214746914692,True
61685.548992684344,373.9844,-8169.873114802129,20960.732242947994,5730.001788609549,51.6012635871765,5.215358142938118,18799.0,0.813062,501.863,3000.0,158.5186,1.6660074689919235,ITY121_1784,fuel,91573.04635408483,0.012083799221071034,True
61646.77783058747,397.3584,-5968.916961813042,15367.966723085374,6086.221900378479,51.55099435120145,5.247320777097571,19968.0,0.813303,499.6897,3000.0,158.6047,1.645123734559318,ITY121_1784,fuel,89598.11687320244,0.011049432504620019,True
61608.483559620545,420.7324,-3785.9480719948488,9796.336951778152,6442.442012147339,51.5009064091378,5.278952758548638,21137.0,0.813844,497.6882,3000.0,158.6408,1.6244082254718957,ITY121_1784,fuel,87758.15811737243,0.0,True
61570.65694055622,444.1064,-1615.2999505914356,4245.857005774826,6798.662123916117,51.451000147760006,5.310337381733848,22305.0,0.814581,495.7915,3000.0,158.6248,1.6039390288011754,ITY121_1784,fuel,86041.0564402407,0.0,True
61533.287260379606,467.4805,548.5397694737072,-1282.6673394098095,7154.88223568481,51.401282971092606,5.341555300191157,23474.0,0.815405,493.9325,3000.0,158.6269,1.583748832208134,ITY121_1784,fuel,84433.44754817514,0.0,True
61496.362515978886,490.8545,2703.9916030176196,-6790.338304746882,7511.102347453404,51.35174506002262,5.3725846316282375,24643.0,0.816252,492.0707,3000.0,158.6891,1.5639469860547561,ITY121_1784,fuel,82930.73769676793,0.0,True
61459.868631296216,514.2285,4845.276053488415,-12279.376037873093,7867.32245922188,51.302366664368336,5.403343400888178,25811.0,0.817129,490.211,3000.0,158.7473,1.5446787190747546,ITY121_1784,fuel,81534.26629596995,0.0,True
61423.78801986618,537.6025,6972.832338004484,-17749.625945917887,8223.542570990237,51.25314936066361,5.433839166449942,26980.0,0.816695,487.5514,2921.0,158.7226,1.5122161100214293,ITY121_1784,fuel,79196.94077928914,0.0,True
61388.43313037477,560.9765,9091.438311425441,-23189.920840728308,8570.411414246544,51.204193685693966,5.464142007517536,28118.0,0.813937,483.5657,2688.0,158.679,1.4508886108984942,ITY121_1784,fuel,74974.19974797574,0.0,True
61354.49836883055,584.3506,11197.716183290831,-28586.386671987835,8889.525928880237,51.15562460733616,5.494205107273894,29165.0,0.81132,479.8552,2454.0,158.6862,1.3871008359617925,ITY121_1784,fuel,70922.31804858588,0.0,True
61322.035751777665,607.7246,13288.00768600959,-33943.89705199888,9180.886114890573,51.10739854626133,5.523977445549543,30121.0,0.808779,476.3821,2220.0,158.7068,1.3214225644523392,ITY121_1784,fuel,67023.75798412606,0.0,True
61291.08958687403,631.0986,15362.080475633293,-39265.495856646514,9444.491972277321,51.05948833694216,5.553457186682811,30986.0,0.806228,473.0954,1986.0,158.7041,1.254181797486019,ITY121_1784,fuel,63251.97285001195,0.0,True
61261.698290784385,654.4726,17422.89343252545,-44552.31785478117,9680.343501040374,51.011883886107285,5.582688126339526,31760.0,0.803631,469.9749,1753.0,158.6923,1.1859140505831989,ITY121_1784,fuel,59599.07335970234,0.0,True
61233.89438618528,677.8467,19471.955045631566,-49805.79782612578,9888.440701179701,50.96457240729438,5.611693115526257,32442.0,0.800935,466.9897,1519.0,158.7227,1.1163994898493166,ITY121_1784,fuel,56021.856998577015,0.0,True
61207.705649106436,701.2207,21505.957251821223,-55028.845830216946,10068.783572695278,50.91752800445901,5.640426074803913,33034.0,0.798085,464.1077,1285.0,158.8125,1.0460460481272018,ITY121_1784,fuel,52515.49763151765,0.0,True
61183.15565514674,724.5947,23519.94485492465,-60224.583979719486,10221.372115587139,50.870722986599134,5.668817550752392,33535.0,0.795038,461.3053,1051.0,158.9074,0.9750496364066399,ITY121_1784,fuel,49067.161033138145,0.0,True
61160.26372119086,747.9687,25513.855777973637,-65393.9142401435,10346.206329855324,50.82414947698796,5.696868104698502,33944.0,0.79174,458.5502,818.0,158.9516,0.903854689909883,ITY121_1784,fuel,45678.135180621444,0.0,True
61139.04522766711,771.3428,27492.49378791039,-70535.4499142001,10443.286215499924,50.77781994565214,5.724647638768514,34263.0,0.788104,455.7922,584.0,158.9548,0.8320131492767839,ITY121_1784,fuel,42310.298817807,0.0,True
61119.512083172034,794.7168,29459.4949566561,-75647.61827753,10512.61177252112,50.73174852744989,5.752209220743031,34490.0,0.78398,452.9431,350.0,158.9627,0.7598912842659891,ITY121_1784,fuel,38964.857892755346,0.0,True
61101.67377392686,818.0908,31414.017095488784,-80729.42461843051,10554.183000919287,50.68594435256141,5.779542119575925,34627.0,0.77919,449.8985,116.0,158.9903,0.6875019619479756,ITY121_1784,fuel,35628.57025439326,0.0,True
61085.537579723336,841.4648,33353.420001248945,-85779.19807456536,10567.99990069556,50.64042274520265,5.806610223827456,34672.0,0.776502,448.2549,-0.0,158.9996,0.6513223475841246,ITY121_1784,fuel,33965.27663702984,0.0,True
61070.2552978338,864.8388,35285.13052705921,-90811.37239533523,10567.99990046407,50.59505361880491,5.8335186554076905,34672.0,0.776492,448.249,-0.0,158.9603,0.6511935876158903,ITY121_1784,fuel,33959.19878186032,0.0,True
61054.976147147856,888.2129,37220.271589521166,-95842.15318294863,10567.999900232475,50.549690617498655,5.860423956913906,34672.0,0.776473,448.2383,-0.0,158.913,0.6510593148432307,ITY121_1784,fuel,33952.80117166041,0.0,True
61039.700295963805,911.5869,39159.51366650665,-100871.21613232112,10567.999900000788,50.50433660048221,5.887335698554919,34672.0,0.776454,448.2275,-0.0,158.8658,0.6509249729965407,ITY121_1784,fuel,33946.39963678385,0.0,True
62347.23272989281,0.0,-37633.65944821383,101161.13114705683,30.480000303669257,52.321298672944295,4.779952280649876,100.0,0.3,198.3755,1823.0,183.0038,1.6290020487223222,ITY121_1784,pop,87806.14620388177,0.04941605355183093,True
62309.97722220469,22.8556,-37755.23800901685,98844.18254661137,242.1414062599756,52.300454273360884,4.778423951212953,794.0,0.409762,270.3075,2052.0,183.0038,1.5536836112973758,ITY121_1784,pop,81612.67284190527,0.04672265868940332,True
62274.523011554316,45.7111,-37921.09143967526,95683.47829493356,480.33954628401295,52.27201900693666,4.776341283970254,1576.0,0.524909,345.3299,2280.0,166.3976,1.6229038211631215,ITY121_1784,pop,87265.52699692163,0.03861962156277863,True
62237.56162953482,68.5667,-36969.63649206027,91751.34722571839,745.0744203760077,52.23672218444429,4.790755143562047,2444.0,0.632329,414.7429,2509.0,162.6691,1.7337834140242236,ITY121_1784,pop,98811.54765028981,0.02942240000640301,True
62198.098265056644,91.4222,-35521.98935855182,87112.31484653238,1036.3460285359283,52.19509855180563,4.812500798953708,3400.0,0.725381,474.1825,2737.0,163.3439,1.8141955045776978,ITY121_1784,pop,111819.56793658099,0.022052789433935,True
62156.77437202507,114.2778,-33929.461212303424,81789.3402519874,1354.1543707635503,52.147329142902805,4.836397710201167,4443.0,0.802167,522.4496,2966.0,163.7785,1.8552815380959529,ITY121_1784,pop,123710.53375397046,0.01894048788042889,True
62114.46959522351,137.1334,-32219.564243502293,75912.07912301624,1698.4994470580739,52.094577036577526,4.862014081041937,5573.0,0.82,531.9204,3000.0,163.8227,1.8550110403582847,ITY121_1784,pop,123888.5328098044,0.017258522679804482,True
62072.15572711286,159.9889,-30483.32516539948,69927.05132040825,2046.8181613185368,52.040851674344,4.88796462710111,6715.0,0.82,529.7429,3000.0,162.1178,1.8456574364969323,ITY121_1784,pop,120483.01856066217,0.016585838828468886,True
62030.06752304717,182.8445,-28577.67980435846,64020.782312572046,2395.1368755789517,51.987837614206605,4.916319986239578,7858.0,0.82,527.5565,3000.0,157.4328,1.834837569381639,ITY121_1784,pop,117210.36551198288,0.01538545638363509,True
61988.23770095892,205.7,-26205.892186430887,58313.72218714257,2743.4555898393237,51.936630358474254,4.951392045051374,9001.0,0.82,525.361,3000.0,155.967,1.8225629964689671,ITY121_1784,pop,114070.19081343552,0.014081254451652737,True
61946.69844824983,228.5556,-23699.44532332623,52692.86372138607,3091.7743040996365,51.886193655657365,4.988340132648553,10144.0,0.82,523.1563,3000.0,156.08,1.808873407199845,ITY121_1784,pop,111059.79197147537,0.013466219834538018,True
61905.48066566131,251.4111,-21214.635560117,47090.85870118682,3440.093018359885,51.835914137930935,5.024889319667378,11286.0,0.82,520.9422,3000.0,156.5542,1.7938516340640398,ITY121_1784,pop,108178.53234471683,0.012385568343510752,True
61864.61328383971,274.2667,-18786.67118179869,41492.45331513395,3788.4117326200594,51.78565378411633,5.060530368351915,12429.0,0.82,518.7187,3000.0,156.8644,1.7775747784756433,ITY121_1784,pop,105419.89279483643,0.011776423301304897,True
61824.1226729524,297.1223,-16399.363308168893,35905.11681733191,4136.730446880133,51.73548103269549,5.095501151216766,13572.0,0.82,516.4856,3000.0,157.3446,1.7601759280218277,ITY121_1784,pop,102783.54978541276,0.01233026281410916,True
61784.03215678276,319.9778,-14069.118118302109,30322.291407270528,4485.049161140058,51.6853370644653,5.1295664461278925,14715.0,0.82,514.2428,3000.0,157.4707,1.7417962719382145,ITY121_1784,pop,100267.24675689048,0.013206075862968276,True
61744.36163492113,342.8334,-11761.314616471542,24758.79974876133,4833.367875399809,51.63535666565107,5.163230523789029,15858.0,0.82,511.9902,3000.0,158.4556,1.7225907838989534,ITY121_1784,pop,97868.84857933075,0.013371806863602424,True
61705.127310367134,365.6889,-9559.246072743652,19181.192300016497,5181.686589659402,51.58523792642416,5.195290481934808,17000.0,0.82,509.7276,3000.0,159.8193,1.7027386143759669,ITY121_1784,pop,95587.88296249864,0.01256831274064549,True
61666.34151511532,388.5445,-7499.756360522382,13577.824813500967,5530.005303918867,51.534876922852824,5.225218956423233,18143.0,0.82,507.455,3000.0,160.2792,1.6823793223959838,ITY121_1784,pop,93419.30578113144,0.01123836257577634,True
61628.01262308623,411.4001,-5494.355822553164,7983.362538969291,5878.3240181782,51.48458787878745,5.254299977946771,19286.0,0.82,505.1721,3000.0,158.6738,1.6616979269828183,ITY121_1784,pop,91362.98913477792,0.010493507715832169,True
61590.14503787238,434.2556,-3342.806215122108,2472.3836605864853,6226.642732437359,51.43504331983216,5.285424434205897,20429.0,0.81897,502.247,3000.0,157.5743,1.640181089218361,ITY121_1784,pop,89317.94331628992,0.005927969875449841,True
61552.76353550174,457.1112,-1099.0685409666983,-2964.407769822339,6574.961446696034,51.38615790254794,5.317809763118328,21571.0,0.817875,499.2781,3000.0,157.5482,1.6187309973105801,ITY121_1784,pop,87391.01239348628,0.0,True
61515.865298806675,479.9667,1133.770204238468,-8367.819352592422,6923.280160954458,51.337563785096854,5.349968630024586,22714.0,0.818329,497.2454,3000.0,157.5608,1.598434490259033,ITY121_1784,pop,85711.09358362376,0.0,True
61479.4076583265,502.8223,3356.256411084674,-13749.526129210377,7271.598875212571,51.28915608883228,5.381910928001209,23857.0,0.818895,495.267,3000.0,157.5746,1.5784866325510691,ITY121_1784,pop,84142.60486213988,0.0,True
61443.37762595673,525.6778,5568.531414591023,-19110.157063240174,7619.917589470333,51.24092935747657,5.413639576368468,25000.0,0.819538,493.3215,3000.0,157.5894,1.5589876533664988,ITY121_1784,pop,82681.36333731037,0.0,True
61407.75977378862,548.5334,7770.656294901406,-24450.104242547925,7968.236303727709,51.192880215057485,5.4451565401757325,26143.0,0.82,491.2521,3000.0,157.6041,1.5399398392128887,ITY121_1784,pop,81307.26712602179,0.0,True
61372.5413787044,571.389,9962.093643454136,-29768.012120984327,8316.555017984647,51.14502101090894,5.476455229823846,27285.0,0.818843,488.2038,2863.0,157.6188,1.4975890914863796,ITY121_1784,pop,78266.7426585005,0.0,True
61338.263058477096,594.2445,12139.077533995453,-35054.69354372614,8648.963490241553,51.09743460101155,5.507483141786669,28376.0,0.815776,484.1255,2634.0,157.6319,1.4366450498010883,ITY121_1784,pop,74130.4606307069,0.0,True
61305.36492963379,617.1001,14297.542625076885,-40299.79744897865,8954.835228435995,51.05021437078624,5.538183963908376,29379.0,0.813701,480.8196,2406.0,157.6445,1.374169440738651,ITY121_1784,pop,70233.05632211035,0.0,True
61273.87463488513,639.9556,16440.96537470718,-45511.606566605136,9234.17023256527,51.00328596938186,5.568608775853176,30296.0,0.810866,477.2493,2177.0,157.6552,1.3094505584184606,ITY121_1784,pop,66417.33686045422,0.0,True
61243.85001125521,662.8112,18568.308575842533,-50687.086446592126,9486.968502628513,50.95667691550126,5.5987443831047115,31125.0,0.808491,474.1343,1949.0,157.6658,1.243734856638917,ITY121_1784,pop,62760.69958803503,0.0,True
61215.315397822385,685.6668,20681.604216552056,-55831.076032831326,9713.230038625363,50.9103438229819,5.6286210263565986,31868.0,0.805998,471.1351,1720.0,157.6747,1.1766041912958691,ITY121_1784,pop,59187.00210452545,0.0,True
61188.30171319195,708.5223,22781.479813862126,-60944.67426534724,9912.95484055566,50.86427696401789,5.658248926006313,32523.0,0.803556,468.351,1492.0,157.683,1.1088698193966655,ITY121_1784,pop,55716.12596017281,0.0,True
61162.83090979484,731.3779,24868.92743751263,-66030.08762568737,10086.142908419362,50.81845662366931,5.687643340187029,33091.0,0.800584,465.4433,1263.0,157.6888,1.0399898541626436,ITY121_1784,pop,52282.04902052361,0.0,True
61138.93256214689,754.2334,26943.57528133315,-71085.77709695572,10232.794242216536,50.772896818498594,5.716800290160595,33572.0,0.797798,462.8292,1035.0,157.6959,0.9709671682819098,ITY121_1784,pop,48933.19054447574,0.0,True
61116.616154353025,777.089,29006.581144374162,-76114.87166449161,10352.90884194737,50.72756951167582,5.745737197987681,33966.0,0.794989,460.3864,806.0,157.7087,0.9013735725546846,ITY121_1784,pop,45624.7516505788,0.0,True
61095.89094850665,799.9445,31058.170053757098,-81119.33075277689,10446.486707612208,50.682457216767524,5.7744582010796615,34273.0,0.791301,457.6195,577.0,157.6928,0.8311947510912086,ITY121_1784,pop,42324.89778374266,0.0,True
61076.779603995055,822.8001,33099.358649414484,-86094.49409146795,10513.527839211696,50.6376019282337,5.802979191993926,34493.0,0.787853,455.1742,349.0,157.7029,0.7614609241220469,ITY121_1784,pop,39089.617105814985,0.0,True
61059.27576831051,845.6557,35129.279760722806,-91044.66711328099,10554.03223674721,50.59296511077941,5.831288554730124,34626.0,0.783557,452.4214,120.0,157.6958,0.6911469467862104,ITY121_1784,pop,35841.749987979485,0.0,True
61043.390689842476,868.5112,37147.99268414215,-95965.76093976169,10567.999900222942,50.54858367004151,5.859388574772236,34672.0,0.781101,450.9098,-0.0,157.7035,0.6541075177309441,ITY121_1784,pop,34135.585217919506,0.0,True
61028.36142049508,891.3668,39159.51366657184,-100871.21613234862,10567.999900002682,50.50433660048196,5.887335698555837,34672.0,0.778645,449.4918,-120.0,157.7113,0.6175005374090523,ITY121_1784,pop,32450.40849959481,0.0,True
59277.154689320225,0.0,33703.927537959804,100483.45032698225,30.48000030429856,52.32130050569873,4.7799601540063295,100.0,0.3,198.3755,3000.0,183.0038,1.833242463053799,VLG41JT_193,fuel,116428.50355030577,0.049414058783431566,True
59235.15997308318,22.8993,33583.054984945826,98179.959079066,379.46582101166865,52.30059265614388,4.777951590085248,1245.0,0.382587,251.9876,3000.0,183.0038,1.7470539071885174,VLG41JT_193,fuel,100545.70827192813,0.04549914217960862,True
59195.1758344054,45.7987,33428.87511994873,95241.72404745601,728.4516417185949,52.27417855649645,4.775392329176326,2390.0,0.480914,315.4901,3000.0,199.3261,1.700112487982382,VLG41JT_193,fuel,94835.86239753559,0.03665656416822554,True
59156.34127275075,68.698,32206.74527895597,91756.96481536672,1077.437462425736,52.242912778434125,4.7570978891829,3535.0,0.583184,381.047,3000.0,199.3226,1.7211392966373626,VLG41JT_193,fuel,97254.0799796006,0.028607424643284897,True
59117.08626948088,91.5973,30728.908891871106,87542.25157149354,1426.4232831330712,52.20509395568439,4.735010029570808,4680.0,0.679991,442.504,3000.0,199.33,1.772240512136664,VLG41JT_193,fuel,104186.60939879558,0.022137435530221863,True
59076.67865323939,114.4967,29010.773425879197,82644.25450473913,1775.409103840531,52.16113886116372,4.709378035833788,5825.0,0.766078,496.4937,3000.0,199.3598,1.8177074054678224,VLG41JT_193,fuel,112595.11750798038,0.021588561686248755,True
59035.21096197149,137.396,27079.295303148283,77147.21716094176,2124.394924548063,52.11180147663975,4.6806244067597005,6970.0,0.82,529.2568,3000.0,199.399,1.8368843764001854,VLG41JT_193,fuel,117755.65661573762,0.02195291479302166,True
58993.25956155216,160.2953,25015.945365914435,71287.69503738456,2473.380745255617,52.059203213971344,4.649978787709042,8115.0,0.82,527.0641,3000.0,199.4286,1.824440592452374,VLG41JT_193,fuel,114485.76531730716,0.021825596178639082,True
58951.605385424555,183.1947,22958.192106222567,65453.68799205424,2822.366565963153,52.00682625080607,4.619488737333796,9260.0,0.82,524.8623,3000.0,199.4517,1.810442035574736,VLG41JT_193,fuel,111347.3329614418,0.02352958453692985,True
58910.28280979825,206.094,20906.754523022966,59645.059516006186,3171.3523866706623,51.95466943062798,4.589163684639803,10405.0,0.82,522.6513,3000.0,199.4801,1.7949487892255083,VLG41JT_193,fuel,108337.6066470843,0.026484085439038473,True
58869.32445781787,228.9933,18861.162041351577,53862.09430568081,3520.338207378144,51.902735434783686,4.558995708882745,11550.0,0.82,520.4308,3000.0,199.4995,1.7780526206107639,VLG41JT_193,fuel,105453.88826165139,0.02670244561872278,True
58828.76051799126,251.8927,16822.376080338297,48104.572151132226,3869.3240280855966,51.85102235276877,4.528997748350553,12695.0,0.815109,515.1099,3000.0,199.4872,1.7560672632405216,VLG41JT_193,fuel,102025.01123318418,0.023966731556390654,True
58788.72655523291,274.792,14805.75625233294,42405.78177959063,4218.309848793005,51.799829257806685,4.499393511653184,13840.0,0.8111,510.3611,3000.0,199.4659,1.7334269397353952,VLG41JT_193,fuel,98935.11426464029,0.017589114039621812,True
58749.23029087397,297.6913,12809.930000004837,36759.06663736235,4567.295669500362,51.74909659316085,4.470160399024644,14985.0,0.808659,506.6071,3000.0,199.4474,1.7110475088651018,VLG41JT_193,fuel,96209.69379615306,0.013044931224934374,True
58710.25770393154,320.5906,10830.678238045102,31153.497155187153,4916.281490207668,51.698726404480965,4.441234657758262,16130.0,0.807471,503.638,3000.0,199.4032,1.6889638181066298,VLG41JT_193,fuel,93762.27268837472,0.010458230889933152,True
58671.796027982346,343.49,8867.412367619205,25579.48338650484,5265.2673109149155,51.64863266363918,4.412605743081319,17274.0,0.807224,501.2496,3000.0,199.3364,1.6671434421014073,VLG41JT_193,fuel,91531.2452075959,0.009392715411158449,True
58633.834604839474,366.3893,6919.993442450788,20029.832247668885,5614.253131622097,51.5987508810084,4.384269946140217,18419.0,0.807608,499.2434,3000.0,199.3002,1.6454621401932625,VLG41JT_193,fuel,89465.53245703914,0.008826069172208696,True
58596.36537303312,389.2886,4983.932902439687,14501.357840243494,5963.238952329205,51.54905263817296,4.356160898700564,19564.0,0.808376,497.4611,3000.0,199.2769,1.6238742534019845,VLG41JT_193,fuel,87534.25049917579,0.00864395556485921,True
58559.38188499511,412.188,3057.0822446792376,8992.021614275449,6312.224773036228,51.49951975832652,4.328246415905547,20709.0,0.809408,495.8251,3000.0,199.2391,1.602411609759985,VLG41JT_193,fuel,85721.39313397868,0.002510030863354953,True
58522.87679530637,435.0873,1140.2583077977552,3499.716366906675,6661.21059374316,51.4501334103661,4.300537295294751,21854.0,0.81055,494.2409,3000.0,199.2215,1.5810855950932199,VLG41JT_193,fuel,84011.80806179883,0.0,True
58486.8425957926,457.9866,-768.6985606482502,-1975.4461640820243,7010.196414449978,51.4008947060579,4.2730015025743215,22999.0,0.811778,492.6914,3000.0,199.2636,1.5599986648992066,VLG41JT_193,fuel,82402.01754528191,0.0,True
58451.26909106215,480.886,-2675.6139619629735,-7431.863678521751,7359.182235156677,51.35181812395953,4.245554325052051,24144.0,0.813005,491.1235,3000.0,199.272,1.5392143153695441,VLG41JT_193,fuel,80885.15889438498,0.0,True
58416.14474187745,503.7853,-4577.195972735547,-12870.453584548935,7708.168055863235,51.30289551311171,4.218242373831676,25289.0,0.813243,488.9432,2948.0,199.2561,1.5099540663739464,VLG41JT_193,fuel,78799.04531196025,0.0,True
58381.66620155495,526.6846,-6468.962092833258,-18285.78435953344,8051.058300724343,51.25417584959305,4.191129209390627,26414.0,0.810487,484.9997,2719.0,199.2794,1.44866489550695,VLG41JT_193,fuel,74601.58671769165,0.0,True
58348.57929512801,549.584,-8348.41457546465,-23658.839073771167,8367.310066892094,51.205830314966725,4.164249205110837,27452.0,0.807892,481.3354,2490.0,199.3001,1.385359133097243,VLG41JT_193,fuel,70597.38620352221,0.0,True
58316.92765691112,572.4833,-10216.326763897687,-28992.73451997636,8656.923354365705,51.157831009876524,4.137589931015746,28402.0,0.805368,477.8954,2261.0,199.2907,1.320464080504872,VLG41JT_193,fuel,66757.0741167254,0.0,True
58286.74708511311,595.3826,-12070.73867850568,-34290.8535544992,8919.898163144935,51.110147688389944,4.1111782474793985,29265.0,0.802854,474.6445,2032.0,199.2815,1.254320462666993,VLG41JT_193,fuel,63055.57071566554,0.0,True
58258.06633698019,618.282,-13912.374645098113,-39555.19472362452,9156.234493229671,51.0627625119559,4.085002519861345,30040.0,0.800222,471.507,1803.0,199.2898,1.1872011350263696,VLG41JT_193,fuel,59469.5367327945,0.0,True
58230.909716675014,641.1813,-15743.256367299768,-44786.35412766621,9365.932344619867,51.01567020757558,4.0590326052614145,30728.0,0.797476,468.4862,1574.0,199.2776,1.1193664843628115,VLG41JT_193,fuel,55983.259654582645,0.0,True
58205.295349055894,664.0806,-17561.92530440662,-49986.181563500584,9548.991717315512,50.96885430726915,4.0332882659123275,31329.0,0.794459,465.4905,1345.0,199.2598,1.0509558900151337,VLG41JT_193,fuel,52576.67523544267,0.0,True
58181.23913263704,686.98,-19367.956368626634,-55155.017632037896,9705.412611316615,50.9223118973289,4.00777440588278,31842.0,0.79114,462.5025,1116.0,199.2605,0.982154863900309,VLG41JT_193,fuel,49238.06862642291,0.0,True
58158.75273638838,709.8793,-21163.012722187177,-60292.251925915436,9835.195026623227,50.87604854306314,3.9824661083519106,32268.0,0.787426,459.4675,887.0,199.2547,0.9130469713309965,VLG41JT_193,fuel,45953.20018817237,0.0,True
58137.845235011046,732.7786,-22946.292556717202,-65397.448766158086,9938.33896323544,50.8300683148938,3.957373659734755,32606.0,0.783056,456.2341,658.0,199.2276,0.8435974933887296,VLG41JT_193,fuel,42703.7625686105,0.0,True
58118.526669534665,755.678,-24715.11395315163,-70468.93259228898,10014.844421153428,50.78438652278888,3.9325339646718325,32857.0,0.777861,452.7033,429.0,199.2044,0.7737548945530308,VLG41JT_193,fuel,39474.89594896594,0.0,True
58100.8065325265,778.5773,-26468.64756904404,-75503.14082677118,10064.711400377553,50.73903539206854,3.9079572994025793,33021.0,0.771214,448.5085,200.0,199.188,0.7030848927517064,VLG41JT_193,fuel,36234.08173681832,0.0,True
58084.70330605604,801.4766,-28204.89886829496,-80492.33759325696,10087.939900908934,50.694084743390725,3.883670065072589,33097.0,0.763545,443.8979,-0.0,199.1627,0.6400413488590049,VLG41JT_193,fuel,33356.43579613349,0.0,True
58070.0387233367,824.3759,-29921.429448993244,-85431.88862709637,10087.939900682106,50.649576548107255,3.8597049810576904,33097.0,0.763464,443.8506,-0.0,199.1374,0.639867960774553,VLG41JT_193,fuel,33348.391376314285,0.0,True
58055.37820205941,847.2753,-31635.590413736132,-90371.67334883174,10087.939900455156,50.60506147595697,3.8358188593450238,33097.0,0.763418,443.8237,-0.0,199.1265,0.6397233240608617,VLG41JT_193,fuel,33341.71702464324,0.0,True
58040.721051873115,870.1746,-33348.710278782426,-95311.48371735647,10087.93990022811,50.56054135885665,3.8119926296200726,33097.0,0.763366,443.7936,-0.0,199.1271,0.6395742171839869,VLG41JT_193,fuel,33334.830568414975,0.0,True
58026.06738061645,893.0739,-35061.76556672487,-100250.9408330136,10087.939900000973,50.51601957100382,3.7882122521569923,33097.0,0.763314,443.7635,-0.0,199.1277,0.6394251448981221,VLG41JT_193,fuel,33327.94649278588,0.0,True
59277.15468889277,0.0,33703.92773790204,100483.45032643566,30.480000303803894,52.3213005056816,4.779960156947885,100.0,0.3,198.3755,2058.0,183.0038,1.6527580682140923,VLG41JT_193,pop,89994.23737698887,0.04941405798134849,True
59239.38974205838,22.8361,33582.60811284052,98171.43631979582,269.2524619035392,52.30051603843707,4.777944167210759,883.0,0.412828,272.2463,2287.0,183.0038,1.5738356728157965,VLG41JT_193,pop,83176.99198380107,0.046633544263605664,True
59203.51384470997,45.6721,33415.838550160195,94993.27314460819,534.5163937494945,52.27194503375756,4.775176074212615,1754.0,0.531856,349.6846,2515.0,175.3599,1.6395705002221759,VLG41JT_193,pop,88762.77706944197,0.03812934630017215,True
59166.21771041837,68.5082,33746.772457151,90915.81851141379,826.2717958418738,52.23525650213966,4.779631185681034,2711.0,0.642634,421.1086,2743.0,176.7917,1.746361337864678,VLG41JT_193,pop,100452.41569257385,0.028643590951070434,True
59126.510097595165,91.3442,34022.56265994187,85995.69287744438,1144.5186681804917,52.19099309402671,4.78318524758174,3755.0,0.7379,481.7633,2972.0,178.6613,1.821745571334673,VLG41JT_193,pop,113523.99027654101,0.022204350766877642,True
59085.0547646597,114.1803,34154.275701153034,80359.33798832874,1489.257010764681,52.140297461382964,4.784548895493303,4886.0,0.815778,530.4789,3000.0,179.5774,1.8536407251355116,VLG41JT_193,pop,123214.08139371344,0.018665264757116815,True
59042.821325518555,137.0163,34200.075468223695,74149.89638243879,1837.2785338769709,52.08445336834316,4.784594651384328,6028.0,0.82,531.0539,3000.0,179.5035,1.8458857521826537,VLG41JT_193,pop,120528.81330962347,0.01703732559434652,True
59000.76935596275,159.8524,34253.943121209166,67933.87167641032,2185.3000569892247,52.02854957560676,4.784757873959146,7170.0,0.82,528.8748,3000.0,181.0195,1.83476180087511,VLG41JT_193,pop,117157.26662500756,0.016537648471167888,True
58958.98424385563,182.6885,34143.79325745118,61744.28662354065,2533.321580101428,51.97289363464849,4.782529333190269,8311.0,0.82,526.6866,3000.0,187.1722,1.8220773117052231,VLG41JT_193,pop,113921.01123835676,0.016043682705217038,True
58917.50096320012,205.5245,33374.11631859495,55627.75780215089,2881.3431032135836,51.91793450270575,4.770697847194167,9453.0,0.82,524.4893,3000.0,193.3742,1.807844429370261,VLG41JT_193,pop,110812.69456977394,0.016687772328735005,True
58876.35338150382,228.3606,31954.142008623887,49655.385433438634,3229.36462632562,51.864308156203606,4.749438997548456,10595.0,0.82,522.2828,3000.0,199.3058,1.7921372625410783,VLG41JT_193,pop,107831.93565648419,0.017919700683430188,True
58835.573508638576,251.1966,29933.176659401943,43886.28765350471,3577.386149437536,51.812538508088075,4.719506800902011,11737.0,0.82,520.0669,3000.0,204.1228,1.7750519510125484,VLG41JT_193,pop,104976.0986951399,0.016888702529756702,True
58795.19084200893,274.0327,27445.580531780608,38331.12005241871,3925.407672549387,51.762708206083055,4.682880429124255,12879.0,0.82,517.8415,3000.0,206.9,1.7567108910504263,VLG41JT_193,pop,102242.67838593057,0.015332576742145776,True
58755.23182268601,296.8688,24703.61796759351,32926.40966713203,4273.42919566117,51.71423086660608,4.6426536762956445,14020.0,0.82,515.6066,3000.0,207.6654,1.737272415766075,VLG41JT_193,pop,99631.09357563082,0.013293788090878958,True
58715.71940829533,319.7048,21901.938727662502,27582.153122031785,4621.450718772894,51.666285804907396,4.601651097234743,15162.0,0.82,513.3619,3000.0,206.9561,1.716866601837998,VLG41JT_193,pop,97135.33723848726,0.011733774861300247,True
58676.67276115006,342.5409,19178.62643232278,22227.222094714478,4969.472241884514,51.61822781450358,4.5618697623169675,16304.0,0.82,511.1073,3000.0,205.7113,1.6956774382073874,VLG41JT_193,pop,94755.12152097965,0.011045686411113413,True
58638.1070445729,365.3769,16583.82372433795,16838.349605531846,5317.493764996027,51.56984737730433,4.524030423820535,17446.0,0.819789,508.7121,3000.0,204.8718,1.673711288603903,VLG41JT_193,pop,92464.54617094755,0.010202630796398039,True
58600.03866463476,388.213,14080.13715719581,11437.658409842326,5665.515288107412,51.52134622117462,4.487588061323828,18588.0,0.818961,505.9263,3000.0,204.4551,1.6508358257949063,VLG41JT_193,pop,90222.73993867735,0.009631980179826914,True
58562.49023067434,411.049,11629.385389972336,6048.7862120630725,6013.53681121865,51.47293897887197,4.451987962717102,19729.0,0.816042,501.8491,3000.0,204.0702,1.6261823197774872,VLG41JT_193,pop,87902.76565771377,0.009418503921219144,True
58525.51497817742,433.8851,9234.46201647071,687.3931622247095,6361.558334329571,51.424767171895596,4.4172692965786755,20871.0,0.810553,496.2042,3000.0,203.8951,1.5998256190486133,VLG41JT_193,pop,85528.84382827357,0.0012069673586150075,True
58489.16230922399,456.7212,6882.8305120157565,-4620.58234051409,6709.579857439744,51.377064984568406,4.383248524358828,22013.0,0.811429,494.4592,3000.0,203.8257,1.5783425737853276,VLG41JT_193,pop,83813.296390859,0.0,True
58453.28296840621,479.5572,4545.96140025743,-9912.547277118076,7057.601380549561,51.329496845774024,4.349511255145557,23155.0,0.81252,492.8284,3000.0,203.8606,1.5572143307951274,VLG41JT_193,pop,82208.35734072376,0.0,True
58417.86362755405,502.3933,2213.6630628960716,-15185.459633015464,7405.622903659006,51.28209036948604,4.315909791910179,24297.0,0.813867,491.3352,3000.0,203.8043,1.536560955304558,VLG41JT_193,pop,80714.61411874773,0.0,True
58382.887046524,525.2293,-106.32794189915676,-20444.5020148452,7753.644426768024,51.2347990226119,4.282556006420928,25438.0,0.813511,488.8006,2918.0,203.7734,1.502139985970778,VLG41JT_193,pop,78259.65279759726,0.0,True
58348.67382780043,548.0654,-2411.80701799904,-25678.30626131364,8092.154438534601,51.18772513219335,4.249477676146215,26549.0,0.810857,484.946,2690.0,203.7663,1.4408176113131883,VLG41JT_193,pop,74105.75646073204,0.0,True
58315.8495747885,570.9014,-4699.38262796268,-30873.199790727223,8404.1729800594,51.14099200112161,4.21672302633864,27573.0,0.808054,481.185,2461.0,203.7347,1.377214255457473,VLG41JT_193,pop,70112.44139902639,0.0,True
58284.462512411876,593.7375,-6967.2629276242305,-36031.07354920615,8689.700051340009,51.09458289374924,4.1843159933512215,28510.0,0.805582,477.8029,2233.0,203.7065,1.3124111085918524,VLG41JT_193,pop,66306.30505385209,0.0,True
58254.54157647152,616.5736,-9217.53535698177,-41155.76272973553,8948.735652375664,51.04846355199439,4.152225037198653,29359.0,0.803219,474.6667,2005.0,203.6895,1.246503782908132,VLG41JT_193,pop,62642.10725151397,0.0,True
58226.1122764118,639.4096,-11452.36024859667,-46249.362211114196,9181.27978316605,51.00261533141926,4.120417756556453,30122.0,0.800228,471.3429,1776.0,203.6909,1.1791354185719682,VLG41JT_193,pop,59053.457811937755,0.0,True
58199.20820884576,662.2457,-13672.445415946664,-51309.04161914833,9387.332443711011,50.95706387974117,4.088882493004916,30798.0,0.797754,468.5064,1548.0,203.6453,1.1116827866122136,VLG41JT_193,pop,55604.655371429166,0.0,True
58173.8338391236,685.0817,-15875.920638654534,-56341.74914823933,9566.893634010503,50.91174696238612,4.057644776451909,31387.0,0.794863,465.6075,1319.0,203.6186,1.043374412281064,VLG41JT_193,pop,52214.91442707216,0.0,True
58150.007288347035,707.9178,-18064.139106539176,-61345.96637451642,9719.963354064568,50.86667841102781,4.026683862809626,31890.0,0.791436,462.5785,1091.0,203.6336,0.9747867004154818,VLG41JT_193,pop,48892.60485203806,0.0,True
58127.74429089549,730.7538,-20240.09446555605,-66318.58740503137,9846.54160387338,50.82188625266666,3.9959556214242116,32305.0,0.787789,459.6038,863.0,203.6646,0.9060538168861931,VLG41JT_193,pop,45631.34975847536,0.0,True
58107.04982735823,753.5899,-22405.353026075805,-71259.48712234032,9946.628383437204,50.77737171628662,3.9654365105464144,32633.0,0.783423,456.3927,634.0,203.5932,0.8366877442726806,VLG41JT_193,pop,42389.20153317086,0.0,True
58087.93472351667,776.426,-24549.944415280774,-76169.86074097845,10020.22369275657,50.733124624482436,3.935267089914913,32875.0,0.778482,453.0287,406.0,203.5949,0.7673928137497517,VLG41JT_193,pop,39188.77886546864,0.0,True
58070.40302987046,799.262,-26679.402232269593,-81045.18159266743,10067.327531832603,50.68918568300021,3.9053669308317294,33029.0,0.771805,448.8349,178.0,203.5418,0.6971001221197599,VLG41JT_193,pop,35964.84572263015,0.0,True
58054.478586424906,822.0981,-28785.143900539773,-85878.40779693176,10087.939900668793,50.64561883802293,3.8758558098039817,33097.0,0.765376,444.9625,-0.0,203.6046,0.6413274605296246,VLG41JT_193,pop,33418.42881514591,0.0,True
58039.82326916771,844.9341,-30878.30236448224,-90668.39935814023,10087.93990044716,50.60243402457796,3.846574070002677,33097.0,0.765553,445.0651,-0.0,203.5914,0.641367200743935,VLG41JT_193,pop,33420.58943398182,0.0,True
58025.166860027995,867.7702,-32970.83705982049,-95459.97891392806,10087.939900225181,50.55922762684372,3.817355046021325,33097.0,0.765376,444.9622,-0.0,203.578,0.6411147087473652,VLG41JT_193,pop,33408.70861751547,0.0,True
58010.516436204365,890.6063,-35061.76556677829,-100250.94083304025,10087.93990000287,50.516019571003575,3.7882122521562382,33097.0,0.765199,444.8593,-0.0,203.5646,0.6408623141124639,VLG41JT_193,pop,33396.83979263688,0.0,True
