mass,ts,x,y,h,latitude,longitude,altitude,mach,tas,vertical_rate,heading,fuelflow,fid,obj,thrust,cost_grid,max_fuel
73411.6840933597,0.0,94217.38808534415,30704.826547006585,30.48000030429327,52.30459976108124,4.777520178250082,100.0,0.3,198.3755,2444.0,237.9631,1.969564455230914,EIN84T_1587,fuel,126424.110981965,0.1761446803819821,False
73366.04204781754,23.1525,92232.37782442724,29462.676786352655,317.9705667729727,52.29376841663831,4.747988711943053,1043.0,0.358357,236.1939,2722.0,237.9631,1.9232925140904664,EIN84T_1587,fuel,119280.97927697726,0.09514803178978637,False
73321.49676037118,46.3051,89867.24958372093,27982.662533553652,638.138106566861,52.28085330003599,4.712821020045354,2094.0,0.421526,276.8167,3000.0,252.9824,1.9022138316262733,EIN84T_1587,fuel,116370.63094302885,0.06567389260224278,False
73277.47792266335,69.4576,86738.84675509836,27025.16188954835,990.9826196854808,52.27274699384972,4.666593883272087,3251.0,0.485377,317.4581,3000.0,252.9798,1.857757806846589,EIN84T_1587,fuel,110760.01721211424,0.053002075994201224,False
73234.535392404,92.6101,83146.35355084068,25925.442058055876,1343.8271328076673,52.26341429533596,4.613529904641656,4409.0,0.552183,359.6788,3000.0,252.9755,1.8409188644261139,EIN84T_1587,fuel,108789.72078125262,0.04638957984393374,False
73192.03215931714,115.7626,79072.33226632583,24677.980427383915,1696.6716459300153,52.25279885621756,4.553380353127007,5567.0,0.582036,377.5649,3000.0,252.97,1.8346487707049906,EIN84T_1587,fuel,108074.88046721842,0.042875977592499885,False
73149.69160199302,138.9152,74794.57816881311,23367.687621800113,2049.5161590523585,52.24161565078556,4.490253777345583,6724.0,0.593871,383.6452,3000.0,252.9657,1.8253255955587522,EIN84T_1587,fuel,107029.6697447197,0.03803136816696301,False
73107.57035003687,162.0677,70447.69070115287,22035.862946556146,2402.360672174673,52.2302140383806,4.426139562477468,7882.0,0.606011,389.8507,3000.0,252.9632,1.8158642715561932,EIN84T_1587,fuel,105989.6091750862,0.034191350563392744,False
73065.67137264459,185.2202,66030.2148120535,20682.198148390056,2755.205185296957,52.2185897966143,4.361017946211239,9039.0,0.618463,396.1838,3000.0,252.9601,1.8062852369600773,EIN84T_1587,fuel,104956.7026376711,0.02876569395379697,False
73023.99761812935,208.3727,61540.72130186112,19306.2042519318,3108.049698419205,52.206737004085085,4.294869582743339,10197.0,0.631237,402.6468,3000.0,252.9546,1.7965689021123068,EIN84T_1587,fuel,103928.6011824373,0.024606187804066326,False
72982.55201533064,231.5253,56977.80212745402,17907.22724585171,3460.8942115414156,52.194648181229006,4.227675490407732,11355.0,0.64434,409.2421,3000.0,252.9444,1.7867258075247112,EIN84T_1587,fuel,102906.22031793075,0.020682936805940966,False
72941.33747505104,254.6778,52340.08210302018,16484.410653121984,3813.738724663582,52.182313951778795,4.159417230912633,12512.0,0.657782,415.9721,3000.0,252.9311,1.7767673177920325,EIN84T_1587,fuel,101890.48618276013,0.017520321883976318,False
72900.35689149008,277.8303,47626.12303926451,15037.00909873088,4166.583237785705,52.169725870567945,4.09007556441847,13670.0,0.671571,422.8392,3000.0,252.9191,1.7666723408794762,EIN84T_1587,fuel,100879.02976144382,0.014185090552010565,False
72859.61314363986,300.9828,42834.35465737193,13564.613836300881,4519.427750907778,52.15687845274912,4.019629462082823,14828.0,0.685718,429.8456,3000.0,252.9107,1.756451809203627,EIN84T_1587,fuel,99872.7644669684,0.011997748835057238,False
72819.1090966038,324.1354,37963.11468500037,12067.022511452778,4872.272264029797,52.14376799242835,3.9480566605489105,15985.0,0.700231,436.9936,3000.0,252.9028,1.7461175164860772,EIN84T_1587,fuel,98872.61842571948,0.010054997059774869,False
72778.84760279492,347.2879,33010.79759515539,10543.756648991528,5225.116777151754,52.13038820854095,3.875335783283825,17143.0,0.71512,444.2854,3000.0,252.8896,1.7356468160182543,EIN84T_1587,fuel,97876.20219543292,0.008579256909855516,False
72738.8315029654,370.4404,27975.926601389467,8993.830084245741,5577.96129027364,52.11672815908935,3.801447397563197,18300.0,0.730394,451.7233,3000.0,252.8749,1.7250631562440553,EIN84T_1587,fuel,96885.5558452867,0.0075493595326379045,False
72699.06362701475,393.593,22856.90597432996,7416.5565356148445,5930.8058033954485,52.10277951780772,3.7263704812324914,19458.0,0.746064,459.3093,3000.0,252.8717,1.7143429055187065,EIN84T_1587,fuel,95898.28253812224,0.006643007880122078,False
72659.54679451823,416.7455,17651.7517912195,5812.424408299459,6283.650316517167,52.0885444426688,3.650078511152568,20616.0,0.76214,467.0456,3000.0,252.8817,1.7034979387713551,EIN84T_1587,fuel,94915.75828134408,0.002283610534999434,False
72620.28364869852,439.898,12358.391132986406,4182.128170531323,6636.494829638787,52.074026837711784,3.572543726536482,21773.0,0.778632,474.9341,3000.0,252.8874,1.6925408156638913,EIN84T_1587,fuel,93960.36814895543,0.0,False
72581.27046978149,463.0505,6975.223300279483,2524.750632395236,6989.33934276029,52.059215991681214,3.4937452874244745,22931.0,0.795549,482.9766,3000.0,252.8818,1.6814466072334744,EIN84T_1587,fuel,93128.50218193677,0.0,False
72542.47591334181,486.2031,1500.8303035746599,838.7049379841111,7342.183855881543,52.04409507054231,3.413665164433771,24089.0,0.812903,491.1747,3000.0,252.8788,1.6702273252083848,EIN84T_1587,fuel,92628.768111524,0.0,False
72503.8108565101,509.3556,-4066.61463663597,-876.3223046279559,7695.028369002864,52.02865849906237,3.332279561961913,25246.0,0.82,493.0942,3000.0,252.8826,1.655959236447927,EIN84T_1587,fuel,91812.70652499827,0.0,False
72465.35504157217,532.5081,-9655.880263184592,-2597.6683337324807,8047.872882124093,52.01310865408746,3.2506316029120352,26404.0,0.82,490.7139,3000.0,252.8827,1.6404784266901649,EIN84T_1587,fuel,90602.67265148839,0.0,False
72427.21550353683,555.6606,-15217.939170608184,-4310.624259639048,8400.717395245163,51.997578612299016,3.169437497872324,27561.0,0.82,488.322,3000.0,252.8812,1.6260678513773597,EIN84T_1587,fuel,89513.97950641767,0.0,False
72389.3635277871,578.8132,-20752.61160008064,-6015.298235380453,8753.561908366079,51.982068296792434,3.0886991825632357,28719.0,0.82,485.9184,3000.0,252.8866,1.6127700266228118,EIN84T_1587,fuel,88546.53177381025,0.0,False
72351.76843841808,601.9657,-26259.963156951577,-7710.994593841644,9106.406421486829,51.966584849105814,3.008414952139703,29877.0,0.82,483.5028,2752.0,252.8876,1.55433472472088,EIN84T_1587,fuel,84132.87448410138,0.0,False
72315.44772390176,625.1182,-31742.50446990842,-9398.943460666862,9430.092149368676,51.951117943275605,2.9285475612179326,30939.0,0.82,481.2761,2474.0,252.8924,1.4881593227078747,EIN84T_1587,fuel,79431.45139689937,0.0,False
72280.57353306153,648.2708,-37202.69853509891,-11079.515814327002,9721.100903926903,51.93566487859268,2.8490604952743186,31893.0,0.819796,479.1463,2196.0,252.9099,1.4198137967906503,EIN84T_1587,fuel,74840.36063168859,0.0,False
72247.19893994159,671.4233,-42641.87573734437,-12751.7994056659,9979.432685160242,51.920234480103694,2.7699336677259296,32741.0,0.816859,475.6443,1919.0,252.9249,1.3494857315658169,EIN84T_1587,fuel,70165.43145183135,0.0,False
72215.44361498249,694.5758,-48044.2028282838,-14411.19767843815,10205.087493068298,51.904870135407485,2.6913966170901484,33481.0,0.813828,472.3208,1641.0,252.9328,1.2768146869550578,EIN84T_1587,fuel,65550.82540640236,0.0,False
72185.36578834281,717.7283,-53411.3489924469,-16058.984858608954,10398.06532765092,51.88956135889874,2.6134241638744853,34114.0,0.810699,469.1726,1363.0,252.9382,1.2019850838495314,EIN84T_1587,fuel,60990.152552671745,0.0,False
72157.02483519999,740.8809,-58745.105096793835,-17695.970936188,10558.366188908083,51.874301753616095,2.5359893926977866,34640.0,0.807437,466.1793,1085.0,252.952,1.1249726473641373,EIN84T_1587,fuel,56464.34776491512,0.0,False
72130.48150802398,764.0334,-64047.40663098289,-19321.9008974557,10685.990076839862,51.859094406134766,2.4590631721952283,35059.0,0.804023,463.3305,807.0,252.9709,1.0457647728789523,EIN84T_1587,fuel,51959.04572005464,0.0,False
72105.79659576243,787.1859,-69320.07090986312,-20936.84820020522,10780.936991446435,51.84393938264549,2.3826181831557847,35371.0,0.800414,460.5996,529.0,252.9834,0.9643652684114452,EIN84T_1587,fuel,47461.77408162854,0.0,False
72083.03028684123,810.3384,-74564.29892533724,-22541.830245767225,10843.206932728275,51.82882826847063,2.3066363221720705,35575.0,0.796552,457.9512,252.0,252.9871,0.8811025829716933,EIN84T_1587,fuel,42978.059254470194,0.0,False
72062.24105456697,833.491,-79780.57603737919,-24137.886496659372,10872.799900686856,51.81375250241318,2.231109987240471,35672.0,0.792767,455.5737,-0.0,252.995,0.803495774060295,EIN84T_1587,fuel,38890.30007308351,0.0,False
72043.29142145667,856.6435,-84971.44709068238,-25725.388797759584,10872.799900458172,51.79870918821563,2.1560015398333454,35672.0,0.792767,455.5739,-0.0,253.0044,0.8033347604482947,EIN84T_1587,fuel,38881.37491546932,0.0,False
72024.34586234363,879.796,-90162.58091374622,-27312.03874810813,10872.79990022946,51.78362567868696,2.080939229749202,35672.0,0.792757,455.5684,-0.0,253.0168,0.8031702408005735,EIN84T_1587,fuel,38871.92717168684,0.0,False
72005.40461662835,902.9485,-95353.99545550435,-28897.54428523036,10872.799900000726,51.76850464681334,2.0059227798004526,35672.0,0.792748,455.5628,-0.0,253.0293,0.8030057234652966,EIN84T_1587,fuel,38862.475257865124,0.0,False
73411.68409336371,0.0,94217.38808534163,30704.826546991717,30.480000304387005,52.30459976108111,4.777520178250041,100.0,0.3,198.3755,1994.0,237.9631,1.8573192814284862,EIN84T_1587,pop,110707.72876665308,0.17614468038173653,False
73368.16236133022,23.4109,92204.7133224166,29445.365311829115,267.5716428977649,52.29361741124222,4.747577242793614,878.0,0.373975,246.6291,2275.0,237.9631,1.7928663275567687,EIN84T_1587,pop,103541.8154709787,0.10210373497490716,False
73326.19236493092,46.8217,89701.03322138498,27878.65016709576,538.0735477341361,52.27994525847736,4.7103502787292495,1765.0,0.450643,296.2765,2555.0,273.0794,1.7889755793836686,EIN84T_1587,pop,103138.2516647648,0.06881072306987199,False
73284.36358940437,70.2326,86157.02172576298,28069.310327227344,841.9857148138026,52.28222711864049,4.658312100501835,2762.0,0.528631,346.3418,2836.0,280.9353,1.8245713267493773,EIN84T_1587,pop,106946.00659919293,0.05574486684096093,False
73241.75987902151,93.6435,82082.871404458,28856.468127792876,1179.3081441364375,52.28992922514376,4.598622082593165,3869.0,0.565214,368.8709,3000.0,281.2647,1.8479894457463324,EIN84T_1587,pop,109607.8293742571,0.046600067198947895,False
73198.63130968084,117.0543,77748.96057341433,29719.69330625381,1536.0897031056404,52.298322188388376,4.535109636928784,5040.0,0.576748,374.8385,3000.0,278.1462,1.838742086850075,EIN84T_1587,pop,108540.43736289881,0.036492386713836485,False
73155.72255184193,140.4652,73303.3625238446,30356.053929770183,1892.8712620749861,52.304656157524725,4.469881028215528,6210.0,0.58858,380.9306,3000.0,272.4535,1.8293717239260794,EIN84T_1587,pop,107480.73372631593,0.026959638524091493,False
73113.03670830019,163.876,68743.27515104764,30551.445899126877,2249.6528210444753,52.3070033968781,4.402859415569136,7381.0,0.600719,387.1495,3000.0,267.1401,1.8198600357993808,EIN84T_1587,pop,106426.38765417732,0.020487596399376477,False
73070.57685796372,187.2869,64109.903884242194,30319.983463447243,2606.434380014007,52.30548296501277,4.3346712353952075,8551.0,0.613175,393.4978,3000.0,262.1547,1.8102273660578487,EIN84T_1587,pop,105379.40080804135,0.01638252592021932,False
73028.34605724864,210.6978,59438.46564498056,29676.314319625286,2963.2159389835365,52.300220739762615,4.2658548672576595,9722.0,0.625954,399.978,3000.0,258.49,1.8004544112413172,EIN84T_1587,pop,104337.42781407933,0.01414846529025722,False
72986.34734154496,234.1086,54741.28707750383,28719.808210964493,3319.9974979530284,52.292107964652565,4.196625356286868,10892.0,0.639068,406.5925,3000.0,255.9617,1.7905622005685526,EIN84T_1587,pop,103302.46966599842,0.012222918923417626,False
72944.58372672541,257.5195,50013.64148751973,27537.720445848925,3676.779056922466,52.2819289803936,4.126939751582309,12063.0,0.652524,413.3437,3000.0,254.0275,1.7805303335913856,EIN84T_1587,pop,102272.15781497266,0.01091496515001483,False
72903.05821066485,280.9304,45250.477408933926,26174.382053308334,4033.5606158918417,52.270082031796164,4.056739786208089,13233.0,0.666331,420.2341,3000.0,252.508,1.7703806358085847,EIN84T_1587,pop,101248.50619127702,0.00972782678217245,False
72861.77377473429,304.3412,40446.063146728404,24660.294554246626,4390.342174861137,52.256840894799595,3.9859531904339964,14404.0,0.680501,427.266,3000.0,251.2856,1.7600916303437875,EIN84T_1587,pop,100229.1281676139,0.008627828594777771,False
72820.7333852292,327.7521,35594.90985714015,23016.91430306879,4747.123733830345,52.24239779907125,3.9145087494677244,15575.0,0.695041,434.442,3000.0,250.3074,1.7496745056238694,EIN84T_1587,pop,99214.94753500566,0.0077955048899007815,False
72779.93999468707,351.1629,30691.24224810126,21261.86172886981,5103.905292799458,52.22691030501643,3.8423296500906146,16745.0,0.709962,441.7641,3000.0,249.524,1.7391410064067745,EIN84T_1587,pop,98206.87223482496,0.007000090030377176,False
72739.39654304435,374.5738,25729.51723861782,19409.116910338606,5460.68685176846,52.21050301780512,3.7693413898233796,17916.0,0.725274,449.2349,3000.0,248.8848,1.7284683346889036,EIN84T_1587,pop,97202.52052394186,0.006346754608488406,False
72699.10595857714,397.9847,20704.947891036332,17468.770369705475,5817.468410737333,52.19326532930912,3.6954797060386566,19086.0,0.740987,456.8564,3000.0,248.3903,1.717680041089236,EIN84T_1587,pop,96203.91526613839,0.005804037392096577,False
72659.07115856477,421.3955,15612.099245407331,15451.372205206613,6174.249969706049,52.175290597699444,3.6206704506082743,20257.0,0.757112,464.6308,3000.0,248.1138,1.7067522705053275,EIN84T_1587,pop,95208.6853763783,0.003943341979826206,False
72619.2950356034,444.8064,10442.298889528949,13374.571315191033,6531.03152867427,52.156735867565956,3.5447918163095298,21427.0,0.773658,472.5602,3000.0,248.0887,1.695709459248907,EIN84T_1587,pop,94228.61725895797,0.0,False
72579.77742428506,468.2173,5184.956530247971,11259.931035951564,6887.813087642088,52.13779305694658,3.467693163535737,22598.0,0.790637,480.6466,3000.0,248.0835,1.684526873997402,EIN84T_1587,pop,93334.2373021445,0.0,False
72540.49734706282,491.6281,-162.38227432176862,9108.525220278387,7244.594646609614,52.118469377219924,3.3893420109973937,23768.0,0.808059,488.8919,3000.0,248.0797,1.6732295256534162,EIN84T_1587,pop,92706.80477794324,0.0,False
72501.38333646084,515.039,-5601.529122519148,6919.7676751579065,7601.376205576914,52.09875697246352,3.309715398225016,24939.0,0.82,493.724,3000.0,248.0752,1.6601078525559132,EIN84T_1587,pop,92142.70732006937,0.0,False
72462.41386174878,538.4499,-11094.32932396505,4708.917928114433,7958.157764544068,52.07879121934695,3.229374850457588,26109.0,0.82,491.3202,3000.0,248.0695,1.6441940501113539,EIN84T_1587,pop,90888.07554367592,0.0,False
72423.77502470692,561.8607,-16559.93766756512,2508.375685676295,8314.939323510864,52.05886444206091,3.149503465928335,27280.0,0.82,488.9046,3000.0,248.0659,1.6293325569351442,EIN84T_1587,pop,89755.80182174544,0.0,False
72385.43764850733,585.2716,-21998.303734465248,318.40185151358435,8671.720882477279,52.03897989030352,3.070100990343821,28451.0,0.82,486.477,3000.0,248.0699,1.6156051385730028,EIN84T_1587,pop,88747.8625703828,0.0,False
72347.37050050308,608.6824,-27409.582998133606,-1860.2256581784325,9028.502441443314,52.019145440749234,2.9911641146959425,29621.0,0.82,484.0371,2814.0,248.0848,1.5686904472342265,EIN84T_1587,pop,85192.30277631569,0.0,False
72310.32719904264,632.0933,-32796.10837657103,-4027.2598960724176,9363.217158020017,51.99936405193951,2.912657737335089,30719.0,0.82,481.737,2534.0,248.1106,1.502478916943289,EIN84T_1587,pop,80423.13265082502,0.0,False
72274.75210520328,655.5042,-38160.78745002892,-6182.699075132012,9664.521612357386,51.97963634126051,2.8345384436033805,31708.0,0.82,479.657,2253.0,248.1452,1.433837360617598,EIN84T_1587,pop,75772.81851040009,0.0,False
72240.69492880329,678.915,-43506.26011906951,-8326.66536453734,9932.415804452423,51.95996171498737,2.756766820249101,32587.0,0.81742,476.2967,1972.0,248.1858,1.3629554313065158,EIN84T_1587,pop,71042.5775908925,0.0,False
72208.27251586074,702.3259,-48818.28515548752,-10452.846634771782,10166.899734304203,51.940398822964596,2.6795488635752034,33356.0,0.814363,472.8952,1691.0,248.2284,1.289893106974577,EIN84T_1587,pop,66365.16749748556,0.0,False
72177.55432466381,725.7368,-54096.30364939395,-12560.866403730128,10367.973401912343,51.92095213681556,2.602891255398016,34016.0,0.811209,469.6759,1410.0,248.2707,1.2146296659231426,EIN84T_1587,pop,61746.86831986782,0.0,False
72148.60141516375,749.1476,-59342.18187273254,-14651.559325740971,10535.636807276716,51.901614989220086,2.5267655128339075,34566.0,0.807937,466.6249,1129.0,248.3119,1.1371477785749413,EIN84T_1587,pop,57168.13302783176,0.0,False
72121.4761003715,772.5585,-64557.65921787012,-16725.793303273203,10669.889950397353,51.88238034996651,2.4511451142985248,35006.0,0.804499,463.7155,848.0,248.3523,1.0574280471894035,EIN84T_1587,pop,52611.73334234928,0.0,False
72096.24160568618,795.9693,-69744.29228394755,-18784.3277339868,10770.732831274483,51.863242114918805,2.3760062818327006,35337.0,0.800878,460.9368,567.0,248.3916,0.9754664614044888,EIN84T_1587,pop,48065.86139568934,0.0,False
72072.96003786566,819.3802,-74903.54752286561,-20827.89338884372,10838.165449908585,51.844194384826125,2.3013266347878822,35558.0,0.797013,458.2509,286.0,248.4279,0.8912933747034403,EIN84T_1587,pop,43519.78099270399,0.0,False
72051.69198848635,842.7911,-80036.1753066648,-22857.157892106698,10872.187806300806,51.8252318710042,2.227094282211982,35670.0,0.792788,455.5902,5.0,248.4595,0.8049447913125185,EIN84T_1587,pop,38963.532445914905,0.0,False
72032.49619505872,866.2019,-85141.75053015996,-24872.46701018026,10872.799900454696,51.80635232541763,2.1533144112379685,35672.0,0.792728,455.5515,-0.0,248.4824,0.8032289312592332,EIN84T_1587,pop,38874.20973390605,0.0,False
72013.34257090857,889.6128,-90247.72543513186,-26885.57605780487,10872.799900228307,51.7874464001349,2.0795899836279377,35672.0,0.792707,455.5396,-0.0,248.4946,0.8030586297230495,EIN84T_1587,pop,38864.07509252004,0.0,False
71994.1936259454,913.0237,-95353.99545552093,-28897.544285264743,10872.799900001839,51.768504646813035,2.0059227798002213,35672.0,0.792686,455.5277,-0.0,248.5068,0.8028883891366891,EIN84T_1587,pop,38853.94640196332,0.0,False
73392.23533303369,0.0,9096.0,28336.0,-99.06,52.294097900390625,4.75006103515625,-325.0,0.23050327595587028,152.64337522473747,2368.0,238.39249775375112,1.8876835019155602,EIN84T_1587,real,159280.9036501489,0.16653425545806172,False
73333.88031258938,23.0,7550.0,27395.0,205.74,52.285657979674255,4.727338518415179,675.0,0.2364813757007255,156.06408939919524,2368.0,239.16216805531275,1.8872214273974177,EIN84T_1587,real,156341.37716469515,0.09888073600794518,False
73295.08720794278,43.0,6192.0,26561.0,449.58000000000004,52.27816306938559,4.7074061802455365,1475.0,0.24836541173142734,163.45335726133007,2048.0,238.25471257764477,1.87655446165874,EIN84T_1587,real,136138.1201667938,0.07152553359075733,False
73240.53952383336,73.0,4114.0,24667.0,731.52,52.261138916015625,4.6768951416015625,2400.0,0.3072512405692043,201.55644370746373,1344.0,223.99491399474581,1.6227960180118148,EIN84T_1587,real,87233.24120877832,0.055288906181826074,False
73204.56203942327,93.0,2530.0,23055.0,906.7800000000001,52.246647204382946,4.653651646205358,2975.0,0.3606793710369149,236.12920192132103,2048.0,229.29343072929734,1.736989280046111,EIN84T_1587,real,99196.06094739454,0.04972197007509527,False
73148.54498963752,123.0,-1114.0,21470.0,1310.64,52.232391357421875,4.6002197265625,4300.0,0.4144380960397397,270.05925275761246,3648.0000000000005,251.4308692689622,1.8732602281960165,EIN84T_1587,real,133384.21544002538,0.046773899198136036,False
73110.22214856799,143.0,-3793.0,20588.0,1668.78,52.224441786943856,4.56097412109375,5475.0,0.43128674850151366,279.8660393831306,3264.0,251.8887527019982,1.848017413730924,EIN84T_1587,real,120921.17783177242,0.04616027447882683,False
73053.29203026525,183.0,-9407.0,18717.0,2385.06,52.20753479003906,4.478759765625,7824.999999999999,0.4600281455512617,296.0,2944.0,251.07535558394875,1.8022272408345665,EIN84T_1587,real,109343.95814655538,0.04127394270442216,False
73015.79400599678,203.0,-12348.0,17711.0,2682.2400000000002,52.19842529296875,4.43572998046875,8800.0,0.4813944015902371,308.6486675817668,3648.0000000000005,251.09542415738832,1.8534045486548676,EIN84T_1587,real,122898.27718941671,0.03972821069408156,False
72958.51011132852,233.0,-16827.0,16182.0,3299.46,52.184546519134,4.370204380580358,10825.0,0.481060335751217,306.14049062481104,3136.0,250.736450979252,1.8105030141039244,EIN84T_1587,real,111007.70012161933,0.033993421554929244,False
72926.39147772343,253.0,-19881.0,15136.0,3535.6800000000003,52.17503356933594,4.3255615234375,11600.0,0.5118325170558634,324.7845439672276,1536.0,250.95139053919152,1.4379154902941127,EIN84T_1587,real,73537.56845944244,0.031543619962439616,False
72879.57575161342,283.0,-24919.0,13422.0,3794.76,52.159408310712394,4.251944405691964,12450.0,0.5684558715241728,359.56779611083084,2560.0,251.0107557396522,1.6856874436446432,EIN84T_1587,real,93264.7219323928,0.026796322027057458,False
72842.27147329347,303.0,-28439.0,12225.0,4130.04,52.14846853482521,4.200544084821429,13550.0,0.5743404627768115,361.78446622263925,3648.0000000000005,250.96406853823,1.8212744526112559,EIN84T_1587,real,113389.35556129455,0.023106196322870632,False
72788.55931639936,333.0,-33714.0,10427.0,4610.1,52.13198904263771,4.123561314174108,15125.0,0.5869153651339464,367.4914965002592,2624.0,250.77617463428618,1.6779771643902348,EIN84T_1587,real,92464.48262080041,0.018822929387828837,False
72736.75050288654,363.0,-38984.0,8636.0,5029.2,52.11552429199219,4.0467071533203125,16500.0,0.6067833206051185,377.9219496139381,2432.0,250.8458950605329,1.627944825151209,EIN84T_1587,real,87696.10499061196,0.014795932536213778,False
72703.31380188628,383.0,-42897.0,7306.0,5265.42,52.10326631190413,3.9896850585937504,17275.0,0.622901630990181,386.79322641432077,2816.0,250.67500028373632,1.692391087283239,EIN84T_1587,real,93976.79124107212,0.012200942346781426,False
72652.2142899879,413.0,-48511.0,5392.0,5676.900000000001,52.08558654785156,3.907928466796875,18625.0,0.6364464026181265,393.1170309208188,2624.0,250.68931904718488,1.647148215042385,EIN84T_1587,real,89448.76508227095,0.010047526758034248,False
72619.04000063012,433.0,-52356.0,4085.0,5928.360000000001,52.07347287970074,3.8519635881696432,19450.0,0.6472655263553606,398.4971769034255,2432.0,250.65567072787886,1.6015043097320065,EIN84T_1587,real,85413.79203005004,0.00877275922272023,False
72568.62417488036,463.0,-58233.0,2088.0,6324.6,52.05491638183594,3.7664794921875,20750.0,0.6599588162736452,404.21034128285237,2816.0,250.48920055628673,1.664212854531963,EIN84T_1587,real,91084.12446781626,0.0018616580338382397,False
72535.3074005801,483.0,-62179.0,737.0,6591.3,52.04232943260063,3.7091413225446432,21625.0,0.6643789921718681,405.48736108539805,2496.0,250.40320556430055,1.5960276052984976,EIN84T_1587,real,84957.4624722001,0.0,False
72490.11946469655,523.0,-70167.0,-1980.0,6995.160000000001,52.01692199707031,3.5931396484375,22950.0,0.6919007920022983,420.01904718714843,1984.0,250.52969799053307,1.4661180623732273,EIN84T_1587,real,75381.98401938137,0.0,False
72458.0345426435,543.0,-74315.0,-3390.0,7231.38,52.003692626953125,3.5329437255859375,23725.0,0.6962096334254998,421.29562067507896,2304.0,250.44680709739708,1.5345573957460754,EIN84T_1587,real,80166.2205287994,0.0,False
72413.67151920623,573.0,-80025.0,-6458.0,7536.18,51.975294210143005,3.4504132952008932,24725.0,0.708584117578613,427.0187349519925,1792.0,233.66681526875786,1.3990917664878242,EIN84T_1587,real,71100.21748329207,0.0,False
72385.1061772363,593.0,-83422.0,-8886.0,7711.4400000000005,51.952949135990465,3.4015241350446432,25300.0,0.7219072045438779,434.0103685397389,1920.0,233.5261498217109,1.4277371355671007,EIN84T_1587,real,72888.79186120658,0.0,False
72341.66363271988,623.0,-89173.0,-12788.0,8001.0,51.91694641113281,3.31878662109375,26250.0,0.7353214745544441,440.3237445334966,1856.0,237.89806646043832,1.4024755477387205,EIN84T_1587,real,71308.60836283554,0.0,False
72313.89693369153,643.0,-93373.0,-14535.0,8176.26,51.900531316207626,3.2581525530133932,26825.0,0.7443274825690429,444.6403040661069,1536.0,253.80680184027537,1.3118018403895744,EIN84T_1587,real,65958.70851640493,0.0,False
72273.27938144295,673.0,-100217.0,-15667.0,8412.48,51.88916015625,3.1589404956714526,27599.999999999996,0.7609519782267916,453.08387744434253,1664.0,260.600046177551,1.3410297057572147,EIN84T_1587,real,67644.31526946381,0.0,False
72231.14722324965,703.0,-107156.0,-16663.0,8679.18,51.87890625,3.05835620777027,28475.0,0.7704462171814316,457.0306335465928,1792.0,260.6819474354872,1.3655285532029129,EIN84T_1587,real,69115.26171547487,0.0,False
72202.778076715,723.0,-111710.0,-17311.0,8869.68,51.87217712402344,2.99236400707348,29100.0,0.7741809282698195,458.0174669158372,1856.0,260.70220219121666,1.3750258781852565,EIN84T_1587,real,69710.36194433605,0.0,False
72161.83413464563,753.0,-118716.0,-18315.0,9121.140000000001,51.8616943359375,2.890888935810811,29925.000000000004,0.7827960735938077,461.46939226778625,1792.0,260.394795844987,1.3502574674002255,EIN84T_1587,real,68340.82322096273,0.0,False
72134.28828764871,773.0,-123424.0,-19007.0,9311.640000000001,51.854444600768005,2.822723388671875,30550.000000000004,0.7854971321844505,461.8073191277938,1728.0,260.15013659963915,1.3268308204312425,EIN84T_1587,real,67041.78415176836,0.0,False
72095.39000821479,803.0,-130486.0,-20057.0,9532.62,51.8433837890625,2.72052661792652,31275.0,0.7950039696012937,465.9195209475559,1664.0,260.113122623182,1.302904951488887,EIN84T_1587,real,65913.09282185903,0.0,False
72065.68510263924,823.0,-135171.0,-20732.0,9753.6,51.83619689941406,2.6527528505067566,32000.0,0.7899227954295142,461.46939226778625,2240.0,260.394795844987,1.4400816188471501,EIN84T_1587,real,74053.85079440696,0.0,False
72025.90230621675,863.0,-144541.0,-22023.0,10088.880000000001,51.82223045219809,2.517242431640625,33100.0,0.7946337788987599,461.96536666724273,1600.0,260.78235579006133,1.2671505512570553,EIN84T_1587,real,64046.31506791431,0.0,False
71999.6896393049,883.0,-149301.0,-22665.0,10256.52,51.815201064287606,2.44842529296875,33650.0,0.7957308884589782,461.46939226778625,1536.0,260.394795844987,1.2445541567481566,EIN84T_1587,real,62899.95210902906,0.0,False
71963.03721455182,913.0,-156289.0,-23629.0,10462.26,51.80461120605469,2.3474368533572636,34325.0,0.8032605689289072,464.4276046920553,1472.0,260.45655107873796,1.2207009330348169,EIN84T_1587,real,61989.05877523214,0.0,False
71937.39596325347,933.0,-160997.0,-24274.0,10622.28,51.79747009277344,2.2794403900971285,34850.0,0.8020362526373013,462.6229566288296,1472.0,260.2933475906603,1.216603150092587,EIN84T_1587,real,61779.93792993364,0.0,False
71903.76934685482,963.0,-167924.0,-25227.0,10789.92,51.78685075145656,2.179412841796875,35400.0,0.8074645242036315,464.59444680280023,960.0,260.3349334877556,1.0607687283322378,EIN84T_1587,real,54234.49668462543,0.0,False
71882.15298681104,983.0,-172903.0,-25901.0,10888.980000000001,51.77926273669227,2.1075439453125,35725.0,0.808659560283294,464.59444680280023,960.0,260.3349334877556,1.0581951458202994,EIN84T_1587,real,54229.68511949571,0.0,False
71854.68437659419,1013.0,-179946.0,-26849.0,10972.800000000001,51.768509169756356,2.00592041015625,36000.0,0.8222873854634267,471.8315377335432,0.0,260.2382252249578,0.7543905088670413,EIN84T_1587,real,41103.281735385855,0.0,False
74405.63038378945,0.0,94182.31124489584,-43884.90834502528,30.480000304326897,52.30459976287911,4.77752017830639,100.0,0.3,198.3755,2415.0,237.9631,1.9745386758653622,EIN60Y_1710,fuel,127268.11126403317,0.17614468301776784,False
74357.46207674353,24.3719,92092.53256807977,-45192.61850365915,329.48835665832337,52.29319855759921,4.746429663254,1081.0,0.359825,237.1306,2708.0,237.9631,1.9293363744484266,EIN60Y_1710,fuel,120150.73272870044,0.09362330923467933,False
74310.42516522516,48.7438,89592.88998489006,-46756.80711140744,664.7062585822346,52.279550454214515,4.7092625395111725,2181.0,0.424543,278.7131,3000.0,274.5209,1.9097592374771024,EIN60Y_1710,fuel,117391.5545222183,0.06431899368263605,False
74263.90479132296,73.1156,86136.23936994688,-46483.491298513516,1036.1337060756298,52.28256445649153,4.658530579192397,3399.0,0.489696,320.116,3000.0,297.4873,1.8653161982804083,EIN60Y_1710,fuel,111669.89369797989,0.05338814686068823,False
74218.5197999934,97.4875,82598.54690534489,-44642.88226354528,1407.561153572688,52.29966155112238,4.606987714092518,4618.0,0.557894,363.1294,3000.0,297.4908,1.8485219455972346,EIN60Y_1710,fuel,109669.9724857643,0.04561513959650942,False
74173.5990269659,121.8594,78581.88429102194,-42552.761823183166,1778.9886010699101,52.31904899773915,4.548418267653359,5837.0,0.58477,378.9723,3000.0,297.4933,1.8411213903066936,EIN60Y_1710,fuel,108812.97492679066,0.036981391639854796,False
74128.87488016051,146.2313,74389.01591218365,-40370.71578925179,2150.4160485671223,52.33925812728976,4.487224775664196,7055.0,0.597311,385.4069,3000.0,297.4918,1.8313466470089947,EIN60Y_1710,fuel,107702.30619205307,0.0278707657833813,False
74084.39292176436,170.6032,70124.55074801474,-38151.5531325302,2521.8434960643012,52.35977859274574,4.424928964883942,8274.0,0.610192,391.9808,3000.0,297.4881,1.821417483193554,EIN60Y_1710,fuel,106597.60242196266,0.019018358527075254,False
74040.15667457515,194.975,65786.85955596564,-35894.641590878455,2893.2709435614465,52.38061457158417,4.361504046784898,9492.0,0.623423,398.6971,3000.0,297.484,1.8113542737106478,EIN60Y_1710,fuel,105500.8416103216,0.014549151587679438,False
73996.16963385325,219.3469,61374.34992099449,-33599.203171861,3264.698391058554,52.401771462170586,4.29692367368381,10711.0,0.637013,405.5584,3000.0,297.4762,1.8011378872887434,EIN60Y_1710,fuel,104409.65691040299,0.011396231090068449,False
73952.4352689172,243.7188,56885.265062316575,-31264.701161284225,3636.1258385556225,52.42325242359711,4.231158894014746,11930.0,0.650973,412.5674,3000.0,297.4611,1.7907788212420106,EIN60Y_1710,fuel,103324.92781986733,0.00950801468239817,False
73908.95702476421,268.0907,52317.65719367995,-28890.892240214765,4007.5532860526437,52.44505789992589,4.164177757689763,13148.0,0.665313,419.727,3000.0,297.4428,1.7802885062233862,EIN60Y_1710,fuel,102247.55250591457,0.008082814357217675,False
73865.73832366981,292.4626,47669.704697552064,-26477.217431501595,4378.980733549613,52.467191058139946,4.095950095520156,14367.0,0.680044,427.0399,3000.0,297.4295,1.7696462239558317,EIN60Y_1710,fuel,101175.14404549473,0.006919704386270565,False
73822.78256671343,316.8344,42939.90486713379,-24022.43085274945,4750.408181046528,52.48966111371648,4.026450393919977,15585.0,0.695176,434.5087,3000.0,297.422,1.7588741223051299,EIN60Y_1710,fuel,100109.68296712262,0.006106015730501232,False
73780.09313517077,341.2063,38126.76724622172,-21525.190439274687,5121.835628543382,52.51247805099139,3.955653154839274,16804.0,0.710722,442.136,3000.0,297.4133,1.7479504124846705,EIN60Y_1710,fuel,99048.77101964017,0.005395795444396702,False
73737.67339170708,365.5782,33228.47372439002,-18984.714749956765,5493.2630760401635,52.53564673507408,3.8835277925826235,18023.0,0.726692,449.9245,3000.0,297.4009,1.736886457249665,EIN60Y_1710,fuel,97993.3060601964,0.0048133984919081435,False
73695.5266812975,389.9501,28243.065119606177,-16400.42556654929,5864.690523536865,52.55917009808894,3.8100414479156473,19241.0,0.743098,457.8765,3000.0,297.3893,1.7256943072707276,EIN60Y_1710,fuel,96944.1807673702,0.004339312343893534,False
73653.65633179418,414.322,23168.751171836135,-13771.351919797418,6236.1179710334745,52.583054475373544,3.7351636237089862,20460.0,0.759951,465.9946,3000.0,297.3792,1.7143507997964018,EIN60Y_1710,fuel,95899.2127471929,0.0021219408578688247,False
73612.06556129943,438.6938,18003.74734671782,-11096.446634264214,6607.545418529974,52.60730676844764,3.6588637232331696,21678.0,0.777263,474.2811,3000.0,297.3654,1.7028800665074295,EIN60Y_1710,fuel,94879.87747741076,0.0,False
73570.75147673643,463.0657,12746.002800802316,-8375.114203938998,6978.972866026357,52.63192970074546,3.5811069879453683,22897.0,0.795046,482.7381,3000.0,297.3455,1.6912579118313196,EIN60Y_1710,fuel,93990.88096096307,0.0,False
73529.6799105103,487.4376,7393.313054678717,-5606.996860744566,7350.40031352245,52.656923723067756,3.501856192709371,24115.0,0.812334,490.7765,3000.0,297.3227,1.6792402822999863,EIN60Y_1710,fuel,93410.96650268388,0.0,False
73488.76427903432,511.8095,1950.1748564977302,-2794.8540426056984,7721.827761018629,52.68226108241684,3.42117332395737,25334.0,0.82,492.9138,3000.0,297.3006,1.664549387169836,EIN60Y_1710,fuel,92583.44526393924,0.0,False
73448.06784630941,536.1813,-3517.70018429521,27.403917136479386,8093.255208514713,52.70763430818502,3.340029623274586,26553.0,0.82,490.4069,3000.0,297.2819,1.648759212391042,EIN60Y_1710,fuel,91342.82713157666,0.0,False
73407.70730816982,560.5532,-8958.439547438393,2833.4058401728244,8464.682656010638,52.73280628751551,3.2591949236861693,27771.0,0.82,487.8872,2945.0,297.2676,1.624412712693073,EIN60Y_1710,fuel,89442.27162053206,0.0,False
73367.88092033507,584.9251,-14372.292798923334,5623.833117763768,8829.321042515076,52.757783890239494,3.178667144267655,28968.0,0.82,485.4007,2653.0,297.2564,1.55634703202338,EIN60Y_1710,fuel,84238.98975162365,0.0,False
73329.62895744648,609.297,-19762.07323327529,8400.516712133176,9157.74988345051,52.78258418052135,3.0984058136318056,30045.0,0.82,483.1503,2360.0,297.2442,1.4854554207472968,EIN60Y_1710,fuel,79189.950480829,0.0,False
73293.01211471134,633.6689,-25130.3010403367,11164.652267326412,9449.969178815934,52.80721840884709,3.018374651752152,31004.0,0.818572,480.3013,2068.0,297.2256,1.4121096492598189,EIN60Y_1710,fuel,74185.73364249381,0.0,False
73258.12842544827,658.0407,-30470.45938401052,13912.136814332156,9705.978928611026,52.8316505863497,2.9386722267704775,31844.0,0.815392,476.6762,1775.0,297.2012,1.3359062982238106,EIN60Y_1710,fuel,69149.14012832579,0.0,False
73225.09028949884,682.4126,-35774.00378450953,16637.924188405883,9925.779132835658,52.855836637323556,2.859427890408371,32565.0,0.812103,473.2444,1483.0,297.1754,1.2574781162785116,EIN60Y_1710,fuel,64210.88307463945,0.0,False
73193.96769872085,706.7845,-41042.96386903734,19342.942335890206,10109.369791489786,52.87978573998079,2.780613268289895,33167.0,0.808658,469.9775,1190.0,297.1562,1.176338076707351,EIN60Y_1710,fuel,59316.26558430814,0.0,False
73164.8319095959,731.1564,-46278.67539377567,22028.67391987659,10256.750904573417,52.90351203776784,2.7022101127940883,33651.0,0.805046,466.8697,898.0,297.1477,1.0929923931516428,EIN60Y_1710,fuel,54477.277421331375,0.0,False
73137.75360318752,755.5283,-51482.21745238341,24696.9310527586,10367.922472086628,52.92703260601801,2.6242038014802933,34015.0,0.801238,463.9029,605.0,297.1398,1.0069428382700343,EIN60Y_1710,fuel,49649.01782260162,0.0,False
73112.80218101994,779.9001,-56654.93975620649,27348.487099170463,10442.88449402958,52.9503551053786,2.5465756928406003,34261.0,0.797063,460.9763,313.0,297.1348,0.9187291683819181,EIN60Y_1710,fuel,44842.70468104708,0.0,False
73090.04784107448,804.272,-61796.956286568806,29983.733251989517,10481.636970402653,52.97348384767153,2.4693255700273933,34389.0,0.792513,458.0825,21.0,297.1283,0.8281456758476602,EIN60Y_1710,fuel,40037.82981546277,0.0,False
73069.55530526025,828.6439,-66908.47733002449,32602.62186641112,10484.179901207044,52.99641918004189,2.39245183085642,34397.0,0.792186,457.8761,-0.0,297.1174,0.8213672507438382,EIN60Y_1710,fuel,39683.38517393356,0.0,False
73049.22836258251,853.0158,-72018.29022020468,35219.407456731766,10484.179900965864,53.0192861980356,2.315522475038467,34397.0,0.792144,457.8518,-0.0,297.1074,0.8211838063220547,EIN60Y_1710,fuel,39672.01339359272,0.0,False
73028.90686783209,877.3877,-77128.28959281505,37835.15943829949,10484.179900724643,53.0420942008683,2.2385090734982067,34397.0,0.792147,457.8537,-0.0,297.1011,0.8210208982385494,EIN60Y_1710,fuel,39663.12265621782,0.0,False
73008.58962991061,901.7595,-82238.59849191003,40450.35960631625,10484.179900483383,53.06484740306535,2.1614097314119656,34397.0,0.792136,457.8475,-0.0,297.0949,0.8208517269063229,EIN60Y_1710,fuel,39653.471975494154,0.0,False
72988.27701593844,926.1314,-87349.12080445616,43064.97102690406,10484.179900242081,53.08754538577248,2.0842259426823935,34397.0,0.792123,457.8402,-0.0,297.0967,0.820681761486896,EIN60Y_1710,fuel,39643.72277598245,0.0,False
72967.96907247977,950.5033,-92459.47680472495,45679.706018645826,10484.17990000074,53.11019451973405,2.006963239202566,34397.0,0.792111,457.8328,-0.0,297.0986,0.8205117840864653,EIN60Y_1710,fuel,39633.969523960004,0.0,False
74405.63038379385,0.0,94182.31124489305,-43884.90854498059,30.480000304373885,52.30459976108127,4.777520178249982,100.0,0.3,198.3755,1831.0,237.9631,1.82107460600342,EIN60Y_1710,pop,106559.86178636948,0.17614468038193395,False
74361.21885058214,24.3636,92085.98953621284,-45196.71310334219,257.0416375969013,52.29316284606107,4.746332345006469,843.0,0.376587,248.3813,2123.0,237.9631,1.7592871037815128,EIN60Y_1710,pop,100150.17158098865,0.1031421366399998,False
74318.35816515489,48.7273,89460.25586576459,-46839.80508854428,519.7883650520508,52.27882593865204,4.707291048333757,1705.0,0.455924,299.8113,2415.0,274.5086,1.765046996708457,EIN60Y_1710,pop,100717.83277268495,0.06875312845701725,False
74275.41701763168,73.0909,85732.34478526247,-46545.84921672011,818.7201826704421,52.282067356985486,4.652578152317297,2686.0,0.53839,352.8295,2708.0,290.2423,1.8120081037983087,EIN60Y_1710,pop,105571.42640895603,0.05555271136937823,False
74231.40000104708,97.4546,81603.08725577936,-45023.11576555288,1153.8370904513906,52.29639241380368,4.592257737235288,3786.0,0.564402,368.4496,3000.0,291.5417,1.8570999036711169,EIN60Y_1710,pop,110681.59109561038,0.04589601420806498,False
74186.29526211407,121.8182,77330.70313198524,-43336.58209561419,1525.1390883844701,52.312179873033884,4.529831161623029,5004.0,0.576389,374.6535,3000.0,295.3258,1.8475688106979395,EIN60Y_1710,pop,109558.7941199706,0.03518627203923176,False
74141.42659147775,146.1819,73108.66206856283,-41338.50869242196,1896.4410863184733,52.330728991768694,4.468169060745914,6222.0,0.5887,380.9922,3000.0,298.3741,1.8378915138478094,EIN60Y_1710,pop,108443.35403677309,0.02597926142988544,False
74096.79755680956,170.5455,68928.96656158385,-39080.996733200554,2267.74308425266,52.35157352215019,4.40713228320345,7440.0,0.601343,387.4683,3000.0,298.6453,1.8280689567653725,EIN60Y_1710,pop,107335.08039814461,0.01858711978548454,False
74052.41169580026,194.9092,64688.79728432362,-36764.83180904335,2639.0450821869094,52.37292118486705,4.345158637042764,8658.0,0.614329,394.0846,3000.0,298.6896,1.818102067932549,EIN60Y_1710,pop,106233.78519168244,0.014086030443384115,False
74008.27251762342,219.2728,60377.7119051628,-34405.60177911693,3010.347080121178,52.39463153269736,4.282087871472235,9876.0,0.627667,400.844,3000.0,298.514,1.8079917355144257,EIN60Y_1710,pop,105139.28034207814,0.011243275704498715,False
73964.38350449101,243.6365,55985.02244136396,-32019.179365454704,3381.6490780554054,52.41656121592522,4.217756488786651,11095.0,0.641368,407.7492,3000.0,298.4753,1.7977283381897875,EIN60Y_1710,pop,104050.27821887532,0.009363006364611416,False
73920.74811326253,268.0001,51514.705451487105,-29594.493079711247,3752.951075989572,52.43880740495123,4.152221960974167,12313.0,0.655442,414.803,3000.0,298.3113,1.7873330591097771,EIN60Y_1710,pop,102968.7548243276,0.008035162889879526,False
73877.36977706612,292.3638,46959.70327385338,-27140.722731992835,4124.253073923657,52.46128620416659,4.085375515104159,13531.0,0.669898,422.0081,3000.0,298.1523,1.776796355237382,EIN60Y_1710,pop,101893.4215578801,0.006905298946427735,False
73834.25190688192,316.7274,42318.37405064377,-24657.031767200187,4495.555071857646,52.48400308840469,4.017189868860361,14749.0,0.684749,429.3671,3000.0,298.0759,1.7661186984955544,EIN60Y_1710,pop,100824.07049189939,0.006084875406266932,False
73791.39789303433,341.0911,37592.44799091964,-22136.176765665667,4866.85706979152,52.507020812227964,3.947688149070673,15967.0,0.700005,436.8828,3000.0,297.9682,1.7553005832000714,EIN60Y_1710,pop,99760.50288958388,0.005392872460994246,False
73748.81110653061,365.4547,32778.69986176649,-19580.09213336659,5238.159067725263,52.53031990898826,3.876818907404398,17186.0,0.715677,444.5578,3000.0,297.876,1.7443308816119247,EIN60Y_1710,pop,98701.41442484123,0.004812642648240324,False
73706.49490017905,389.8184,27875.935016688272,-16986.837280789226,5609.461065658855,52.55391549167659,3.8045610114460873,18404.0,0.731777,452.3945,3000.0,297.8135,1.7332326072207374,EIN60Y_1710,pop,97648.7944466613,0.004343943188964344,False
73664.45260941019,414.182,22883.599265152498,-14353.17616875467,5980.763063592276,52.57783420217094,3.730902686898961,19622.0,0.748316,460.3955,3000.0,297.731,1.7219948058822958,EIN60Y_1710,pop,96601.35011531474,0.003936456350684306,False
73622.6875527178,438.5457,17798.85850097611,-11680.12045515073,6352.065061525413,52.602064484636045,3.6557978945654246,20840.0,0.765305,468.5632,3000.0,297.6717,1.7106177179935633,EIN60Y_1710,pop,95560.46723233565,0.00057353144980341,False
73581.2024568173,462.9093,12620.855238013834,-8964.864571651095,6723.3670594579635,52.626628904135906,3.5792299312972884,22058.0,0.782757,476.8998,3000.0,297.6547,1.6991015244247574,EIN60Y_1710,pop,94565.02830205465,0.0,False
73539.98820161332,487.273,7349.66438839452,-6202.746957792578,7094.669057390153,52.65156661442759,3.5011956845014027,23276.0,0.800684,485.4076,3000.0,297.6271,1.6874464058509948,EIN60Y_1710,pop,93759.70270173228,0.0,False
73498.99358903487,511.6366,1982.8607181627165,-3393.8111739274004,7465.971055321639,52.67687441117164,3.4216545537991374,24495.0,0.816786,492.6948,3000.0,297.5823,1.6750104901179381,EIN60Y_1710,pop,93257.68652527302,0.0,False
73458.13153088062,536.0003,-3466.9033863517984,-546.8876143899881,7837.273053253297,52.70246990702034,3.3407897109571767,25713.0,0.82,492.136,3000.0,297.5569,1.6593386622114275,EIN60Y_1710,pop,92167.43287172494,0.0,False
73417.5612346099,560.3639,-8911.58257856801,2294.308972176096,8208.575051184598,52.72795885598052,3.259905552067148,26931.0,0.82,489.626,3000.0,297.5366,1.6439124422038107,EIN60Y_1710,pop,90969.15685875746,0.0,False
73377.31651625343,584.7275,-14329.248364417384,5118.970664197302,8579.877049115443,52.75324472045865,3.1793289872030126,28149.0,0.82,487.103,2854.0,297.5172,1.6033878630598624,EIN60Y_1710,pop,87790.84664102909,0.0,False
73337.98960148201,609.0912,-19721.33709426717,7927.969041665488,8933.140240049068,52.778335990329445,3.099040130681962,29308.0,0.82,484.6905,2562.0,297.5022,1.5344894825828186,EIN60Y_1710,pop,82643.77525539367,0.0,False
73300.25534700345,633.4548,-25090.37515115785,10723.17966320141,9250.218340824149,52.80325007495533,3.0190026981183924,30348.0,0.82,482.5148,2270.0,297.4913,1.4630110906996245,EIN60Y_1710,pop,77655.78121937721,0.0,False
73264.1737512383,657.8185,-30438.643992217952,13506.274778760697,9531.111351437727,52.82800246745583,2.9391838556140115,31270.0,0.818121,479.4779,1977.0,297.4934,1.388643382554989,EIN60Y_1710,pop,72639.79055245366,0.0,False
73229.85594786976,682.1821,-35755.779466418164,16273.426474097578,9775.819271888902,52.85255994861438,2.8597395067087183,32073.0,0.814914,475.9161,1685.0,297.4932,1.3119167824463411,EIN60Y_1710,pop,67645.15101108229,0.0,False
73197.4040593075,706.5458,-41035.90413554087,19021.290113630443,9984.342102177312,52.87689371427433,2.780759229922309,32757.0,0.811587,472.5411,1392.0,297.481,1.2325000425682875,EIN60Y_1710,pop,62711.587853075864,0.0,False
73166.88827258979,730.9094,-46281.49235717253,21749.756875826806,10156.679842302901,52.90100356943867,2.7022080292363984,33322.0,0.808132,469.3472,1100.0,297.4758,1.1508879036418496,EIN60Y_1710,pop,57847.884046162464,0.0,False
73138.37878354135,755.2731,-51494.03639812128,24460.437906589636,10292.832492265814,52.924904780369985,2.62406519876458,33769.0,0.804486,466.2981,808.0,297.4703,1.0668351873128001,EIN60Y_1710,pop,53019.023421702965,0.0,False
73111.94626022813,779.6367,-56674.97493175105,27154.04717932554,10392.800052066485,52.948604489659424,2.5463108262302145,34097.0,0.80061,463.3693,515.0,297.4417,0.980084882302081,EIN60Y_1710,pop,48195.69532536438,0.0,False
73087.65989451921,804.0004,-61826.52440478733,29829.120086014704,10456.582521705983,52.97209010108873,2.4689137013264952,34306.0,0.796406,460.5033,223.0,297.4193,0.891230758785342,EIN60Y_1710,pop,43395.02694440954,0.0,False
73065.5871353488,828.364,-66948.88037442544,32486.486395697582,10484.179901187727,52.99536981605693,2.3918723451640123,34397.0,0.792916,458.2981,-0.0,297.3977,0.821665809164484,EIN60Y_1710,pop,39721.901901221114,0.0,False
73045.24860906055,852.7277,-72048.80684331966,35129.77637882567,10484.17990095079,53.01847612395305,2.3150863965932085,34397.0,0.792901,458.2893,-0.0,297.3619,0.8214946558408415,EIN60Y_1710,pop,39711.96981109984,0.0,False
73024.91483794745,877.0913,-77150.28500473748,37769.82977262953,10484.179900713742,53.04150359281433,2.238195813640818,34397.0,0.792885,458.2802,-0.0,297.3375,0.8213233313698788,EIN60Y_1710,pop,39702.014417847284,0.0,False
73004.58583251615,901.455,-82252.78553674479,40407.65818652691,10484.179900476589,53.06446126265922,2.161208398857175,34397.0,0.792873,458.2733,-0.0,297.3275,0.8211538057218971,EIN60Y_1710,pop,39692.27641110529,0.0,False
72984.26148628224,925.8186,-87355.67163158786,43044.55369455628,10484.179900239335,53.0873607325879,2.0841334399098437,34397.0,0.792875,458.2747,-0.0,297.3078,0.8209908948548451,EIN60Y_1710,pop,39683.34258395294,0.0,False
72963.94142018326,950.1823,-92459.47680474195,45679.70601867858,10484.179900001984,53.11019451973435,2.006963239202302,34397.0,0.792878,458.276,-0.0,297.2882,0.820827980558933,EIN60Y_1710,pop,39674.403978869304,0.0,False
75136.02575380488,0.0,9029.0,28288.0,137.16,52.293664964578916,4.749075753348214,449.99999999999994,0.2381773489399465,157.30543537970962,2880.0,237.72435568542238,1.888737614383061,EIN60Y_1710,real,181737.98554957676,0.12486513881078076,False
75072.49469661381,23.0,7502.0,27341.0,472.44,52.28517150878906,4.7266387939453125,1550.0,0.22684490350225173,149.25146565444507,2880.0,237.5876933816488,1.8887763792137722,EIN60Y_1710,real,193230.72714461497,0.07672135099727218,False
75031.55872298294,53.0,5491.0,25935.0,754.38,52.27253723144531,4.697113037109375,2475.0,0.26226880027089206,172.00290695217916,1344.0,227.591866705235,1.7747730302352267,EIN60Y_1710,real,104548.16846165455,0.059470832303229276,False
74981.05212733979,83.0,3391.0,23775.0,922.0200000000001,52.253117965439614,4.666285923549108,3025.0,0.33710695646904737,220.6581065811995,1664.0,223.89829388479365,1.694207922669655,EIN60Y_1710,real,94164.661303309,0.05042379317952013,False
74942.55056788313,103.0,1482.0,22340.0,1089.66,52.24021911621094,4.6382904052734375,3575.0,0.38773691434051266,253.30811277967393,2496.0,247.4845305261934,1.8059247787436257,EIN60Y_1710,real,110068.20432502443,0.04769641540338639,False
74879.76787656048,143.0,-3691.0,21578.0,1805.94,52.23335266113281,4.5624542236328125,5925.0,0.42002748105499355,272.12129648375554,2944.0,286.43706896644534,1.835957298647335,EIN60Y_1710,real,117151.1654311874,0.04392379027321233,False
74837.9992494913,163.0,-6006.0,23214.0,2133.6,52.248046875,4.52850341796875,6999.999999999999,0.4474467679951317,288.7663415289254,3712.0,321.18525491558233,1.8715291762735218,EIN60Y_1710,real,132121.7579036383,0.03907432418359649,False
74777.01152481964,193.0,-8315.0,27088.0,2621.28,52.28288269042969,4.4945526123046875,8600.0,0.46647350429964757,299.3008519867593,2560.0,329.922697686573,1.7558260547270426,EIN60Y_1710,real,101732.42554744479,0.030645968253948122,False
74737.05679703846,213.0,-9875.0,29762.0,2895.6000000000004,52.306915283203125,4.471588134765625,9500.0,0.4816432860365567,308.01623333843946,2880.0,329.35525898815337,1.7933019669010497,EIN60Y_1710,real,107676.9956431341,0.025130588332662573,False
74689.09084315025,253.0,-13233.0,35376.0,3307.0800000000004,52.35736083984375,4.4220733642578125,10850.0,0.5352625024203361,340.6024075076393,1088.0,328.69004961746555,1.3080074986782786,EIN60Y_1710,real,65743.51553539773,0.018488586626696453,False
74655.8530253664,273.0,-15119.0,38489.0,3451.86,52.38532632084216,4.394217354910714,11325.0,0.5694193034187872,361.69738732813653,2048.0,328.6830733871928,1.6036706171551693,EIN60Y_1710,real,85595.37814167193,0.015773961887845994,False
74597.60002273972,303.0,-18157.0,43262.0,3878.5800000000004,52.42817687988281,4.3492889404296875,12725.0,0.5793558471237052,366.0833238485468,2368.0,320.8757736702046,1.6621354459427256,EIN60Y_1710,real,90880.3028301453,0.012312872084910357,False
74558.99949865096,333.0,-22682.0,46562.0,4259.58,52.45770263671875,4.2824554443359375,13974.999999999998,0.5835763685542792,367.00953666083393,3008.0,301.1779453642683,1.7609312250167473,EIN60Y_1710,real,102466.04006603765,0.009768794387629452,False
74503.11921022086,363.0,-27523.0,49542.0,4655.820000000001,52.48429637844279,4.210902622767858,15275.000000000002,0.5974617581142929,373.8796597837331,2048.0,301.4368301994976,1.5700061215172472,EIN60Y_1710,real,82860.19152873833,0.008025212569514977,False
74448.78299671932,393.0,-32529.0,52656.0,4983.4800000000005,52.5120415121822,4.136823381696429,16350.0,0.616762291354854,384.36050785688167,2560.0,301.70515986347914,1.6702767658248978,EIN60Y_1710,real,91684.3909561096,0.006850684689208881,False
74411.90259524122,423.0,-37534.0,55795.0,5364.4800000000005,52.53996276855469,4.062652587890625,17600.0,0.6269527332326444,388.81486597093993,2368.0,301.64611776155664,1.6223576016787382,EIN60Y_1710,real,87201.01530391321,0.005890806123953302,False
74360.00223400182,453.0,-42691.0,59030.0,5692.14,52.56869558560646,3.986153738839286,18675.0,0.6440332025605182,397.7247792129628,1984.0,301.5320013451129,1.5248087375893564,EIN60Y_1710,real,79453.39425676974,0.005141413775811962,False
74325.21854872927,473.0,-46135.0,61193.0,5897.88,52.587875107587394,3.9349888392857144,19350.0,0.6538380712333498,402.7033647736259,2176.0,301.5981813126215,1.5646431206191278,EIN60Y_1710,real,82441.40884810954,0.00475072074631855,False
74273.24193506251,513.0,-53234.0,65642.0,6316.9800000000005,52.62725830078125,3.8294219970703125,20725.0,0.6705877269356431,410.7614879708174,2240.0,301.56181184164933,1.566833682297207,EIN60Y_1710,real,82611.91606491822,0.0011179680377626964,False
74240.35888895368,533.0,-56835.0,67901.0,6522.72,52.647216796875,3.775787353515625,21400.0,0.6788490266876506,414.6950686950594,1600.0,301.3902681041878,1.3988673110662364,EIN60Y_1710,real,71086.16328568176,0.0,False
74189.3217517259,563.0,-62200.0,71263.0,6835.14,52.67688298629502,3.6958007812500004,22425.0,0.6875933369182017,418.2977408497445,1792.0,301.41008608946265,1.4411886988170797,EIN60Y_1710,real,73748.57277392759,0.0,False
74158.06426860331,583.0,-65886.0,73583.0,7002.780000000001,52.697319418697035,3.640790666852679,22975.0,0.6956213680647305,422.234531984299,1664.0,301.2430188836562,1.4017556659361072,EIN60Y_1710,real,71263.72962285925,0.0,False
74109.64467745421,623.0,-73426.0,77918.0,7345.68,52.73535259699417,3.528180803571429,24100.0,0.7094648658069627,428.65487282894617,1984.0,298.41844324999363,1.4749614544847285,EIN60Y_1710,real,75973.07780623934,0.0,False
74079.15494539302,643.0,-77352.0,80126.0,7528.56,52.75467177568856,3.4694824218750004,24700.0,0.7171826901193569,432.24530072633524,1408.0,298.46235421423205,1.3136680645283283,EIN60Y_1710,real,66063.85237324637,0.0,False
74033.84232965978,673.0,-83186.0,83461.0,7757.160000000001,52.7838134765625,3.3821411132812504,25450.0,0.7310286979623809,439.21976276119454,1536.0,299.30801146715834,1.3447733067430434,EIN60Y_1710,real,67851.45784730576,0.0,False
74003.42564416442,703.0,-89031.0,86917.0,7993.38,52.81397932666843,3.2944859095982144,26225.0,0.7433228134383117,445.16176834943946,1728.0,299.6171673161781,1.3903760689241835,EIN60Y_1710,real,70566.56630713196,0.0,False
73957.92895925193,733.0,-94872.0,90360.0,8252.460000000001,52.843963623046875,3.206787109375,27075.0,0.7489643006212978,446.93847451299155,1280.0,300.52404314253874,1.2557314719020198,EIN60Y_1710,real,62852.77239927773,0.0,False
73913.92131991831,763.0,-100419.0,94548.0,8473.44,52.88064213122352,3.1230991908482144,27800.0,0.7654970017640376,455.4031181272258,1408.0,308.58121326976124,1.2886248732857783,EIN60Y_1710,real,64681.83703004167,0.0,False
73885.30160328964,793.0,-105874.0,99068.0,8656.32,52.92025808560646,3.0405447823660716,28399.999999999996,0.7790788667957528,462.299686350748,1472.0,308.05977304106256,1.3028378335247002,EIN60Y_1710,real,65559.3377393947,0.0,False
73842.98587336164,823.0,-111396.0,103559.0,8884.92,52.95954895019531,2.95684814453125,29150.0,0.7845509757192192,464.05279872014563,896.0,307.7342080633391,1.1265006258390025,EIN60Y_1710,real,56303.10192480312,0.0,False
73817.75957552607,843.0,-115345.0,106218.0,8968.74,52.98263808428231,2.8970947265625,29424.999999999996,0.7880312131903372,465.55987799637546,832.0,296.95031958417417,1.1044434038477289,EIN60Y_1710,real,55262.007168305034,0.0,False
73774.59767777074,883.0,-124284.0,109230.0,9265.92,53.00775146484375,2.76275634765625,30400.0,0.7783739625233562,457.91811495069726,1600.0,283.641734271622,1.3133154876376087,EIN60Y_1710,real,66192.3820685389,0.0,False
73746.92472222474,903.0,-128784.0,110463.0,9410.7,53.01778502383474,2.6951817103794644,30875.0,0.7795542704621317,457.6647244435603,1024.0,284.03624346792645,1.140001252813493,EIN60Y_1710,real,56974.246988663006,0.0,False
73709.59660651421,933.0,-135715.0,112338.0,9540.24,53.032961053363344,2.591047014508929,31299.999999999996,0.7922639322703606,464.2628565801921,1408.0,283.19812048076113,1.2515747415730338,EIN60Y_1710,real,63054.28598079844,0.0,False
73682.12841091503,953.0,-140263.0,113544.0,9685.02,53.04264391882945,2.5226963588169644,31775.0,0.7918632842269442,463.0615509843157,960.0,283.10590660892706,1.1131781847660114,EIN60Y_1710,real,55894.859949050064,0.0,False
73639.25551955895,993.0,-149458.0,115954.0,9921.24,53.061859130859375,2.3844146728515625,32549.999999999996,0.7908456561627373,460.8871879321446,2368.0,283.0412062917418,1.485897893681567,EIN60Y_1710,real,77186.61982558141,0.0,False
73610.75830516739,1013.0,-154010.0,117145.0,10104.12,53.0712890625,2.3159027099609375,33150.0,0.7847151491220229,456.0975772792484,1472.0,282.66506376504236,1.2516671611837316,EIN60Y_1710,real,62998.90855008214,0.0,False
73573.16026066586,1043.0,-160874.0,118859.0,10287.0,53.08470153808594,2.2126007080078125,33750.0,0.7872889046493343,456.3693679466228,640.0,281.6300172978019,0.9891149332380825,EIN60Y_1710,real,49871.368947322626,0.0,False
73550.59772808055,1073.0,-167678.0,120509.0,10416.54,53.09747314453125,2.1101597377232144,34175.0,0.7942185061190237,459.5095211200743,384.0,281.676737830954,0.902581291908146,EIN60Y_1710,real,46041.01329366214,0.0,False
73510.85591454909,1103.0,-174528.0,122166.0,10584.18,53.110198974609375,2.006966727120536,34725.0,0.7954946280474202,459.10891953870816,1600.0,281.43230687040887,1.275688736518315,EIN60Y_1710,real,64752.5570236607,0.0,False
77219.99990134047,0.0,91897.63480525675,-43633.09466517258,30.479999960450748,52.32860183801494,4.708839891950032,100.0,0.3,198.3755,2136.0,3.1751,1.943971339236424,EIN611_1579,fuel,122329.64317332531,0.2806658073975258,False
77173.29061302928,24.0045,92032.36038471808,-41204.452357331764,290.92991155269783,52.35041582326813,4.711492432557585,954.0,0.361418,238.2844,2424.0,3.1751,1.8961972947020342,EIN611_1579,fuel,115572.15036596256,0.1645312990246608,False
77127.7560846017,48.0089,92194.25315991143,-38286.07824648773,586.5058337835782,52.37662847716796,4.714683495288322,1924.0,0.427401,280.8406,2712.0,327.1684,1.8804851409867844,EIN611_1579,fuel,113547.70793507597,0.12113101457169173,False
77082.64060307294,72.0134,90326.02189890985,-35390.65356646985,917.2077666325439,52.402975635988525,4.687952677505063,3009.0,0.493407,322.9846,3000.0,294.0793,1.8927220717198714,EIN611_1579,fuel,115116.98119674106,0.09132777677709844,False
77037.27690263929,96.0178,86707.51106618586,-33773.584169285605,1283.0357080071285,52.41810449338237,4.635044930244813,4209.0,0.55592,362.3692,3000.0,294.0758,1.876092147741739,EIN611_1579,fuel,112996.48713878973,0.06323198272657317,False
76992.35915155086,120.0223,82644.2217750299,-31958.048193395294,1648.8636494890509,52.435062103669914,4.575590573200769,5410.0,0.580455,376.7506,3000.0,294.0717,1.8681083261190254,EIN611_1579,fuel,112010.23395891646,0.040264070627745445,False
76947.64660723151,144.0267,78418.56184737307,-30070.322230496782,2014.691590965758,52.452662476676245,4.513711809555847,6610.0,0.59269,383.0396,3000.0,294.0697,1.858759683636189,EIN611_1579,fuel,110879.68134549103,0.025560508151873135,False
76903.1620603705,168.0312,74121.94599208883,-28151.076921348063,2380.519532431259,52.470523661149564,4.45074328212663,7810.0,0.605251,389.4629,3000.0,294.0684,1.8492628915973923,EIN611_1579,fuel,109756.56693884722,0.015909668286187967,False
76858.90906743864,192.0357,69752.89139569034,-26199.59166981539,2746.347473884586,52.488650622840154,4.38666074240277,9010.0,0.618147,396.0232,3000.0,294.0626,1.8396190144800046,EIN611_1579,fuel,108640.71880821307,0.01205170503164875,False
76814.89115382214,216.0401,65309.70594519585,-24215.534579930514,3112.175415324632,52.507044777353585,4.321436658006955,10211.0,0.631388,402.7231,3000.0,294.0537,1.8298195351510158,EIN611_1579,fuel,107530.89336849637,0.009514414978725889,False
76771.1118146704,240.0446,60790.70743803102,-22198.472030860874,3478.0033567501305,52.52570836439182,4.255043559601701,11411.0,0.644984,409.5653,3000.0,294.0458,1.8198842041124816,EIN611_1579,fuel,106429.04036255364,0.008123057761951987,False
76727.57451579167,264.049,56194.33010036283,-20147.63029630547,3843.831298159625,52.54464657811538,4.187455647814035,12611.0,0.658944,416.5524,3000.0,294.0407,1.8098046279274367,EIN611_1579,fuel,105333.91465410983,0.00695680241317723,False
76684.28269455746,288.0535,51519.04228421109,-18062.08017259353,4209.659239551416,52.563865917097154,4.118647524447931,13811.0,0.673279,423.687,3000.0,294.0358,1.7995816444866426,EIN611_1579,fuel,104245.33234720843,0.00611761978595225,False
76641.23976076957,312.058,46763.19614395725,-15941.074729623935,4575.48718092352,52.58337115889089,4.048591906463243,15011.0,0.687999,430.9717,3000.0,294.03,1.789216049688366,EIN611_1579,fuel,103163.10972116987,0.0054386723402267845,False
76598.44909743947,336.0624,41925.06658962751,-13783.963175278197,4941.315122273588,52.603166123637145,3.9772602193863635,16212.0,0.703114,438.409,3000.0,294.0263,1.7786979632379982,EIN611_1579,fuel,102085.98487149764,0.004858841868078885,False
76555.91406142327,360.0669,37003.019838206965,-11589.814114958132,5307.143063598817,52.62325704401348,3.904625137838177,17412.0,0.718636,446.0014,3000.0,294.0284,1.768049096003986,EIN611_1579,fuel,101015.92597097965,0.00439439907582072,False
76513.63798384824,384.0713,31995.535793414307,-9357.366743340075,5672.9710048958295,52.64365300400225,3.8306609007606527,18612.0,0.734574,453.7513,3000.0,294.0346,1.7572597156498893,EIN611_1579,fuel,99951.67627465088,0.0039948948326446205,False
76471.6241702613,408.0758,26901.02001803971,-7085.4546290368635,6038.798946160497,52.6643621394783,3.755340463111508,19812.0,0.750941,461.6611,3000.0,294.0411,1.7463304901121466,EIN611_1579,fuel,98893.059616808,0.003643054117932826,False
76429.87590021151,432.0802,21717.701905760172,-4773.23621174144,6404.626887387708,52.68538956280441,3.6786339696242742,21013.0,0.767747,469.733,3000.0,294.0467,1.7352506082743824,EIN611_1579,fuel,97843.3454144024,0.0,False
76388.39496861,456.0847,16443.737062059325,-2419.9673975333167,6770.454828571467,52.70673939290857,3.600510300380776,22213.0,0.785004,477.9692,3000.0,294.0539,1.724043409963269,EIN611_1579,fuel,96861.07028203356,0.0,False
76347.1671825044,480.0892,11077.366034432885,-24.64850953392585,7136.282769523077,52.728417919761426,3.5209394398513036,23413.0,0.801119,485.3998,3000.0,294.0656,1.71234234473224,EIN611_1579,fuel,96039.6459140553,0.0,False
76306.15050752579,504.0936,5627.877026898019,2409.101137230264,7502.110710551384,52.75038965091101,3.4400552436981955,24613.0,0.813734,490.6129,3000.0,294.0803,1.6996953577578446,EIN611_1579,fuel,95376.38344072441,0.0,False
76265.30078556201,528.0981,120.41240169790787,4870.440004957826,7867.938651613715,52.7725544321139,3.3582276645464666,25813.0,0.82,491.9292,2723.0,294.0949,1.637267598818257,EIN611_1579,fuel,90443.5330067037,0.0,False
76225.79506156627,552.1025,-5404.171696266241,7341.114739858555,8199.99982421954,52.79474659593163,3.2760620443223756,26903.0,0.82,489.6841,2435.0,294.1081,1.5685097167830577,EIN611_1579,fuel,85091.66566605918,0.0,False
76187.86392955575,576.107,-10905.794010166077,9803.046320282818,8496.934986584407,52.816803796126756,3.1941546550875493,27877.0,0.819938,487.6309,2147.0,294.1202,1.496841769998644,EIN611_1579,fuel,79901.36541992288,0.0,False
76151.57593581393,600.1114,-16386.51819388587,12257.014370172097,8758.744138338914,52.83873359915559,3.112475747876649,28736.0,0.816621,483.8811,1859.0,294.1309,1.4215806639176558,EIN611_1579,fuel,74580.08917613344,0.0,False
76117.09015671571,624.1159,-21827.148222095875,14694.24866621593,8985.42727936995,52.86045845575248,3.0313127741572603,29480.0,0.813259,480.3511,1571.0,294.1389,1.343588617677067,EIN611_1579,fuel,69379.00310301673,0.0,False
76084.47849158286,648.1204,-27230.113736421477,17115.52080332283,9176.984409634344,52.88198630604753,2.950631255338076,30108.0,0.809718,476.9618,1283.0,294.1436,1.2629144829438352,EIN611_1579,fuel,64265.46322304238,0.0,False
76053.81460122862,672.1248,-32596.973621915615,19521.137236249044,9333.415529122552,52.903320857329696,2.8704096071501923,30621.0,0.806002,473.7154,995.0,294.1457,1.1796134884346567,EIN611_1579,fuel,59221.262120347834,0.0,False
76025.16964751748,696.1293,-37929.26793042005,21911.49157839867,9454.720637851613,52.92446653562415,2.7906264385533417,31019.0,0.802015,470.5541,707.0,294.1463,1.0937168508510533,EIN611_1579,fuel,54225.67504629618,0.0,False
75998.61428815885,720.1337,-43227.83095171223,24286.790533688196,9540.899735873889,52.945426078171295,2.7112708348809518,31302.0,0.797672,467.4273,419.0,294.1456,1.0052554117181174,EIN611_1579,fuel,49263.122207473396,0.0,False
75974.21724911267,744.1382,-48492.90807364838,26647.006762362707,9591.952823316296,52.96620013465902,2.632340661568648,31470.0,0.792816,464.2412,131.0,294.1435,0.9142159131654933,EIN611_1579,fuel,44317.19486184727,0.0,False
75952.0460637507,768.1427,-53723.68817759467,28991.6151839091,9607.879900589165,52.98678497227959,2.5538496335593717,31522.0,0.790402,462.7214,0.0,294.1405,0.8716992849432724,EIN611_1579,fuel,42057.44264075621,0.0,False
75930.91160921134,792.1471,-58938.08500794132,31328.552170431452,9607.879901182354,53.0072509135177,2.4755301215199546,31522.0,0.790384,462.711,0.0,294.1372,0.871533756477711,EIN611_1579,fuel,42047.954804356305,0.0,False
75909.78157398947,816.1516,-64152.499634524334,33665.135396693695,9607.8799017477,53.02766219114942,2.3971362174596647,31522.0,0.790376,462.7062,0.0,294.134,0.8713744899476608,EIN611_1579,fuel,42039.032862864544,0.0,False
75888.6556965601,840.156,-69366.98778250867,36001.40827274532,9607.8799022878,53.04801910097841,2.318667157553828,31522.0,0.790372,462.7039,0.0,294.1306,0.8712180560772603,EIN611_1579,fuel,42030.36579167399,0.0,False
75867.53385456659,864.1605,-74581.59277716595,38337.35199676686,9607.879902804052,53.06832137896713,2.24012237471718,31522.0,0.790379,462.708,0.0,294.1266,0.8710687875726926,EIN611_1579,fuel,42022.34416168785,0.0,False
75846.41574890904,888.1649,-79796.40325212198,40672.960964547936,9607.87990329774,53.088568871331276,2.1615006213634405,31522.0,0.790381,462.7089,0.0,294.1233,0.8709160344479648,EIN611_1579,fuel,42014.006109535,0.0,False
75825.3015298217,912.1694,-85011.35902647734,43008.27115514012,9607.879903770207,53.10876181845776,2.082802866985524,31522.0,0.790363,462.6982,0.0,294.1215,0.8707504563773728,EIN611_1579,fuel,42004.510318658125,0.0,False
75804.19173358424,936.1739,-90226.26898634972,45343.36116806038,9607.879904222431,53.12890086849587,2.0040320314623576,31522.0,0.790344,462.6875,0.0,294.1197,0.8705849328047449,EIN611_1579,fuel,41995.01945433358,0.0,False
77219.99990000986,0.0,91897.63500152595,-43633.094858640194,30.48000030456732,52.328601836242306,4.708839894784446,100.0,0.3,198.3755,2267.0,3.1751,1.9738027948282209,EIN611_1579,pop,127142.16257500151,0.2806657903105867,False
77172.54886561181,24.0167,92032.32084839734,-41205.16877231512,307.111295830124,52.350409388427174,4.711491652719741,1008.0,0.356967,235.3069,1979.0,3.1751,1.7841183897757693,EIN611_1579,pop,102638.49880759459,0.15047641792052108,False
77129.68083343876,48.0334,92192.57588530172,-38316.31746682685,548.5808046232432,52.376356870829426,4.714650413162888,1800.0,0.43467,285.7406,2267.0,327.1501,1.7715057357268515,EIN611_1579,pop,101361.07749065929,0.1293137197847077,False
77087.16944001419,72.05,90286.43954114873,-35364.220390248374,825.2121001294022,52.403219879376415,4.687376499660416,2707.0,0.512148,335.607,2556.0,301.9921,1.8060930384738176,EIN611_1579,pop,104936.17765696274,0.09815436872994658,False
77043.88997776608,96.0667,86785.92835650245,-33177.528616483214,1137.0051823749347,52.42345143302695,4.636356870701253,3730.0,0.563866,368.1715,2844.0,297.6735,1.8552924735776164,EIN611_1579,pop,110466.75744551097,0.06524047835591316,False
76999.46113621723,120.0834,82777.2243335398,-31075.273490003074,1483.9600513584714,52.442979489212505,4.577772569486221,4869.0,0.575044,373.9589,3000.0,294.9649,1.8721669438462805,EIN611_1579,pop,112509.1421300683,0.04037480593232572,False
76954.62686940184,144.1001,78610.63708051929,-29135.467284251,1849.974242605474,52.46104076974054,4.516767712786765,6069.0,0.587141,380.1914,3000.0,294.0951,1.8628848572327832,EIN611_1579,pop,111375.40756776498,0.025435084759085423,False
76910.01924822769,168.1168,74344.80225932912,-27227.706263101652,2215.988433852954,52.47879611601247,4.45424033225474,7270.0,0.59956,386.5572,3000.0,294.7704,1.8534453515410856,EIN611_1579,pop,110248.14161960449,0.015984489659806908,False
76865.64184802904,192.1334,70030.35974175016,-25236.856955182684,2582.002625100641,52.49727190605427,4.390962178400921,8471.0,0.612311,393.0589,3000.0,294.6221,1.8438579894420435,EIN611_1579,pop,109128.22125333484,0.011948814415243458,False
76821.49821265058,216.1501,65637.78814312458,-23223.727880559516,2948.016816348306,52.515923743305514,4.326480810586971,9672.0,0.625403,399.6992,3000.0,294.465,1.8341238083623452,EIN611_1579,pop,108015.47241336663,0.009452998222339245,False
76777.59185526677,240.1668,61165.0826622123,-21188.693461763116,3314.031007595895,52.53474655933549,4.260764152564237,10873.0,0.638846,406.4807,3000.0,294.2407,1.8242437682347448,EIN611_1579,pop,106909.71496445846,0.008058762368247843,False
76733.92625926556,264.1835,56608.10108404396,-19136.80839351343,3680.0451988433624,52.55369331612813,4.193747651377614,12074.0,0.652648,413.4061,3000.0,294.0661,1.8142188061948956,EIN611_1579,pop,105810.76969712938,0.006911923947678154,False
76690.50487915929,288.2001,51966.82423638027,-17063.96382237749,4046.0593900906756,52.57279880017908,4.125429351706711,13274.0,0.666822,420.478,3000.0,293.9048,1.8040598614136636,EIN611_1579,pop,104719.52476803875,0.006092135575468816,False
76647.3311414791,312.2168,47239.93060389947,-14968.817321704988,4412.07358133781,52.592072990545944,4.055787367943618,14475.0,0.681375,427.699,3000.0,293.752,1.793747811296058,EIN611_1579,pop,103633.65443879913,0.005412850306640556,False
76604.40844560531,336.2335,42425.8969309606,-12850.386664112359,4778.087772584732,52.61152255171046,3.9847966403774975,15676.0,0.696321,435.0716,3000.0,293.6249,1.7832932569324949,EIN611_1579,pop,102554.0416287461,0.004840547098761856,False
76561.74016447863,360.2502,37523.81994103166,-10706.18339695781,5144.1019638314165,52.63116754927726,3.912441339537,16877.0,0.711667,442.5984,3000.0,293.5409,1.7726969470803986,EIN611_1579,pop,101480.50527881205,0.004385861704978333,False
76519.32964513161,384.2669,32533.46098075369,-8532.080822234897,5510.116155077822,52.65104266072066,3.8387154452954446,18078.0,0.727427,450.2817,3000.0,293.4928,1.7619595130609924,EIN611_1579,pop,100412.85767696523,0.003988721366601733,False
76477.18020897385,408.2835,27454.344538134126,-6324.379694036943,5876.130346323906,52.67117867396983,3.7636090934668007,19279.0,0.74361,458.1241,3000.0,293.452,1.7510816889882956,EIN611_1579,pop,99350.92665174462,0.0036428185768227635,False
76435.29515175534,432.3002,22284.906681275126,-4081.794110360388,6242.144537569627,52.69158465069451,3.6870958183660987,20479.0,0.760228,466.1277,3000.0,293.452,1.7400754036460861,EIN611_1579,pop,98296.0847145687,0.0017424951129363549,False
76393.67755927928,456.3169,17024.903771171517,-1799.9180317089106,6608.158728814697,52.71229755866089,3.609168740765808,21680.0,0.777292,474.2949,3000.0,293.4827,1.7289188759501413,EIN611_1579,pop,97270.29746093591,0.0,False
76352.32335962074,480.3336,11673.740517185543,524.9135892019405,6974.172920059208,52.73334764669505,3.5298153845424953,22881.0,0.794813,482.6277,3000.0,293.5027,1.717623836630718,EIN611_1579,pop,96387.60588551384,0.0,False
76311.19716687797,504.3503,6229.155036122478,2892.5898087170053,7340.187111301243,52.75473114474625,3.448998107106681,24082.0,0.808997,488.8277,3000.0,293.5287,1.7053602883735155,EIN611_1579,pop,95663.34757973562,0.0,False
76270.25507709771,528.3669,715.589169540195,5293.239853328087,7706.201302544067,52.776356299717605,3.3670760793067056,25283.0,0.819624,492.793,2856.0,293.5658,1.667608748943162,EIN611_1579,pop,92925.23340387421,0.0,False
76230.0419618839,552.3836,-4842.780324870499,7717.676507831042,8054.597203168936,52.798138445550144,3.2844059424049807,26426.0,0.82,490.6684,2567.0,293.6088,1.600155780406891,EIN611_1579,pop,87503.45592965864,0.0,False
76191.36508590827,576.4003,-10378.272743179403,10137.081598183982,8367.831317059,52.81981828432034,3.2019937063870074,27454.0,0.82,488.5455,2279.0,293.6533,1.5297905138027923,EIN611_1579,pop,82245.82725087283,0.0,False
76154.30103482502,600.417,-15890.704166843398,12551.511738087045,8645.903644210313,52.8413969544877,3.1198429315507035,28366.0,0.819463,486.3345,1991.0,293.6849,1.4565039759453728,EIN611_1579,pop,77094.84197624344,0.0,False
76118.9305953966,624.4337,-21379.480185214496,14959.190173040692,8888.81418462166,52.862859114240955,3.0379634172770094,29163.0,0.816121,482.6998,1703.0,293.6988,1.3797783081935964,EIN611_1579,pop,71835.81196162413,0.0,False
76085.40348295025,648.4503,-26829.09719249449,17351.270197504393,9096.562938292567,52.88412660848376,2.956587881611961,29844.0,0.812691,479.2599,1415.0,293.7069,1.3003808938620751,EIN611_1579,pop,66682.06996710443,0.0,False
76053.79181340714,672.467,-32241.837512501563,19728.07486911886,9269.149905222926,52.90520330627796,2.875683969395372,30411.0,0.809085,475.9636,1126.0,293.7139,1.2180730125371866,EIN611_1579,pop,61590.268345930075,0.0,False
76024.16799976536,696.4837,-37619.196912665815,22090.129403206305,9406.575085412915,52.92609485324069,2.795230936081178,30861.0,0.805291,472.802,838.0,293.7419,1.1334637856834022,EIN611_1579,pop,56575.25209037631,0.0,False
75996.60202266133,720.5004,-42961.660995394894,24439.963671179044,9508.838478863086,52.94682493949146,2.7152227573139394,31197.0,0.801224,469.7254,550.0,293.7785,1.0463152696777398,EIN611_1579,pop,51602.786949891815,0.0,False
75971.16242258895,744.517,-48269.65525311324,26778.692429611358,9575.940085574779,52.96740451097432,2.6356543253065303,31417.0,0.796796,466.6792,262.0,293.8177,0.9566887847093385,EIN611_1579,pop,46659.31391195001,0.0,False
75947.91527685532,768.5337,-53543.240263345666,29106.562579967536,9607.879905552334,52.98783672497413,2.5565260323308836,31522.0,0.792289,463.8257,-0.0,293.8463,0.8728995528353873,EIN611_1579,pop,42168.928708919855,0.0,False
75926.71809767059,792.5504,-58784.70841737266,31423.384904759034,9607.879905320473,53.0081205657289,2.477804968345372,31522.0,0.792289,463.8262,-0.0,293.8594,0.8727464449710332,EIN611_1579,pop,42160.50716986606,0.0,False
75905.52484397234,816.5671,-64025.65106956373,33741.408741245235,9607.87990508836,53.02836326715867,2.3990176099301164,31522.0,0.79231,463.8385,-0.0,293.8662,0.8726066477391312,EIN611_1579,pop,42153.32545023872,0.0,False
75884.3349341163,840.5838,-69266.455745484,36060.120466149565,9607.87990485601,53.0485600883896,2.3201582885715837,31522.0,0.792309,463.8377,-0.0,293.8695,0.8724522146308274,EIN611_1579,pop,42144.77603202067,0.0,False
75863.1490048758,864.6004,-74507.1203694896,38379.12501499438,9607.879904623444,53.06870739398803,2.2412271630478444,31522.0,0.792313,463.8403,-0.0,293.8833,0.8723016669435897,EIN611_1579,pop,42136.586971018885,0.0,False
75841.9668890017,888.6171,-79747.2557287058,40699.40504025566,9607.879904390662,53.088813994808504,2.1622298723187585,31522.0,0.792335,463.8528,-0.0,293.8956,0.872162322343555,EIN611_1579,pop,42129.4392263591,0.0,False
75820.78810336195,912.6338,-84987.03358275734,43020.872768051384,9607.879904157684,53.10887900220181,2.0831638830051307,31522.0,0.792323,463.8461,-0.0,293.9071,0.8720014461178994,EIN611_1579,pop,42120.284169037084,0.0,False
75799.61358085385,936.6505,-90226.26898268244,45343.36116159186,9607.879903924513,53.128900868438336,2.0040320315191416,31522.0,0.792312,463.8394,-0.0,293.9186,0.8718406279769397,EIN611_1579,pop,42111.13375275179,0.0,False
77982.52790363932,0.0,6296.0,32429.0,0.0,52.330964945130425,4.709034511021206,0.0,0.1877571205335896,124.19742348374221,64.0,3.231009900368214,1.5724886724776046,EIN611_1579,real,83036.71627415884,0.315771814130789,False
77926.93659095289,21.0,6441.0,35500.0,175.26000000000002,52.35859680175781,4.7112274169921875,575.0,0.23491002713558595,155.08062419270823,2880.0,1.8476102659945959,1.8887758902697187,EIN611_1579,real,192804.11933112174,0.3107311023563012,False
77885.56294051839,51.0,6520.0,37881.0,525.78,52.38001936573093,4.712428501674108,1724.9999999999998,0.2511592009273727,165.14841809717706,1408.0,2.429273323499968,1.8348600835596574,EIN611_1579,real,116834.30760405128,0.1383375911825205,False
77834.15581319426,82.0,6665.0,40607.0,708.6600000000001,52.40455239506091,4.714625767299108,2325.0,0.3175177594207524,208.34586628968668,448.0,3.3018656744350032,1.1783226302902565,EIN611_1579,real,58751.67128453073,0.10157337839172005,False
77797.41966724415,101.0,6675.0,43014.0,838.2,52.42620849609375,4.714813232421875,2750.0,0.36634407919268014,240.0270818053663,1600.0,350.8908664797226,1.6584328834279203,EIN611_1579,real,90516.14974939325,0.08033085114962589,False
77737.47193226882,131.0,4399.0,46192.0,1188.72,52.45482881190413,4.681352887834822,3900.0,0.4031943371659557,263.10454196003536,3328.0,313.7680225973603,1.8750724354452255,EIN611_1579,real,134834.64331842086,0.05610182626370071,False
77695.97147257079,161.0,1428.0,49038.0,1699.26,52.48045349121094,4.637603759765625,5575.0,0.4164597549011317,270.1481075262235,3072.0,314.1001402850956,1.8594237318906308,EIN611_1579,real,125412.41241844613,0.03912753906965121,False
77633.53279334576,191.0,-1532.0,51964.0,2225.04,52.50677490234375,4.593963623046875,7299.999999999999,0.4190002016268143,270.1147904132612,3840.0,315.0,1.883911976950507,EIN611_1579,real,145896.17073761497,0.027614029900988008,False
77592.81876776202,211.0,-3336.0,54163.0,2529.84,52.52655029296875,4.5673370361328125,8300.0,0.42987910079929015,276.1231609264243,2752.0,329.5344550805401,1.827020069983956,EIN611_1579,real,114775.04626067272,0.022002956478200223,False
77533.51235129406,251.0,-6293.0,59131.0,3032.76,52.57122802734375,4.52362060546875,9950.0,0.46232065907562864,295.16944286290885,2944.0,317.6087947467496,1.8283247906544307,EIN611_1579,real,115105.46671645164,0.015154096741384295,False
77498.25289544965,271.0,-8899.0,60783.0,3268.98,52.5860595703125,4.4850921630859375,10725.0,0.48502764239956137,308.7798568559808,1344.0,294.4900248156606,1.4420055453698977,EIN611_1579,real,73799.71901718539,0.012488766762017541,False
77453.46965513525,301.0,-13480.0,62814.0,3451.86,52.60423278808594,4.4173431396484375,11325.0,0.5372600269470934,341.2696880767467,1088.0,293.4851772477548,1.3354016915187183,EIN611_1579,real,67307.81733869138,0.009460245449744439,False
77423.39855302629,321.0,-16813.0,64281.0,3558.54,52.61734267412606,4.368007114955358,11675.0,0.5717196954175444,362.6844358392017,1216.0,293.7379265989167,1.3907621708421112,EIN611_1579,real,70591.09558735773,0.00826144998502291,False
77368.74627833712,361.0,-23741.0,67401.0,3985.26,52.64515686035156,4.2653656005859375,13075.0,0.5972587750035224,376.8978641488964,2048.0,294.1168414554688,1.617662434118773,EIN611_1579,real,86792.29467957733,0.0065224797084284065,False
77313.35361162806,391.0,-29075.0,69823.0,4328.16,52.66668804621292,4.186261858258929,14199.999999999998,0.6104793261569491,383.6000521376398,2240.0,294.15964148753756,1.650244290788736,EIN611_1579,real,89740.18519295989,0.005615954508288364,False
77277.39233399565,411.0,-32712.0,71481.0,4549.14,52.681398553363344,4.132271902901786,14925.0,0.619303224272839,388.06829295885535,2048.0,294.18735351674064,1.6027473920457869,EIN611_1579,real,85518.4970368963,0.005144588709918708,False
77223.14799948972,451.0,-39995.0,74799.0,4998.72,52.710773015426376,4.024056570870536,16400.0,0.6322794035720041,393.9543120718442,2048.0,293.96248897457815,1.5902274026909071,EIN611_1579,real,84481.01969378255,0.004388344664915166,False
77189.11813516382,471.0,-43646.0,76460.0,5189.22,52.72543697033898,3.9697527204241077,17025.0,0.6410038617553877,398.42188694899784,1728.0,293.99169171390116,1.5056208295879654,EIN611_1579,real,78084.11709336922,0.004081836965016841,False
77134.91982968054,501.0,-49282.0,79029.0,5516.88,52.74806135791843,3.8858642578125004,18100.0,0.6473128401001993,400.65571255131255,2560.0,294.00604885937855,1.6808800811264064,EIN611_1579,real,92763.39439860336,0.0036854004781885683,False
77102.27100963207,521.0,-53032.0,80734.0,5715.0,52.76305117849576,3.8299909319196432,18750.0,0.6534132403905657,403.39806643066595,1408.0,293.8326975994024,1.3978445406676545,EIN611_1579,real,71023.97659481589,0.0034577534319356995,False
77051.81635468082,561.0,-60672.0,84209.0,6096.0,52.79351806640625,3.7160491943359375,20000.0,0.665421381039415,408.77989187336505,1728.0,293.8059435184577,1.4776602383470183,EIN611_1579,real,76155.97094698493,0.0030632578699585035,False
77019.46006208996,581.0,-64457.0,85932.0,6263.64,52.80857926708156,3.6595458984375004,20550.0,0.6735148303951207,412.84379612633154,1792.0,293.7088447802738,1.489988978706163,EIN611_1579,real,76996.41850385677,0.0013041511566726396,False
76973.73008491643,611.0,-70295.0,88592.0,6492.240000000001,52.831787109375,3.5723114013671875,21300.0,0.6880076618255339,420.4592727006981,1280.0,293.69960267378667,1.3395156797650798,EIN611_1579,real,67546.64947874649,0.0,False
76945.05375209532,631.0,-74295.0,90413.0,6606.54,52.8476365946107,3.5124860491071432,21675.0,0.7008725723676407,427.6739412215806,1152.0,293.5680085967943,1.3011983622132164,EIN611_1579,real,65361.25903304195,0.0,False
76896.22697633413,671.0,-82321.0,94056.0,6926.58,52.87925720214844,3.392333984375,22725.0,0.7127233395699266,433.05657828971954,1792.0,293.54604398343656,1.4727493971217562,EIN611_1579,real,75825.36735478361,0.0,False
76863.43364700796,691.0,-86322.0,95876.0,7109.46,52.89500427246094,3.332366943359375,23325.0,0.7138146274370947,432.6580636021938,1792.0,293.4246424920893,1.4659223466942755,EIN611_1579,real,75368.8892729393,0.0,False
76817.90216833082,721.0,-92430.0,98654.0,7345.68,52.91899108886719,3.2407379150390625,24100.0,0.7197859073955319,434.8907908889311,1408.0,293.4407813758731,1.3524676257304908,EIN611_1579,real,68301.80931776286,0.0,False
76775.66981105275,761.0,-100737.0,102437.0,7566.660000000001,52.95154118942002,3.1159580775669644,24825.0,0.7391604220102969,445.26059785253847,1344.0,293.28307258087085,1.3312988510843873,EIN611_1579,real,67071.8511647736,0.0,False
76746.3723459094,781.0,-104823.0,104288.0,7703.820000000001,52.967415502515884,3.054513113839286,25275.0,0.7435997387062864,447.0984231687694,1280.0,293.18176355979625,1.3080648487316595,EIN611_1579,real,65747.51991570256,0.0,False
76702.09606675948,811.0,-111201.0,107184.0,7909.56,52.9921875,2.958526611328125,25950.0,0.7502992200453754,449.8577552960491,1408.0,293.0313528697508,1.338246073069819,EIN611_1579,real,67474.00182877814,0.0,False
76671.66504326553,831.0,-115364.0,109072.0,8061.96,53.00830078125,2.89581298828125,26450.0,0.7518739303325455,449.8577552960491,1472.0,293.0313528697508,1.3502490452555531,EIN611_1579,real,68173.96337233362,0.0,False
76632.43144558204,871.0,-124140.0,112237.0,8252.460000000001,53.03482314287606,2.7637677873883932,27075.0,0.77133490340375,460.28795335094316,1088.0,281.5296425243282,1.2373389833060955,EIN611_1579,real,61909.28346611689,0.0,False
76603.970329348,891.0,-128516.0,113251.0,8374.380000000001,53.042923232256356,2.698085239955357,27475.000000000004,0.77462285813906,461.46830877103577,1344.0,281.6264805212932,1.3077611912066196,EIN611_1579,real,65803.3155180872,0.0,False
76560.59499419255,921.0,-135666.0,114925.0,8595.36,53.05622863769531,2.5907135009765625,28200.0,0.7753650516812988,460.48887065813,896.0,281.6515557310782,1.1633226972970978,EIN611_1579,real,58076.33638710196,0.0,False
76535.5458156657,951.0,-142547.0,116556.0,8732.52,53.06913214214777,2.4873046875,28650.0,0.7693215031809997,456.0219292972653,768.0,287.87869659584135,1.1127270512618204,EIN611_1579,real,55484.11710692174,0.0,False
76493.47740230092,981.0,-149503.0,118220.0,8900.16,53.082213320974574,2.382699148995536,29199.999999999996,0.787658547852272,465.790725540988,1280.0,281.76828893202065,1.2703206347452565,EIN611_1579,real,63923.483153423746,0.0,False
76463.54885901131,1001.0,-154098.0,119326.0,9044.94,53.09087203720868,2.313563755580357,29675.0,0.7856100755619655,463.62916215440976,1600.0,281.6977152466858,1.3538032093350156,EIN611_1579,real,68639.2419549057,0.0,False
76416.58701580376,1031.0,-161099.0,121002.0,9326.880000000001,53.103906663797666,2.208171171300551,30600.0,0.7760754014240291,456.1688283958035,1664.0,281.50699370735094,1.3613436149478777,EIN611_1579,real,68982.58146281075,0.0,False
76389.35365064135,1061.0,-167858.0,122619.0,9540.24,53.11638266353284,2.1063860724954044,31299.999999999996,0.7751073859633831,454.2092029010421,1088.0,281.55732203989317,1.1854597766765516,EIN611_1579,real,59296.674117434355,0.0,False
76349.50402828725,1091.0,-174649.0,124251.0,9707.880000000001,53.128905215505824,2.0040355009191178,31850.0,0.7766406975245068,454.00991178607546,1152.0,281.4336812654267,1.2004268510154508,EIN611_1579,real,60117.28254884033,0.0,False
77219.99990000315,0.0,91659.49217074888,31259.337986298586,30.480000304341136,52.32860183627598,4.708839891842511,100.0,0.3,198.3755,2412.0,3.1751,2.002934730597743,EIN84X_1515,fuel,132454.05163436336,0.280665795335109,False
77172.11097573895,23.8884,91793.33548810941,33672.076141591286,323.1716400434054,52.35027321347869,4.71147129738297,1060.0,0.351763,231.8339,2699.0,3.1751,1.9692097355220006,EIN84X_1515,fuel,126364.57329837483,0.14764862346133487,False
77125.04715057589,47.7769,91949.81296331254,36492.83090403738,650.6505792457026,52.37560934164984,4.714551130652343,2135.0,0.407168,267.3493,2985.0,327.3425,1.951769839557632,EIN84X_1515,fuel,123536.37805408509,0.11265877424692824,False
77078.42546927095,71.6653,90191.27187809434,39236.51171201395,1012.9168179110692,52.40057136760367,4.689391771519446,3323.0,0.463025,302.7623,3000.0,291.5098,1.9062129983778273,EIN84X_1515,fuel,116908.9588923117,0.08871744695470818,False
77032.93063288978,95.5538,86753.44551271202,40591.38639560325,1376.9766919269023,52.41330960997729,4.639080275589249,4518.0,0.522629,340.297,3000.0,255.6771,1.8763113534678164,EIN84X_1515,fuel,113023.84601951196,0.06388675963697213,False
76988.19444676988,119.4422,82725.33144338836,39562.91943015353,1741.0365659429713,52.40468595614667,4.5794435390398895,5712.0,0.583507,378.3226,3000.0,248.2927,1.8658285991029768,EIN84X_1515,fuel,111732.17794985636,0.046586831282427514,False
76943.75277978655,143.3307,78428.18209686622,37852.24215902788,2105.0964399591553,52.389936640947056,4.515705149358557,6906.0,0.595763,384.6143,3000.0,248.2791,1.8564907152043464,EIN84X_1515,fuel,110609.08029211676,0.032838343345995794,False
76899.53776189945,167.2191,74059.62855103302,36111.93949403786,2469.1563139753125,52.37489635763225,4.450951064151131,8101.0,0.608344,391.0397,3000.0,248.2741,1.8469973491654497,EIN84X_1515,fuel,109492.25130359402,0.021008275080889163,False
76855.55289108823,191.1075,69617.90571050996,34342.032868771406,2833.2161879914383,52.3595638319313,4.38515755727305,9295.0,0.62126,397.6014,3000.0,248.2703,1.8373675118052006,EIN84X_1515,fuel,108383.63506462463,0.016719598556316367,False
76811.8016350596,214.996,65101.430604371206,32541.999821075606,3197.2760620075283,52.34393279463092,4.318303552916989,10490.0,0.634519,404.302,3000.0,248.2582,1.8275837379943458,EIN84X_1515,fuel,107280.9339351748,0.01388848371015729,False
76768.28743208961,238.8844,60508.90092230512,30710.527819995903,3561.335936023582,52.32798976224484,4.250372066017471,11684.0,0.648132,411.1441,3000.0,248.2541,1.8176658379780448,EIN84X_1515,fuel,106186.09896696781,0.012453300285122926,False
76725.0136919041,262.7729,55838.463306803,28847.600947024304,3925.3958100395926,52.311732895918794,4.181338367700769,12879.0,0.662108,418.1303,3000.0,248.2597,1.8075953515137428,EIN84X_1515,fuel,105096.81674479431,0.011086685673478647,False
76681.98379655776,286.6613,51088.168833295786,26953.357607896796,4289.45568405556,52.29516166218039,4.111176434726342,14073.0,0.676457,425.2631,3000.0,248.2733,1.797392856379719,EIN84X_1515,fuel,104015.04351272101,0.010087874338148166,False
76639.20110126627,310.5498,46256.07991482176,25027.824340224008,4653.515558071475,52.27827442367882,4.0398604777366645,15267.0,0.691189,432.5452,3000.0,248.296,1.7870493931413642,EIN84X_1515,fuel,102939.53433951791,0.009203445856319594,False
76596.6689351416,334.4382,41340.17704041731,23071.151890418787,5017.575432087334,52.261070567159294,3.967363610023031,16462.0,0.706316,439.9789,3000.0,248.32,1.776554968412498,EIN84X_1515,fuel,101869.02453818702,0.008257621703894245,False
76554.39060177385,358.3266,36338.67221205941,21082.829615244882,5381.635306103125,52.24354341168616,3.893662361383651,17656.0,0.721847,447.5667,3000.0,248.3439,1.76593137721281,EIN84X_1515,fuel,100805.48723577228,0.007462556731675424,False
76512.36937959715,382.2151,31249.790685467866,19062.233979710833,5745.695180118845,52.22568516147704,3.818733570516267,18851.0,0.737794,455.3109,3000.0,248.366,1.755157737681409,EIN84X_1515,fuel,99746.58834970271,0.006746959465495653,False
76470.60852197006,406.1035,26071.79579150789,17008.567492364557,6109.755054134482,52.207486353803255,3.742554756330969,20045.0,0.754166,463.214,3000.0,248.3769,1.744256695962495,EIN84X_1515,fuel,98694.32755853672,0.005816648887703016,False
76429.11124876217,429.992,20803.26812572492,14920.155862058835,6473.814928150022,52.18892952707992,3.6651081863265276,21240.0,0.770976,471.278,3000.0,248.3926,1.7332064798402602,EIN84X_1515,fuel,97655.24530520025,0.0,False
76387.87802127285,453.8804,15442.191613289564,12796.7558555782,6837.87480216545,52.170010014335304,3.58636764524007,22434.0,0.788234,479.5052,3000.0,248.4247,1.7220305389657173,EIN84X_1515,fuel,96704.64523254681,0.0,False
76346.88889666763,477.7689,9986.078024987786,10639.248725392064,7201.934676180332,52.15073315236259,3.50630015942398,23628.0,0.803627,486.4896,3000.0,248.4627,1.7102053831148714,EIN84X_1515,fuel,95915.36849907588,0.0,False
76306.1010882614,501.6573,4448.872374247048,8453.922685940623,7565.994550195387,52.13115262972372,3.425113647343282,24823.0,0.815541,491.2757,3000.0,248.5021,1.6974606517383506,EIN84X_1515,fuel,95276.63871099462,0.0,False
76265.4724121707,525.5457,-1144.3890851994763,6250.916497986188,7930.054424210514,52.11135729893793,3.343177713402754,26017.0,0.82,491.51,3000.0,248.5395,1.6835037996125302,EIN84X_1515,fuel,94384.64231176538,0.0,False
76225.06776590922,549.4342,-6741.624078605672,4050.5613375901544,8294.11429822555,52.091528985799314,3.261256401059731,27212.0,0.82,489.0459,2897.0,248.5696,1.6515408522869972,EIN84X_1515,fuel,91757.1627405218,0.0,False
76185.36539269722,573.3226,-12312.88153364699,1863.7954810402932,8645.673123084867,52.071766736050066,3.1797875890467964,28365.0,0.82,486.6546,2610.0,248.5926,1.5849710765683716,EIN84X_1515,fuel,86507.92457075382,0.0,False
76147.16738705384,597.2111,-17860.71070445419,-311.20481660552747,8962.444648481624,52.052054967160714,3.0987329695567074,29404.0,0.82,484.4898,2324.0,248.6093,1.5156993742068408,EIN84X_1515,fuel,81434.3111320949,0.0,False
76110.5390053111,621.0995,-23387.306404370793,-2476.0234775012054,9244.428874414887,52.03238013688096,3.0180596099559023,30329.0,0.819548,482.2885,2037.0,248.6152,1.443420722025613,EIN84X_1515,fuel,76442.40830065301,0.0,False
76075.55635667511,644.988,-28891.686453160277,-4631.4823887522,9491.625800884354,52.012735627251075,2.9377811040406163,31141.0,0.816297,478.6803,1750.0,248.614,1.368129012051631,EIN84X_1515,fuel,71334.99807112396,0.0,False
76042.36473601956,668.8764,-34357.335899792975,-6771.910835468528,9704.035427889914,51.99317420728187,2.85813727479252,31837.0,0.812949,475.2616,1464.0,248.6221,1.2904021662208354,EIN84X_1515,fuel,66325.39465968648,0.0,False
76011.03831151412,692.7648,-39786.60161509277,-8897.197130415527,9881.657755431515,51.97369793851679,2.779092456370999,32420.0,0.809493,472.0256,1177.0,248.6372,1.2097360263804242,EIN84X_1515,fuel,61360.289916448746,0.0,False
75981.65120491212,716.6533,-45181.646254028696,-11007.452409635891,10024.492783509168,51.95430679107517,2.700613760336576,32889.0,0.805881,468.9444,890.0,248.6561,1.1263926932437356,EIN84X_1515,fuel,56435.27037436662,0.0,False
75954.27770736201,740.5417,-50544.18969865639,-13102.954633458345,10132.54051212293,51.934999181582796,2.622674849605024,33243.0,0.802066,465.9888,604.0,248.6835,1.0406963947093413,EIN84X_1515,fuel,51550.50600647209,0.0,False
75928.9911450371,764.4302,-55875.776559505925,-15183.423021009687,10205.800941272966,51.91577849374605,2.545251918193093,33484.0,0.797978,463.1171,317.0,248.7099,0.95210174615916,EIN84X_1515,fuel,46661.38657450175,0.0,False
75905.86291189093,788.3186,-61177.11803873705,-17249.27841902578,10244.274070959606,51.89664182636768,2.4683334581633996,33610.0,0.793535,460.2786,30.0,248.7234,0.8609606800444634,EIN84X_1515,fuel,41773.9776029774,0.0,False
75884.96100471368,812.2071,-66447.91689090847,-19301.79420003323,10247.959901183936,51.877578698248776,2.3919228653561775,33622.0,0.793057,459.9764,-0.0,248.7381,0.8510980514783072,EIN84X_1515,fuel,41253.29402692353,0.0,False
75864.30303851057,836.0955,-71715.9237110162,-21351.669398401657,10247.959900947353,51.85849025400945,2.315617205221018,33622.0,0.793053,459.9741,-0.0,248.7443,0.8509305127049756,EIN84X_1515,fuel,41243.822356398465,0.0,False
75843.64947930191,859.9839,-76984.12485884626,-23400.968933586664,10247.959900710739,51.83935766561586,2.2393733728802094,33622.0,0.793031,459.9614,-0.0,248.7476,0.850754666061023,EIN84X_1515,fuel,41233.31569002466,0.0,False
75823.0008147135,883.8724,-82252.2990560078,-25449.905225791445,10247.959900474087,51.82017912574659,2.1631946828986095,33622.0,0.793017,459.9532,-0.0,248.7507,0.8505825066220286,EIN84X_1515,fuel,41223.264764808984,0.0,False
75802.35682968849,907.7608,-87520.4921511776,-27498.51509822556,10247.959900237405,51.80095437242793,2.087080527407316,33622.0,0.792997,459.9418,-0.0,248.7483,0.8504078293073222,EIN84X_1515,fuel,41212.899743606606,0.0,False
75781.71767190083,931.6493,-92788.4684089376,-29547.295437829867,10247.959900000697,51.78167905236887,2.011034517606106,33622.0,0.792977,459.9303,-0.0,248.7459,0.8502331321021805,EIN84X_1515,fuel,41202.53064980228,0.0,False
77219.99990000926,0.0,91659.49237070496,31259.337986283943,30.48000030456989,52.32860183624242,4.708839894784474,100.0,0.3,198.3755,2412.0,3.1751,2.0029347305978025,EIN84X_1515,pop,132454.05163437495,0.2806657903113259,False
77171.90599727133,23.9899,91793.90292229,33682.30143837347,324.45274385775895,52.35036505761494,4.711482458102461,1064.0,0.351973,231.9689,2124.0,3.1751,1.8355508223119632,EIN84X_1515,pop,108177.1200923427,0.14755255823216837,False
77127.84610447343,47.9798,91951.59219447809,36524.9007640406,583.3420570483291,52.37589739382937,4.714586170285033,1914.0,0.424339,278.8387,2412.0,327.1903,1.8157619195593901,EIN84X_1515,pop,105978.46757667445,0.12137197409672648,False
77084.31050001954,71.9697,90096.84732573065,39401.82948311731,877.3148006021178,52.40207336251993,4.688044909066033,2878.0,0.497199,325.6161,2700.0,291.2054,1.8362280750320155,EIN84X_1515,pop,108254.01236676288,0.09483229886350611,False
77040.33824012578,95.9596,86369.98982925908,40847.787118967484,1206.370974521291,52.41567573057909,4.633494025565827,3958.0,0.566079,369.3193,2988.0,272.927,1.8772581819328755,EIN84X_1515,pop,113142.19433326129,0.06562679583343292,False
76995.42936509868,119.9495,81842.1073836948,41079.302526411826,1570.5105788044357,52.41845368407067,4.566798285640083,5153.0,0.577876,375.4208,3000.0,266.0843,1.8700375064348607,EIN84X_1515,pop,112246.75398654163,0.043016825860274756,False
76950.69682653813,143.9394,77243.9313646275,40764.56254456532,1936.1167199552074,52.41629230972207,4.4989310611305475,6352.0,0.590035,381.6776,3000.0,260.9954,1.8607282579068691,EIN84X_1515,pop,111115.63777373498,0.02779898071807942,False
76906.1912549623,167.9293,72615.54996184305,40031.120918303524,2301.7228611063733,52.41033122153129,4.4305339741410785,7552.0,0.602517,388.0679,3000.0,257.6553,1.8512619263099404,EIN84X_1515,pop,109990.92791667036,0.017026736209928655,False
76861.9162067293,191.9192,67960.74995566011,39012.40618678206,2667.329002257672,52.4017688196782,4.361707851983808,8751.0,0.615333,394.5945,3000.0,255.4703,1.8416573950111885,EIN84X_1515,pop,108874.569705551,0.013878476139571152,False
76817.875207029,215.9091,63270.243079781496,37796.76048598165,3032.935143408957,52.39139980532168,4.292344942292805,9951.0,0.62849,401.2599,3000.0,253.727,1.8318973979719886,EIN84X_1515,pop,107764.26326386287,0.011549465306513153,False
76774.07175071446,239.899,58539.971800347004,36415.952480826185,3398.541284560163,52.379509321863566,4.222399869683432,11150.0,0.642,408.0669,3000.0,251.9933,1.8220016275423423,EIN84X_1515,pop,106661.96097398188,0.010217927740240147,False
76730.50930318983,263.8889,53773.80840350633,34866.714926214474,3764.1474257112664,52.36606654921052,4.151936764591039,12350.0,0.655872,415.018,3000.0,250.5854,1.8119518113550028,EIN84X_1515,pop,105565.34568557749,0.009298149747330732,False
76687.19130131525,287.8788,48966.31117667072,33172.347430931324,4129.753566862245,52.35128054399943,4.080886751084482,13549.0,0.670116,422.1159,3000.0,249.4344,1.801768415827267,EIN84X_1515,pop,104476.37487762961,0.00843654100855551,False
76644.12115428531,311.8688,44111.88435027515,31351.0136123276,4495.359708013081,52.335314008520314,4.009176858851602,14749.0,0.684741,429.3632,3000.0,248.4676,1.7914322145400339,EIN84X_1515,pop,103392.72325353036,0.007733767922773817,False
76601.30224443153,335.8587,39205.7745331506,29415.237096108194,4860.96584916376,52.31827867182802,3.936745000024832,15948.0,0.69976,436.7623,3000.0,247.6694,1.780964386151951,EIN84X_1515,pop,102316.34841612085,0.007088110822541847,False
76558.73792789357,359.8486,34242.7438435966,27376.6510843397,5226.571990314261,52.30027811504254,3.8635213330071445,17148.0,0.715182,444.3158,3000.0,246.9494,1.7703447643840395,EIN84X_1515,pop,101244.92072896624,0.006478760943578794,False
76516.43153509748,383.8385,29220.060266291493,25239.409197440298,5592.178131464558,52.281348327862354,3.7894717251182812,18347.0,0.731018,452.0261,3000.0,246.352,1.759595352985996,EIN84X_1515,pop,100180.41063077148,0.005997613661004264,False
76474.38637097272,407.8284,24132.89435773858,23011.806723304915,5957.784272614631,52.261562529853755,3.7145314365485125,19547.0,0.747279,459.8955,3000.0,245.8899,1.748695020945279,EIN84X_1515,pop,99120.4826429227,0.005529922199775153,False
76432.6057148322,431.8183,18975.354887222995,20703.633525894555,6323.390413764263,52.24100722849331,3.638619933153316,20746.0,0.763977,467.9264,3000.0,245.7365,1.7376666358812667,EIN84X_1515,pop,98068.83471923294,0.0012939384499932294,False
76391.09223166626,455.8082,13733.810431006099,18340.9991875464,6688.996554912953,52.219915654633404,3.5615433739119955,21946.0,0.781122,476.1209,3000.0,245.7385,1.7264882388437466,EIN84X_1515,pop,97061.69266472856,0.0,False
76349.83750720936,479.7981,8400.147792690514,15937.073796126208,7054.602696059079,52.19840404382736,3.483187391139391,23145.0,0.798001,484.0415,3000.0,245.7412,1.7150214149928267,EIN84X_1515,pop,96210.51426040588,0.0,False
76308.802138684,503.788,2977.4304749912912,13493.318586415025,7420.208837206082,52.17648291888989,3.4036008909110214,24345.0,0.811397,489.7474,3000.0,245.7468,1.702567199512534,EIN84X_1515,pop,95517.48698395706,0.0,False
76267.94185970975,527.7779,-2509.5546847209116,11021.243916924981,7785.814978353507,52.1542533527399,3.3231510150054113,25544.0,0.82,492.4828,3000.0,245.7565,1.6891288947134762,EIN84X_1515,pop,94838.29714728743,0.0,False
76227.25069275883,551.7678,-8027.582733433073,8536.310037987458,8151.42111950066,52.13185302785198,3.2423270297303226,26744.0,0.82,490.0132,3000.0,245.769,1.674856946972598,EIN84X_1515,pop,93697.24790990782,0.0,False
76186.85127979155,575.7577,-13518.234933941761,6065.136557342397,8517.027260647288,52.10952195472048,3.1619847000781163,27943.0,0.82,487.531,2716.0,245.7811,1.60987244457618,EIN84X_1515,pop,88422.14167815173,0.0,False
76147.9291346286,599.7476,-18984.505843618186,3606.3240812953927,8847.99596132981,52.08724838048856,3.0820790425727824,29029.0,0.82,485.273,2428.0,245.7872,1.541185916446545,EIN84X_1515,pop,83258.59515045202,0.0,False
76110.56633280101,623.7375,-24428.555254341245,1158.2103753549022,9143.881231653902,52.06501808783915,3.0025774817611235,30000.0,0.82,483.2455,2140.0,245.79,1.4696689681891242,EIN84X_1515,pop,78239.48222454096,0.0,False
76074.82778559977,647.7274,-29852.676422984896,-1280.6290858423777,9404.683071615229,52.04281889402963,2.923445650010947,30855.0,0.81771,480.1068,1852.0,245.7894,1.39519309798384,EIN84X_1515,pop,73154.13056843253,0.0,False
76040.84316324591,671.7173,-35244.076520706345,-3704.8158123947574,9630.401481212459,52.020700662144186,2.8448691034413285,31596.0,0.814401,476.6163,1564.0,245.7909,1.3178840784303238,EIN84X_1515,pop,68084.45299118332,0.0,False
76008.7128218108,695.7072,-40598.71900246819,-6112.310917617278,9821.036460445093,51.99868306788613,2.7669051898422055,32221.0,0.810982,473.3097,1276.0,245.7969,1.2378765012680735,EIN84X_1515,pop,63082.74370103407,0.0,False
75978.5119815583,719.6971,-45918.68786528069,-8503.547736088773,9976.58800931301,51.976763191554554,2.68952199788968,32732.0,0.807433,470.1751,989.0,245.8056,1.1554431477474896,EIN84X_1515,pop,58144.40220492484,0.0,False
75950.3155703145,743.687,-51205.84893564204,-10879.072205536848,10097.056127816431,51.954937031069065,2.6126909124382585,33127.0,0.803708,467.1847,701.0,245.8143,1.070090046832004,EIN84X_1515,pop,53221.23788356979,0.0,False
75924.19792056986,767.6769,-56461.63042759366,-13239.539723936448,10182.440815955992,51.93319956456509,2.536389813956018,33407.0,0.799728,464.2911,413.0,245.8203,0.9821016805412411,EIN84X_1515,pop,48313.51519774267,0.0,False
75900.23219976394,791.6668,-61686.81476726698,-15585.606276190756,10232.74207373322,51.911545774544194,2.4606060848805793,33572.0,0.795424,461.4521,125.0,245.8233,0.8915341021615387,EIN84X_1515,pop,43410.925768075525,0.0,False
75878.48837692002,815.6567,-66881.68780570569,-17917.73548126501,10247.959901153075,51.88997239605993,2.3853343735800294,33622.0,0.793441,460.1993,-0.0,245.8212,0.8512257550614099,EIN84X_1515,pop,41272.81567421613,0.0,False
75857.73354790077,839.6466,-72062.96970310519,-20243.988386643094,10247.959900923343,51.86840569586944,2.3103316314257043,33622.0,0.793431,460.1936,-0.0,245.8229,0.851054866169074,EIN84X_1515,pop,41262.953465335595,0.0,False
75836.98332919778,863.6365,-77244.25634366044,-22570.059023435188,10247.959900693451,51.84679304061749,2.2354007171591745,33622.0,0.793428,460.1916,-0.0,245.8233,0.8508870361505341,EIN84X_1515,pop,41253.47034495904,0.0,False
75816.23754148552,887.6264,-82425.5361887463,-24896.086038272246,10247.95990046341,51.82513326773447,2.160541857128592,33622.0,0.793433,460.1946,-0.0,245.8272,0.8507233240368288,EIN84X_1515,pop,41244.497357999244,0.0,False
75795.49594858818,911.6164,-87607.00646980187,-27221.77929715701,10247.95990023322,51.803429037684104,2.0857521398527172,33622.0,0.793422,460.1881,-0.0,245.8288,0.8505519908582438,EIN84X_1515,pop,41234.56954184908,0.0,False
75774.75899719726,935.6063,-92788.46840896724,-29547.295437892746,10247.959900002885,51.7816790523683,2.0110345176056925,33622.0,0.793411,460.1816,-0.0,245.8304,0.8503807235348805,EIN84X_1515,pop,41224.647097812325,0.0,False
77984.47844084515,0.0,6324.0,32909.0,0.0,52.33528518676758,4.709453582763672,0.0,0.2135014604839899,141.2267680009707,128.0,3.247342790322922,1.396940323950542,EIN84X_1515,real,70954.66129329144,0.34713718052150583,False
77927.06065479039,25.0,6447.0,36028.0,198.12,52.36335366459216,4.711329868861608,650.0,0.2136365603374774,141.0,2432.0,0.0,1.888774692133986,EIN84X_1515,real,191868.5724580916,0.30058268980848907,False
77885.2418202651,55.0,6471.0,38258.0,518.1600000000001,52.38341767909163,4.711722237723214,1700.0000000000002,0.2357490400034056,155.0290295396317,1600.0,1.1088121277599294,1.874976454341639,EIN84X_1515,real,134741.86883716658,0.14335748148125077,False
77829.39317671699,85.0,6553.0,41015.0,701.0400000000001,52.40821838378906,4.712982177734375,2300.0,0.3097187840486354,203.24615617521528,1024.0,2.8201724724484905,1.5473868280741148,EIN84X_1515,real,81114.33307616659,0.09965902711885871,False
77790.95900674746,105.0,6550.0,43299.0,861.0600000000001,52.42877197265625,4.712982177734375,2825.0,0.36349964006348173,238.10081898221182,1920.0,349.35078034075514,1.7502812941966566,EIN84X_1515,real,100958.89297626345,0.07786045602181953,False
77728.6001516122,135.0,4319.0,46327.0,1325.88,52.456039170087394,4.68017578125,4350.0,0.3933755318143623,256.2888994864975,4032.0000000000005,312.15338308418393,1.887337827302918,EIN84X_1515,real,157009.1732827433,0.053624382453448326,False
77687.0625936561,165.0,557.0,47505.0,1882.14,52.46665308030985,4.624773297991072,6175.0,0.4186976548637581,271.01660465735307,3008.0,270.63424471442613,1.8545496586470132,EIN84X_1515,real,123346.22436042372,0.03854223803423821,False
77625.00903714506,195.0,-3765.0,47447.0,2369.82,52.46612548828125,4.5610809326171875,7775.0,0.43888694416692975,282.44822534404426,3392.0000000000005,261.0379192674645,1.868391045121752,EIN84X_1515,real,130081.91437509622,0.028405422327186198,False
77584.22777180317,215.0,-6341.0,46081.0,2689.86,52.45381164550781,4.523162841796875,8825.0,0.4612974970157758,295.7363690857112,2752.0,226.91828032514692,1.808093577140752,EIN84X_1515,real,110509.0992118372,0.024604810917269567,False
77528.1241810892,255.0,-10443.0,41515.0,3215.6400000000003,52.41265869140625,4.462890625,10550.0,0.48949099849388444,311.8236681203016,1536.0,241.87347065467546,1.5092607104226379,EIN84X_1515,real,78338.33257836997,0.019738056868117044,False
77496.55329071607,275.0,-13444.0,39996.0,3352.8,52.39892578125,4.418792724609375,11000.0,0.5302138021509044,337.20172004306266,1344.0,243.20698273337803,1.4308635826868024,EIN84X_1515,real,73086.87127106245,0.01645528326248903,False
77439.77623073237,305.0,-18250.0,37559.0,3688.0800000000004,52.376861572265625,4.3482208251953125,12100.0,0.5621117397465372,356.02247120090607,2624.0,242.57125877832246,1.739609038444434,EIN84X_1515,real,99539.22026558669,0.01386310288691426,False
77400.29727456452,325.0,-21518.0,35890.0,3977.6400000000003,52.36172433626854,4.300284249441964,13050.0,0.5712102896728954,360.4941053609615,2880.0,242.5819729425396,1.771061638097665,EIN84X_1515,real,103982.41356930241,0.012650539991689328,False
77343.31923553506,365.0,-28071.0,32436.0,4526.280000000001,52.330352783203125,4.204254150390625,14850.000000000002,0.5904155625707255,370.0729657783719,2176.0,241.4266089806937,1.6330882774474953,EIN84X_1515,real,88156.63634866223,0.011029151142340328,False
77287.94056553414,395.0,-33019.0,29414.0,4884.42,52.30288230766684,4.131879534040179,16025.0,0.610031501344591,380.64419081341566,2176.0,232.25703404041604,1.622678364644671,EIN84X_1515,real,87229.84313872637,0.010255006833143612,False
77252.80566960818,415.0,-36173.0,26959.0,5097.780000000001,52.28059387207031,4.085845947265625,16725.0,0.6256689574693423,389.34432062122085,2048.0,231.5700171459104,1.5872914977674237,EIN84X_1515,real,84241.38074639377,0.009920538557290495,False
77197.55083112713,455.0,-42476.0,22049.0,5577.84,52.2359619140625,3.993988037109375,18300.0,0.6401510016212187,395.9116062961529,2432.0,231.76961952762397,1.6569275356741657,EIN84X_1515,real,90376.03170923569,0.00909172569131973,False
77161.87758411188,476.0,-45571.0,19658.0,5821.68,52.214200294623936,3.948957170758929,19100.0,0.6502823420307159,400.9102143872116,2240.0,231.7865853588315,1.6106272222028772,EIN84X_1515,real,86185.27534056548,0.008703814421403755,False
77108.75229592122,505.0,-50695.0,15718.0,6149.34,52.178308519266416,3.8744855608258932,20175.0,0.6602031683119909,405.2912532981683,1984.0,231.91423429791837,1.5420332123437874,EIN84X_1515,real,80720.39291113883,0.006540028222416468,False
77077.61424959116,525.0,-53994.0,13186.0,6309.360000000001,52.15521240234375,3.82659912109375,20700.0,0.6766266597345656,414.5021109717054,1536.0,231.85830072377203,1.4195768247548157,EIN84X_1515,real,72373.58599285835,0.002255735791782246,False
77029.21753071577,565.0,-60903.0,7829.0,6621.780000000001,52.10629220736229,3.726484026227679,21725.0,0.7078110505087334,431.8205645867274,1792.0,231.29874815132,1.4845791959718162,EIN84X_1515,real,76626.33054767567,0.0,False
76995.61919564102,585.0,-64431.0,5064.0,6812.280000000001,52.08100891113281,3.6754608154296875,22350.0,0.7152553208519469,435.25854385640724,1920.0,231.15516834327406,1.5103572138844867,EIN84X_1515,real,78418.52117999621,0.0,False
76946.52389964009,615.0,-69695.0,878.0,7094.22,52.04270185050318,3.599434988839286,23275.0,0.7301240892944253,442.6341604530766,1600.0,230.5921947789776,1.4215783019595045,EIN84X_1515,real,72499.92512079161,0.0,False
76913.58506845873,635.0,-73237.0,-1920.0,7277.1,52.017059326171875,3.5483551025390625,23875.0,0.7370460959806072,445.7319822494231,1984.0,230.91861162821357,1.511995467408394,EIN84X_1515,real,78534.7075963662,0.0,False
76870.86917436698,675.0,-80500.0,-7583.0,7581.900000000001,51.96510314941406,3.443756103515625,24875.0,0.7587531709833456,456.9682702332844,960.0,231.57516970197406,1.2281174389724998,EIN84X_1515,real,61373.00134507663,0.0,False
76839.29689911101,695.0,-84545.0,-9995.0,7719.06,51.94280074814618,3.3854370117187504,25325.0,0.7590674735770688,456.30362698536595,1920.0,246.35624260356082,1.4839774695670183,EIN84X_1515,real,76590.54516550779,0.0,False
76789.21664544917,725.0,-91129.0,-12228.0,8039.1,51.921661376953125,3.2901763916015625,26375.0,0.7540566708106919,451.30588296630924,1728.0,250.72193658509397,1.4223233293380941,EIN84X_1515,real,72549.77055243237,0.0,False
76751.99826203487,765.0,-100006.0,-15127.0,8229.6,51.89405822753906,3.1618499755859375,27000.0,0.7671224443138797,457.91920684767086,576.0,251.01110371861114,1.0752062228829056,EIN84X_1515,real,53597.363957808964,0.0,False
76725.59408912592,785.0,-104543.0,-16575.0,8328.66,51.88018798828125,3.0963134765625,27324.999999999996,0.7761131369034241,462.6499756835614,960.0,251.2125867130514,1.1982670525725796,EIN84X_1515,real,59875.37619185686,0.0,False
76685.8158034001,815.0,-111487.0,-18542.0,8465.82,51.86114501953125,2.9960013724662162,27774.999999999996,0.7901441573406849,470.1159431459435,1152.0,258.09251118338364,1.2560675076408678,EIN84X_1515,real,63135.965627222584,0.0,False
76655.46640562774,835.0,-116277.0,-19105.0,8618.220000000001,51.8551025390625,2.926594502217061,28275.000000000004,0.7882823536892737,468.0106836387392,1664.0,263.4975742954579,1.3894172917235716,EIN84X_1515,real,70759.9754917733,0.0,False
76611.87342283991,875.0,-125813.0,-20050.0,8900.16,51.84452897411281,2.78839111328125,29199.999999999996,0.8012265393066792,473.8143096192853,1600.0,262.7249950421108,1.3640730858959884,EIN84X_1515,real,69613.43952569838,0.0,False
76581.48696387492,895.0,-130657.0,-20546.0,9067.800000000001,51.83894348144531,2.7182254275760136,29750.000000000004,0.8016642984818291,472.9503145151719,1600.0,262.5894838344698,1.3572018574738198,EIN84X_1515,real,69263.32049400694,0.0,False
76540.33206746109,925.0,-137911.0,-21288.0,9250.68,51.83052062988281,2.6131872228673987,30350.0,0.8104926661389944,476.9171835864168,1280.0,262.65146418873775,1.2637108553613816,EIN84X_1515,real,64418.831560183506,0.0,False
76512.73624121137,955.0,-145297.0,-22027.0,9433.560000000001,51.821997691009,2.506256103515625,30950.000000000004,0.8195915151910977,481.0124738507308,1216.0,262.5942690816542,1.2404510631518275,EIN84X_1515,real,63821.53621158153,0.0,False
76471.52905101354,985.0,-152671.0,-22763.0,9616.44,51.81340026855469,2.399547680004223,31550.0,0.8270507465940679,484.11672146291335,1344.0,262.52266969333925,1.270854768317728,EIN84X_1515,real,66218.64665737434,0.0,False
76441.48911527554,1005.0,-157520.0,-23246.0,9776.460000000001,51.807706153998936,2.32940673828125,32075.0,0.8255681572003528,482.1337988567074,1792.0,262.4917400054635,1.3835783088926243,EIN84X_1515,real,72647.41825888936,0.0,False
76393.70798737621,1035.0,-164970.0,-24005.0,10088.880000000001,51.798721572100106,2.2216796875,33100.0,0.8139800195534079,473.212425872356,1728.0,262.34934904464063,1.3571290695355507,EIN84X_1515,real,70291.02945575539,0.0,False
76371.64788441737,1065.0,-172226.0,-24719.0,10218.42,51.79010940810381,2.1167755126953125,33525.0,0.8274818997314394,480.15101790999046,576.0,262.46055486049073,1.0144633341526883,EIN84X_1515,real,53605.51766793611,0.0,False
76335.02374720275,1095.0,-179542.0,-25399.0,10347.960000000001,51.78168345305879,2.0110321044921875,33950.0,0.8346200011313322,483.37252714650634,512.0,263.2278400338865,0.9916386447241416,EIN84X_1515,real,53478.94231428862,0.0,False
67632.5677805046,0.0,92366.20532695948,-38687.62805314914,30.480000304301818,52.331401825867054,4.740029810415594,100.0,0.3,198.3755,2500.0,182.9988,1.9109263808649675,EZY84JU_960,fuel,117551.48729064295,0.23983452563843805,False
67585.90840924125,24.3951,92237.18796570992,-41150.397576807605,340.2975514088845,52.30928011592069,4.737451033756911,1116.0,0.376202,247.8928,2793.0,182.9988,1.8426379590170125,EZY84JU_960,fuel,108987.44079372307,0.09945548097061181,False
67540.96576629071,48.7902,92075.75361913686,-44231.96415793535,686.3936267828475,52.28160000388585,4.734228132506873,2252.0,0.458146,300.6987,3000.0,219.5915,1.8116891915064048,EZY84JU_960,fuel,105536.98645337421,0.06772525221106376,False
67496.8467177881,73.1852,89687.45553120691,-47119.797276374215,1058.17468810818,52.25603188053805,4.698352490338822,3472.0,0.542583,354.5978,3000.0,256.1841,1.7935563085708144,EZY84JU_960,fuel,103613.68946736344,0.051880766867125325,False
67453.24569748722,97.5803,85390.36902012392,-48176.52792722485,1429.9557494337091,52.247218818669694,4.63496230382105,4691.0,0.573286,373.0504,3000.0,292.7767,1.7890452640097187,EZY84JU_960,fuel,103145.45401241526,0.04540552049926862,False
67409.77591263516,121.9754,81096.64426853943,-46373.66371309748,1801.736810759237,52.26408391821419,4.572338837606744,5911.0,0.585529,379.3625,3000.0,296.9158,1.7789330605229337,EZY84JU_960,fuel,102109.83708780051,0.041624333468064434,False
67366.55681190139,146.3705,76873.62767718948,-44229.740978940536,2173.517872084729,52.28397264294046,4.51078537564001,7131.0,0.598103,385.8117,3000.0,296.9139,1.7686938479844871,EZY84JU_960,fuel,101080.1483627106,0.03328341416471063,False
67323.59148332865,170.7656,72578.39618764014,-42049.33905088415,2545.2989334101817,52.30416695953422,4.44812261486476,8351.0,0.611017,392.4007,3000.0,296.9108,1.758327901452497,EZY84JU_960,fuel,100056.17478832546,0.023782820502726267,False
67280.88300132385,195.1607,68209.34786001245,-39831.760217027644,2917.079994735592,52.324671614522835,4.384324253082392,9570.0,0.624283,399.1325,3000.0,296.9097,1.7478472938962317,EZY84JU_960,fuel,99038.8467501321,0.018196242061766812,False
67238.43442959254,219.5557,63764.96907055637,-37576.05600817203,3288.8610560609577,52.34549351381143,4.319365206214344,10790.0,0.63791,406.0098,3000.0,296.9032,1.7372287771247201,EZY84JU_960,fuel,98025.68393712261,0.01384543239995974,False
67196.24882411065,243.9508,59243.42678004715,-35281.8308374141,3660.6421173862705,52.36663454154144,4.253215443715736,12010.0,0.651907,413.0353,3000.0,296.8921,1.7264837383361888,EZY84JU_960,fuel,97017.58722016666,0.01133224769191487,False
67154.32923609274,268.3459,54642.877301966226,-32948.634363555655,4032.4231787115277,52.38809697701319,4.185844659970344,13230.0,0.666287,420.2119,3000.0,296.8837,1.7156120614935069,EZY84JU_960,fuel,96014.34016714481,0.009321439583505611,False
67112.67871490975,292.741,49961.737193257264,-30575.427907138932,4404.204240036721,52.40988826462623,4.1172263409364165,14449.0,0.681059,427.5421,3000.0,296.87,1.7046259670986288,EZY84JU_960,fuel,95016.84599475075,0.007975117828126998,False
67071.30031090367,317.1361,45198.05966429126,-28161.814987582122,4775.9853013618485,52.432010008223294,4.047328363959015,15669.0,0.696234,435.0288,3000.0,296.8555,1.6934999438294538,EZY84JU_960,fuel,94022.60090489771,0.006904527371295159,False
67030.19707804115,341.5312,40350.057835832624,-25707.01057496418,5147.766362686894,52.45446718226806,3.976120873121496,16889.0,0.711823,442.6745,3000.0,296.8478,1.6822457828446131,EZY84JU_960,fuel,93032.50694296777,0.006005549090441358,False
66989.37207634044,365.9262,35416.231175954315,-23209.591838392498,5519.547424011854,52.47727036894681,3.903578147218489,18109.0,0.727839,450.4818,3000.0,296.8384,1.6708627979437132,EZY84JU_960,fuel,92046.33391024076,0.005325967979452361,False
66948.8283739994,390.3213,30394.704092952856,-20668.806017044655,5891.328485336708,52.50042404354081,3.829668667842031,19329.0,0.744291,458.4532,3000.0,296.8278,1.659350186773505,EZY84JU_960,fuel,91063.85093531055,0.004758022336354524,False
66908.56904914457,414.7164,25283.57949550067,-18083.874418439787,6263.109546661445,52.523932796262606,3.754360429271943,20548.0,0.761193,466.5911,3000.0,296.8153,1.6477208879825078,EZY84JU_960,fuel,90086.02817113626,0.001929489809057077,False
66868.59716518396,439.1115,20080.89991001112,-15454.071562084633,6634.89060798604,52.54780061720657,3.6776203514220924,21768.0,0.778556,474.8978,3000.0,296.7987,1.6359464889046045,EZY84JU_960,fuel,89123.33961866259,0.0,False
66828.91131209616,463.5066,14784.579580201564,-12778.862310768327,7006.671669310475,52.57202965819604,3.5994132661628035,22988.0,0.796391,483.3757,3000.0,296.7825,1.6240397087855198,EZY84JU_960,fuel,88268.3778306099,0.0,False
66789.48094695577,487.9017,9392.708571366404,-10057.302871932352,7378.452730634741,52.59662560425139,3.519706442196115,24208.0,0.814712,492.0267,3000.0,296.7691,1.611999091401584,EZY84JU_960,fuel,87742.49882428913,0.0,False
66750.20596850812,512.2967,3903.471233285001,-7288.204538247191,7750.233791958886,52.62159620820101,3.438468342631811,25427.0,0.82,492.7225,2853.0,296.7577,1.5699285661427334,EZY84JU_960,fuel,84731.73921305382,0.0,False
66711.84491065396,536.6918,-1595.6072351791502,-4515.515546581778,8103.823762513374,52.64654337395166,3.356992039780069,26587.0,0.82,490.3354,2560.0,296.7457,1.4993255907508336,EZY84JU_960,fuel,79583.58013123475,0.0,False
66675.14126831692,561.0869,-7071.549496354404,-1755.9332536109332,8421.135208800002,52.67131689628855,3.275765705702275,27628.0,0.817937,486.9552,2268.0,296.7375,1.4262387430287888,EZY84JU_960,fuel,74483.80363087142,0.0,False
66640.19423573848,585.482,-12512.895445999158,985.2368270170813,8702.168130817616,52.69587004603089,3.1949614395834254,28550.0,0.814996,483.3017,1975.0,296.7281,1.3509138856333134,EZY84JU_960,fuel,69479.17647026227,0.0,False
66607.07143136793,609.8771,-17916.478227873005,3706.2745368735254,8946.922528565872,52.720188377679236,3.1146281112635497,29353.0,0.811909,479.8145,1682.0,296.7202,1.2739522573469646,EZY84JU_960,fuel,64614.83719962097,0.0,False
66575.81826413037,634.2721,-23283.916409249512,6408.187320121091,9155.398402044633,52.744281911520886,3.0347435495459876,30037.0,0.808571,476.4322,1390.0,296.7175,1.195625350564714,EZY84JU_960,fuel,59874.8028171353,0.0,False
66546.4805191178,658.6672,-28615.96437979336,9091.970569838046,9327.595751253875,52.76816053796741,2.9552983042914134,30602.0,0.804988,473.1588,1097.0,296.7104,1.1155475972605633,EZY84JU_960,fuel,55214.334648972974,0.0,False
66519.10132931887,683.0623,-33913.86114121494,11757.744199015986,9463.514576193653,52.791826210560146,2.876275709620326,31048.0,0.801014,469.9077,804.0,296.71,1.033913177509441,EZY84JU_960,fuel,50623.096818160986,0.0,False
66493.72483529759,707.4574,-39177.35667850278,14406.158918957095,9563.15487686413,52.81528571300165,2.7976811333164235,31375.0,0.796533,466.6108,511.0,296.7092,0.9506859355687378,EZY84JU_960,fuel,46083.251257001924,0.0,False
66470.3947625934,731.8525,-44405.757141927694,17036.819926257256,9626.516653265711,52.83853647047107,2.7195266484226903,31583.0,0.7913,463.1224,219.0,296.7068,0.8659818807125546,EZY84JU_960,fuel,41586.4306051834,0.0,False
66449.15718977811,756.2476,-49596.77789911796,19648.40647863833,9653.5999053997,52.861567752697965,2.641848200627749,31672.0,0.786719,460.2617,-0.0,296.71,0.8009846041360592,EZY84JU_960,fuel,38210.71622662764,0.0,False
66429.51848833311,780.6426,-54756.65303179713,22244.679454519046,9653.599905158257,52.8844137432739,2.564554068794056,31672.0,0.786705,460.2537,-0.0,296.7098,0.8008440331362681,EZY84JU_960,fuel,38203.15672335032,0.0,False
66409.8834380962,805.0377,-59916.44807090803,24840.887876785364,9653.59990491668,52.907208914187514,2.4871797161000346,31672.0,0.786685,460.2417,-0.0,296.7096,0.800698036343576,EZY84JU_960,fuel,38195.22850791662,0.0,False
66390.25221434292,829.4328,-65076.11683978787,27437.013737652615,9653.599904674997,52.929953016980235,2.40972586664524,31672.0,0.786651,460.2224,-0.0,296.711,0.800542090874464,EZY84JU_960,fuel,38186.625003601905,0.0,False
66370.6251488146,853.8279,-70235.50452565154,30033.157734592423,9653.599904433191,52.95264688662876,2.3321948436873448,31672.0,0.786676,460.2366,-0.0,296.7084,0.8004320743556312,EZY84JU_960,fuel,38181.14204626074,0.0,False
66351.00072773236,878.223,-75395.16849548287,32629.151032046513,9653.599904191293,52.975288840185684,2.25457839766315,31672.0,0.786627,460.2081,-0.0,296.7078,0.8002636103901859,EZY84JU_960,fuel,38171.68976276931,0.0,False
66331.38087286419,902.6181,-80554.54416853785,35224.921302305345,9653.59990394931,52.99787820975522,2.1768850125651396,31672.0,0.786641,460.2163,-0.0,296.7071,0.8001454905806498,EZY84JU_960,fuel,38165.65507908345,0.0,False
66311.76393483239,927.0131,-85714.04268902309,37820.674733074025,9653.59990370725,53.0204166974066,2.099108535632603,31672.0,0.786621,460.2046,-0.0,296.7065,0.8000001419450528,EZY84JU_960,fuel,38157.772848823835,0.0,False
66292.15080091538,951.4082,-90873.43682868908,40416.310953773616,9653.599903465107,53.0429033411665,2.021252423301778,31672.0,0.786601,460.193,-0.0,296.7059,0.7998549771589373,EZY84JU_960,fuel,38149.90370003706,0.0,False
67632.56778050872,0.0,92366.20532696928,-38687.62825311348,30.48000030442422,52.331401824069104,4.74002981036038,100.0,0.3,198.3755,2389.0,182.9988,1.884004951231866,EZY84JU_960,pop,113993.90028038075,0.23983451934599517,False
67586.5997080265,24.3763,92237.19123135449,-41150.33544016808,326.3274440421501,52.3092806740591,4.737451098940426,1071.0,0.378132,249.204,2682.0,182.9988,1.8145509593258498,EZY84JU_960,pop,105846.82238594684,0.10050487328459065,False
67542.38030344973,48.7526,92074.92729615318,-44247.73776288117,658.3976044912353,52.28145831753525,4.734211646517171,2160.0,0.459625,301.7665,2974.0,219.5633,1.8063389131861252,EZY84JU_960,pop,104962.43613097924,0.0683142756110083,False
67498.42736015913,73.1289,89681.08565872876,-47145.171960145046,1026.6904816513422,52.25580477161619,4.698252130579536,3368.0,0.544866,356.2197,3000.0,256.1278,1.7951651039133873,EZY84JU_960,pop,103781.63696827293,0.05216117939417891,False
67454.82340727559,97.5052,85368.56077388774,-48210.1951084066,1398.1854759804705,52.24691950469331,4.634633446071151,4587.0,0.572255,372.5173,3000.0,292.6923,1.7898803448682143,EZY84JU_960,pop,103231.83723248291,0.04563131522725275,False
67411.36618400058,121.8816,81081.6483262152,-46417.62091053527,1769.6804703094606,52.26369089234959,4.57210787188032,5806.0,0.58446,378.8129,3000.0,299.5261,1.7797873230767371,EZY84JU_960,pop,102196.59246576301,0.04185391967005416,False
67368.15899362956,146.2579,76969.81165922033,-44088.78473359829,2141.1754646382983,52.28522655269037,4.512231612429347,7025.0,0.596995,385.2451,3000.0,298.3388,1.7695674598273057,EZY84JU_960,pop,101167.28167582692,0.03336605687738624,False
67325.20491824775,170.6342,72739.63326739716,-41807.375098547374,2512.6704589673236,52.306321234091726,4.450546417995133,8244.0,0.60987,391.8168,3000.0,297.7581,1.7592211634337545,EZY84JU_960,pop,100143.70491441843,0.023723078279013984,False
67282.50702610618,195.0105,68413.66031273738,-39530.5917127629,2884.1654532965276,52.327354176182126,4.387392007582102,9462.0,0.623094,398.5307,3000.0,297.9435,1.7487603217848566,EZY84JU_960,pop,99126.77577972817,0.018263060085209996,False
67240.06837454031,219.3868,64020.74835232374,-37200.38943522979,3255.6604476257758,52.34884163110484,4.323202414198159,10681.0,0.636678,405.3897,3000.0,297.8042,1.7381618639963747,EZY84JU_960,pop,98114.02765530444,0.013825495604295336,False
67197.8920129296,243.7631,59546.157126109705,-34840.78839256006,3627.1554419550125,52.37056756731257,4.257752683546792,11900.0,0.650631,412.3964,3000.0,297.4085,1.7274371098896126,EZY84JU_960,pop,97106.35623467917,0.011324977427884199,False
67155.98098565705,268.1394,54977.44365249298,-32471.732999122487,3998.650436284184,52.39235184148807,4.190853168895319,13119.0,0.664964,419.5537,3000.0,297.1947,1.7165859570696689,EZY84JU_960,pop,96103.5460960363,0.009324916496863385,False
67114.33833502287,292.5157,50320.16992480992,-30078.765536814793,4370.145430613252,52.4143215366395,4.122585577034799,14338.0,0.679689,426.8642,3000.0,297.0465,1.7056079982347594,EZY84JU_960,pop,95105.36273130146,0.007987748623070343,False
67072.96710406085,316.8921,45575.167157892356,-27656.20977767402,4741.640424942187,52.436525306714366,4.0529599652742965,15557.0,0.694815,434.3306,3000.0,296.8782,1.6945027853148282,EZY84JU_960,pop,94111.57762074156,0.006905496104364401,False
67031.87033919964,341.2684,40739.654970509226,-25205.331645775048,5113.1354192709605,52.458949628440955,3.98193189851643,16775.0,0.710353,441.9555,3000.0,296.7485,1.6832828637021469,EZY84JU_960,pop,93123.10734949584,0.006002788162811985,False
66991.05109270448,365.6447,35813.338495846656,-22722.42840584211,5484.630413599546,52.48162534700049,3.909494126336329,17994.0,0.726316,449.7416,3000.0,296.6757,1.6719215537293437,EZY84JU_960,pop,92137.43112845777,0.005334372747010912,False
66950.51242482878,390.021,30796.75689415346,-20202.01429918118,5856.125407927905,52.50459923246974,3.8356516122633826,19213.0,0.742714,457.6913,3000.0,296.6133,1.6604309135974147,EZY84JU_960,pop,91155.45948885585,0.004762811775903731,False
66910.25740559597,414.3973,25688.447278761407,-17642.481342337112,6227.620402256001,52.52788324474028,3.7603790547634555,20432.0,0.75956,465.807,3000.0,296.5844,1.6488100542417,EZY84JU_960,pop,90176.97408282742,0.0024311982006703743,False
66870.28910772597,438.7736,20487.99194385628,-15040.058365796633,6599.115396583559,52.55150864867567,3.6836665389772736,21651.0,0.776865,474.0911,3000.0,296.5863,1.637058088305055,EZY84JU_960,pop,89211.39584457417,0.0,False
66830.60724494487,463.1499,15194.89601896145,-12391.052878560447,6970.610390910694,52.57550593239667,3.6055026875690426,22869.0,0.79464,482.5458,3000.0,296.5862,1.6251882237431023,EZY84JU_960,pop,88340.52140100111,0.0,False
66791.18574303869,487.5262,9807.166929658591,-9694.701990783999,7342.105385237355,52.599879188924994,3.5258535327888536,24088.0,0.8129,491.1733,3000.0,296.5794,1.613170986862085,EZY84JU_960,pop,87769.04751503978,0.0,False
66751.9335076835,511.9025,4322.561808551937,-6950.68453662784,7713.600379563646,52.62462840393914,3.4446811964966138,25307.0,0.82,492.9692,2883.0,296.5632,1.5769352684801783,EZY84JU_960,pop,85262.87330666248,0.0,False
66713.43816861088,536.2789,-1184.1197902779218,-4197.571215991128,8070.602557354595,52.64940378214537,3.3630901263350927,26478.0,0.82,490.5602,2590.0,296.5394,1.5065504018513383,EZY84JU_960,pop,80094.80339395483,0.0,False
66676.5931289939,560.6552,-6667.9664012676085,-1458.7159659120957,8391.382018435132,52.67399497232788,3.281745114540926,27531.0,0.81974,488.2304,2298.0,296.5084,1.4343987281084694,EZY84JU_960,pop,75117.08711359832,0.0,False
66641.44825317226,585.0315,-12130.04793611701,1265.5817679490826,8675.938762802256,52.69839998487309,3.200632160435968,28464.0,0.81684,484.5735,2005.0,296.4728,1.359299399480372,EZY84JU_960,pop,70092.95841793375,0.0,False
66608.11945764747,609.4078,-17555.53069143856,3967.4092891369223,8924.272790455054,52.722548674247804,3.119973186703709,29279.0,0.813801,481.0866,1713.0,296.4432,1.2827753921011338,EZY84JU_960,pop,65225.56365343681,0.0,False
66576.65209886672,633.7841,-22945.84626502979,6648.256652398827,9136.384101393172,52.74645537957869,3.039748856609088,29975.0,0.810567,477.7371,1420.0,296.4164,1.204482663841379,EZY84JU_960,pop,60461.99195089725,0.0,False
66547.09063261682,658.1604,-28302.219406370044,9309.089107844555,9312.272695616546,52.77012967131459,2.959942802301117,30552.0,0.807116,474.513,1128.0,296.3981,1.124933223893152,EZY84JU_960,pop,55808.81048894962,0.0,False
66519.47755563007,682.5367,-33625.46273712274,11951.348165688318,9451.938573125311,52.79358537711798,2.8805446223586046,31010.0,0.803343,471.3519,835.0,296.3955,1.0436612640525578,EZY84JU_960,pop,51217.044570194164,0.0,False
66493.85538347525,706.913,-38915.36397150392,14576.76427591541,9555.381733919901,52.81683896224467,2.8015590000346235,31350.0,0.799145,468.1934,543.0,296.4048,0.9611347905267192,EZY84JU_960,pop,46695.69172681137,0.0,False
66470.26591730065,731.2894,-44171.21361018404,17186.3451099085,9622.602178001365,52.83990043840385,2.7229980021518525,31570.0,0.794321,464.917,250.0,296.4186,0.8767673667788832,EZY84JU_960,pop,42197.92897519069,0.0,False
66448.75226775411,755.6657,-49391.28611153284,19779.728655536717,9653.599905373077,52.86276761838519,2.644888984584786,31672.0,0.789474,461.8736,-0.0,296.4379,0.8032006670001525,EZY84JU_960,pop,38364.38250554748,0.0,False
66429.05450451194,780.042,-54577.55052746465,22358.49458694525,9653.59990513578,52.88545546451759,2.5672039811653042,31672.0,0.789489,461.8822,-0.0,296.4546,0.8030835459466763,EZY84JU_960,pop,38358.394316169586,0.0,False
66409.35962987549,804.4183,-59763.16287502258,24938.81261695624,9653.599904898138,52.90810658576465,2.48944714170299,31672.0,0.789455,461.8624,-0.0,296.4631,0.8029271165692634,EZY84JU_960,pop,38349.6319944599,0.0,False
66389.668980223,828.7946,-64948.16663009962,27519.796564969118,9653.599904660201,52.93071293167388,2.411617965543727,31672.0,0.78942,461.8421,-0.0,296.465,0.802770036177381,EZY84JU_960,pop,38340.825612062356,0.0,False
66369.98257894696,853.1709,-70132.85717891,30100.83764759844,9653.599904421993,52.95326891199871,2.333712188871299,31672.0,0.789378,461.8175,-0.0,296.4579,0.8026070339299397,EZY84JU_960,pop,38331.60424226284,0.0,False
66350.30062131476,877.5472,-75317.59215826087,32681.099426267214,9653.599904183535,52.975766869554946,2.255724703213855,31672.0,0.789352,461.8023,-0.0,296.4449,0.8024571126958342,EZY84JU_960,pop,38323.30553371503,0.0,False
66330.62266884102,901.9235,-80502.74256472502,35260.09664757224,9653.599903944849,52.99820228956324,2.1776501577353025,31672.0,0.789328,461.7883,-0.0,296.4389,0.8023089014769067,EZY84JU_960,pop,38315.12811826881,0.0,False
66310.94866092845,926.2998,-85688.0049275915,37838.47416859028,9653.599903705961,53.02058091260306,2.099493004342623,31672.0,0.789316,461.7812,-0.0,296.4334,0.8021703148863705,EZY84JU_960,pop,38307.62769524542,0.0,False
66291.27827004227,950.6762,-90873.43682870602,40416.31095380802,9653.599903466873,53.04290334116681,2.0212524233015148,31672.0,0.789304,461.7741,-0.0,296.4278,0.8020317781783523,EZY84JU_960,pop,38300.13086864237,0.0,False
67620.23682008187,0.0,8400.0,32337.0,0.0,52.33011245727539,4.739933013916016,0.0,0.22406761414150134,148.21605850919124,128.0,183.0940580589171,1.0523922254096605,EZY84JU_960,real,52440.847669447074,0.2483072104755793,False
67554.65990122677,40.0,8099.0,27795.0,449.58000000000004,52.28924560546875,4.73541259765625,1475.0,0.24957098611912704,164.24676556937126,1792.0,183.14112983563612,1.8193350804933548,EZY84JU_960,real,112921.5591018099,0.08147986434436637,False
67518.0221493837,60.0,7776.0,25978.0,594.36,52.27290266651218,4.730634416852679,1950.0,0.3110881916343148,204.39422692434343,1792.0,205.81285221298347,1.6814042340245445,EZY84JU_960,real,92805.9053863337,0.06695545525733529,False
67455.45854309402,90.0,4900.0,23833.0,960.12,52.25363004005561,4.68841552734375,3150.0,0.3910238796460048,255.8378392654222,3456.0,242.53351618606095,1.8538417397348372,EZY84JU_960,real,123060.58262848968,0.05172414504022496,False
67411.90932711071,120.0,1165.0,22222.0,1524.0,52.239152294094275,4.633640834263393,5000.0,0.4118708528260454,267.7200029881966,3840.0,253.73123473900813,1.8657400855311697,EZY84JU_960,real,128545.00089628159,0.044202658027921636,False
67347.02599138369,150.0,-2946.0,21596.0,2072.6400000000003,52.233519473318324,4.5733729771205365,6800.000000000001,0.4373409866960467,282.44822534404426,3648.0000000000005,278.9620807325356,1.8450836726503177,EZY84JU_960,real,119924.81845041591,0.041922543918527524,False
67304.4750833605,180.0,-6520.0,24094.0,2560.32,52.25596618652344,4.5209503173828125,8400.0,0.46851789148858536,300.83217912982644,3584.0,328.31763397294935,1.8256371348613865,EZY84JU_960,real,114428.6799170999,0.03577325667880802,False
67242.14709726036,210.0,-8812.0,28122.0,3048.0,52.29217529296875,4.4872283935546875,10000.0,0.48173486692140605,307.50772348024043,3072.0,329.5155611720698,1.7576526362535343,EZY84JU_960,real,101988.7061802125,0.027939122758013107,False
67209.92518450672,230.0,-10512.0,30954.0,3268.98,52.317626953125,4.4622039794921875,10725.0,0.513195881472267,326.712411763006,1152.0,328.64525471634295,1.2352013263481547,EZY84JU_960,real,61744.331345628256,0.023426255167652406,False
67154.47196182155,270.0,-14579.0,36799.0,3649.98,52.37013244628906,4.4022369384765625,11975.0,0.5671822202960121,359.4022815731698,2624.0,309.5810430023297,1.6437978724619466,EZY84JU_960,real,89133.84866558791,0.016745498244857285,False
67115.66552606851,290.0,-17628.0,38849.0,3931.92,52.38848876953125,4.3572998046875,12900.0,0.5772932546495028,364.5394354524624,2688.0,302.3385913126429,1.6481030140318846,EZY84JU_960,real,89535.3920386325,0.013787836667855291,False
67054.0105226128,330.0,-23958.0,42890.0,4587.24,52.42460632324219,4.263916015625,15049.999999999998,0.5788535163773936,362.5479278660961,4288.0,302.725730783379,1.8325289787220684,EZY84JU_960,real,116204.45142962816,0.010100896294932202,False
67012.57361721848,350.0,-27043.0,44909.0,4991.1,52.442632125595864,4.218357631138393,16375.0,0.5684212318586348,354.2005081871001,3200.0,303.0170861876767,1.7169579789778027,EZY84JU_960,real,96732.98800749025,0.00883101659836237,False
66956.25207372197,390.0,-33206.0,48997.0,5547.360000000001,52.47908020019531,4.127197265625,18200.0,0.577840239855907,357.5150346488942,3328.0,303.2455785415722,1.7255787667836708,EZY84JU_960,real,97766.16351143765,0.007120919166658755,False
66906.26113882763,420.0,-37786.0,52031.0,5875.02,52.50608282574152,4.059369768415179,19275.0,0.5960790294025129,367.2383422247737,1856.0,302.9977051012163,1.3921412480760096,EZY84JU_960,real,70671.56117990229,0.006192857326113851,False
66870.0848662246,450.0,-42509.0,55159.0,6271.26,52.53387451171875,3.9893341064453125,20575.0,0.5991739035948741,367.2383422247737,2496.0,302.9977051012163,1.5486078822105982,EZY84JU_960,real,81209.39413746516,0.002302681493702515,False
66825.61490850864,480.0,-47310.0,58338.0,6515.1,52.56208516783633,3.918038504464286,21375.0,0.6233357065573224,380.8214804865923,1984.0,303.1058627809383,1.4076652890902341,EZY84JU_960,real,71626.42539509601,0.0,False
66791.19347315881,500.0,-50589.0,60518.0,6743.700000000001,52.58140434653072,3.869306291852679,22125.0,0.6279814508207437,382.4983660095818,2112.0,302.94223180068536,1.4349650001211012,EZY84JU_960,real,73345.82189646507,0.0,False
66742.49620102141,540.0,-57210.0,64913.0,7139.9400000000005,52.62030029296875,3.770751953125,23425.0,0.6409363214370455,388.3258940632211,2048.0,302.9125296811215,1.4055630610235126,EZY84JU_960,real,71495.87852312818,0.0,False
66709.28680876456,560.0,-60548.0,67131.0,7360.92,52.639892578125,3.72100830078125,24150.0,0.6442393718573691,389.16577444580093,1984.0,302.8325325819273,1.3818446208643922,EZY84JU_960,real,70046.26635565353,0.0,False
66663.13617828951,600.0,-67205.0,71553.0,7741.92,52.67889404296875,3.621673583984375,25400.0,0.6558847019239578,394.153523389047,1536.0,302.8837058561487,1.2407709380380116,EZY84JU_960,real,62041.85353091982,0.0,False
66634.82626985347,620.0,-70615.0,73819.0,7886.700000000001,52.6988525390625,3.570709228515625,25875.0,0.6669029904956398,399.9812495605263,1536.0,302.855721950433,1.2365942954017737,EZY84JU_960,real,61817.99604643311,0.0,False
66583.8543375717,660.0,-77386.0,78328.0,8359.140000000001,52.738494873046875,3.469390869140625,27425.000000000004,0.658258826090968,392.2295246408664,2240.0,302.7176724186393,1.4247268116472744,EZY84JU_960,real,72693.33581675575,0.0,False
66553.45381502762,680.0,-80721.0,80549.0,8557.26,52.75799560546875,3.4194183349609375,28075.0,0.661495600891058,393.0712403623547,1664.0,302.6388867764361,1.2586955437735656,EZY84JU_960,real,63009.43846080087,0.0,False
66504.63829030616,710.0,-85731.0,83881.0,8869.68,52.787200927734375,3.344268798828125,29100.0,0.6583097907845175,389.4663014947506,2240.0,302.62915583571555,1.417520415823577,EZY84JU_960,real,72238.91192891612,0.0,False
66475.34915535491,740.0,-90791.0,87244.0,9151.62,52.81663280422404,3.268275669642857,30025.0,0.6600290083217026,388.92801390488705,1472.0,302.50508842937865,1.1903016283430325,EZY84JU_960,real,59373.82199217633,0.0,False
66431.532870562,770.0,-95777.0,90561.0,9403.08,52.845611572265625,3.1932830810546875,30850.0,0.6638376360670236,389.7717280665698,1664.0,302.42609526788016,1.2456041861215534,EZY84JU_960,real,62300.05973320684,0.0,False
66390.54465672502,810.0,-102397.0,94949.0,9723.12,52.883880615234375,3.09356689453125,31900.0,0.6688790839127956,390.9283821878376,960.0,302.1452045182738,1.011941026615471,EZY84JU_960,real,50492.18275052953,0.0,False
66372.95457947183,830.0,-105968.0,96634.0,9761.220000000001,52.898345947265625,3.0399322509765625,32025.000000000004,0.6639739775848078,387.8479083352133,192.0,284.7886776141652,0.7387965132649883,EZY84JU_960,real,37815.40337216176,0.0,False
66349.4286432664,870.0,-113995.0,98640.0,9753.6,52.91476492154396,2.9198521205357144,32000.0,0.7029648843561294,410.6689664437769,0.0,283.0887327896941,0.6814483666511832,EZY84JU_960,real,35214.75661935003,0.0,False
66333.13471217199,890.0,-118072.0,99695.0,9753.6,52.92338562011719,2.8588104248046875,32000.0,0.7104115520336495,415.0192766607354,0.0,283.23261486839505,0.6848004891072625,EZY84JU_960,real,35366.744235330756,0.0,False
66309.29462665292,930.0,-126313.0,101841.0,9753.6,52.94083417472193,2.735360281808036,32000.0,0.7154114367161128,417.94018710815544,0.0,283.13847246401946,0.6871099264158398,EZY84JU_960,real,35471.45998708378,0.0,False
66293.20479712046,950.0,-130417.0,102912.0,9753.6,52.94949289095604,2.673836844308036,32000.0,0.7137445948864375,416.9664255068986,64.0,283.16970671097704,0.7078508729462216,EZY84JU_960,real,36411.645014231304,0.0,False
66269.35409656003,980.0,-136706.0,104554.0,9753.6,52.96271372649629,2.579511369977679,32000.0,0.7133565423347695,416.7397269279712,0.0,283.0358367700663,0.6856932927497594,EZY84JU_960,real,35407.23780100299,0.0,False
66253.2724498483,1010.0,-142888.0,106155.0,9753.6,52.97551559189618,2.48675537109375,32000.0,0.7146410312337202,417.49011964356714,0.0,282.87117903780126,0.6862064383643409,EZY84JU_960,real,35430.50720595901,0.0,False
66229.15618103882,1040.0,-149099.0,107767.0,9753.6,52.98834228515625,2.39349365234375,32000.0,0.7129723882929739,416.51530584121394,0.0,282.90182183694947,0.6851341272401053,EZY84JU_960,real,35381.89405296272,0.0,False
66213.09533711319,1070.0,-155339.0,109393.0,9753.6,53.00121242717161,2.299752371651786,32000.0,0.7142616703375038,417.2684986911904,0.0,282.7373175537284,0.6856485023341108,EZY84JU_960,real,35405.2189588099,0.0,False
66189.00884238852,1100.0,-161542.0,111015.0,9753.6,53.01397705078125,2.2064971923828125,32000.0,0.7142616703375038,417.2684986911904,0.0,282.7373175537284,0.6854312982086883,EZY84JU_960,real,35395.3761158983,0.0,False
66173.21359925167,1120.0,-165722.0,112107.0,9753.6,53.02253723144531,2.1436309814453125,32000.0,0.712592139066039,416.293165929973,-64.0,282.76766314468284,0.6626834027822233,EZY84JU_960,real,34364.65637979676,0.0,False
66149.3925516294,1160.0,-173839.0,114656.0,9753.6,53.04290771484375,2.0212554931640625,32000.0,0.7130710144213847,416.5729227878355,0.0,287.1735144001394,0.6844626713713884,EZY84JU_960,real,35351.46793689392,0.0,False
63741.31302227287,0.0,-75245.65138226387,69240.46429307021,30.48000030428755,52.321296864583445,4.779954840602596,100.0,0.3,198.3755,2500.0,183.0038,1.855095462520221,EZS39RG_1538,fuel,110443.39536041391,0.17029772625960557,False
63696.68326843267,24.0378,-75372.99173909376,66813.71191491272,335.75998861336865,52.29945816839777,4.778626629152263,1102.0,0.377325,248.6455,2788.0,183.0038,1.786837804511741,EZS39RG_1538,fuel,102917.74847264649,0.10620637808636833,False
63653.747220052945,48.0756,-75532.8214599597,63767.80278706463,676.2636183775107,52.27204757297881,4.776961235463336,2219.0,0.458035,300.6609,3000.0,146.9471,1.7649459174312083,EZS39RG_1538,fuel,100707.82287303344,0.07006760453704876,False
63611.41145650342,72.1134,-73519.02423129482,60673.091542709044,1042.5996043481084,52.24449228695013,4.80723021039583,3421.0,0.542216,354.4218,3000.0,131.0392,1.7541898880259732,EZS39RG_1538,fuel,99652.3973977658,0.05409997505780793,False
63569.4099846939,96.1512,-70231.7559796842,57811.56024142575,1408.9355903188157,52.219189606976705,4.856103672509277,4622.0,0.572603,372.6976,3000.0,131.0324,1.751624411629769,EZS39RG_1538,fuel,99403.4551250475,0.04127643741761302,False
63527.49110619597,120.189,-66773.53448570332,54801.934909998185,1775.2715762895282,52.19255576612069,4.907458535651102,5824.0,0.584646,378.9086,3000.0,131.0235,1.741493591755532,EZS39RG_1538,fuel,98430.54129410586,0.03758248830515683,False
63485.8196886498,144.2268,-63256.90654189258,51742.44749904627,2141.6075622602075,52.16545796656713,4.959617458739926,7026.0,0.59701,385.2527,3000.0,130.9976,1.7312500924787568,EZS39RG_1538,fuel,97462.68999042627,0.03985853838240028,False
63444.398433058515,168.2646,-59679.70725516596,48633.09893906384,2507.9435482308513,52.13789535489403,5.01260910923529,8228.0,0.609704,391.7323,3000.0,130.9569,1.7208936147463327,EZS39RG_1538,fuel,96499.67380456226,0.044124762266301666,False
63403.230037857975,192.3024,-56039.81337525897,45473.795001740385,2874.279534201456,52.10986614608878,5.0664614391011655,9430.0,0.622738,398.3502,3000.0,130.919,1.7104240064777494,EZS39RG_1538,fuel,95541.28818952231,0.044941589839875756,False
63362.317202241786,216.3401,-52336.02671042388,42263.32801063256,3240.615520172019,52.08135838229867,5.121188908384382,10632.0,0.636121,405.109,3000.0,130.8871,1.6998408170954213,EZS39RG_1538,fuel,94587.30997824637,0.04543192394441047,False
63321.66262951012,240.3779,-48567.3141812105,39000.24913064201,3606.951506142536,52.05235787297845,5.176803451374141,11834.0,0.649863,412.0115,3000.0,130.8473,1.6891436095397991,EZS39RG_1538,fuel,93637.52635976259,0.038006384613661154,False
63281.26903040656,264.4157,-44731.82018045931,35684.00977392888,3973.287492113005,52.022858543644766,5.23332875103258,13036.0,0.663974,419.0602,3000.0,130.8143,1.6783315759713413,EZS39RG_1538,fuel,92691.7008221919,0.030876509665917234,False
63241.139126401686,288.4535,-40828.51094244811,32313.062546135876,4339.623478083419,51.99284520733065,5.290776459989404,14238.0,0.678464,426.2577,3000.0,130.7677,1.6674038586758757,EZS39RG_1538,fuel,91749.60238470719,0.025910699437328873,False
63201.275652878554,312.4913,-36855.12487009489,28887.233410602606,4705.959464053773,51.96231506078767,5.349175837212608,15439.0,0.693344,433.6066,3000.0,130.7226,1.6563733871056858,EZS39RG_1538,fuel,90812.17289722057,0.022998857952294532,False
63161.681362168645,336.5291,-32810.24994549172,25405.31776108471,5072.29545002406,51.931255898012154,5.408543697065823,16641.0,0.708624,441.1094,3000.0,130.6922,1.6452114333222472,EZS39RG_1538,fuel,89876.83189633275,0.021880869164251058,False
63122.359026381295,360.5669,-28693.273907533996,21865.13318715751,5438.631435994273,51.89964661635006,5.468885108096099,17843.0,0.724316,448.7687,3000.0,130.6709,1.6339305113421891,EZS39RG_1538,fuel,88944.52173385717,0.02102656269469372,False
63083.31143996481,384.6047,-24503.24666739436,18264.840927674886,5804.967421964398,51.867469179241596,5.530209843900164,19045.0,0.74043,456.5867,3000.0,130.6664,1.6225290767878715,EZS39RG_1538,fuel,88014.9921367359,0.02044566998219297,False
63044.5414219289,408.6425,-20239.719489304498,14601.972094659526,6171.303407934435,51.83469981526879,5.592520226734949,20247.0,0.756977,464.5659,3000.0,130.6347,1.611005791332796,EZS39RG_1538,fuel,87088.01926353505,0.01523808339916255,False
63006.05181765217,432.6803,-15899.407060662415,10877.316412422315,6537.639393904359,51.80134410417828,5.655859473970939,21449.0,0.773969,472.7085,3000.0,130.5953,1.5993590604934906,EZS39RG_1538,fuel,86166.58214838065,0.0,False
62967.84428891982,456.7181,-11480.217079657661,7090.235642991988,6903.975379874157,51.767394634570806,5.720253346634648,22651.0,0.791417,481.0166,3000.0,130.5766,1.587587216095404,EZS39RG_1538,fuel,85301.03707479397,0.0,False
62929.903710595434,480.7559,-6981.904397385964,3237.895730972029,7270.311365843829,51.7328241341859,5.7857006359123195,23853.0,0.809333,489.4924,3000.0,130.5529,1.5756885526611508,EZS39RG_1538,fuel,84651.59860595589,0.0,False
62892.16316469891,504.7937,-2402.5170230412737,-680.5850461759668,7636.647351813387,51.6976228626325,5.852224668688055,25055.0,0.82,493.4869,3000.0,130.5199,1.5600047307763323,EZS39RG_1538,fuel,83846.26274470388,0.0,False
62854.666509595736,528.8315,2216.5378784482396,-4628.400224580912,8002.983337782819,51.662120067994096,5.919219917104049,26257.0,0.82,491.0174,3000.0,130.4692,1.5399230802273947,EZS39RG_1538,fuel,82396.25433519026,0.0,False
62817.61593128435,552.8693,6815.748735737553,-8552.222935047603,8369.31932375201,51.6267951504685,5.985823247615602,27458.0,0.82,488.5353,3000.0,130.4291,1.5209804340811828,EZS39RG_1538,fuel,81064.85103165929,0.0,False
62780.98084678186,576.9071,11394.237890552375,-12452.835018338434,8735.655309720938,51.59164176392047,6.052023671545817,28660.0,0.82,486.0406,2792.0,130.4003,1.466571171212231,EZS39RG_1538,fuel,77265.20594651066,0.0,False
62745.593458821444,600.9449,15953.041375935956,-16332.725481919702,9076.63415541227,51.55663810312365,6.117837852549158,29779.0,0.818465,482.8015,2504.0,130.3572,1.396458027837981,EZS39RG_1538,fuel,72526.6476296859,0.0,False
62711.852805129834,624.9826,20486.74837755739,-20185.382007294542,9382.38935965062,51.521843510772406,6.183189612443082,30782.0,0.815932,479.2157,2215.0,130.2992,1.32470530789286,EZS39RG_1538,fuel,67873.98772049665,0.0,False
62679.813495418864,649.0204,24992.928962165362,-24006.78886631157,9652.92092243455,51.48729491175851,6.2480462045269265,31670.0,0.813197,475.7573,1927.0,130.2395,1.2519815102292429,EZS39RG_1538,fuel,63361.15250558079,0.0,False
62649.51072273485,673.0582,29472.69901380145,-27797.788901684005,9888.22884376363,51.452985421005096,6.312425935675828,32442.0,0.810301,472.4518,1639.0,130.2,1.1781447372006586,EZS39RG_1538,fuel,58955.8486812389,0.0,False
62620.97831659195,697.096,33925.987984231775,-31561.103225126422,10088.3131236377,51.41889129058976,6.376329709143653,33098.0,0.807191,469.2695,1350.0,130.1778,1.1029529876414004,EZS39RG_1538,fuel,54622.56785692818,0.0,False
62594.25094366419,721.1338,38352.644850862365,-35298.97550300881,10253.17376205672,51.384993066946734,6.4397571672411384,33639.0,0.803787,466.164,1062.0,130.1431,1.026816900381834,EZS39RG_1538,fuel,50366.20155742983,0.0,False
62569.36442423027,745.1716,42754.03619593396,-39010.957896950895,10382.810759020786,51.35129538368996,6.502730007136819,34064.0,0.800112,463.1497,773.0,130.1081,0.9492831821121631,EZS39RG_1538,fuel,46149.8704502674,0.0,False
62546.352656764815,769.2094,47130.87003772364,-42697.653052289184,10477.224114530101,51.31779343314438,6.565260256079595,34374.0,0.795968,460.1096,485.0,130.0824,0.8707457920045839,EZS39RG_1538,fuel,41979.240455158506,0.0,False
62525.25193417835,793.2472,51482.125333971075,-46359.462257827756,10536.4138285852,51.28448434754595,6.627335033961449,34568.0,0.791216,456.9624,196.0,130.0692,0.7906409408295345,EZS39RG_1538,fuel,37814.87348434052,0.0,False
62506.09837449673,817.285,55805.794403005086,-49996.362460655844,10560.379901187785,51.25136919684185,6.688927359088474,34647.0,0.787618,454.7234,-0.0,130.0613,0.7353583232672202,EZS39RG_1538,fuel,34988.34360093794,0.0,False
62488.292646051144,841.3228,60109.58647204846,-53615.531133914665,10560.379900950722,51.21838332312683,6.750148605686746,34647.0,0.787563,454.6918,-0.0,130.048,0.7351954202480329,EZS39RG_1538,fuel,34978.99763693142,0.0,False
62470.491426145985,865.3606,64413.92017491089,-57233.449600849184,10560.3799007135,51.18537672732197,6.811290126334701,34647.0,0.787557,454.6882,-0.0,130.0374,0.7350629496018221,EZS39RG_1538,fuel,34971.968618842264,0.0,False
62452.69359954217,889.3984,68718.89190048838,-60850.53916899261,10560.379900476139,51.152345679926626,6.872353393302213,34647.0,0.787495,454.6523,-0.0,130.0358,0.7348954551558838,EZS39RG_1538,fuel,34962.27846606365,0.0,False
62434.900449454595,913.4362,73023.62434335829,-64467.22400602247,10560.37990023864,51.11928654800187,6.933325905642077,34647.0,0.787462,454.6331,-0.0,130.0362,0.7347461374148407,EZS39RG_1538,fuel,34953.97142090924,0.0,False
62417.111309662534,937.474,77328.15159678129,-68083.78376644527,10560.379900001024,51.08619690032669,6.994208257141831,34647.0,0.787429,454.6139,-0.0,130.0365,0.734596863293259,EZS39RG_1538,fuel,34945.669034742656,0.0,False
63741.313022274124,0.0,-75245.65157912081,69240.46429306165,30.48000030447674,52.321296864556444,4.779954837706585,100.0,0.3,198.3755,2500.0,183.0038,1.85509546252024,EZS39RG_1538,pop,110443.39536041618,0.17029772871496002,False
63696.060541675295,24.3729,-75374.76401181996,66779.94108712724,340.01586135238745,52.29915425971006,4.778608151244583,1116.0,0.37842,249.3554,2792.0,183.0038,1.7863735080813774,EZS39RG_1538,pop,102869.97262476484,0.10563605650373815,False
63652.53828367874,48.7458,-75537.28239937405,63682.79346463956,685.7643068668012,52.27128256095757,4.77691477955321,2250.0,0.460325,302.1309,3000.0,161.0039,1.7639178031062674,EZS39RG_1538,pop,100606.10690682949,0.06954451881599555,False
63609.64085616777,73.1187,-74312.71284339884,60125.59657078661,1057.207340129074,52.23946279478326,4.795694991649795,3469.0,0.545776,356.6887,3000.0,158.125,1.754843826192222,EZS39RG_1538,pop,99716.02193959133,0.05234382651629365,False
63567.04327996698,97.4916,-72655.70893812436,55998.46047750104,1428.6503733919512,52.202572194669216,4.820916300567903,4687.0,0.573243,373.0285,3000.0,158.2875,1.7510773448137062,EZS39RG_1538,pop,99350.50638142343,0.040909755670553355,False
63524.55608250419,121.8645,-70934.56779540115,51676.17214659359,1800.0934066549069,52.16392958131423,4.847076752774221,5906.0,0.585474,379.3343,3000.0,157.1644,1.740795419098337,EZS39RG_1538,pop,98364.07592048765,0.03511867478358175,False
63482.32351918596,146.2374,-69098.36236813117,47315.59889803407,2171.536439917844,52.12495125686843,4.874884723865986,7124.0,0.598035,385.7769,3000.0,156.3053,1.7304096137705787,EZS39RG_1538,pop,97383.96456163822,0.03301367108073845,False
63440.34840510496,170.6103,-67164.53141037383,42909.104455192624,2542.9794731807133,52.08556526038614,4.904081607788519,8343.0,0.610936,392.3592,3000.0,149.5158,1.7198956478483514,EZS39RG_1538,pop,96407.67406885122,0.033448884709164795,False
63398.63355282758,194.9832,-64681.473134248154,38691.04470274505,2914.4225064434427,52.04793083217572,4.94122131045875,9562.0,0.624187,399.0839,3000.0,141.2943,1.7092651891081847,EZS39RG_1538,pop,95436.11753203487,0.03498030823052302,False
63357.181775955636,219.3561,-61568.05846859808,34805.657048405985,3285.8655397060493,52.01334651586942,4.987447499230988,10780.0,0.637798,405.9538,3000.0,134.9332,1.6985308092969105,EZS39RG_1538,pop,94470.22797419393,0.033475158966677396,False
63315.99589271055,243.729,-57982.39828979809,31228.349711500294,3657.308572968578,51.98156400028421,5.040444361835746,11999.0,0.65178,412.9717,3000.0,131.0675,1.687666212627701,EZS39RG_1538,pop,93507.45962022178,0.030203208849513934,False
63275.07872949937,268.1019,-54097.438586746655,27843.164670440117,4028.7516062310497,51.95151457665195,5.097702404244249,13218.0,0.666143,420.1403,3000.0,127.9298,1.6766833567170556,EZS39RG_1538,pop,92548.7279473132,0.02748770881845352,False
63234.43312441776,292.4748,-49962.18917473658,24620.504623912686,4400.194639493469,51.92292145406347,5.158509455737176,14436.0,0.680897,427.4623,3000.0,125.9043,1.6655950313728407,EZS39RG_1538,pop,91594.96204197075,0.024211963767942137,False
63194.06193063834,316.8477,-45641.3406130484,21492.241302877937,4771.637672755845,51.89516114717238,5.221931070178382,15655.0,0.696054,434.9403,3000.0,125.3901,1.6543729371407507,EZS39RG_1538,pop,90643.57554747598,0.02212452263126413,False
63153.968019627864,341.2206,-41216.25221108135,18348.643476119098,5143.080706018142,51.867236584787996,5.286794248874134,16874.0,0.711624,442.5771,3000.0,124.9812,1.6430294845980804,EZS39RG_1538,pop,89695.50239601088,0.02113643727334218,False
63114.15428412955,365.5935,-36690.49245397418,15181.88998577753,5514.523739280335,51.83907476936618,5.353044571492647,18092.0,0.727619,450.3752,3000.0,124.9393,1.6315776906027195,EZS39RG_1538,pop,88751.67076225416,0.02036192580584764,False
63074.6236408402,389.9664,-32082.389386768777,11962.529279120441,5885.966772542403,51.810407398843815,5.4204146195273015,19311.0,0.744051,458.337,3000.0,125.7695,1.6199874430668346,EZS39RG_1538,pop,87809.4727550747,0.020302194137929695,False
63035.379032704666,414.3393,-27440.547838636685,8618.48151226935,6257.409805804331,51.78058189173626,5.4881992747949,20530.0,0.76093,466.4651,3000.0,126.0566,1.6082715156131706,EZS39RG_1538,pop,86869.85711924074,0.009564483064812068,False
62996.42342670055,438.7122,-22733.273907819384,5191.336692018143,6628.852839065585,51.74997278699391,5.5568502423610475,21748.0,0.77827,474.7616,3000.0,126.0609,1.596443152617328,EZS39RG_1538,pop,85942.0128770505,0.0,False
62957.7567986687,463.0851,-17942.316599435424,1702.7221170481268,7000.295872326599,51.71877359194679,5.626626101571392,22967.0,0.796082,483.2288,3000.0,126.0943,1.5844707925031998,EZS39RG_1538,pop,85099.7578936466,0.0,False
62919.35370633184,487.458,-13067.77611195737,-1851.1073107800094,7371.738905587362,51.68694856035679,5.697520588361595,24185.0,0.814377,491.869,3000.0,126.1225,1.5723829008861554,EZS39RG_1538,pop,84547.26087841198,0.0,False
62881.12260500416,511.8309,-8107.660134626636,-5471.0664888277915,7743.181938847937,51.65448741016225,5.76955743224859,25404.0,0.82,492.77,3000.0,126.1429,1.5540604082020257,EZS39RG_1538,pop,83412.86869875088,0.0,False
62843.24100691513,536.2038,-3139.8470138951075,-9099.360761231772,8114.624972108197,51.62190732625961,5.841602677360182,26623.0,0.82,490.2623,3000.0,126.1631,1.5340270405438154,EZS39RG_1538,pop,81977.9766797036,0.0,False
62805.80864664027,560.5768,1801.1905745958597,-12710.770383663426,8486.068005367995,51.58943506675838,5.913155987484792,27841.0,0.82,487.7417,2985.0,126.1842,1.5126195510301221,EZS39RG_1538,pop,80479.20097935818,0.0,False
62768.85283009405,584.9497,6715.426248233087,-16305.368700477113,8855.70473641979,51.557070708623975,5.984220302421378,29054.0,0.82,485.2203,2693.0,126.202,1.44281563029406,EZS39RG_1538,pop,75655.92714261962,0.0,False
62733.53216725622,609.3226,11605.863950754518,-19884.893138261043,9189.128883005855,51.524799512914164,6.054839948436878,30148.0,0.819316,482.5318,2400.0,126.207,1.371361306227786,EZS39RG_1538,pop,70956.96845456642,0.0,False
62699.893640646056,633.6955,16471.49003080649,-23446.900180617085,9486.340445123926,51.492644207843874,6.125001892133028,31123.0,0.8167,478.953,2108.0,126.1984,1.2983770590793833,EZS39RG_1538,pop,66296.99008554111,0.0,False
62668.01705314822,658.0684,21304.002937820474,-26983.55572016031,9747.339422773304,51.46067630728027,6.194588400002988,31979.0,0.813941,475.5437,1816.0,126.1879,1.22425726104116,EZS39RG_1538,pop,61763.95146688159,0.0,False
62637.93734320709,682.4413,26105.08281318043,-30495.852072339636,9972.125815953697,51.428887760811634,6.263625807803451,32717.0,0.810992,472.2783,1523.0,126.1882,1.1487712191923962,EZS39RG_1538,pop,57318.994720843315,0.0,False
62609.690191827074,706.8142,30875.360455206985,-33985.65545363737,10160.699624665014,51.39726265020163,6.332125109297007,33336.0,0.80781,469.1329,1231.0,126.204,1.0723637564306197,EZS39RG_1538,pop,52966.77847940584,0.0,False
62583.31177603852,731.1871,35614.95001533212,-37455.0212480421,10313.060848907284,51.365783358751706,6.4000896952055735,33836.0,0.804382,466.0994,938.0,126.2277,0.9945731222111439,EZS39RG_1538,pop,48665.434862650705,0.0,False
62558.83755937463,755.56,40324.36219919334,-40905.285807642904,10429.209488680666,51.33443869548084,6.467528617475289,34217.0,0.800619,463.1259,646.0,126.2504,0.9158484150942293,EZS39RG_1538,pop,44424.02891992464,0.0,False
62536.30332143897,779.9329,45004.10947598326,-44336.673625232135,10509.145543985553,51.30322744286638,6.534450990526916,34479.0,0.796396,460.14,353.0,126.27,0.8356531837479362,EZS39RG_1538,pop,40201.35108711029,0.0,False
62515.744879267986,804.3058,49654.09547993394,-47748.68205881118,10552.869014822789,51.27215495063784,6.600857234235764,34622.0,0.791548,457.0429,61.0,126.2896,0.754433715542479,EZS39RG_1538,pop,36009.28034040558,0.0,False
62497.197753817316,828.6787,54273.009862876934,-51140.316485755,10560.379901195083,51.24123110379485,6.666730422432154,34647.0,0.790468,456.3688,-0.0,126.3075,0.7370941630606969,EZS39RG_1538,pop,35125.07902988055,0.0,False
62479.076876300576,853.0516,58884.315864199925,-54528.5848591347,10560.37990095689,51.210301359049446,6.732406349132128,34647.0,0.790484,456.378,-0.0,126.3189,0.7369744351173125,EZS39RG_1538,pop,35119.033414365505,0.0,False
62460.95895795672,877.4245,63495.03597542227,-57917.843780885254,10560.37990071845,51.17932602698696,6.797985436538517,34647.0,0.790478,456.3746,-0.0,126.3197,0.7368408609030901,EZS39RG_1538,pop,35111.885782996746,0.0,False
62442.84453353518,901.7974,68105.67662486098,-61307.13965241603,10560.379900479777,51.148313726254734,6.86347521750575,34647.0,0.790467,456.368,-0.0,126.3122,0.7367038069663199,EZS39RG_1538,pop,35104.46107174309,0.0,False
62424.73374165699,926.1703,72716.69556527666,-64695.78052673018,10560.37990024089,51.11727071200603,6.92888250307507,34647.0,0.790463,456.366,-0.0,126.3045,0.736571890230962,EZS39RG_1538,pop,35097.443496547436,0.0,False
62406.626382842296,950.5432,77328.15159679003,-68083.78376645986,10560.379900001812,51.08619690032656,6.994208257141953,34647.0,0.79046,456.3639,-0.0,126.2967,0.7364399194781426,EZS39RG_1538,pop,35090.420696139554,0.0,False
63720.26717301378,0.0,11063.0,29953.0,53.34,52.30860823291843,4.778974260602679,175.0,0.22420253806784313,148.21605850919124,2304.0,183.0940580589171,1.8770711498032502,EZS39RG_1538,real,136616.95453623566,0.1738215142750694,False
63657.09805618938,21.0,10987.0,28209.0,365.76,52.29292012877383,4.777797154017858,1200.0,0.2294700347430697,151.16216457830973,2240.0,182.65419551340662,1.871317180953806,EZS39RG_1538,real,131957.14329942875,0.09926483828931507,False
63617.555198785485,51.0,11526.0,25563.0,678.1800000000001,52.26910400390625,4.785614013671875,2225.0,0.3042349012220148,199.69977466186586,1920.0,150.61098853367966,1.67881272683063,EZS39RG_1538,real,92538.3614859208,0.06968685346384855,False
63561.209110819436,81.0,14516.0,23903.0,1021.08,52.25408935546875,4.82940673828125,3350.0,0.3843380776539762,251.28668886353694,3904.0000000000005,92.7371563050607,1.8649618274841187,EZS39RG_1538,real,128122.10082842637,0.058579781834339595,False
63520.17925047894,101.0,17185.0,23911.0,1417.3200000000002,52.25408935546875,4.8685455322265625,4650.0,0.3979630523235564,259.0019304947359,3136.0,89.77878187333513,1.7941189275292477,EZS39RG_1538,real,107819.00392666928,0.05495830535408579,False
63463.252513356354,141.0,23007.0,23811.0,1988.8200000000002,52.25297830872616,4.953892299107143,6525.0,0.4628835109136438,299.2407057871639,3712.0,92.29826274454483,1.8169570083439535,EZS39RG_1538,real,112396.23192571723,0.046316953120751424,False
63422.693805970135,161.0,26116.0,23675.0,2377.44,52.251617431640625,4.9994659423828125,7800.0,0.47307229670677753,304.42076144704714,3584.0,93.01278750418335,1.7976488623245805,EZS39RG_1538,real,108469.84387572066,0.04121655176777585,False
63362.73396994409,191.0,30899.0,23454.0,2918.46,52.24937438964844,5.069580078125,9575.0,0.4933348666615175,315.40608744918035,3328.0,92.90776286349626,1.7528002677747188,EZS39RG_1538,real,101306.45824456938,0.03792159374130102,False
63325.92084613981,211.0,34127.0,23317.0,3223.26,52.24795066704184,5.11688232421875,10575.0,0.5124080243905439,326.39240187234753,2240.0,92.80980813607029,1.526821418445412,EZS39RG_1538,real,79596.65728794126,0.036488692017972946,False
63270.02323713054,251.0,41306.0,23016.0,3726.1800000000003,52.2447509765625,5.2220916748046875,12225.0,0.5663808890988186,358.55822400274127,3584.0,93.19755777385086,1.7530145217614692,EZS39RG_1538,real,101338.27484604006,0.03342674321138893,False
63230.81680674665,271.0,44801.0,22103.0,4084.32,52.236266055349574,5.2732020786830365,13400.0,0.5655534886974972,356.45196029759745,3648.0000000000005,117.21202746154755,1.754919492692968,EZS39RG_1538,real,101603.96187624511,0.031271155991484265,False
63176.116879820256,301.0,49367.0,18953.0,4541.52,52.20753479003906,5.33966064453125,14900.0,0.5783865963330288,362.46379129507545,2880.0,125.79493742080572,1.6247364152069068,EZS39RG_1538,real,87408.01903474674,0.029384086609007373,False
63140.57109726726,331.0,53917.0,15785.0,5021.58,52.17860412597656,5.4058074951171875,16475.0,0.5906755994068116,367.92526415020757,2496.0,125.37475184387608,1.5307946827997656,EZS39RG_1538,real,79887.0563353251,0.026596206464815246,False
63085.842520904174,361.0,58637.0,12526.0,5478.780000000001,52.14879440048993,5.474330357142858,17975.0,0.5999607928110035,371.52927206345396,2688.0,125.3584049742731,1.5585784771064266,EZS39RG_1538,real,81969.84630124613,0.023998801357825245,False
63033.867570285394,391.0,63390.0,9237.0,5867.400000000001,52.11867510262182,5.543230329241072,19250.0,0.6156225583197975,379.31649054582374,2752.0,125.44988169226728,1.5591687053281427,EZS39RG_1538,real,82015.1984393908,0.02156726690565259,False
63001.302692170575,421.0,68241.0,5876.0,6271.26,52.087857521186436,5.61346435546875,20575.0,0.6270355714452173,384.3149749879648,1792.0,125.46835443861143,1.3112039820577195,EZS39RG_1538,real,65922.56485658714,0.008733543934454285,False
62952.367686470556,451.0,73171.0,2376.0,6606.54,52.05573647709216,5.684718540736608,21675.0,0.6429449704021832,392.3263947276553,2688.0,129.20720350496785,1.5214829833351873,EZS39RG_1538,real,79210.01081569429,0.0,False
62921.97774961049,471.0,76244.0,-227.0,6835.14,52.031890869140625,5.7289886474609375,22425.0,0.6502947516213229,395.6071283483148,1920.0,132.64389973926075,1.3286218915630847,EZS39RG_1538,real,66915.39882168426,0.0,False
62875.26686796468,511.0,81807.0,-6213.0,7307.58,51.97723388671875,5.8087158203125,23975.0,0.6563993227788155,396.79717740931574,1920.0,138.6782387219934,1.31191115007946,EZS39RG_1538,real,65962.11849136987,0.0,False
62845.94786417979,531.0,84572.0,-9244.0,7498.08,51.94955082262977,5.848257882254464,24600.0,0.6685549021178262,403.10420489000114,1792.0,138.51991005626232,1.2715831431992388,EZS39RG_1538,real,63714.87145842634,0.0,False
62807.356869127005,561.0,88872.0,-13923.0,7696.200000000001,51.90678405761719,5.9096527099609375,25250.0,0.6961833772200176,418.63229689072006,1920.0,138.38919257237913,1.3032336265348863,EZS39RG_1538,real,65473.04300354631,0.0,False
62777.20603819888,581.0,91809.0,-17105.0,7901.9400000000005,51.87767416743909,5.9515380859375,25925.0,0.7028552644096852,421.4558102577303,2368.0,138.3664606634298,1.4056048698819743,EZS39RG_1538,real,71499.25477464235,0.0,False
62735.33394395457,621.0,97652.0,-23420.0,8305.800000000001,51.819854736328125,6.034686114336993,27250.000000000004,0.7115191431402444,424.27938908224144,1728.0,138.34403131264244,1.2308522688676766,EZS39RG_1538,real,61511.78960132563,0.0,False
62707.088669320154,641.0,100645.0,-26667.0,8488.68,51.79010940810381,6.0771942138671875,27850.0,0.7205943242422079,428.59888007319853,2048.0,138.49968060436058,1.307900831096993,EZS39RG_1538,real,65735.53812093954,0.0,False
62663.55953509729,671.0,105058.0,-31461.0,8801.1,51.74616409560381,6.1397552490234375,28875.0,0.7215221068880595,427.2762572388033,1856.0,138.70054305517834,1.2468462221221719,EZS39RG_1538,real,62369.152196452334,0.0,False
62634.31808212307,701.0,109543.0,-36327.0,9105.9,51.70152049953654,6.2032318115234375,29874.999999999996,0.724486194999751,427.18731254567945,2176.0,138.5112591758608,1.3183318909534318,EZS39RG_1538,real,66326.07368276958,0.0,False
62594.37576152013,731.0,113924.0,-41083.0,9380.220000000001,51.65785217285156,6.265102077174832,30775.000000000004,0.7250724634993115,425.8650020839938,1408.0,138.71282328603309,1.1035565115445074,EZS39RG_1538,real,54965.987058698454,0.0,False
62558.30491116018,761.0,118445.0,-46018.0,9570.720000000001,51.612512620828916,6.3288116455078125,31400.000000000004,0.7401677280423744,433.54469204454574,1984.0,139.77140219176408,1.2543103458543765,EZS39RG_1538,real,62772.20285739723,0.0,False
62528.114768015505,791.0,122659.0,-51071.0,9928.86,51.566146591962394,6.387939453125,32575.0,0.7253220812352521,422.654705403832,1920.0,142.20824319565546,1.2296284583019603,EZS39RG_1538,real,61444.932497460766,0.0,False
62484.000227098564,821.0,126698.0,-56001.0,10294.62,51.52088928222656,6.444446460620777,33775.0,0.710298432315144,411.69406116678437,1664.0,141.90530629859384,1.155348366382725,EZS39RG_1538,real,57573.27088884877,0.0,False
62462.43677726862,841.0,129424.0,-59289.0,10408.92,51.49068541445974,6.4825439453125,34150.0,0.7174156516808871,415.12046444375636,960.0,141.74974828071154,0.9412366730927958,EZS39RG_1538,real,47137.45759076888,0.0,False
62431.07954803998,881.0,134998.0,-65902.0,10607.04,51.42988586425781,6.5603225295608105,34800.0,0.7349310593142382,424.0117922888466,960.0,141.3190883289957,0.9371931746763602,EZS39RG_1538,real,46948.52202181918,0.0,False
62414.26160699999,901.0,137812.0,-69250.0,10668.0,51.399078369140625,6.599516997466217,35000.0,0.7459001055716052,429.95116001704196,128.0,141.6107473570439,0.6813988136994338,EZS39RG_1538,real,35219.24202618776,0.0,False
62392.403522115055,931.0,142084.0,-74317.0,10668.0,51.35243225097656,6.658902554898649,35000.0,0.7494163808764001,431.97800869951703,-64.0,141.48519160142817,0.6234259557310824,EZS39RG_1538,real,32596.058978421544,0.0,False
62377.96328223365,951.0,144903.0,-77657.0,10668.0,51.32167053222656,6.698022790857263,35000.0,0.7518541787511565,433.3832022586939,0.0,141.46407431937683,0.6442636574834266,EZS39RG_1538,real,33544.405505678114,0.0,False
62356.06102732212,991.0,150712.0,-84530.0,10668.0,51.25831604003906,6.77849022117821,35000.0,0.7507745855167403,432.7609039643022,0.0,141.5676368069268,0.643529370359859,EZS39RG_1538,real,33509.31654992861,0.0,False
62341.45095685025,1011.0,153543.0,-87884.0,10668.0,51.22738595736229,6.817626953125,35000.0,0.7459001055716052,429.95116001704196,0.0,141.6107473570439,0.6410227363429886,EZS39RG_1538,real,33389.68031554839,0.0,False
62320.85714761181,1041.0,157757.0,-92883.0,10668.0,51.18125268968485,6.875762939453125,35000.0,0.7399509990912047,426.5219806762601,-128.0,141.75977984746794,0.5981454238690374,EZS39RG_1538,real,31440.537318490347,0.0,False
62305.5793275233,1071.0,162046.0,-97993.0,10668.0,51.13407897949219,6.934822701119088,35000.0,0.752422395112799,433.7107330929222,64.0,141.83535360180568,0.6635679378266948,EZS39RG_1538,real,34419.93102612958,0.0,False
62283.28994271375,1101.0,166370.0,-103176.0,10660.380000000001,51.08619689941406,6.99420825855152,34975.0,0.7845864399428338,452.30189033432083,0.0,141.91392174252425,0.662627125196944,EZS39RG_1538,real,34592.70334314366,0.0,False
73654.30935230154,0.0,-75255.26303354069,58493.377165249716,30.48000030432068,52.32129687188163,4.779955679723016,100.0,0.3,198.3755,2458.0,183.0038,1.9751149297199004,DLH3A_603,fuel,127367.00801913878,0.17029701519960952,False
73609.6345648745,22.6006,-75375.03635798322,56210.83133948094,312.63753251718964,52.30075589648536,4.778706647011784,1026.0,0.355936,234.6127,2729.0,183.0038,1.931108728211895,DLH3A_603,fuel,120409.00208883712,0.10910147986980058,False
73565.97510841711,45.2011,-75516.78600515076,53509.478037713845,625.9325282751562,52.27644599466609,4.777229808499543,2054.0,0.416396,273.4855,3000.0,149.1029,1.9095869173304305,DLH3A_603,fuel,117367.98817773772,0.07305010232296842,False
73522.8344339978,67.8017,-73896.7326125847,50802.253630525316,970.3649875777332,52.25232252037706,4.801633990632796,3184.0,0.477659,312.4843,3000.0,125.5108,1.8636948287119146,DLH3A_603,fuel,111473.31976267151,0.05798847310077398,False
73480.77322042054,90.4022,-70958.42076508304,48705.53885116697,1314.7974468837992,52.23385509224317,4.845235944080455,4314.0,0.542107,353.2345,3000.0,125.5086,1.8433615941763675,DLH3A_603,fuel,109070.89544897828,0.046100157719363065,False
73439.21719970829,113.0028,-67633.6587089862,46333.259686962774,1659.2299061900403,52.212941228636126,4.894528683540732,5444.0,0.580797,376.9269,3000.0,125.51,1.8377531596665775,DLH3A_603,fuel,108427.57956661153,0.038404901048187653,False
73397.81157462395,135.6033,-64084.49957172597,43800.737264922434,2003.66236549629,52.19059200503974,4.94709712455232,6574.0,0.592316,382.848,3000.0,125.51,1.8286784568120469,DLH3A_603,fuel,107403.17434398236,0.03885636835317417,False
73356.61412130333,158.2039,-60479.30583256569,41228.23164360892,2348.0948248025106,52.167866038873555,5.0004414073419845,7704.0,0.604124,388.8881,3000.0,125.5101,1.8194806947619147,DLH3A_603,fuel,106384.76849681011,0.041904237630383236,False
73315.62761757326,180.8044,-56816.967005552775,38614.93215910273,2692.5272841086976,52.14475507687636,5.054575441427213,8834.0,0.616228,395.0494,3000.0,125.5245,1.8101605419880464,DLH3A_603,fuel,105372.2080737707,0.043935209558780566,False
73274.85482185175,203.405,-53096.99935090405,35959.10592671976,3036.959743414848,52.12124246864047,5.10950399613689,9964.0,0.628637,401.3341,3000.0,125.5435,1.8007186026108892,DLH3A_603,fuel,104365.33605407356,0.04462848772241966,False
73234.29847436045,226.0055,-49318.485056914615,33259.58495280418,3381.392202720961,52.09731665468901,5.165237982735896,11094.0,0.641358,407.7444,3000.0,125.5607,1.7911554166798491,DLH3A_603,fuel,103363.9929137051,0.04130535925583529,False
73193.96129836615,248.6061,-45480.18099925337,30515.61310533609,3725.824662027032,52.07296976621426,5.221792896124548,12224.0,0.654401,414.2826,3000.0,125.5868,1.7814715040066402,DLH3A_603,fuel,102368.02155717691,0.036358092335375986,False
73153.84600142622,271.2067,-41581.35164260884,27725.681059059967,4070.257121333056,52.04818707331811,5.27917678629473,13354.0,0.667772,420.9508,3000.0,125.6057,1.771667243381496,DLH3A_603,fuel,101377.25523206274,0.03048849696031928,False
73113.95527660858,293.8072,-37620.45406832279,24889.36535908549,4414.6895806390285,52.022963629822215,5.337409246492556,14484.0,0.681481,427.7511,3000.0,125.614,1.7617429555654862,DLH3A_603,fuel,100391.52672897697,0.025846448976654224,False
73074.2918036549,316.4078,-33595.75161454622,22006.469422345166,4759.122039944945,51.99729648153194,5.3965125632522835,15614.0,0.695536,434.6858,3000.0,125.6226,1.7516990004507267,DLH3A_603,fuel,99410.67801773784,0.02347871207946853,False
73034.85825005009,339.0083,-29506.00569118002,19076.05876492075,5103.554499250798,51.97117594471957,5.456501703817873,16744.0,0.709947,441.7569,3000.0,125.6171,1.7415355662713035,DLH3A_603,fuel,98434.53958997398,0.022261808130263187,False
72995.65727196002,361.6089,-25349.21813259906,16098.217688295117,5447.986958556581,51.94460147849318,5.517402507547621,17874.0,0.724722,448.9664,3000.0,125.6065,1.731252807913877,DLH3A_603,fuel,97462.94450432144,0.021679302452206457,False
72956.69151499284,384.2094,-21123.814540666142,13072.398817740754,5792.419417862281,51.917566767162995,5.579234561276541,19004.0,0.739871,456.3163,3000.0,125.6115,1.7208508610901343,DLH3A_603,fuel,96495.7296332301,0.020944699761426853,False
72917.96361473638,406.81,-16829.294363160567,9996.515943569148,6136.851877167894,51.89005155664312,5.642001747692178,20134.0,0.755402,463.8086,3000.0,125.6059,1.7103298585550604,DLH3A_603,fuel,95532.74163630797,0.018124547650197706,False
72879.47619322449,429.4105,-12463.748033590678,6870.41196069004,6481.284336473397,51.86205293842311,5.705728223511986,21264.0,0.771325,471.4452,3000.0,125.6022,1.6996899007842752,DLH3A_603,fuel,94580.1695568675,0.0,False
72841.22992267598,452.0111,-8025.919594280536,3692.9801924931257,6825.716795778774,51.83355937502536,5.7704285251158485,22394.0,0.787651,479.2278,3000.0,125.6131,1.688931008564421,DLH3A_603,fuel,93693.9594437216,0.0,False
72803.21001448031,474.6117,-3515.2525443596946,462.10163282673005,7170.149255084025,51.804550159262654,5.836106870711629,23524.0,0.804387,487.1582,3000.0,125.6017,1.6780531581084683,DLH3A_603,fuel,93019.45543212318,0.0,False
72765.36228180668,497.2122,1070.8972554916993,-2821.461439248751,7514.581714389079,51.77503043949672,5.902797499888692,24654.0,0.819304,493.8875,2808.0,125.6041,1.6339064906284777,DLH3A_603,fuel,89910.01950346591,0.0,False
72728.32986197446,519.8128,5722.121811915457,-6151.917432639561,7837.016140613326,51.745050551795785,5.970345308468248,25712.0,0.82,492.1377,2537.0,125.5936,1.5696645615056672,DLH3A_603,fuel,84935.09038317221,0.0,False
72692.68304701358,542.4133,10359.688954155274,-9471.300903484313,8128.3131032931415,51.71513182453705,6.037605547436039,26668.0,0.819355,489.7839,2266.0,125.578,1.5026844638173664,DLH3A_603,fuel,80016.52984088953,0.0,False
72658.50273483241,565.0139,14978.062228658413,-12775.05234553823,8388.472602427566,51.68531583899025,6.1044990456184225,27521.0,0.816356,486.2345,1995.0,125.5786,1.4327156855647631,DLH3A_603,fuel,75052.17101054403,0.0,False
72625.89943746428,587.6144,19564.898454305854,-16056.311280534068,8617.494638016296,51.65566528820075,6.170848536138522,28273.0,0.813239,482.8326,1724.0,125.5771,1.3606329394160044,DLH3A_603,fuel,70210.87348065093,0.0,False
72594.92567523505,610.215,24121.586160023056,-19315.82840400568,8815.37921005921,51.62617422108468,6.236675967791921,28922.0,0.809999,479.575,1452.0,125.5936,1.2863119923536002,DLH3A_603,fuel,65459.04290384754,0.0,False
72565.63190899878,632.8155,28648.348272269945,-22555.910256414154,8982.12631855626,51.59682270082267,6.301986179900343,29469.0,0.806558,476.415,1181.0,125.6255,1.2102477208740723,DLH3A_603,fuel,60803.19417449881,0.0,False
72538.06835187122,655.4161,33145.12422762611,-25778.312678244318,9117.735963507463,51.56759574482119,6.366779821823806,29914.0,0.802868,473.3247,910.0,125.6494,1.132255105761651,DLH3A_603,fuel,56212.49797390756,0.0,False
72512.28388026323,678.0166,37612.90183132563,-28982.759397209084,9222.20814491287,51.538496569103096,6.4310728199487155,30257.0,0.798835,470.2483,639.0,125.6794,1.052340031636281,DLH3A_603,fuel,51670.63056214198,0.0,False
72488.32677597702,700.6172,42051.34930046057,-32169.692950917717,9295.542862772636,51.509521985216665,6.494861912937467,30497.0,0.794316,467.0994,368.0,125.693,0.970468815068205,DLH3A_603,fuel,47161.48771115289,0.0,False
72466.24550001032,723.2178,46460.56469271718,-35337.22145710176,9337.740117087093,51.48068976494347,6.558150334448019,30636.0,0.789085,463.7438,96.0,125.7056,0.8861855832622093,DLH3A_603,fuel,42650.102782327165,0.0,False
72446.09019472465,745.8183,50838.50757885582,-38483.74533222989,9348.7999078573,51.45201523340777,6.620910494114751,30672.0,0.78701,462.4511,-0.0,125.7196,0.8556352634926137,DLH3A_603,fuel,41044.36884575974,0.0,False
72426.63692333754,768.4189,55203.83491936594,-41622.8193557564,9348.799907633433,51.423375464165,6.683411048678174,30672.0,0.786988,462.4381,-0.0,125.7296,0.855486282286129,DLH3A_603,fuel,41036.05112090094,0.0,False
72407.18731961345,791.0194,59568.493006232115,-44762.56529792489,9348.799907409475,51.39469652398262,6.745823505126114,30672.0,0.786964,462.4242,-0.0,125.7509,0.855336148498698,DLH3A_603,fuel,41027.65005880966,0.0,False
72387.74142476333,813.62,63931.8507389074,-47903.8398040928,9348.799907185434,51.36597087238392,6.808138700526638,30672.0,0.786965,462.425,-0.0,125.7763,0.8552055649076216,DLH3A_603,fuel,41020.67700259609,0.0,False
72368.29860521658,836.2205,68293.82369368404,-51047.05276985702,9348.79990696132,51.337194939566444,6.870355409447092,30672.0,0.78693,462.4042,-0.0,125.7954,0.8550463542808118,DLH3A_603,fuel,41011.61477335019,0.0,False
72348.85978149675,858.8211,72654.55350621426,-54191.57738691133,9348.799906737133,51.308374451420235,6.932475855209962,30672.0,0.786927,462.4022,-0.0,125.8113,0.8549121492169288,DLH3A_603,fuel,41004.377209769766,0.0,False
72329.42415103932,881.4216,77014.39115452277,-57337.29858560051,9348.799906512882,51.27951049895957,6.994505184923042,30672.0,0.786923,462.4001,-0.0,125.8272,0.8547778610854423,DLH3A_603,fuel,40997.133213192814,0.0,False
73654.30935230464,0.0,-75255.26303358692,58493.37716524683,30.480000304450424,52.321296871881586,4.779955679722336,100.0,0.3,198.3755,2142.0,183.0038,1.901776416370937,DLH3A_603,pop,116312.12278182604,0.17029701520018625,False
73611.3244256462,22.5817,-75375.17465753456,56208.19573645988,276.1915149472627,52.3007321782883,4.778705205394964,906.0,0.366,241.3462,2413.0,183.0038,1.843831448815186,DLH3A_603,pop,109125.1546198684,0.11618762280285252,False
73569.68042726631,45.1634,-75521.15083178728,53426.29660553526,552.988494464623,52.27569743166852,4.7771843564832235,1814.0,0.437042,287.2855,2684.0,149.1312,1.8287242530939285,DLH3A_603,pop,107408.29429730304,0.0766667712734802,False
73528.42341634748,67.745,-73819.08737873174,50578.83450367216,860.8709388566461,52.250323945652575,4.802823505312356,2824.0,0.507987,332.7443,2955.0,130.1537,1.8487231396168613,DLH3A_603,pop,109693.47158780455,0.05886986892724045,False
73486.76289212698,90.3267,-70881.70542850113,48100.62286883387,1199.8388481227712,52.22842549489937,4.846489621129927,3936.0,0.56587,369.211,3000.0,122.1633,1.8496026828334433,DLH3A_603,pop,109796.32739796882,0.04412874009482579,False
73445.12027383845,112.9084,-67269.71820616598,45829.265879142775,1543.9835910954473,52.20845373488262,4.899970362443101,5066.0,0.577006,374.9719,3000.0,120.4685,1.840691488723762,DLH3A_603,pop,108763.62578327596,0.03860388486746072,False
73403.68175858611,135.4901,-63534.44804102519,43631.787566870815,1888.1283340680845,52.189136384261886,4.955197424207348,6195.0,0.588421,380.8488,3000.0,119.9574,1.8316656975021948,DLH3A_603,pop,107738.18907797149,0.03978678811827742,False
73362.45014442097,158.0717,-59720.57847368305,41433.62381264076,2232.2730770406115,52.169795633144695,5.011529036273318,7324.0,0.600121,386.8436,3000.0,121.6285,1.8225168000295895,DLH3A_603,pop,106718.78503167795,0.04309052881842722,False
73321.42820853539,180.6534,-55913.14265045564,39088.66424823358,2576.417820012983,52.14910737367908,5.067741644290553,8453.0,0.612114,392.9587,3000.0,123.0413,1.8132455557616871,DLH3A_603,pop,105705.26932006977,0.044836254519526546,False
73280.61870839781,203.2351,-52105.14933784432,36611.8161680276,2920.5625629851866,52.127206456890065,5.123930469935407,9582.0,0.624409,399.1963,3000.0,124.8601,1.803852592157414,DLH3A_603,pop,104697.4865589047,0.045446984380386274,False
73240.02438294637,225.8168,-48318.24754379364,33973.9597177332,3264.7073059572676,52.103829124435556,5.179778198560871,10711.0,0.637013,405.5585,3000.0,127.5205,1.794338431918096,DLH3A_603,pop,103695.27441199897,0.04096819154158675,False
73199.64795381964,248.3984,-44599.27691973094,31118.17952503328,3608.852048929294,52.07846022090604,5.234601955131957,11840.0,0.649935,412.0477,3000.0,129.1492,1.7847036555771498,DLH3A_603,pop,102698.48112667691,0.036048960990173,False
73159.49212659986,270.9801,-40904.55360460644,28110.286312585762,3952.996791901299,52.05169618585324,5.289027090634184,12969.0,0.663182,418.6659,3000.0,129.1837,1.7749486211621253,DLH3A_603,pop,101706.93659651701,0.030537461573790885,False
73119.55959204152,293.5618,-37152.09288878875,25051.62773376576,4297.141534873314,52.02445444617859,5.344236394955822,14098.0,0.676764,425.4153,3000.0,128.8244,1.7650737102686085,DLH3A_603,pop,100720.47851136715,0.0258357597645929,False
73079.85302725394,316.1435,-33319.491298347195,21967.446427967672,4641.286277845313,51.99696221982497,5.400551480488636,15227.0,0.690688,432.2981,3000.0,128.0659,1.7550792552757688,DLH3A_603,pop,99738.94480941171,0.023582946849606587,False
73040.37509680372,338.7251,-29383.503591668683,18885.024278887417,4985.43102081725,51.96946446669526,5.458306390025477,16356.0,0.704964,439.3163,3000.0,127.5659,1.7449654565879018,DLH3A_603,pop,98762.1659079765,0.022370859836873792,False
73001.12845369952,361.3068,-25356.213867084112,15787.40865203815,5329.575763789103,51.941806027977876,5.517323484170186,17485.0,0.719601,446.4721,3000.0,126.8456,1.734732569492979,DLH3A_603,pop,97789.9830826879,0.021772944186942682,False
72962.11574021676,383.8885,-21223.85742208835,12690.874133465051,5673.720506760864,51.91413185552636,5.57779953008614,18615.0,0.734608,453.7674,3000.0,126.0731,1.724368754291044,DLH3A_603,pop,96821.12092743049,0.02099505962376341,False
72923.33958851628,406.4702,-16981.716842028993,9600.496538168429,6017.865249732518,51.886485455944005,5.639800318174674,19744.0,0.749993,461.2041,3000.0,125.6085,1.713897771061555,DLH3A_603,pop,95857.62894610071,0.020981857773610675,False
72884.80262100705,429.0518,-12644.513398301362,6494.390927352293,6362.009992703848,51.858667231202986,5.7031096630121825,20873.0,0.765766,468.7842,3000.0,125.4782,1.7033080250429395,DLH3A_603,pop,94899.84945219534,0.0027423463890415946,False
72846.50691939425,451.6335,-8228.656687486342,3347.1235415144156,6706.154735673632,51.83044605361244,5.767486296872523,22002.0,0.781938,476.5096,3000.0,125.476,1.6925996321225263,DLH3A_603,pop,93980.04148523614,0.0,False
72808.4454421886,474.2152,-3739.711913031522,148.02390616654748,7050.2994786428935,51.80172412557283,5.832845750446211,23131.0,0.798516,484.3819,3000.0,125.475,1.6817725258591294,DLH3A_603,pop,93209.75720716863,0.0,False
72770.58088225381,496.7969,823.639913153734,-3103.977662541553,7394.444221611382,51.772490134537364,5.899203057672818,24260.0,0.81461,491.8585,2904.0,125.4742,1.6544988619281666,DLH3A_603,pop,91375.04939893051,0.0,False
72733.19261713338,519.3785,5458.518773753322,-6406.851252591803,7727.5402447229935,51.74276052101914,5.966512488264321,25353.0,0.82,492.8753,2633.0,125.4717,1.5926354192384398,DLH3A_603,pop,86686.26299800194,0.0,False
72697.07914392903,541.9602,10105.452498828385,-9718.016377944405,8029.550802964509,51.71291772293219,6.033908051176371,26344.0,0.82,490.8378,2362.0,125.4693,1.5266864848747057,DLH3A_603,pop,81767.07905913903,0.0,False
72662.39622687038,564.5419,14735.450174913247,-13016.816440150107,8300.475896333417,51.68314806166147,6.1009695376339055,27233.0,0.817496,487.5094,2091.0,125.4673,1.4576548445200355,DLH3A_603,pop,76792.61323951246,0.0,False
72629.25710269553,587.1236,19336.166796348312,-16294.514340300113,8540.315524828955,51.65353104759891,6.167519567270462,28019.0,0.814486,484.0949,1820.0,125.4641,1.3863617051888333,DLH3A_603,pop,71916.44506044535,0.0,False
72597.72488527655,609.7052,23906.739732092992,-19550.351585795484,8749.069688450783,51.624074345989335,6.233547463364954,28704.0,0.811289,480.787,1549.0,125.4598,1.3129908690806382,DLH3A_603,pop,67144.73229731477,0.0,False
72567.85227238633,632.2869,28448.11205208562,-22784.875943190636,8926.738387198797,51.59477380280192,6.299068640314063,29287.0,0.807969,477.622,1278.0,125.4545,1.2376607175169443,DLH3A_603,pop,62465.2416476771,0.0,False
72539.68819532164,654.8686,32961.55983535714,-25998.88542817443,9073.321621073013,51.56562295548009,6.364103228330388,29768.0,0.804372,474.5103,1007.0,125.4491,1.1603717496307506,DLH3A_603,pop,57853.23891240559,0.0,False
72513.28303401577,677.4503,37447.46062907307,-29192.633492980727,9188.819390073588,51.53662025034257,6.428658323095617,30147.0,0.800476,471.4384,736.0,125.4437,1.0811673880004613,DLH3A_603,pop,53296.23838932561,0.0,False
72488.68494258079,700.032,41906.04352412015,-32366.301668994245,9273.23169420089,51.50776477234499,6.4927388441492795,30424.0,0.796189,468.3498,465.0,125.4383,1.0000439783192752,DLH3A_603,pop,48779.675155784615,0.0,False
72465.94117854648,722.6136,46337.00208699969,-35519.68055450903,9326.558533455749,51.47905915186844,6.556341999907095,30599.0,0.791261,465.0972,194.0,125.4325,0.916871102081512,DLH3A_603,pop,44282.36244305115,0.0,False
72445.10143695181,745.1953,50738.654426044355,-38651.53281727756,9348.799907840847,51.45051538959825,6.619445308376204,30672.0,0.787253,462.5939,-0.0,125.4268,0.8558179994864722,DLH3A_603,pop,41057.88939513851,0.0,False
72425.6584553265,767.777,55117.65754897223,-41766.61592890378,9348.799907620223,51.42209080542928,6.682145712477996,30672.0,0.787231,462.5811,-0.0,125.4226,0.855669421302627,DLH3A_603,pop,41049.58962798342,0.0,False
72406.2191309238,790.3587,59496.767615208846,-44881.29204023494,9348.799907399398,51.393636455337095,6.7447697280309145,30672.0,0.787235,462.5836,-0.0,125.419,0.8555412092542136,DLH3A_603,pop,41042.78347126744,0.0,False
72386.78280452397,812.9403,63876.10062555358,-47995.70507676838,9348.799907178378,51.36515110489217,6.807319096635344,30672.0,0.787215,462.5717,-0.0,125.4153,0.8553939127581411,DLH3A_603,pop,41034.57823045887,0.0,False
72367.3500935742,835.522,68255.52137959236,-51109.75624748901,9348.799906957172,51.33663572897752,6.869791980090661,30672.0,0.787198,462.5614,-0.0,125.413,0.855248785421608,DLH3A_603,pop,41026.53248708037,0.0,False
72347.92092794854,858.1037,72634.9683243518,-54223.56414640101,9348.799906735809,51.308089342218096,6.932187564910138,30672.0,0.787188,462.556,-0.0,125.4125,0.8551102181794571,DLH3A_603,pop,41018.967202489366,0.0,False
72328.49509416099,880.6854,77014.39115454005,-57337.29858562503,9348.799906514287,51.27951049895934,6.994505184923285,30672.0,0.787179,462.5507,-0.0,125.412,0.8549718307872761,DLH3A_603,pop,41011.415004221395,0.0,False
74378.64416369161,0.0,11022.0,29187.0,91.44,52.301718501721396,4.778346470424108,300.0,0.2469688851892337,163.19620093617377,2816.0,182.80980813607027,1.888517499338468,DLH3A_603,real,170110.71732289775,0.1587196371624648,False
74319.78873315398,27.0,10945.0,27027.0,487.68,52.28228759765625,4.7771453857421875,1600.0,0.23866808673508672,157.00318468107582,1920.0,180.36493633573062,1.8794255398447692,DLH3A_603,real,139113.0239932702,0.08407393422079751,False
74281.16813984685,47.0,11485.0,25494.0,685.8000000000001,52.26848020391949,4.785016741071429,2250.0,0.25242975285908653,165.6804152578089,1536.0,148.3245312618908,1.8297937669242559,DLH3A_603,real,115474.47311084316,0.069212126777853,False
74227.14839015753,77.0,13860.0,24196.0,914.4000000000001,52.256744384765625,4.819793701171875,3000.0,0.3097979274201085,202.8003944769339,1408.0,95.09211512449897,1.659432634670505,DLH3A_603,real,90610.53753427767,0.06098143263135571,False
74187.87409418597,97.0,16032.0,24131.0,1211.5800000000002,52.25609730865995,4.851640973772322,3975.0000000000005,0.3266744536295224,213.11499243366245,3776.0000000000005,91.88228244301077,1.888229837574073,DLH3A_603,real,164720.46074757475,0.05764874281033027,False
74130.63091856234,137.0,20703.0,23930.0,1737.3600000000001,52.25413513183594,4.9201202392578125,5700.0,0.376851816846506,244.3460660620506,2752.0,93.04976046926845,1.841268838321195,DLH3A_603,real,118716.65328614373,0.05081496847424186,False
74092.32044986558,157.0,23290.0,23813.0,2034.5400000000002,52.25297830872616,4.958051409040179,6675.0,0.3935532363295068,254.2833065696606,2752.0,92.70487598573565,1.8299509166833017,DLH3A_603,real,115523.04613820568,0.045775286182688134,False
74034.16143571107,187.0,27261.0,23651.0,2522.2200000000003,52.2513427734375,5.0162506103515625,8275.0,0.40828202112260903,262.2746651889961,3200.0,92.6224014605411,1.8586698175828764,DLH3A_603,real,125075.15119181387,0.0400208987538806,False
73996.05923435034,207.0,30047.0,23533.0,2827.02,52.250138622219275,5.057085309709822,9275.0,0.4192160812922206,268.31511325305553,2816.0,92.77709610692553,1.8200169820549659,DLH3A_603,real,113092.6018999386,0.0383971320991666,False
73943.18576726722,237.0,34251.0,23348.0,3230.88,52.24822998046875,5.11871337890625,10600.0,0.4423028152119238,281.710844661685,1408.0,94.07112619365938,1.4491410429732494,DLH3A_603,real,74261.39230067321,0.03644834846565978,False
73915.9554601667,257.0,37132.0,22329.0,3345.1800000000003,52.238872980667374,5.16082763671875,10975.0,0.48597450989081054,309.0954545120326,1216.0,119.88283234541285,1.3435549225222312,DLH3A_603,real,67779.53776539274,0.035572280342614636,False
73868.88448567635,287.0,41356.0,19485.0,3589.02,52.212982177734375,5.2223968505859375,11775.0,0.5363932540951984,340.14702703389895,2432.0,125.18521332794774,1.6812615895375385,DLH3A_603,real,92802.26627955011,0.03453334722776929,False
73833.79569105155,307.0,44215.0,17529.0,3832.86,52.19516042935646,5.264020647321429,12575.0,0.5523911017914235,349.24203641600764,2624.0,124.73665716722941,1.7089513873386808,DLH3A_603,real,95809.72978124963,0.033534745426171464,False
73779.28287924886,337.0,48723.0,14485.0,4282.4400000000005,52.167388916015625,5.32958984375,14050.000000000002,0.5603122958543841,352.27829907617075,2432.0,124.59228868750995,1.6625152459586743,DLH3A_603,real,90917.32826712345,0.031475894925301964,False
73730.52147714338,367.0,53349.0,11369.0,4594.860000000001,52.13892532607256,5.3967982700892865,15075.000000000002,0.587757943725878,368.0896629898753,2560.0,124.59670727156173,1.6753540865847922,DLH3A_603,real,92196.91028554081,0.028434048605254964,False
73694.85122304191,397.0,58098.0,8181.0,5029.2,52.10975646972656,5.4656982421875,16500.0,0.5936429382563947,369.73774489494576,2880.0,124.42073177978259,1.7222798366274445,DLH3A_603,real,97371.660761432,0.024634581142476877,False
73648.71104177592,427.0,62868.0,4978.0,5334.0,52.080413818359375,5.534820556640625,17500.0,0.6152187577494403,381.6870445797185,1664.0,124.64768396503383,1.4386141095958622,DLH3A_603,real,73583.50209787725,0.022856702876321078,False
73617.04847346329,447.0,66209.0,2734.0,5532.12,52.059833074020126,5.583173479352679,18150.0,0.6284387131853781,388.89715864223024,1984.0,124.62992824527912,1.5202394235166587,DLH3A_603,real,79123.97787865798,0.022236712608563965,False
73571.37420983672,477.0,71219.0,-621.0,5814.06,52.02901549258474,5.655604771205358,19075.0,0.6482753280535947,399.71239660535923,1600.0,124.60449572791464,1.4097972576143205,DLH3A_603,real,71762.48516435469,0.021490428796096164,False
73538.884231735,497.0,74599.0,-2892.0,6019.8,52.00813293457031,5.7044219970703125,19750.0,0.6568010297658013,403.88612256426933,2240.0,124.71309771464762,1.5671700766924619,DLH3A_603,real,82639.1504981328,0.021461025725160166,False
73494.66855698789,527.0,79669.0,-6603.0,6301.740000000001,51.97403729972193,5.7774745396205365,20675.0,0.6706976803117342,410.9111826173632,1216.0,131.4482666451796,1.2825321352903467,DLH3A_603,real,64321.019611066855,0.00713496248184651,False
73464.39267970083,547.0,82935.0,-9476.0,6469.38,51.94770812988281,5.8243560791015625,21225.0,0.6832249531342952,417.6625432092277,1856.0,132.28291686549423,1.4621469411972399,DLH3A_603,real,75118.81669111481,0.0,False
73421.19612619061,577.0,87776.0,-13711.0,6705.6,51.90886416677701,5.893772670200893,22000.0,0.7017044250068935,427.6189892883617,1792.0,132.1565198861688,1.4409213865303376,DLH3A_603,real,73732.65237149457,0.0,False
73390.16199999556,597.0,91161.0,-16666.0,6911.34,51.881724212129235,5.942230224609375,22675.0,0.7082792180273502,430.4439568631438,2048.0,132.17519659261663,1.4973489074921953,DLH3A_603,real,77505.76110250098,0.0,False
73347.02751167529,627.0,96114.0,-20992.0,7178.04,51.84196860103284,6.013031005859375,23550.0,0.7178145413890161,434.6814925896892,1408.0,132.20275647716593,1.321147030672776,DLH3A_603,real,66490.36047674085,0.0,False
73319.5829649541,657.0,101242.0,-25481.0,7399.02,51.80067443847656,6.086203085409628,24275.0,0.7339965155010354,443.1568571059236,1408.0,132.25629502377652,1.3180808921451226,DLH3A_603,real,66315.7202346748,0.0,False
73274.78892985675,687.0,106373.0,-29938.0,7673.34,51.75961769233315,6.1592864990234375,25175.0,0.7403173256019648,445.31000437897194,1728.0,132.17848462624517,1.3941957339094477,DLH3A_603,real,70800.6373559346,0.0,False
73233.7655108019,717.0,111621.0,-34506.0,7894.320000000001,51.71748791710805,6.2339019775390625,25900.0,0.749513735258785,449.480811603788,1600.0,132.3851592536108,1.3534322532640313,DLH3A_603,real,68359.21618175595,0.0,False
73206.9626494433,737.0,115069.0,-37521.0,8039.1,51.689666748046875,6.28284351245777,26375.0,0.7557282206822125,452.306312138135,1408.0,132.40150507793015,1.296400853223024,DLH3A_603,real,65095.020549365116,0.0,False
73166.10586891617,767.0,120336.0,-42123.0,8267.7,51.64714748576536,6.3574981689453125,27125.0,0.7639872117321238,455.80697669079177,1536.0,132.51044707800085,1.3240346092494732,DLH3A_603,real,66669.60768751818,0.0,False
73138.34280619115,787.0,123846.0,-45189.0,8420.1,51.61879717293432,6.40716552734375,27625.0,0.7679798054642047,457.21985958617324,1920.0,132.5181450195793,1.4178411111148406,DLH3A_603,real,72292.61135898827,0.0,False
73095.00052012011,817.0,129186.0,-49847.0,8702.04,51.57568359375,6.482601681271115,28550.0,0.7662473453214401,454.3941020743997,1920.0,132.50270126494635,1.4068749069313127,DLH3A_603,real,71610.4417592135,0.0,False
73066.34136950543,837.0,132638.0,-52857.0,8892.54,51.54780578613281,6.53129783836571,29175.0,0.7646693056902173,452.2444029504401,1856.0,132.58049078334366,1.3837940946877243,DLH3A_603,real,70197.49309286667,0.0,False
73026.37927483307,867.0,137881.0,-57435.0,9128.76,51.50534936937235,6.6051483154296875,29950.0,0.7683795464139879,452.92162677443434,1472.0,132.67363819642495,1.2717106739398016,DLH3A_603,real,63778.65735975887,0.0,False
73002.55908617521,887.0,141342.0,-60455.0,9250.68,51.47732492220604,6.6538238525390625,30350.0,0.7684650196732338,452.18690825807863,960.0,132.75952375164084,1.1140745209494307,DLH3A_603,real,55553.87483754874,0.0,False
72969.74994790436,927.0,148370.0,-66592.0,9441.18,51.420298430879235,6.752471923828125,30975.0,0.7681520275582812,450.7737791841935,320.0,132.7524964918086,0.8974506170076076,DLH3A_603,real,45164.02540294622,0.0,False
72953.13306967041,947.0,151886.0,-69661.0,9448.800000000001,51.391754150390625,6.801724820523649,31000.000000000004,0.7669853708804867,450.03999822238023,0.0,132.83892051177364,0.7871071180885059,DLH3A_603,real,40080.137467909946,0.0,False
72928.66091160374,977.0,157081.0,-74189.0,9448.800000000001,51.34959411621094,6.874397896431588,31000.000000000004,0.7609193701524795,446.4806826728341,0.0,132.91248846438836,0.7825569170844429,DLH3A_603,real,39844.52695335202,0.0,False
72912.38858605213,997.0,160511.0,-77183.0,9448.800000000001,51.321700791181144,6.92230224609375,31000.000000000004,0.7596720654100448,445.7488081868531,0.0,133.00000770096582,0.7815497438903052,DLH3A_603,real,39794.21796204204,0.0,False
72888.18584453249,1027.0,165689.0,-81707.0,9448.800000000001,51.279510498046875,6.9945051863386825,31000.000000000004,0.762080790087124,447.16216297893544,0.0,133.00633167495852,0.7830405864116281,DLH3A_603,real,39870.83129071253,0.0,False
61162.170589699934,0.0,-77439.17757182903,-71614.37457724316,30.480000304269588,52.32859819667497,4.708845582447107,100.0,0.3,198.3755,2500.0,3.1752,1.8142141808759045,SAS62L_1257,fuel,105810.2678241854,0.2806313350351315,False
61117.68523975496,24.501,-77301.98908695525,-69141.33775146613,341.6432333389354,52.35085497065413,4.710290113689574,1121.0,0.378839,249.6269,2794.0,3.1752,1.7484955509216173,SAS62L_1257,fuel,99101.26357933629,0.1459178272054867,False
61074.873119307376,49.0021,-77129.11633442286,-66025.0362369518,689.4008241194505,52.37890096090956,4.712112302469324,2262.0,0.461201,302.6933,3000.0,39.9267,1.730715645055537,SAS62L_1257,fuel,97412.617841445,0.11231814089894193,False
61032.57559332801,73.5031,-74697.35982754527,-63119.443846315815,1062.7967037607789,52.405367905545134,4.747279625097978,3487.0,0.547139,357.5561,3000.0,48.0783,1.7277945884340131,SAS62L_1257,fuel,97139.67475060897,0.08267968161515342,False
60990.43101725498,98.0042,-71362.7661536924,-60125.2072737033,1436.1925834022402,52.432741092359215,4.795785355617997,4712.0,0.573489,373.1552,3000.0,48.0787,1.7245605282297367,SAS62L_1257,fuel,96838.90919962994,0.06497124929975859,False
60948.38341482533,122.5052,-67881.76362276525,-56999.5479429242,1809.5884630437008,52.461294555767054,4.84648507876331,5937.0,0.585791,379.4972,3000.0,48.0791,1.7141451747067011,SAS62L_1257,fuel,95880.22072038196,0.049386296935101236,False
60906.59525818047,147.0063,-64341.27951644165,-53820.51616576501,2182.9843426851266,52.49031333574867,4.898118606268292,7162.0,0.598427,385.9777,3000.0,48.0764,1.7036197330939378,SAS62L_1257,fuel,94926.27742585645,0.03886050823705918,False
60865.06923582594,171.5073,-60740.19311747099,-50586.7668497551,2556.3802223265166,52.51980846796121,4.950705791969666,8387.0,0.611408,392.5993,3000.0,48.0693,1.6929835582670765,SAS62L_1257,fuel,93976.8334225129,0.02959912921597102,False
60823.80804196241,196.0083,-57077.449420902485,-47296.82883282567,2929.776101967868,52.549792060733324,5.004265668935527,9612.0,0.624742,399.365,3000.0,48.0581,1.6822361739081801,SAS62L_1257,fuel,93031.66809296694,0.023790460909834305,False
60782.8143805124,220.5094,-53351.95696909682,-43949.21884392915,3303.1719816091763,52.580276280968505,5.058817988765467,10837.0,0.638442,406.2775,3000.0,48.0397,1.671376669383385,SAS62L_1257,fuel,92090.5324362531,0.019868283406461275,False
60742.09096915946,245.0104,-49562.804893387496,-40542.20038288499,3676.5678612504385,52.61127549960463,5.114379979127502,12062.0,0.652515,413.3396,3000.0,48.02,1.6604040550620784,SAS62L_1257,fuel,91153.18126982021,0.0176500661053443,False
60701.6405433575,269.5115,-45708.71480342247,-37074.39397211593,4049.9637408916506,52.642800854981495,5.170974562850706,13287.0,0.666975,420.5542,3000.0,47.9981,1.6493172760060044,SAS62L_1257,fuel,90219.37413618123,0.015329342540827974,False
60661.4658602646,294.0125,-41788.445559554144,-33544.3271269425,4423.359620532808,52.67486425352327,5.228624302634342,14512.0,0.68183,427.924,3000.0,47.9764,1.6381149529115058,SAS62L_1257,fuel,89288.85362582977,0.01355011714817937,False
60621.569702548106,318.5135,-37800.58627276681,-29950.6649067795,4796.755500173905,52.707476310252886,5.287354510022569,15737.0,0.697093,435.4517,3000.0,47.9565,1.6267955754086376,SAS62L_1257,fuel,88361.36225807469,0.01176939716074948,False
60581.95488200274,343.0146,-33743.59920536092,-26292.162648350968,5170.151379814934,52.74064676265205,5.3471926112226225,16962.0,0.712775,443.14,3000.0,47.9356,1.6153575206694766,SAS62L_1257,fuel,87436.64397093205,0.009307822992082333,False
60542.624242916485,367.5156,-29616.112846223317,-22567.34184332508,5543.547259455891,52.774387362057205,5.408163769453833,18187.0,0.728887,450.9914,3000.0,47.9159,1.603798891153978,SAS62L_1257,fuel,86514.43114868904,0.008084774138265244,False
60503.580665111695,392.0167,-25416.56779801509,-18774.88400573156,5916.943139096759,52.80870835219947,5.4702961963019865,19413.0,0.745441,459.0085,3000.0,47.8956,1.5921024979332004,SAS62L_1257,fuel,85593.27024308441,0.007486489617687219,False
60464.82706658139,416.5177,-21143.5189743945,-14913.297098700255,6290.339018737535,52.84362144714582,5.533616638869539,20638.0,0.762449,467.1937,3000.0,47.8741,1.580296659145042,SAS62L_1257,fuel,84675.29867411527,0.0026700658914751057,False
60426.36640137271,441.0188,-16795.537346882185,-10981.02615235352,6663.734898378201,52.87913884136187,5.598151862049747,21863.0,0.779922,475.5494,3000.0,47.8517,1.5683641852924464,SAS62L_1257,fuel,83767.62642373936,0.0,False
60388.198451302706,465.5198,-12371.158445664641,-6976.512047783263,7037.1307780187435,52.91527268018393,5.663929430607704,23088.0,0.797874,484.0779,3000.0,47.8295,1.5563028838038342,SAS62L_1257,fuel,82948.82814517444,0.0,False
60350.29596526306,490.0208,-7868.818503174079,-2898.263937208016,7410.526657659165,52.95203440544789,5.7309786767191255,24313.0,0.816316,492.7812,3000.0,47.8087,1.5441100757545432,SAS62L_1257,fuel,82426.91109466876,0.0,False
60312.561429796035,514.5219,-3286.8549097871305,1255.1393374052698,7783.922537299508,52.98943473576228,5.799330721908872,25538.0,0.81801,491.3004,3000.0,47.7893,1.5230002091579768,SAS62L_1257,fuel,80970.78795981684,0.0,False
60275.293667436505,539.0229,1279.76749642942,5397.455857493615,8157.318416939637,53.02669609003731,5.867571847881756,26763.0,0.819335,489.5756,3000.0,47.7702,1.5026256817371588,SAS62L_1257,fuel,79598.01577329397,0.0,False
60238.47223982097,563.524,5828.801854026137,9526.58379351704,8530.714296579523,53.06379987094401,5.935667454141717,27988.0,0.82,487.4378,3000.0,47.7508,1.4830338599895418,SAS62L_1257,fuel,78291.76902222249,0.0,False
60202.080887867225,588.025,10356.384489314767,13639.036361441309,8904.110176219132,53.100715172942714,6.0035585321666725,29213.0,0.82,484.8892,3000.0,47.7312,1.4644339239940414,SAS62L_1257,fuel,77057.57182452698,0.0,False
60166.10032594192,612.526,14858.68040300134,17731.334355103005,9277.506055858417,53.13741124871957,6.071186130638065,30438.0,0.82,482.3271,2844.0,47.7114,1.4194803526345103,SAS62L_1257,fuel,74070.94169263408,0.0,False
60131.1629892794,637.0271,19337.05083114899,21804.712337113422,9631.42805022167,53.17389968066063,6.138569155079249,31599.0,0.818562,479.0441,2550.0,47.6911,1.3489403552059915,SAS62L_1257,fuel,69480.21445139192,0.0,False
60097.90718441006,661.5281,23785.973204486465,25854.1799056429,9948.755686841505,53.210136331285575,6.205622815136295,32640.0,0.816131,475.4329,2256.0,47.6704,1.2773221282536213,SAS62L_1257,fuel,64987.866384548215,0.0,False
60066.38030064906,686.0292,28202.246632025046,29876.857864050475,10229.488965716302,53.246096111857355,6.27229684419933,33561.0,0.813544,471.9871,1962.0,47.6478,1.2048177610051551,SAS62L_1257,fuel,60619.30019687958,0.0,False
60036.61145293866,710.5302,32587.18303766799,33874.14947179877,10473.627886845568,53.28179227441288,6.338608980215062,34362.0,0.81076,468.6849,1667.0,47.6233,1.1311782577763718,SAS62L_1257,fuel,56335.98838836063,0.0,False
60008.63154013903,735.0313,36941.949789465856,37847.347577505316,10681.17245022913,53.31723704259346,6.4045749232691636,35043.0,0.807761,465.5181,1373.0,47.5989,1.056793664576521,SAS62L_1257,fuel,52141.456036688716,0.0,False
59982.4723598437,759.5323,41268.13763903476,41797.8482783901,10852.122655866953,53.352443495099536,6.470216902117555,35604.0,0.804495,462.4563,1079.0,47.5748,0.9814013969034316,SAS62L_1257,fuel,48003.922058755925,0.0,False
59958.16624340484,784.0333,45567.869284544155,45727.513953793634,10986.478503759115,53.38742880386058,6.53556539554802,36045.0,0.800914,459.473,785.0,47.5513,0.9049550672605158,SAS62L_1257,fuel,43907.85629173407,0.0,False
59935.744724630305,808.5344,49843.22194238616,49638.12029818002,11084.23999390588,53.42220929438027,6.6006503941592225,36366.0,0.796964,457.1146,491.0,47.5303,0.8272693880550884,SAS62L_1257,fuel,39832.940755401156,0.0,False
59915.239111045856,833.0354,54094.75386291169,53529.80350629938,11145.40712630785,53.45678663561259,6.66547886819377,36566.0,0.79247,454.5367,197.0,47.5124,0.7486510760572113,SAS62L_1257,fuel,35782.779896572305,0.0,False
59896.68319542392,857.5365,58320.73188605683,57400.51471146611,11169.979900966964,53.491143082683,6.7300227838416316,36647.0,0.789137,452.6254,-0.0,47.4975,0.695242526865394,SAS62L_1257,fuel,33069.06517075866,0.0,False
59879.45775892719,882.0375,62527.849631146186,61255.95949232576,11169.979900725757,53.52532967633015,6.794382936210233,36647.0,0.789129,452.6204,-0.0,47.4867,0.6951063581062377,SAS62L_1257,fuel,33061.75793010689,0.0,False
59862.23591887378,906.5385,66734.1896560171,65112.16067151548,11169.97990048436,53.559488566091346,6.858835382346612,36647.0,0.789106,452.6073,-0.0,47.4798,0.6949628940118224,SAS62L_1257,fuel,33053.82254236378,0.0,False
59845.01799237876,931.0396,70939.94249556717,68968.75727131279,11169.979900242786,53.593616399822764,6.923383122253391,36647.0,0.789113,452.6114,-0.0,47.4758,0.6948351016217661,SAS62L_1257,fuel,33047.232958400244,0.0,False
59827.80330729526,955.5406,75145.46396390023,72825.68273140241,11169.979900001053,53.62771244283883,6.988031722379831,36647.0,0.78912,452.6155,-0.0,47.4718,0.6947073741169201,SAS62L_1257,fuel,33040.64697597672,0.0,False
61162.170589709785,0.0,-77439.1775718274,-71614.37477720143,30.480000304317002,52.32859819487699,4.7088455824935975,100.0,0.3,198.3755,2500.0,3.1752,1.8142141808760666,SAS62L_1257,pop,105810.26782420298,0.28063132251422074,False
61117.53025167047,24.5863,-77301.51237345317,-69132.74444547955,342.72643411899674,52.35093230844695,4.710295135655859,1124.0,0.379118,249.8076,2795.0,3.1752,1.748394157648436,SAS62L_1257,pop,99091.49667014324,0.14583319784682477,False
61074.57183992589,49.1727,-77127.912824204,-66003.34128420381,691.8224488261749,52.37909621036805,4.7121249957889075,2270.0,0.461784,303.0677,3000.0,24.5166,1.730500164150321,SAS62L_1257,pop,97392.44125270932,0.11225334643189168,False
61032.133310768564,73.759,-75548.24322388599,-62539.733241621005,1066.5181693964803,52.41046283002118,4.734606247295845,3499.0,0.548046,358.1337,3000.0,28.2328,1.72804313488685,SAS62L_1257,pop,97162.85111604063,0.08040085551871612,False
60989.837426371305,98.3453,-73417.36633935735,-58571.114310906014,1441.2138899718177,52.44644120942724,4.765138578637568,4728.0,0.573652,373.2396,3000.0,34.6441,1.7244268192389494,SAS62L_1257,pop,96826.50627881674,0.0579551652974126,False
60947.64765336409,122.9317,-70747.97797295317,-54707.97802147348,1815.9096105479387,52.48153388143185,4.803694541183979,5958.0,0.586002,379.6058,3000.0,38.9241,1.7139643583680135,SAS62L_1257,pop,95863.70858354337,0.04438555854098087,False
60905.71919148987,147.518,-67747.14976823817,-50992.205468290755,2190.605331124251,52.51533053519097,4.847239873562311,7187.0,0.598689,386.1114,3000.0,42.8152,1.7034034932455944,SAS62L_1257,pop,94906.8313143439,0.03474400654330547,False
60864.0547574428,172.1043,-64445.18588798304,-47428.299783716204,2565.301051700766,52.54778158506614,4.89533507423031,8416.0,0.611722,392.7593,3000.0,45.4173,1.692731380794327,SAS62L_1257,pop,93954.49480442161,0.02619783202516217,False
60822.65707374887,196.6907,-60924.96870545313,-43958.99048193079,2939.996772277316,52.579387171365184,4.946748764940914,9646.0,0.625113,399.5522,3000.0,46.1595,1.6819338216277093,SAS62L_1257,pop,93005.2786391931,0.02321337815438233,False
60781.52887286264,221.277,-57298.181146593124,-40476.096612651265,3314.6924928537574,52.61110397545618,4.999812424496841,10875.0,0.63887,406.4931,3000.0,46.8189,1.6710367293598112,SAS62L_1257,pop,92061.29055190251,0.020197357734503343,False
60740.672901275364,245.8633,-53567.58460907905,-36975.14699892334,3689.3882134300793,52.642969755300356,5.0544884507423395,12104.0,0.653005,413.5848,3000.0,47.1279,1.6600258987693273,SAS62L_1257,pop,91121.11327653643,0.01794090113840087,False
60700.09192359195,270.4497,-49752.48234714923,-33433.401437001245,4064.0839340062107,52.675185036534536,5.110491242648404,13334.0,0.667529,420.8301,3000.0,47.1446,1.6488859803324327,SAS62L_1257,pop,90183.30984070792,0.01645285234439373,False
60659.7887265287,295.036,-45869.240587466134,-29830.504443588005,4438.779654582116,52.707929644039986,5.167579371902121,14563.0,0.682453,428.2318,3000.0,47.397,1.637643716669816,SAS62L_1257,pop,89249.98922087194,0.014530476771709547,False
60619.76612277803,319.6223,-41901.34159301878,-26181.448420301298,4813.475375157871,52.74106852525606,5.226004712717393,15792.0,0.697787,435.7925,3000.0,48.4268,1.626283540859838,SAS62L_1257,pop,88319.70163508551,0.011538033357966744,False
60580.026954679655,344.2087,-37797.05176249078,-22540.920149789672,5188.171095733513,52.77411160898231,5.286547379312534,17022.0,0.713543,443.5151,3000.0,49.0495,1.6147890905113262,SAS62L_1257,pop,87391.00746740997,0.009136885564422806,False
60540.57409763142,368.795,-33579.768803502375,-18881.288489005434,5562.866816308994,52.80730273509182,5.348860938431371,18251.0,0.729733,451.4021,3000.0,49.3549,1.6031879323666716,SAS62L_1257,pop,86466.01880576191,0.007847060956831534,False
60501.41046316484,393.3813,-29267.467337672268,-15179.307284754943,5937.562536884238,52.84084724928552,5.41268045826359,19480.0,0.746368,459.4561,3000.0,49.6922,1.5914635056192208,SAS62L_1257,pop,85543.2853373549,0.007299601448818615,False
60462.53900160378,417.9677,-24855.895780809326,-11436.98612625559,6312.2582574588405,52.874724914241774,5.478074582076477,20710.0,0.763462,467.6795,3000.0,49.7991,1.5795981170024498,SAS62L_1257,pop,84621.35384002383,0.0020681592148275364,False
60423.962694004644,442.554,-20358.045491055876,-7635.890047681983,6686.953978031962,52.9090984934473,5.54485371543877,21939.0,0.781025,476.0747,3000.0,49.7947,1.5676205027271732,SAS62L_1257,pop,83712.87984918818,0.0,False
60385.68063663073,467.1403,-15779.548009615626,-3766.0293992319857,7061.649698604445,52.94405539822067,5.612939018954525,23168.0,0.79907,484.644,3000.0,49.7881,1.5555130884068649,SAS62L_1257,pop,82902.8325492295,0.0,False
60347.66224050041,491.7267,-11118.887890978456,174.18765855534676,7436.34541917634,52.97960780941885,5.682359109337095,24397.0,0.817279,493.1902,3000.0,49.7777,1.54309343927077,SAS62L_1257,pop,82386.04989704725,0.0,False
60309.81043655366,516.313,-6376.589131258074,4184.9037328183285,7811.041139747838,53.015754742879,5.753112459735899,25627.0,0.818693,491.5281,3000.0,49.7723,1.5217659366100829,SAS62L_1257,pop,80909.74496644578,0.0,False
60272.4334460923,540.8993,-1650.8296323010804,8182.391764685115,8185.736860318311,53.05174059929691,5.823737031661762,26856.0,0.819982,489.77,3000.0,49.7775,1.5013399532082474,SAS62L_1257,pop,79536.8976879085,0.0,False
60235.50458798389,565.4857,3058.196611621246,12165.000722672186,8560.43258088763,53.087550835276794,5.894228860785906,28085.0,0.82,487.2355,3000.0,49.792,1.481512668017518,SAS62L_1257,pop,78189.52046573619,0.0,False
60199.02142274051,590.072,7743.637847581378,16125.630505386123,8935.128301455577,53.12312204952286,5.964483990727824,29315.0,0.82,484.6769,3000.0,49.8068,1.4629439398114374,SAS62L_1257,pop,76960.20374163613,0.0,False
60162.94889713063,614.6583,12405.27077350302,20064.069428656327,9309.824022021974,53.15845285805721,6.034497428028969,30544.0,0.82,482.1047,2817.0,49.8163,1.4131465912221577,SAS62L_1257,pop,73655.08570963383,0.0,False
60128.03784020332,639.2447,17044.389247738272,23982.169794097506,9661.662723931806,53.19356038922286,6.104287043809845,31698.0,0.818854,479.0061,2522.0,49.8252,1.3423382200943674,SAS62L_1257,pop,69081.83417553308,0.0,False
60094.81541215139,663.831,21656.860995359606,27876.53601123928,9976.65184495591,53.228414750647616,6.173789007957482,32732.0,0.816412,475.4036,2227.0,49.8369,1.2703750249852492,SAS62L_1257,pop,64585.47525892748,0.0,False
60063.33653405665,688.4173,26237.871254095648,31742.72924390049,10254.791385086324,53.26297684588577,6.242928746326259,33644.0,0.813786,471.9522,1932.0,49.8599,1.19753210330238,SAS62L_1257,pop,60210.55517349062,0.0,False
60033.63131964339,713.0037,30789.490892340218,35580.9973885575,10496.081344320688,53.297249492967374,6.311735263973777,34436.0,0.810983,468.6582,1637.0,49.8831,1.123765039120125,SAS62L_1257,pop,55932.827731134326,0.0,False
60005.73057177833,737.59,35313.1991862828,39392.59019766006,10700.521722658084,53.33124448645813,6.380228890168125,35107.0,0.807948,465.4919,1342.0,49.9176,1.0490366822342814,SAS62L_1257,pop,51729.67160402614,0.0,False
59979.666757194966,762.1763,39811.34006992218,43178.01483140571,10868.11252009836,53.364966825919886,6.448443040295122,35657.0,0.804662,462.4418,1047.0,49.9374,0.973302927077084,SAS62L_1257,pop,47583.42875477971,0.0,False
59955.47195632013,786.7627,44285.2878668955,46940.44284960887,10998.853736641946,53.39844547178207,6.51639702636347,36085.0,0.801066,459.4753,752.0,49.9619,0.8965268230245523,SAS62L_1257,pop,43478.46156888899,0.0,False
59933.17764738357,811.349,48737.39978299951,50681.25939457528,11092.745372290077,53.43169318090253,6.584124970405166,36394.0,0.797085,457.1836,457.0,49.975,0.8184882278514001,SAS62L_1257,pop,39392.53676094117,0.0,False
59912.81566642187,835.9353,53167.03229874361,54401.45080094529,11149.787427045705,53.464719345888284,6.651615792164784,36581.0,0.792603,454.6132,162.0,49.9954,0.7395732699985227,SAS62L_1257,pop,35334.32428018539,0.0,False
59894.418775472775,860.5217,57572.74369424206,58098.8833327753,11169.97990091836,53.49750541118489,6.71884580026948,36647.0,0.789913,453.07,-0.0,50.0154,0.6956294059762294,SAS62L_1257,pop,33103.17342918014,0.0,False
59877.11631856508,885.108,61964.700993152415,61782.16786885052,11169.979900691429,53.53012812267472,6.785968872804114,36647.0,0.789914,453.0708,-0.0,50.031,0.695498187028967,SAS62L_1257,pop,33096.28881936128,0.0,False
59859.81726307293,909.6943,66357.66820632457,65464.262700957246,11169.979900463519,53.56270239113746,6.853210374126445,36647.0,0.789898,453.0614,-0.0,50.0448,0.6953577211128631,SAS62L_1257,pop,33088.5974453169,0.0,False
59842.52200944825,934.2807,70751.4365621945,69145.21689744409,11169.979900234714,53.59522855792104,6.9205672978992965,36647.0,0.789882,453.0523,-0.0,50.0502,0.6952175830320623,SAS62L_1257,pop,33080.93401272426,0.0,False
59825.230544679136,958.867,75145.4639639642,72825.68273148063,11169.979900005104,53.62771244283953,6.9880317223808195,36647.0,0.789866,453.0432,-0.0,50.0556,0.6950774990439027,SAS62L_1257,pop,33073.27467372972,0.0,False
,0.0,6340.0,33177.0,0.0,52.33769989013672,4.7097015380859375,0.0,0.0,0.0,0.0,0.0,,SAS62L_1257,real,,0.36444329808318465,False
61103.05478035941,37.0,6467.0,35795.0,160.02,52.36125183105469,4.71160888671875,525.0,0.21657869710753758,143.0034964607509,3200.0,0.40066325579215395,1.8884987731404292,SAS62L_1257,real,169603.78239136664,0.3380883670548592,False
61059.02676381992,57.0,6483.0,37296.0,373.38,52.37475896285752,4.711879185267858,1225.0,0.24004381627889393,158.11388300841898,1728.0,2.1747441146100024,1.7543745695544462,SAS62L_1257,real,101509.39051785144,0.16840030882735477,False
61001.12887857395,97.0,6755.0,41147.0,716.2800000000001,52.40940856933594,4.7159576416015625,2350.0,0.3320008354012182,217.83020910791964,2176.0,5.0039199522402935,1.656225241018158,SAS62L_1257,real,90295.4066561583,0.0974788679045958,False
60956.04209134669,117.0,6975.0,43544.0,1021.08,52.43096923828125,4.71923828125,3350.0,0.36238359558474975,236.93247983339052,3392.0000000000005,5.084960604721768,1.8297815871065366,SAS62L_1257,real,115467.85451519798,0.07158637469524486,False
60888.065958632535,157.0,7330.0,48418.0,1844.0400000000002,52.474822998046875,4.724578857421875,6050.0,0.37193964851058026,240.85887984460942,3008.0,8.836591132408383,1.7757342906433464,SAS62L_1257,real,104699.20667919266,0.04439639690668517,False
60842.17855992268,177.0,8528.0,50480.0,2209.8,52.49336242675781,4.742279052734375,7250.0,0.35715800063962677,230.28894893155424,4160.0,48.69704930357355,1.8763492277142821,SAS62L_1257,real,135940.61628240108,0.039366996208312896,False
60775.784350780894,217.0,12426.0,53542.0,2865.1200000000003,52.52083988512977,4.799848284040179,9400.0,0.38937056888511434,249.09837414162303,3712.0,51.519801751656935,1.839403782604982,SAS62L_1257,real,118139.819088114,0.032522775453735435,False
60736.527094418234,247.0,15424.0,55983.0,3337.56,52.54271943690413,4.8441859654017865,10950.0,0.4147011112202407,263.78779350076076,1600.0,49.30446896050794,1.3374581266844725,SAS62L_1257,real,67419.41170022775,0.02664480813500332,False
60688.2711111275,277.0,18667.0,58808.0,3581.4,52.56804385427701,4.8922119140625,11750.0,0.46828772370768196,296.98653168115214,1472.0,48.95926496890809,1.2497831715257663,SAS62L_1257,real,62525.155907029824,0.023648818307969346,False
60647.36919545183,307.0,22274.0,61986.0,3916.6800000000003,52.59649658203125,4.9456787109375,12850.0,0.49718673630934906,314.0143308831621,3520.0000000000005,49.00288588678604,1.7410330622344097,SAS62L_1257,real,99714.88123159073,0.0209102372166527,False
60588.78680971013,347.0,27135.0,66248.0,4472.9400000000005,52.63462829589844,5.017852783203125,14675.000000000002,0.518796291483684,325.39975414864716,2496.0,49.11222884471841,1.5237239504126663,SAS62L_1257,real,79368.22744815295,0.017546383530949325,False
60549.73471930956,367.0,29711.0,68497.0,4754.88,52.65472412109375,5.05615234375,15600.0,0.5251549179216911,328.2209621581169,2752.0,49.07682233959676,1.5754427120070886,SAS62L_1257,real,83282.06987660578,0.016352173084524645,False
60492.941356785646,407.0,34842.0,72982.0,5303.52,52.69477844238281,5.1325225830078125,17400.0,0.5380890874778562,333.965567087387,2496.0,49.249837149522975,1.498978952602194,SAS62L_1257,real,77611.38788398728,0.014345491644232053,False
60437.82965289772,437.0,38708.0,76357.0,5676.900000000001,52.724878343485166,5.190176827566964,18625.0,0.5477040826032784,338.3031185194721,2496.0,49.43544518933994,1.4873027450265501,SAS62L_1257,real,76804.77657291014,0.012085634099388716,False
60402.2755251173,467.0,42698.0,79836.0,6035.04,52.75588213387182,5.249738420758929,19800.0,0.5594330980199653,343.94330928221297,2176.0,49.3625680027939,1.3908683504796313,SAS62L_1257,real,70590.87413862167,0.009935185773405804,False
60353.43318289001,507.0,48055.0,84501.0,6446.52,52.79740673000529,5.329860142299108,21150.0,0.5764764005192621,352.51241112902676,1920.0,49.48685263854837,1.3033325891636256,SAS62L_1257,real,65475.35742716346,0.0,False
60321.91492439767,527.0,50864.0,86951.0,6637.02,52.81919317730402,5.371922084263393,21775.0,0.5861122716798407,357.5024475440693,1728.0,49.5377725079066,1.2394395563345597,SAS62L_1257,real,61968.61799917153,0.0,False
60275.182342900574,567.0,56409.0,91781.0,7025.64,52.862091064453125,5.4550933837890625,23050.0,0.599704323630636,363.90245945857527,1792.0,49.56948213544133,1.2465418865412483,SAS62L_1257,real,62350.45534438939,0.0,False
60243.20047976399,587.0,59236.0,94244.0,7216.14,52.88394734010858,5.49755859375,23675.0,0.6048288574460668,366.0737630587584,1984.0,49.65335158726834,1.2962306698846864,SAS62L_1257,real,65077.0661693223,0.0,False
60198.368018474575,627.0,64959.0,99230.0,7589.52,52.92814636230469,5.583648681640625,24900.0,0.6161821697534162,371.06468438804575,1472.0,49.700171158595545,1.1326213240032932,SAS62L_1257,real,56420.14131204531,0.0,False
60170.77404289162,647.0,67860.0,101751.0,7734.3,52.95047048795021,5.627354213169643,25375.0,0.6257044091388927,376.0558469163855,1472.0,49.745747943802236,1.128438454072789,SAS62L_1257,real,56209.47970558881,0.0,False
60130.026861604485,687.0,73726.0,106856.0,8023.860000000001,52.99562072753906,5.7158660888671875,26325.0,0.6412410475271948,383.8658619882732,1600.0,49.75487684766874,1.1586082007088465,SAS62L_1257,real,57739.51359602825,0.0,False
60102.26493631032,707.0,76707.0,109454.0,8183.88,53.018576411877646,5.760916573660714,26850.0,0.6473779528495636,386.6846260197061,1472.0,49.720136931043506,1.1157330264665963,SAS62L_1257,real,55571.99738440811,0.0,False
60061.7054268838,747.0,82733.0,114705.0,8473.44,53.06492614746094,5.8521270751953125,27800.0,0.6609464651143485,393.2047812527208,1408.0,49.95188879551671,1.0886015368411033,SAS62L_1257,real,54223.146681400394,0.0,False
60034.97088684692,777.0,87348.0,118721.0,8686.800000000001,53.1003221414857,5.922115550321691,28500.000000000004,0.6713386046137444,398.19718733311015,1472.0,49.99177587028712,1.101729219626125,SAS62L_1257,real,54873.725355499235,0.0,False
59995.57598072348,807.0,92002.0,122772.0,8900.16,53.13598115565413,5.992799646714154,29199.999999999996,0.6770351322369254,400.37232671602067,1216.0,50.0661686625644,1.0194247005681998,SAS62L_1257,real,50851.9197576561,0.0,False
59959.45511593299,847.0,98223.0,128194.0,9128.76,53.183650647179554,6.087475944967831,29950.0,0.6900901191171018,406.77389296757974,1024.0,50.086221709634586,0.9566666878697179,SAS62L_1257,real,47863.666096424255,0.0,False
59934.97744824659,867.0,101392.0,130959.0,9243.060000000001,53.20793151855469,6.135785784040179,30325.000000000004,0.6960006359501031,409.59125967237145,1152.0,50.05114498132605,0.9924195231801674,SAS62L_1257,real,49558.842961210044,0.0,False
59896.630738636704,907.0,107725.0,136471.0,9494.52,53.25627213817531,6.232479319852941,31150.0,0.7011262726746177,411.1265012134343,1344.0,50.230116090608455,1.0414672727707854,SAS62L_1257,real,51916.24474850406,0.0,False
59868.89078099699,937.0,112525.0,140649.0,9738.36,53.292862197100106,6.305909998276654,31950.0,0.696362813662493,406.90170803278767,2112.0,50.284573231582975,1.2490266409170472,SAS62L_1257,real,62483.62688702147,0.0,False
59831.167514572015,967.0,117206.0,144719.0,9974.58,53.328460693359375,6.377641950334822,32724.999999999996,0.6939163425437925,404.0853870161602,704.0,50.321510593065284,0.8340098076763911,SAS62L_1257,real,42161.12265073811,0.0,False
59807.77173524487,997.0,121933.0,148835.0,10134.6,53.36441298662606,6.450186336741727,33250.0,0.7006140553913006,407.03439658092776,960.0,50.48279780727121,0.9099256180535004,SAS62L_1257,real,45671.75046401464,0.0,False
59774.928073092946,1037.0,128215.0,154304.0,10309.86,53.4121290303893,6.5468013987821685,33825.0,0.7121342991958368,412.6657242854075,896.0,50.40775381531468,0.8871306262963237,SAS62L_1257,real,44612.05945472329,0.0,False
59755.23924065031,1057.0,131482.0,157157.0,10386.060000000001,53.436987925384,6.597128475413602,34075.0,0.7191294787137513,416.2523273208211,448.0,50.45878774932772,0.7501330752592721,SAS62L_1257,real,38330.58437417281,0.0,False
59719.59733020429,1097.0,137938.0,162774.0,10591.800000000001,53.485867775092686,6.6967324649586395,34750.0,0.7226559575827264,417.0239801258436,1664.0,50.54625610684183,1.1035199334497925,SAS62L_1257,real,54961.69194578156,0.0,False
59689.41536576137,1117.0,141162.0,165586.0,10797.54,53.510307699947035,6.746574850643382,35425.0,0.7126370890911656,409.9865851463923,2240.0,50.64176350584365,1.2589393081639304,SAS62L_1257,real,63019.710551179116,0.0,False
59652.98266586907,1157.0,147396.0,170995.0,11117.58,53.5572509765625,6.843069893973214,36475.0,0.697624409129312,400.13622680282276,704.0,50.78111718428054,0.8146967449309908,SAS62L_1257,real,41274.600509551885,0.0,False
59632.936241941185,1177.0,150425.0,173630.0,11193.78,53.58008950443591,6.89004337086397,36725.0,0.7025307741677094,402.95036915233123,576.0,50.74060663895186,0.7728426735413867,SAS62L_1257,real,39363.21830702892,0.0,False
59607.129187678736,1217.0,156733.0,179130.0,11269.980000000001,53.62771244372352,6.988031723920036,36975.0,0.7063345107604678,405.1320772291426,192.0,50.81009942771923,0.6509078860644502,SAS62L_1257,real,33829.88283275334,0.0,False
71037.09172428588,0.0,34058.24855159179,101161.12164332911,30.48000030422103,52.32130050569878,4.779960154006195,100.0,0.3,198.3755,2500.0,183.0038,1.9539939917742701,VLG12BR_219,fuel,123886.79511224995,0.17029053902592284,False
70988.6560519965,24.765,33927.062702077434,98661.08794118135,344.9953259132431,52.29882588062261,4.777777673249491,1132.0,0.367123,241.8975,2797.0,183.0038,1.8985210259647662,VLG12BR_219,fuel,115878.94884423693,0.10475522751181858,False
70941.63018026546,49.53,33766.93861797874,95609.57279488869,696.8977019666135,52.27139353023,4.775116818800085,2286.0,0.440307,288.9554,3000.0,199.5792,1.8607844446718655,VLG12BR_219,fuel,111122.3886583286,0.06910936461521967,False
70895.59698335298,74.295,32542.399893799527,92166.71799353011,1074.3160927255751,52.2405054948585,4.756788751568891,3525.0,0.515958,337.1348,3000.0,199.6034,1.8251709018151192,VLG12BR_219,fuel,107012.50043571877,0.05171519965806289,False
70850.51325999321,99.0599,31110.03499063948,88144.91458087154,1451.734483484779,52.20441986269433,4.735382926134188,4763.0,0.573994,373.4164,3000.0,199.6241,1.8200037233590995,VLG12BR_219,fuel,106442.1607015579,0.04255671262144879,False
70805.6047037998,123.8249,29520.80745379704,83687.78409932106,1829.1528742440196,52.16442383909065,4.711673979104111,6001.0,0.586444,379.8333,3000.0,199.623,1.809944695388442,VLG12BR_219,fuel,105348.98153334389,0.03865404142769525,False
70760.94946087083,148.5899,27904.219694157713,79153.64207214156,2206.5712650032274,52.12373188057782,4.687600521133575,7239.0,0.599237,386.3918,3000.0,199.6247,1.7997452141859853,VLG12BR_219,fuel,104262.58070045328,0.03861840573851528,False
70716.55100835286,173.3549,26259.451137899065,74540.8796632207,2583.989655762397,52.08232932490493,4.663152518011793,8478.0,0.612381,393.0946,3000.0,199.6521,1.7893951898287583,VLG12BR_219,fuel,103181.63510639154,0.040001087193332466,False
70672.41280002208,198.1199,24583.774102716685,69848.52945286022,2961.408046521529,52.0402073497078,4.638292201462567,9716.0,0.625889,399.9448,3000.0,199.6822,1.7789163977978868,VLG12BR_219,fuel,102108.14621061116,0.041625170884338106,False
70628.53826873898,222.8849,22876.255104039254,65074.94600132653,3338.8264372806166,51.997350924546154,4.613008161161521,10954.0,0.639769,406.9453,3000.0,199.6743,1.7682988560193325,VLG12BR_219,fuel,101040.79553094911,0.04397362650138817,False
70584.93082895453,247.6499,21139.3900375771,60217.21777265912,3716.2448280396584,51.95373348731063,4.587339065606279,12192.0,0.654033,414.099,3000.0,199.6363,1.7575429061008179,VLG12BR_219,fuel,99979.36200802602,0.04647293502858272,False
70541.5938792212,272.4148,19375.154714261655,55272.581390084524,4093.6632187986447,51.90932985463354,4.561315957757445,13431.0,0.668693,421.4087,3000.0,199.6185,1.7466370883112545,VLG12BR_219,fuel,98922.49925624425,0.048973486001692615,False
70498.53080465508,297.1798,17581.221579415575,50239.77266739676,4471.081609557575,51.864128483808116,4.534907257773807,14669.0,0.683758,428.8773,3000.0,199.6246,1.7356045871027075,VLG12BR_219,fuel,97872.21702127038,0.04216257420058295,False
70455.7449792898,321.9448,15754.838259078968,45117.639155630946,4848.500000316438,51.818118815978764,4.50807540051874,15907.0,0.699241,436.5075,3000.0,199.6041,1.7244339399102313,VLG12BR_219,fuel,96827.16673266416,0.03449436975508184,False
70413.23976825443,346.7098,13897.709382126755,39903.40221569996,5225.91839107523,51.77127551732365,4.480847748171356,17145.0,0.715154,444.3022,3000.0,199.5447,1.7131251221116635,VLG12BR_219,fuel,95787.12726361144,0.026564870250142338,False
70371.01852970119,371.4748,12012.8156411044,34593.796279713024,5603.3367818339375,51.72356886725218,4.453270160009251,18384.0,0.731508,452.2639,3000.0,199.4955,1.7016652722316894,VLG12BR_219,fuel,94750.73453012251,0.021350739847358118,False
70329.08461639915,396.2398,10098.680476907262,29187.10851381922,5980.7551725925505,51.674983227463684,4.425323816867201,19622.0,0.748315,460.3953,3000.0,199.4901,1.6900790769892713,VLG12BR_219,fuel,93720.02009126605,0.018147646014627865,False
70287.44137690253,421.0048,8150.550809971929,23682.747515278774,6358.173563351053,51.625513069891795,4.396942617541644,20860.0,0.765588,468.699,3000.0,199.4919,1.6783539137895978,VLG12BR_219,fuel,92694.58900779733,0.002437558533797432,False
70246.09177746349,445.7697,6167.012159880169,18078.904175161213,6735.5919541094245,51.57514180930194,4.368109095650005,22098.0,0.78334,477.1772,3000.0,199.4578,1.6664892953596915,VLG12BR_219,fuel,91708.13229355292,0.0,False
70205.02781251921,470.5347,4150.906748118923,12372.231702763693,7113.010344867653,51.52383897654257,4.338867460918176,23337.0,0.801582,485.8323,3000.0,199.4169,1.6544713842068264,VLG12BR_219,fuel,90901.39466809033,0.0,False
70164.19772908313,495.2997,2102.288242598253,6560.341903971098,7490.428735625737,51.47158277130387,4.309221594276282,24575.0,0.82,494.4692,3000.0,199.4098,1.6422148362016529,VLG12BR_219,fuel,90541.55507746869,0.0,False
70123.46814033072,520.0647,17.90358218238134,644.647326079484,7867.847126383783,51.418385571904906,4.279127775172477,25813.0,0.82,491.9298,2991.0,199.4097,1.622589908707121,VLG12BR_219,fuel,89008.55042282888,0.0,False
70083.17921933996,544.8297,-2055.7042250941895,-5240.515427077056,8244.1399036864,51.365455255545335,4.2492591797389085,27048.0,0.82,489.3849,2694.0,199.38,1.552637330205919,VLG12BR_219,fuel,83642.03475738788,0.0,False
70044.55010405416,569.5947,-4116.703747995697,-11099.580132794388,8583.045630544573,51.31275215948252,4.219640674128188,28160.0,0.82,487.0814,2397.0,199.3387,1.4802993872294727,VLG12BR_219,fuel,78476.8850526764,0.0,False
70007.63687357696,594.3597,-6164.902649086648,-16935.685703233845,8884.564306957302,51.260248226297485,4.190273696750545,29149.0,0.817023,483.2622,2100.0,199.3234,1.4049216208298931,VLG12BR_219,fuel,73256.01804076089,0.0,False
69972.57487266697,619.1247,-8196.525872638478,-22729.51601299788,9148.695932924278,51.20811739282145,4.161210695795395,30015.0,0.813896,479.6157,1802.0,199.3219,1.327169486910805,VLG12BR_219,fuel,68160.21811877599,0.0,False
69939.4252569296,643.8896,-10213.65512685048,-28482.469256157732,9375.440508445377,51.15634725339316,4.132420072231973,30759.0,0.810571,476.1141,1505.0,199.3017,1.2475255764111486,VLG12BR_219,fuel,63187.81169318377,0.0,False
69908.24878260795,668.6546,-12214.96179089521,-34196.75471065932,9564.798033520556,51.104918149327176,4.103919288494615,31381.0,0.807043,472.7563,1208.0,199.2755,1.165831153939188,VLG12BR_219,fuel,58303.21511708465,0.0,False
69879.10450384144,693.4196,-14200.412774600169,-39874.09940335544,9716.768508149822,51.053814742615074,4.0757072388302875,31879.0,0.803274,469.5189,911.0,199.2643,1.0821405518973846,VLG12BR_219,fuel,53487.24904906904,0.0,False
69852.0502322153,718.1846,-16171.952775792373,-45515.21392947241,9831.35193233325,51.003030778011386,4.047754563932853,32255.0,0.799105,466.3083,614.0,199.2664,0.9964068018088048,VLG12BR_219,fuel,48716.278039327706,0.0,False
69827.14479935175,742.9496,-18130.93764978285,-51119.74341022445,9908.548306070994,50.95256957197864,4.020040414157146,32508.0,0.794455,463.076,316.0,199.2553,0.9083559701576338,VLG12BR_219,fuel,43962.093835404674,0.0,False
69804.44485558169,767.7146,-20075.913812380488,-56687.650244000695,9948.357629363416,50.902431665739165,3.992584115418036,32639.0,0.789082,459.6781,19.0,199.2264,0.8184268496868634,VLG12BR_219,fuel,39233.64295612,0.0,False
69784.00778722028,792.4796,-22004.40400135009,-62217.29942400867,9950.77990221167,50.85263202283063,3.965419406728471,32647.0,0.788698,459.4383,-0.0,199.2043,0.8124080821986495,VLG12BR_219,fuel,38921.1343745335,0.0,False
69763.7240316113,817.2445,-23929.790516973484,-67744.90539728037,9950.779901966402,50.802844592311516,3.938356675031565,32647.0,0.788698,459.4381,-0.0,199.1907,0.8122618891318873,VLG12BR_219,fuel,38913.30411415058,0.0,False
69743.44410507345,842.0095,-25853.857318111604,-73272.96699927756,9950.779901721064,50.753046876826446,3.911370347844643,32647.0,0.788666,459.4195,-0.0,199.1668,0.8120948725710567,VLG12BR_219,fuel,38903.785931701066,0.0,False
69723.16882818569,866.7745,-27775.539642104068,-78801.60732106613,9950.779901475613,50.70323785814538,3.8844752828300653,32647.0,0.788685,459.4305,-0.0,199.1335,0.8119615233986527,VLG12BR_219,fuel,38896.99378894357,0.0,False
69702.89686766747,891.5395,-29694.055258803914,-84331.49613259309,9950.779901230106,50.6534116009127,3.8576823136503693,32647.0,0.788652,459.4117,-0.0,199.107,0.8117943825760165,VLG12BR_219,fuel,38887.46584686013,0.0,False
69682.6295616699,916.3045,-31609.93899005798,-89862.04417628606,9950.779900984502,50.60357343007144,3.8309834720491662,32647.0,0.788637,459.4024,-0.0,199.0948,0.8116380914596419,VLG12BR_219,fuel,38878.81599720008,0.0,False
69662.36648196995,941.0695,-33524.606532957776,-95392.88805441969,9950.779900738842,50.55372658101092,3.8043583645251657,32647.0,0.78864,459.4043,-0.0,199.0969,0.8114945970694538,VLG12BR_219,fuel,38871.199378076715,0.0,False
69642.107126739,965.8345,-35439.477801409594,-100923.68611675552,9950.77990049312,50.50387407468475,3.777786619485345,32647.0,0.788643,459.4061,-0.0,199.0989,0.8113510553598254,VLG12BR_219,fuel,38863.57756449203,0.0,False
71037.09172428846,0.0,34058.24855159642,101161.12164332849,30.480000304463637,52.32130050569878,4.779960154006264,100.0,0.3,198.3755,2168.0,183.0038,1.8736234430245544,VLG12BR_219,pop,112689.4162952274,0.1702905390258158,False
70990.041879518,25.0878,33925.07022116796,98623.11685284656,306.7256025991159,52.298484530512056,4.777744542642684,1006.0,0.37983,250.3791,2469.0,183.0038,1.8050066872983535,VLG12BR_219,pop,104820.31051473151,0.1077425362254357,False
70944.76777589037,50.1756,33756.83789724677,95417.0814366322,621.339328752596,52.2696630794538,4.7749490831426,2039.0,0.46297,304.0913,2770.0,179.9048,1.8025080016012516,VLG12BR_219,pop,104554.73598395198,0.07024534313637298,False
70899.62735119424,75.2634,33763.31770208848,91516.14441744424,974.3211787639443,52.23458169038575,4.77465354419311,3197.0,0.547282,358.0151,3000.0,176.6468,1.8298391836404078,VLG12BR_219,pop,107533.09530240254,0.05202174646979946,False
70853.87282112772,100.3512,34032.06654986883,86929.34453593515,1356.6594201821085,52.19331629543602,4.778137589284073,4451.0,0.57091,371.8219,3000.0,177.7032,1.8224446440035924,VLG12BR_219,pop,106710.82249795349,0.04135609277488091,False
70808.3187426963,125.4391,34223.35068843427,82160.2256290016,1738.9976616003303,52.15041600556549,4.780461597246159,5705.0,0.58344,378.2878,3000.0,179.4038,1.8122904468330678,VLG12BR_219,pop,105601.9354890213,0.03354465040537854,False
70763.02381423448,150.5269,34273.88081839214,77304.11199209678,2121.335903018543,52.10674204659594,4.780711651956808,6960.0,0.596317,384.8981,3000.0,178.7377,1.8019815441313307,VLG12BR_219,pop,104498.94491947402,0.032404643150597275,False
70717.99165612886,175.6147,34382.74557169995,72363.65906064547,2503.6741444367003,52.06230601923527,4.7818061819449795,8214.0,0.609554,391.656,3000.0,178.6877,1.791539272147712,VLG12BR_219,pop,103403.83931443901,0.03169963178383423,False
70673.22586349881,200.7025,34497.918966258476,67336.15866679921,2886.012385854796,52.017086777355516,4.78298213489243,9469.0,0.623161,398.5645,3000.0,180.058,1.780943228340489,VLG12BR_219,pop,102314.19355228313,0.030830125437843924,False
70628.7300087925,225.7903,34492.73808295747,62218.24420743263,3268.3506272728305,51.971061903237754,4.782389925891852,10723.0,0.637148,405.6266,3000.0,183.4873,1.7702154063875895,VLG12BR_219,pop,101231.99284977489,0.029879161219434736,False
70584.50764444878,250.8781,34175.8906243243,57018.90575905746,3650.688868690798,51.9243239729017,4.777246166700223,11977.0,0.651528,412.8453,3000.0,190.112,1.759345542684953,VLG12BR_219,pop,100155.90319319526,0.02915087377105192,False
70540.56230557419,275.9659,33244.99001587916,51799.20792269905,4033.0271101086796,51.877439625022646,4.763166346085106,13232.0,0.66631,420.2237,3000.0,195.8881,1.7483223350454444,VLG12BR_219,pop,99084.57919175876,0.029768181799396366,False
70496.89751257881,301.0537,31767.460928295044,46608.21161483232,4415.36535152644,51.8308430300749,4.741164136878752,14486.0,0.681508,427.7646,3000.0,200.8496,1.7371688014657751,VLG12BR_219,pop,98020.00995461727,0.030584280769278407,False
70453.51677370649,326.1415,29811.923252932458,41473.61258106566,4797.703592944087,51.784775167515555,4.712263539138908,15740.0,0.697133,435.471,3000.0,204.7589,1.7258736288075636,VLG12BR_219,pop,96960.84748203249,0.02814715197427034,False
70410.42358738738,351.2294,27469.278313183793,36394.088350354,5180.0418343616775,51.739214615768795,4.677804601691068,16995.0,0.713196,443.3458,3000.0,206.5219,1.7144244233179744,VLG12BR_219,pop,95905.73035887674,0.025240201179365224,False
70367.62144433206,376.3172,24926.145994582494,31298.242799051815,5562.380075779207,51.69350615376741,4.640505295537148,18249.0,0.729712,451.3918,3000.0,206.3094,1.7028453898574278,VLG12BR_219,pop,94856.6698168944,0.022565273937084993,False
70325.11382927756,401.405,22355.983362282586,26100.06419418114,5944.718317196684,51.64686667020723,4.60288298408582,19504.0,0.746691,459.6115,3000.0,205.1093,1.6911112801018133,VLG12BR_219,pop,93811.16848999684,0.020723054062483485,False
70282.90422228618,426.4928,19850.316799244447,20753.30284293043,6327.056558613781,51.59887667289178,4.566263416194566,20758.0,0.764146,468.0078,3000.0,204.6292,1.6792472180209825,VLG12BR_219,pop,92771.82734921895,0.004844866054123945,False
70240.99585941748,451.5806,17344.4624290564,15287.41324170097,6709.394800029385,51.54980395157338,4.529712615545987,22012.0,0.782092,476.583,3000.0,204.6079,1.667240156258999,VLG12BR_219,pop,91766.52757816052,0.0,False
70199.38230147715,476.6684,14794.648542485573,9720.169309803881,7091.733041444511,51.499809534132126,4.492601313262463,23267.0,0.80054,485.3396,3000.0,204.5946,1.655076260944857,VLG12BR_219,pop,90931.27417759589,0.0,False
70158.01417988897,501.7562,12199.193331385832,4049.7869942770258,7474.071282859271,51.44887684989851,4.454909201441626,24521.0,0.819504,494.2799,3000.0,204.5828,1.64278127479779,VLG12BR_219,pop,90560.14062584596,0.0,False
70116.75145196302,526.844,9557.009964656825,-1725.822310342547,7856.409524273848,51.396986543101846,4.416624729239128,25776.0,0.82,492.0069,2998.0,204.5695,1.6242178735190584,VLG12BR_219,pop,89137.95048383264,0.0,False
70075.90080393353,551.9318,6928.414952693439,-7475.250745499265,8238.503119450203,51.34531906416864,4.37862317939604,27029.0,0.82,489.4231,2697.0,204.5493,1.5533734283183478,VLG12BR_219,pop,83695.54306796167,0.0,False
70036.75254509677,577.0196,4314.150391754061,-13198.672080728167,8582.228590771752,51.29387310630552,4.340913666616805,28157.0,0.819823,486.9821,2396.0,204.519,1.4800099674146172,VLG12BR_219,pop,78445.71384228405,0.0,False
69999.3697604944,602.1075,1714.5126063948946,-18898.04724759119,8887.585938236052,51.24263126946506,4.303498882989218,29159.0,0.816744,483.0763,2095.0,204.4827,1.4035612587336113,VLG12BR_219,pop,73151.63907397566,0.0,False
69963.88902382401,627.1953,-862.023509539043,-24556.273635622147,9154.575161842355,51.19174757139609,4.266500728228402,30035.0,0.813558,479.3763,1794.0,204.45,1.324914276080704,VLG12BR_219,pop,68003.70334723123,0.0,False
69930.37255761742,652.2831,-3416.8893443401607,-30175.39616123568,9383.196261590387,51.14120393079329,4.229893086279599,30785.0,0.810191,475.8386,1493.0,204.4283,1.2441230185060317,VLG12BR_219,pop,62969.376371558435,0.0,False
69898.88283084292,677.3709,-5951.973443332053,-35756.6243026567,9573.449237480087,51.09098986760696,4.193648214161371,31409.0,0.806622,472.451,1192.0,204.4166,1.1612360222859004,VLG12BR_219,pop,58024.83704107389,0.0,False
69869.48100581931,702.4587,-8468.983598958754,-41301.06840814126,9725.334089511567,51.04109567745064,4.157739690016616,31907.0,0.802763,469.1623,891.0,204.4072,1.076267858274503,VLG12BR_219,pop,53146.73781305783,0.0,False
69842.22812634322,727.5465,-10968.589803919225,-46809.5729012436,9838.850817685194,50.99151403387553,4.122156072964316,32280.0,0.7985,465.9046,590.0,204.3933,0.9891999204137912,VLG12BR_219,pop,48314.40138753217,0.0,False
69817.18489100353,752.6343,-13450.439087071927,-52282.47630301302,9913.99942200181,50.94224216912222,4.086900591039845,32526.0,0.793707,462.6035,289.0,204.3735,0.9000281385351173,VLG12BR_219,pop,43511.92668541611,0.0,False
69794.41070883024,777.7221,-15913.65233537932,-57719.28649381745,9950.77990246421,50.89328480279305,4.051983947684767,32647.0,0.788362,459.2427,-0.0,204.3509,0.8122614439672788,VLG12BR_219,pop,38907.214165254125,0.0,False
69773.8694650323,802.8099,-18357.540980993035,-63119.10778380752,9950.779902218594,50.8446502891055,4.017414069134586,32647.0,0.788336,459.2277,-0.0,204.3313,0.8120964926536693,VLG12BR_219,pop,38897.93215798927,0.0,False
69753.33281775474,827.8978,-20799.502765504825,-68519.58753836945,9950.77990197278,50.79599971254728,3.982943718201732,32647.0,0.788317,459.2164,-0.0,204.3169,0.8119357844977305,VLG12BR_219,pop,38888.99282642456,0.0,False
69732.80059485282,852.9856,-23240.047663062625,-73920.54780829995,9950.779901726777,50.74733471599099,3.9485653029384804,32647.0,0.788284,459.1971,-0.0,204.3097,0.8117660690464978,VLG12BR_219,pop,38879.328704999345,0.0,False
69712.27315411308,878.0734,-25679.80894891055,-79321.58931477071,9950.779901480608,50.69865891838954,3.914269492230671,32647.0,0.78825,459.1776,-0.0,204.3083,0.8115961774129573,VLG12BR_219,pop,38869.6520209562,0.0,False
69691.75050614165,903.1612,-28119.333349233424,-84722.4609036723,9950.779901234275,50.64997459994489,3.8800482222966703,32647.0,0.788243,459.1729,-0.0,204.3117,0.8114431173970457,VLG12BR_219,pop,38861.328894336635,0.0,False
69671.23197524936,928.249,-30559.15673409532,-90123.13182552673,9950.779900987789,50.601282049970735,3.8458936285630934,32647.0,0.788226,459.1631,-0.0,204.3153,0.8112843327365142,VLG12BR_219,pop,38852.5455474433,0.0,False
69650.71779500335,953.3368,-32999.2645964142,-95523.5346600765,9950.779900741163,50.55258190988542,3.8118056649246164,32647.0,0.788201,459.1487,-0.0,204.3172,0.8111203839002447,VLG12BR_219,pop,38843.34805901644,0.0,False
69630.20816778809,978.4246,-35439.477801430905,-100923.68611676998,9950.779900494405,50.50387407468461,3.7777866194850453,32647.0,0.788176,459.1343,-0.0,204.3191,0.8109564886510836,VLG12BR_219,pop,38834.15558544981,0.0,False
71002.4375572096,0.0,10796.0,30807.0,0.0,52.31629943847656,4.77508544921875,0.0,0.15597559922854112,103.1746092796091,64.0,183.3338506615366,1.715386220100898,VLG12BR_219,real,96484.15348577192,0.1823713933687491,False
70938.26838316087,31.0,10981.0,28478.0,198.12,52.29534084514036,4.7777186802455365,650.0,0.21266184501000268,140.356688476182,3264.0,184.08561677997488,1.8887818319376763,VLG12BR_219,real,208893.4405834549,0.1279550832819096,False
70901.18533774759,51.0,11064.0,26967.0,403.86,52.28174759169756,4.778895786830358,1325.0,0.2341454544374798,154.17522498767434,1536.0,172.92107839538778,1.8356107479589556,VLG12BR_219,real,117005.83496907196,0.08983291770094448,False
70836.6799148989,91.0,11916.0,23331.0,640.08,52.24900817871094,4.791259765625,2100.0,0.32615596129876306,214.1821654573508,1472.0,165.12027824799682,1.5879381420970933,VLG12BR_219,real,84267.69031652858,0.062226765997820024,False
70801.79854551963,111.0,12513.0,21053.0,807.72,52.228491831634,4.7999267578125,2650.0,0.3711532592463306,243.26323191144198,2176.0,165.96375653207352,1.7266277842755535,VLG12BR_219,real,97872.83691561726,0.050639166153174556,False
70726.53504452697,151.0,12670.0,16014.0,1447.8000000000002,52.18314995199947,4.802045549665179,4750.0,0.3811596152217534,247.97782158894776,3136.0,185.08983650928786,1.8524794111204232,VLG12BR_219,real,122507.4860758807,0.03886961188115652,False
70689.3989609445,171.0,12462.0,13427.0,1783.0800000000002,52.15987383309057,4.798906598772322,5850.0,0.3885496555014927,251.79555198613022,3008.0,184.5557753287536,1.8382361373342777,VLG12BR_219,real,117776.9784878692,0.03471092678289023,False
70617.82226391973,211.0,12051.0,8129.0,2354.58,52.112204341565146,4.792707170758929,7724.999999999999,0.41466455539209807,266.9082239272518,2304.0,184.7279878188422,1.7075895449824021,VLG12BR_219,real,95628.68336356706,0.03201690720423688,False
70582.32900747395,231.0,11823.0,5338.0,2621.28,52.08709716796875,4.789276123046875,8600.0,0.4285428826428678,274.96363395911106,2624.0,184.79825103687205,1.7569161940681597,VLG12BR_219,real,101862.4579813847,0.03150779233675924,False
70516.06531951914,271.0,11356.0,-344.0,3192.78,52.03596496582031,4.782257080078125,10475.0,0.447413879521229,285.0982286861846,1600.0,185.0306751409608,1.4653683690929653,VLG12BR_219,real,75314.60243928581,0.03035621537520244,False
70491.4117415351,291.0,11089.0,-3373.0,3307.0800000000004,52.00871871689618,4.7782679966517865,10850.0,0.48602325920366896,309.2701084812433,1024.0,185.1944289077348,1.2203521102112325,VLG12BR_219,real,60945.81126830302,0.030236530634678578,False
70427.21891048928,331.0,10513.0,-10057.0,3703.32,51.948577880859375,4.7696685791015625,12150.0,0.5278512869951365,334.26037755019667,1984.0,184.97716534638064,1.5362626697054569,VLG12BR_219,real,80277.20258803602,0.02985130005173555,False
70390.72810481697,351.0,9946.0,-13385.0,3970.02,51.91864013671875,4.761317661830358,13025.0,0.5211592904403554,328.93768406797057,3456.0,199.53665493812838,1.8062948807807648,VLG12BR_219,real,110121.3741523739,0.029854334418777204,False
70321.21288224893,391.0,7116.0,-19380.0,4617.72,51.86473264532574,4.720001220703125,15150.0,0.5107793813874676,319.7889929312765,2624.0,205.76376384697096,1.6852628656531832,VLG12BR_219,real,93196.56828233495,0.031464690582842375,False
70256.72978091953,431.0,4287.0,-25301.0,5097.780000000001,51.81147688526218,4.678802490234375,16725.0,0.5246737860442847,326.49655434629017,2176.0,205.7802265740861,1.5676997946570441,VLG12BR_219,real,82660.93447896882,0.030827093331270025,False
70227.4799731154,451.0,2822.0,-28349.0,5318.76,51.7840576171875,4.6575164794921875,17450.0,0.5348154263912941,331.86895003901765,1792.0,205.71571504570014,1.4478654863052463,VLG12BR_219,real,74165.64677041087,0.02855518354441464,False
70168.05522803847,501.0,-927.0,-36163.0,5844.54,51.7137451171875,4.603123020481419,19175.0,0.5522640786822601,340.37920030460145,1664.0,205.58637484015998,1.3910830652300727,VLG12BR_219,real,70595.64914418943,0.02276491753050232,False
70140.97420298815,521.0,-2460.0,-39357.0,6042.66,51.68499755859375,4.580927668391047,19825.0,0.5646016669875664,347.0864445638867,1536.0,205.60528897936518,1.3405107399922707,VLG12BR_219,real,67590.96029894709,0.020960343177188243,False
70082.41073747679,561.0,-5615.0,-45924.0,6393.18,51.625873113082626,4.535369873046875,20975.0,0.5869459861620456,359.1670920337775,1920.0,205.56622221881358,1.4459413687976803,VLG12BR_219,real,74041.34168441917,0.0004883885369930977,False
70056.57304754417,581.0,-7223.0,-49256.0,6568.4400000000005,51.59587097167969,4.512188885663007,21550.0,0.5963396223114157,364.07142156450567,1408.0,205.72045713165843,1.278965651666176,VLG12BR_219,real,64112.13967161534,0.0,False
70000.75271503074,621.0,-10490.0,-56060.0,6918.96,51.53458417472193,4.465179443359375,22700.0,0.6161009786374402,374.3861642742691,1856.0,205.46992473335314,1.4074774107711472,VLG12BR_219,real,71604.11989258675,0.0,False
69973.19372633591,641.0,-12159.0,-59536.0,7086.6,51.503265380859375,4.44122314453125,23250.0,0.6233722139412483,377.95502377928517,1728.0,205.54807314635883,1.3641699403959016,VLG12BR_219,real,68979.29000886582,0.0,False
69912.79953718894,681.0,-15542.0,-66572.0,7513.320000000001,51.43986511230469,4.392749683277027,24650.0,0.6232655626721145,375.71931012392747,3264.0,205.54202098841014,1.7101860476456945,VLG12BR_219,real,95926.87059997287,0.0,False
69886.61413942007,701.0,-17199.0,-70019.0,7787.64,51.40880002813824,4.369049072265625,25550.0,0.6122131703179925,367.6792080061096,1536.0,205.44994567495192,1.2961771895605165,VLG12BR_219,real,65066.075173410034,0.0,False
69849.13784069008,741.0,-20595.0,-77036.0,7909.56,51.345535536943856,4.3206024169921875,25950.0,0.6542536262871731,392.2715895906814,512.0,205.51986214301704,0.929913620997689,VLG12BR_219,real,46603.30253511932,0.0,False
69831.14436954696,761.0,-22347.0,-80672.0,7962.900000000001,51.312744140625,4.295654296875,26125.0,0.6733911199436133,403.45012083279886,384.0,205.5488246354071,0.8906768215854105,VLG12BR_219,real,44774.996843980836,0.0,False
69782.87319051554,801.0,-26004.0,-88274.0,8183.88,51.244171142578125,4.243691934121622,26850.0,0.693440205265668,414.19802027532677,1152.0,205.4514505676449,1.1529782624953246,VLG12BR_219,real,57448.22203090419,0.0,False
69735.64690758451,841.0,-29700.0,-96006.0,8427.720000000001,51.174407958984375,4.19135841163429,27650.000000000004,0.7100605746483497,422.6925596695546,1344.0,203.71475474341304,1.2074166070561858,VLG12BR_219,real,60264.06471021083,0.0,False
69711.727786763,861.0,-31338.0,-100147.0,8572.5,51.137054443359375,4.1682722761824325,28125.0,0.7165262554055134,425.68063145978346,1280.0,199.20111714279673,1.1839964806657584,VLG12BR_219,real,59041.978206095584,0.0,False
69664.4932289911,901.0,-34222.0,-108393.0,8823.960000000001,51.06268413996292,4.1278076171875,28950.0,0.7270404535287777,430.4056226398535,1280.0,198.98221001503063,1.1770077211355428,VLG12BR_219,real,58680.41472840049,0.0,False
69640.01631708835,921.0,-35683.0,-112536.0,8945.880000000001,51.02530269299523,4.10736083984375,29350.000000000004,0.7304431412227487,431.6769625541766,1408.0,199.06454743133227,1.211607139187554,VLG12BR_219,real,60484.264242808305,0.0,False
69594.40273438116,961.0,-38650.0,-120942.0,9182.1,50.94946909759004,4.0659332275390625,30125.0,0.7398669882291953,435.7843503385591,1216.0,199.01703395811242,1.1473001154345328,VLG12BR_219,real,57159.42605695444,0.0,False
69572.4848524353,981.0,-40112.0,-125102.0,9288.78,50.91192626953125,4.045566868137669,30475.0,0.7426001070612175,436.7298936413673,1024.0,198.97428490819053,1.0849351563214067,VLG12BR_219,real,54039.33672496186,0.0,False
69527.33377180259,1021.0,-43375.0,-133515.0,9532.62,50.83598327636719,4.000136916701858,31275.0,0.7430473562886555,435.4698611844452,960.0,202.26562952463834,1.0566099979679946,VLG12BR_219,real,52650.81678921338,0.0,False
69501.4218273166,1041.0,-45106.0,-137655.0,9677.4,50.79859329482256,3.9760589599609375,31749.999999999996,0.7407853690134881,433.240118179284,1728.0,202.24345987984464,1.2826412520572434,VLG12BR_219,real,64316.529333301376,0.0,False
69457.93777247402,1081.0,-48490.0,-145780.0,9944.1,50.72520446777344,3.929096943623311,32625.0,0.7385338826397115,430.25806209762067,960.0,201.97450799147197,1.0444454829617151,VLG12BR_219,real,52058.3761465309,0.0,False
69439.42179221779,1101.0,-50190.0,-149874.0,10035.54,50.68821793895656,3.9055633544921875,32925.0,0.7417554633355441,431.5599610714599,576.0,202.04794746356038,0.9165410226845457,VLG12BR_219,real,45981.91257136412,0.0,False
69410.0560019498,1141.0,-53612.0,-158106.0,10058.4,50.61383056640625,3.8582972476356905,33000.0,0.7560451264393498,439.7271881519268,0.0,201.89819280563898,0.7274147183344999,VLG12BR_219,real,37325.312771525154,0.0,False
69395.35214285381,1161.0,-55349.0,-162290.0,10050.78,50.576019287109375,3.834373072574013,32975.0,0.756603948797379,440.1011247429391,0.0,202.0189873500194,0.7278410252518301,VLG12BR_219,real,37346.03399370728,0.0,False
69366.54310685574,1201.0,-59446.0,-170262.0,10050.78,50.503875732421875,3.7777790270353617,32975.0,0.7495712053942758,436.0103209787585,0.0,209.09289487941786,0.7237805088577658,VLG12BR_219,real,37145.42447534303,0.0,False
73621.3029772398,0.0,-74827.80160415625,-1385.1380547391211,30.480000303260972,52.32129693679649,4.779960353961805,100.0,0.3,198.3755,2334.0,183.0038,1.9481841121726657,EJU5284_1390,fuel,122977.36144052693,0.17029303616620203,False
73585.24586795247,18.4942,-74925.91965031122,-3254.9946168977744,249.7805504843478,52.304469804106795,4.77893571361233,819.0,0.34905,230.2379,2556.0,183.0038,1.9045155462880043,EJU5284_1390,fuel,116679.71016557375,0.12538123289254569,False
73550.01029138263,36.9885,-75039.86619646159,-5426.4982842051495,489.9316877937791,52.28492809251165,4.777746676439122,1607.0,0.401662,264.219,2778.0,155.2624,1.8808966538746514,EJU5284_1390,fuel,113599.6632012338,0.08538299051645784,False
73515.23180434048,55.4827,-73995.11318243963,-7694.031237730041,750.93341223169,52.26468061272675,4.793604585595958,2464.0,0.455353,298.6447,3000.0,127.521,1.8780048561998095,EJU5284_1390,fuel,113235.7262957363,0.06672674481636064,False
73480.53000858691,73.977,-71756.19967083186,-9413.314132694377,1032.785723789377,52.249518525962806,4.826868385709538,3388.0,0.508005,332.0972,3000.0,99.7796,1.852705064610458,EJU5284_1390,fuel,110160.7881788155,0.056267060775034884,False
73446.32141319531,92.4712,-68659.86542293873,-9947.009796779324,1314.6380353487323,52.24511610750251,4.872456481628725,4313.0,0.561483,365.861,3000.0,84.9731,1.84488492758687,EJU5284_1390,fuel,109247.01885775899,0.051175018735374694,False
73412.2821028904,110.9655,-65209.3757243508,-9643.498976250437,1596.4903469084745,52.248266742009,4.923073746004607,5238.0,0.578729,375.861,3000.0,84.9814,1.839093926999367,EJU5284_1390,fuel,108580.64896794781,0.04895281134826994,False
73378.35547346342,129.4597,-61663.95920253372,-9332.158276014092,1878.3426584681788,52.251476818926655,4.975091107450192,6163.0,0.588092,380.68,3000.0,84.9618,1.8316906125498553,EJU5284_1390,fuel,107740.99224799074,0.04506804272469102,False
73344.56739705209,147.954,-58072.9543285769,-9015.575021481269,2160.19497002781,52.25471600207672,5.027784762309259,7087.0,0.597646,385.5781,3000.0,84.9666,1.8242144195716994,EJU5284_1390,fuel,106906.46450774411,0.04193119952767253,False
73310.91939909519,166.4482,-54435.481607338304,-8695.200521314599,2442.047281587364,52.25797042833819,5.081168145572915,8012.0,0.607396,390.5566,3000.0,84.9611,1.8166463940598563,EJU5284_1390,fuel,106074.82396558253,0.040120341156299706,False
73277.4129964458,184.9425,-50750.84119501122,-8370.31437355881,2723.899593146834,52.26124571145449,5.1352516652962175,8937.0,0.617346,395.6167,3000.0,84.9741,1.8089964824530318,EJU5284_1390,fuel,105247.0650457373,0.03799086208934388,False
73244.04969782564,203.4367,-47018.15890842885,-8042.044073652652,3005.751904706212,52.26453083144718,5.190048584814653,9861.0,0.6275,400.7595,3000.0,84.9886,1.8012752787614195,EJU5284_1390,fuel,104424.18777710917,0.03624108289854487,False
73210.83100429332,221.931,-43236.64330849911,-7710.449469586969,3287.604216265492,52.26782432588626,5.245570766960688,10786.0,0.637863,405.9863,3000.0,85.0032,1.7934626697338496,EJU5284_1390,fuel,103603.92983398878,0.03418533243033848,False
73177.75840972103,240.4252,-39405.50093133182,-7375.4831758238915,3569.4565278246682,52.27112566163639,5.301830091233217,11711.0,0.648439,411.2983,3000.0,84.989,1.7855690535083655,EJU5284_1390,fuel,102787.29089193871,0.030442253963109858,False
73144.83340127324,258.9194,-35524.09712583853,-7035.150686086486,3851.308839383729,52.27445176966161,5.358835900822129,12636.0,0.659233,416.6968,3000.0,84.991,1.7775947108604537,EJU5284_1390,fuel,101974.18623299539,0.026785696587136337,False
73112.05745988042,277.4137,-31591.521981514245,-6690.471336071069,4133.16115094266,52.277792461646975,5.416601963481535,13560.0,0.67025,422.1828,3000.0,84.9832,1.7695507874530243,EJU5284_1390,fuel,101165.61754908421,0.023597089352098755,False
73079.43206070043,295.9079,-27607.009569386963,-6340.692725172158,4415.013462501456,52.281153434301594,5.4751397401412785,14485.0,0.681494,427.7576,3000.0,85.0093,1.761415653684159,EJU5284_1390,fuel,100359.30231757241,0.020902630937090657,False
73046.95867355865,314.4022,-23569.514980461616,-5988.119306239615,4696.8657740600975,52.284512868478416,5.53446504652775,15410.0,0.69297,433.4223,3000.0,85.0176,1.753200275938349,EJU5284_1390,fuel,99556.24478912714,0.01942328499457679,False
73014.63876335841,332.8964,-19478.29812781082,-5631.451261972474,4978.718085618571,52.28788130099768,5.594588898823547,16334.0,0.704683,439.1781,3000.0,85.026,1.7449163364952252,EJU5284_1390,fuel,98757.46114034386,0.01807403070798128,False
72982.4737904517,351.3907,-15332.498880890453,-5270.634876421864,5260.570397176857,52.29125802758614,5.655524199804596,17259.0,0.716637,445.0262,3000.0,85.0264,1.736541074562879,EJU5284_1390,fuel,97960.65619529304,0.016845521685538514,False
72950.46521095913,369.8849,-11131.297343632645,-4905.030995435539,5542.422708734932,52.29464756549903,5.7172832459002345,18184.0,0.728838,450.9675,3000.0,85.0297,1.728085840910226,EJU5284_1390,fuel,97166.83424233769,0.015771125422763398,False
72918.61447702821,388.3792,-6873.79616079505,-4534.769721699852,5824.275020292771,52.29804747311073,5.779879523602071,19109.0,0.741291,457.0032,3000.0,85.0331,1.7195507553142806,EJU5284_1390,fuel,96375.91147470943,0.014861785821883737,False
72886.92303701716,406.8734,-2559.1042094222216,-4159.791901191095,6106.127331850337,52.301456969091845,5.8433264274542935,20033.0,0.754001,463.1344,3000.0,85.0302,1.7109480836498725,EJU5284_1390,fuel,95588.91076383574,0.013900975260425951,False
72855.39233512463,425.3677,1813.6367778271265,-3779.545346036694,6387.979643407592,52.30487959937309,5.907636582600295,20958.0,0.766973,469.3621,3000.0,85.0331,1.7022536382474305,EJU5284_1390,fuel,94805.77293693426,0.0006006650147423533,False
72824.0232438851,443.8619,6245.374847171039,-3394.3988646256535,6669.831954964487,52.308310609917896,5.972824804984256,21883.0,0.780212,475.6873,3000.0,85.0421,1.6934794934395396,EJU5284_1390,fuel,94050.02440908903,0.0,False
72792.81156540952,462.3561,10737.07030988307,-3004.7550019149485,6951.684266520975,52.31174500111979,6.038905179021149,22807.0,0.793723,482.1109,3000.0,85.0564,1.684638272840513,EJU5284_1390,fuel,93382.7830945212,0.0,False
72761.73985375394,480.8504,15289.68780211822,-2610.9639976403746,7233.536578077048,52.31517810071042,6.105892169437346,23732.0,0.807513,488.6339,3000.0,85.065,1.6757047393995907,EJU5284_1390,fuel,92907.14195814758,0.0,False
72730.76738578976,499.3446,19904.12722616725,-2212.5281809231224,7515.38888963232,52.318612818545695,6.173799308788299,24657.0,0.819211,493.8258,3000.0,85.06,1.6660113156837708,EJU5284_1390,fuel,92592.14162683047,0.0,False
72699.85862346152,517.8389,24567.67179817794,-1809.4407785544724,7797.241201187768,52.32204821054941,6.242439771218735,25582.0,0.82,492.4058,3000.0,85.0556,1.6534429537397395,EJU5284_1390,fuel,91631.71077284115,0.0,False
72669.14973609072,536.3331,29217.658917140583,-1407.169166898786,8079.093512742682,52.325437191835874,6.310891271708974,26506.0,0.82,490.5027,2894.0,85.0624,1.6228606454171495,EJU5284_1390,fuel,89176.40747423947,0.0,False
72638.97612956174,554.8274,33850.49729230396,-1006.9314017032544,8350.945793685332,52.32876936596226,6.379100643510485,27398.0,0.82,488.6601,2672.0,85.0714,1.5708483756950387,EJU5284_1390,fuel,85155.82049305816,0.0,False
72609.72311271438,573.3216,38467.70800172464,-608.7741384984034,8601.947487503465,52.3320446321389,6.447090010601747,28222.0,0.82,486.9527,2450.0,85.0695,1.5173154935268396,EJU5284_1390,fuel,81240.71193153321,0.0,False
72581.41718034455,591.8159,43070.42044654271,-211.7160525998255,8832.098594193525,52.33527211242277,6.514875871317644,28977.0,0.82,485.3817,2228.0,85.059,1.4623608094960512,EJU5284_1390,fuel,77419.15786310207,0.0,False
72554.08373784905,610.3101,47659.79082955858,185.04357624375476,9041.39911375443,52.338459263138645,6.58247515364266,29663.0,0.819671,483.7548,2006.0,85.0636,1.405985638025171,EJU5284_1390,fuel,73653.15190103304,0.0,False
72527.75455834622,628.8044,52235.313686655914,580.2318928424942,9229.849046185765,52.34159501260805,6.649880053350089,30282.0,0.817264,481.0445,1784.0,85.0786,1.3477728147011805,EJU5284_1390,fuel,69791.14816786576,0.0,False
72502.50161978776,647.2986,56786.71387287079,972.1407750265738,9397.44839148741,52.34466540676963,6.716938812648722,30832.0,0.814798,478.4468,1562.0,85.077,1.2882315076654829,EJU5284_1390,fuel,65989.01778110984,0.0,False
72478.35316633855,665.7929,61314.86213578227,1362.1691086079163,9544.19714965951,52.347683521950735,6.783664196374785,31313.0,0.812247,475.946,1340.0,85.0682,1.2273773072667025,EJU5284_1390,fuel,62235.26210059395,0.0,False
72455.33755602482,684.2871,65820.54030209467,1750.957384116275,9670.095320702536,52.350655593324575,6.850067593979187,31726.0,0.809677,473.5803,1118.0,85.0647,1.1652434702320231,EJU5284_1390,fuel,58526.059512187654,0.0,False
72433.48110231131,702.7813,70304.97449656398,2138.191427027921,9775.142904617675,52.353579185825545,6.916166775910739,32071.0,0.80689,471.2347,896.0,85.0748,1.1017910170876533,EJU5284_1390,fuel,54841.27505443562,0.0,False
72412.8135875524,721.2756,74768.3565952552,2522.817375050539,9859.339901408708,52.35644531229034,6.981964109850576,32347.0,0.804104,469.0349,674.0,85.0848,1.037137671524006,EJU5284_1390,fuel,51190.58295649862,0.0,False
73621.30297723677,0.0,-74827.80160416025,-1385.1380819865942,30.48000030442461,52.321296936551484,4.7799603539678435,100.0,0.3,198.3755,1983.0,183.0038,1.8569941872523614,EJU5284_1390,pop,110669.00037613505,0.17029303634386675,False
73586.73364860393,18.6019,-74926.69274705532,-3269.727713792116,217.84370181941304,52.30433721862623,4.778927643065986,715.0,0.358607,236.6272,2206.0,183.0038,1.7999812611643196,EJU5284_1390,pop,104287.48128237514,0.13276304071518236,False
73553.24407994238,37.2038,-75044.71194520767,-5518.84478009853,426.301398219775,52.28409705128707,4.777696132243866,1399.0,0.418879,275.7442,2429.0,155.1009,1.7843325908634464,EJU5284_1390,pop,102660.44428034223,0.08940804078842172,False
73520.07101160692,55.8056,-73939.37305254095,-7900.194170802344,655.8530895055818,52.26283431983478,4.794469012977177,2152.0,0.480991,315.8035,2652.0,127.4121,1.7988677222542664,EJU5284_1390,pop,104170.1127372435,0.06808469493685852,False
73486.65607264783,74.4075,-71550.61481100722,-9727.33596039843,906.4987756765793,52.24672169344886,4.829954924127162,2974.0,0.541385,354.4347,2876.0,116.875,1.8331648386281965,EJU5284_1390,pop,107907.12295327408,0.05640218374706886,False
73452.63337873964,93.0094,-68539.55477161308,-11253.280214494993,1178.2384567320273,52.23338494465852,4.874490021173231,3866.0,0.56518,368.8532,3000.0,101.9446,1.8498325939676707,EJU5284_1390,pop,109823.2478344116,0.04541612488701481,False
73418.3074954441,111.6113,-65102.97372545977,-11980.275052529298,1461.7311531820037,52.22726643890668,4.925089508748716,4796.0,0.574319,373.5846,3000.0,90.7227,1.8425129018416904,EJU5284_1390,pop,108973.03196768273,0.039611774023598334,False
73384.11950184016,130.2132,-61545.31423131064,-12025.148928998284,1745.2238496319515,52.227273752441015,4.977327403211752,5726.0,0.583646,378.3942,3000.0,82.2477,1.835109120554285,EJU5284_1390,pop,108127.03210913847,0.03851387768968392,False
73350.07096355637,148.8151,-57974.258904750466,-11539.005805720584,2028.7165460818057,52.23203455784958,5.029670329870274,6656.0,0.593165,383.2833,3000.0,77.7902,1.827621703375092,EJU5284_1390,pop,107285.16856353621,0.039018598671905526,False
73316.16343678333,167.4169,-54406.03935830426,-10766.890921136961,2312.209242531506,52.23934353891103,5.081936490992516,7586.0,0.60288,388.2532,3000.0,76.4024,1.8200510786144515,EJU5284_1390,pop,106447.36006026033,0.03970345781135218,False
73282.39846871055,186.0188,-50811.32479713713,-9897.394450740945,2595.7019389810516,52.24750760793378,5.134594252232801,8516.0,0.612795,393.305,3000.0,76.4119,1.8123975716561764,EJU5284_1390,pop,105613.51555841981,0.03868297385604382,False
73248.77759798539,204.6207,-47169.46280210791,-9017.136325495667,2879.194635430473,52.255749083037536,5.18796248603663,9446.0,0.622915,398.4399,3000.0,76.428,1.804661512172903,EJU5284_1390,pop,104783.54650941353,0.03680600451217294,False
73215.30235518953,223.2226,-43479.578676003395,-8126.366041556119,3162.6873318797675,52.26406483936586,5.242054782189149,10376.0,0.633244,403.6593,3000.0,76.3946,1.7968432800391239,EJU5284_1390,pop,103957.37158700346,0.03484160026654624,False
73181.97426332635,241.8245,-39741.663555262705,-7221.699579297963,3446.1800283289795,52.27248432778532,5.296871579648418,11306.0,0.643787,408.9644,3000.0,77.1166,1.7889431498786603,EJU5284_1390,pop,103134.9001864121,0.030991690397702904,False
73148.79483831394,260.4264,-35943.15711819669,-6352.886163056308,3729.67272477817,52.28055998620331,5.352603675016373,12236.0,0.654548,414.3563,3000.0,78.7581,1.7809613245549007,EJU5284_1390,pop,102316.03659595156,0.026864459678461804,False
73115.76558947588,279.0282,-32070.718500018393,-5583.180448651131,4013.16542122735,52.287722465600446,5.409452498949216,13167.0,0.665532,419.8364,3000.0,80.5282,1.772887159313446,EJU5284_1390,pop,101499.59858365293,0.023415058711727315,False
73082.88802002273,297.6301,-28124.634954135865,-4924.831612349949,4296.658117676513,52.29385999470282,5.467411917638454,14097.0,0.676744,425.4057,3000.0,82.2054,1.7647424760571961,EJU5284_1390,pop,100687.681293071,0.02041606208162002,False
73050.16362751563,316.232,-24108.183915319052,-4375.0337473761765,4580.150814125618,52.29899604075845,5.526430006169753,15027.0,0.688189,431.0656,3000.0,83.395,1.7565167608867185,EJU5284_1390,pop,99879.10464659461,0.01914553192957967,False
73017.59390430307,334.8339,-20027.400893778777,-3902.512435776054,4863.643510574624,52.30341006294725,5.586412529438634,15957.0,0.699872,436.8171,3000.0,84.0616,1.7482100738220947,EJU5284_1390,pop,99073.76855501784,0.018011133245473446,False
72985.18033792067,353.4358,-15886.677211794618,-3471.8062070148153,5147.136207023523,52.307419386515015,5.647290606708066,16887.0,0.711796,442.6614,3000.0,84.7065,1.7398225451014762,EJU5284_1390,pop,98271.58251481931,0.016833007350239827,False
72952.92441144346,372.0377,-11685.708690415071,-3082.5729008895933,5430.628903472305,52.311025720838856,5.709067315243179,17817.0,0.723969,448.5997,3000.0,85.2798,1.7313542935103767,EJU5284_1390,pop,97472.45737465096,0.01573781292104675,False
72920.82760377912,390.6395,-7424.456535727459,-2730.719725492959,5714.121599920961,52.31426447422693,5.77174171050025,18747.0,0.736394,454.633,3000.0,85.727,1.722805337841121,EJU5284_1390,pop,96676.29710855035,0.01479031247444746,False
72888.89138988924,409.2414,-3103.051807924898,-2407.838756416938,5997.614296369474,52.31720984260478,5.835310470163163,19677.0,0.749077,460.7626,3000.0,86.1216,1.714175834332859,EJU5284_1390,pop,95883.02099307923,0.01421720896076172,False
72857.1172409257,427.8433,1278.951382255131,-2110.766833565361,6281.10699281751,52.3198888070966,5.899778984412344,20607.0,0.762023,466.9893,3000.0,86.3151,1.7054657091660996,EJU5284_1390,pop,95092.96247835673,0.005533503611678353,False
72825.50650132503,446.4452,5721.345378460454,-1824.6632226319027,6564.599689264266,52.3224333165035,5.965143795603685,21537.0,0.775237,473.3143,3000.0,86.3472,1.6966750868037717,EJU5284_1390,pop,94318.08313130471,0.0,False
72794.05770413033,465.0471,10224.246629829759,-1537.1961980207784,6848.092385710617,52.32495287994826,6.031406427488223,22467.0,0.788725,479.7385,3000.0,86.369,1.6878039425046238,EJU5284_1390,pop,93604.01319942533,0.0,False
72762.75922031698,483.649,14788.54829351603,-1247.5572599381335,7131.585082156482,52.327453237123684,6.098580165700503,23398.0,0.802492,486.2629,3000.0,86.3832,1.6788394797609911,EJU5284_1390,pop,93038.923667881,0.0,False
72731.57959906447,502.2508,19415.164626278813,-955.1145666310722,7415.077778601112,52.329938492209365,6.166678624518853,24328.0,0.815112,492.0242,3000.0,86.3902,1.6693937705418709,EJU5284_1390,pop,92665.27310342732,0.0,False
72700.47724874277,520.8527,24096.76724643296,-659.7693905758216,7698.570475046156,52.33240826603785,6.235594104484675,25258.0,0.82,493.0703,3000.0,86.3917,1.657750953264263,EJU5284_1390,pop,91971.98678216874,0.0,False
72669.51880712762,539.4546,28788.297207019226,-363.92089888502187,7982.063171490775,52.33484193635104,6.304663367918668,26188.0,0.82,491.1587,2991.0,86.3906,1.6437643233607109,EJU5284_1390,pop,90866.50041402692,0.0,False
72638.79451445029,558.0565,33461.573446939154,-69.13336092447813,8264.713821451634,52.33722689770222,6.373471402415519,27115.0,0.82,489.2454,2768.0,86.3898,1.5921938862465503,EJU5284_1390,pop,86783.26417725933,0.0,False
72608.98918720493,576.6584,38118.40835664312,224.68388363319298,8526.270476533884,52.339564299687204,6.44204468857365,27973.0,0.82,487.4681,2545.0,86.3915,1.5390571896415768,EJU5284_1390,pop,82812.12981834012,0.0,False
72580.13025018379,595.2602,42760.03847640451,517.4039263912224,8766.73313673406,52.341853317282144,6.5104012157018225,28762.0,0.82,485.8284,2321.0,86.3961,1.4842407914188707,EJU5284_1390,pop,78925.5202607917,0.0,False
72552.24394957002,613.8621,47387.71436497865,808.8656588101314,8986.101802051102,52.34409277366216,6.578559173353604,29482.0,0.82,484.3277,2098.0,86.4041,1.428225517251192,EJU5284_1390,pop,75140.26238966502,0.0,False
72525.3555491702,632.464,52002.69883807387,1098.8878008613444,9184.376472484606,52.34628126627339,6.646536924940687,30132.0,0.819228,482.5127,1875.0,86.4123,1.3707176039570899,EJU5284_1390,pop,71368.46096177754,0.0,False
72499.50729873184,651.0659,56601.909269600575,1387.2565249977351,9361.557148034473,52.348417506642015,6.714288853021784,30714.0,0.816728,479.8259,1652.0,86.4187,1.3114626010356398,EJU5284_1390,pop,67522.97022573138,0.0,False
72474.76541494472,669.6678,61176.931109824,1673.596943643609,9517.643828700819,52.350499457833926,6.781690798894435,31226.0,0.814253,477.3035,1429.0,86.4222,1.2509140348327654,EJU5284_1390,pop,63738.658559109725,0.0,False
72451.15646263048,688.2697,65729.2319330155,1958.2297061053646,9652.636514484115,52.3525304287485,6.848764194003222,31669.0,0.81164,474.848,1205.0,86.4249,1.188784627291764,EJU5284_1390,pop,59978.88592232551,0.0,False
72428.71023230423,706.8715,70259.35534335182,2241.26425242194,9766.535205385502,52.35451189612953,6.915516846433078,32042.0,0.808978,472.5129,982.0,86.4269,1.1256353449622836,EJU5284_1390,pop,56272.85611965054,0.0,False
72407.45369316149,725.4734,74768.35659525348,2522.817374999406,9859.3399014087,52.35644531228988,6.98196410985054,32347.0,0.806316,470.3257,759.0,86.429,1.0612552600559193,EJU5284_1390,pop,52602.323194913086,0.0,False
73609.14798086777,0.0,11108.0,30739.0,0.0,52.315684173066735,4.779660906110491,0.0,0.18935704228820205,125.25573839150044,0.0,183.66193557551978,1.3831661377730007,EJU5284_1390,real,70118.57313133328,0.18124912941615445,False
73559.57667659433,29.0,10919.0,27088.0,594.36,52.2828369140625,4.776763916015625,1950.0,0.22392041809859825,147.12239802287073,1472.0,182.3373058591238,1.8633259743353632,EJU5284_1390,real,127272.28121043365,0.07697267816825494,False
73512.01113800946,49.0,11302.0,25482.0,754.38,52.26837158203125,4.7823333740234375,2475.0,0.2659660088753881,174.42763542512407,1472.0,152.7004277886672,1.7809902035634984,EJU5284_1390,real,105529.72846569309,0.06734988857356872,False
73484.52558459037,69.0,12855.0,24224.0,876.3000000000001,52.25701904296875,4.8050689697265625,2875.0,0.3308967722303236,216.7071757002984,1408.0,111.94869908352698,1.596887323552999,EJU5284_1390,real,85026.14283565918,0.06140146438999715,False
73451.52023603204,89.0,15192.0,24123.0,1165.8600000000001,52.25605773925781,4.839324951171875,3825.0,0.3616433624196979,236.05296015936761,3584.0,88.78628794224619,1.8832497644728687,EJU5284_1390,real,144628.81081380934,0.057874166473976835,False
73419.63218703786,109.0,17696.0,24090.0,1501.14,52.255678338519594,4.8760463169642865,4925.0,0.3771965233095309,245.246814454337,2176.0,92.57073711069053,1.7496269186988345,EJU5284_1390,real,100873.96679344832,0.055115796936026376,False
73374.1535291519,129.0,20367.0,23955.0,1714.5,52.2543748758607,4.915204729352679,5625.0,0.4154083118125566,269.41789101691074,2816.0,93.19162665655428,1.8164919825833508,EJU5284_1390,real,112300.33957169746,0.051473673847739085,False
73325.86097973054,159.0,24564.0,23788.0,2186.94,52.252698995299255,4.976728166852679,7175.0,0.44073257126554094,284.2534080710379,2816.0,92.41950921665635,1.7996775183523432,EJU5284_1390,real,108858.72241104272,0.04368156186779836,False
73293.36716311412,179.0,27562.0,23669.0,2522.2200000000003,52.25148863711599,5.020673479352679,8275.0,0.45345045083980573,291.29023327259017,3776.0000000000005,92.55790455019219,1.8684621492199276,EJU5284_1390,real,130131.4335527654,0.04000314199439404,False
73244.24848052415,199.0,30587.0,23552.0,2895.6000000000004,52.25027827893273,5.0650111607142865,9500.0,0.4554889319408372,291.29023327259017,3776.0000000000005,92.55790455019219,1.8678013523548616,EJU5284_1390,real,129733.68957664959,0.03809611255836426,False
73213.94163339386,219.0,33595.0,23430.0,3208.02,52.24900817871094,5.109100341796875,10525.0,0.4683398801593182,298.37727795527593,2048.0,92.8815837289982,1.6241697349788244,EJU5284_1390,real,87361.62040723106,0.03659749135386079,False
73176.88237724698,249.0,38533.0,23225.0,3421.38,52.246833413334215,5.1814662388392865,11225.0,0.5277941230773189,335.3818719012702,1728.0,92.73443690216453,1.5024080034065188,EJU5284_1390,real,77859.61928452516,0.03496995351864338,False
73146.61925007496,259.0,40273.0,23151.0,3528.0600000000004,52.24604202529131,5.20697021484375,11575.0,0.5395776407959338,342.42225394971047,2688.0,92.84569360940232,1.7218675804535546,EJU5284_1390,real,97308.59935064348,0.034267913057785405,False
73097.259553055,289.0,45409.0,22957.0,4198.62,52.243900622351696,5.2822265625,13774.999999999998,0.5124171149385497,322.50271316688173,5120.0,93.19953970956257,1.8855977191492765,EJU5284_1390,real,149988.2551502907,0.03047996157568531,False
73051.4817744029,319.0,50295.0,22585.0,4732.02,52.24012989108845,5.353794642857143,15525.0,0.5058424492884497,316.2419959461425,1984.0,95.07960786001458,1.5683060917292304,EJU5284_1390,real,82727.40910293272,0.027256773198653134,False
73019.75817742977,339.0,53576.0,22329.0,4853.9400000000005,52.237518310546875,5.4018402099609375,15925.0,0.5389663959115971,336.4312708414603,896.0,95.28694085023533,1.1680155944393604,EJU5284_1390,real,58219.189621057296,0.02531744347093468,False
72996.60882112817,359.0,57197.0,22018.0,4968.240000000001,52.23435974121094,5.454864501953125,16300.000000000002,0.5707035795767226,355.72601816566635,1664.0,95.64648599836268,1.4396376972161455,EJU5284_1390,real,73650.30186310923,0.023307429861161213,False
72967.04434052554,379.0,60861.0,21711.0,5212.08,52.231201171875,5.5084991455078125,17100.0,0.5803336952216401,360.60643366418185,2944.0,95.41020410975807,1.7280126672206055,EJU5284_1390,real,98072.73517523348,0.021394591257060967,False
72936.82123874454,399.0,64472.0,21446.0,5532.12,52.22840881347656,5.561370849609375,18150.0,0.5757073135520969,356.2653505464712,2496.0,94.83041995828995,1.6439109054566674,EJU5284_1390,real,89148.06442331584,0.01952454010445664,False
72894.75453957533,419.0,68128.0,21194.0,5768.34,52.22569869736493,5.6148768833705365,18925.0,0.5852836896034973,361.08724707472015,2176.0,94.4473848500905,1.5622338084645024,EJU5284_1390,real,82256.02762402018,0.01814143626309894,False
72855.12668240466,449.0,73766.0,20897.0,6065.52,52.222300384004235,5.697431291852679,19900.0,0.6065674386355336,372.7733896082176,2112.0,93.69138598645128,1.5335106102622054,EJU5284_1390,real,80090.32910860385,0.016450782636032307,False
72828.55613720122,469.0,77621.0,20717.0,6278.88,52.220158981064614,5.7538539341517865,20600.0,0.6162088189679812,377.6413642597961,2048.0,93.33973273214838,1.5100262323732794,EJU5284_1390,real,78395.60327399045,0.006401098309903843,False
72786.45965404781,489.0,81581.0,20584.0,6515.1,52.2183837890625,5.8118438720703125,21375.0,0.6225421972608918,380.33669294455404,2688.0,92.41102974661125,1.6497460222369302,EJU5284_1390,real,89693.84949295696,0.0,False
72757.71996449496,509.0,85421.0,20496.0,6804.660000000001,52.217010498046875,5.868072509765625,22325.0,0.6183051367502632,376.29908317719827,2304.0,92.2845244580079,1.5641919666916904,EJU5284_1390,real,82407.53833426593,0.0,False
72722.5632264949,539.0,91324.0,20407.0,7040.88,52.21527099609375,5.9545135498046875,23100.0,0.641407408482272,389.12851347594665,1856.0,91.47257489127999,1.4354115459324635,EJU5284_1390,real,73378.62942049801,0.0,False
72695.1173081458,549.0,93365.0,20471.0,7147.56,52.21549987792969,5.9844207763671875,23450.0,0.6507220483963576,394.21440866614705,2368.0,88.11021569928815,1.5615781129444326,EJU5284_1390,real,82192.4450027796,0.0,False
72658.05196767687,579.0,99514.0,21315.0,7437.120000000001,52.22202107057733,6.074733189174108,24400.0,0.6728357885270371,406.02093542082287,1664.0,81.92976782208193,1.3668665410056193,EJU5284_1390,real,69153.1927948691,0.0,False
72624.51785769332,609.0,105681.0,22296.0,7642.860000000001,52.22970218981727,6.165370396205358,25075.0,0.6911769511132502,415.92427195344106,1472.0,82.12315853758628,1.304859902943312,EJU5284_1390,real,65567.50658333601,0.0,False
72583.53307480911,629.0,109911.0,23061.0,7879.080000000001,52.23575398073358,6.227600097656251,25850.0,0.697401711221053,418.3168655457248,2432.0,78.55575980312716,1.5487668169269004,EJU5284_1390,real,81214.74714388898,0.0,False
72561.64608146745,649.0,114086.0,24345.0,8046.72,52.24646099543167,6.289202008928572,26400.0,0.7186695398078384,430.08138764657093,1024.0,71.9863360812466,1.157987095143799,EJU5284_1390,real,57712.76083301105,0.0,False
72539.72773255526,669.0,118242.0,25845.0,8168.64,52.25907897949219,6.3506317138671875,26800.0,0.7336348123515781,438.2989847124905,1216.0,71.23434327961131,1.2183264630893844,EJU5284_1390,real,60849.37595281812,0.0,False
72516.43353571264,689.0,122524.0,27413.0,8321.04,52.27225093518273,6.413975306919643,27300.0,0.7399519735848002,441.1405671665212,1792.0,71.35969083958311,1.377181780537574,EJU5284_1390,real,69770.28679989072,0.0,False
72482.39745496807,709.0,126827.0,28988.0,8481.060000000001,52.28544616699219,6.4776611328125,27825.000000000004,0.7469176446757523,444.30282465903815,1280.0,71.36115246661119,1.2286460015319074,EJU5284_1390,real,61397.968619624866,0.0,False
72448.95933276466,739.0,133230.0,31304.0,8686.800000000001,52.30476379394531,6.5724945068359375,28500.000000000004,0.756003057813643,448.41498636865384,1472.0,71.80748603282792,1.2783178543549811,EJU5284_1390,real,64095.75691498934,0.0,False
72425.35506905994,759.0,137582.0,32875.0,8846.82,52.317825576006356,6.636997767857143,29024.999999999996,0.7619745069704553,450.94123785699617,1984.0,71.6454098614325,1.4096460382531648,EJU5284_1390,real,71773.49825123476,0.0,False
72387.2247146112,779.0,141949.0,34426.0,9060.18,52.33067399364406,6.701738630022322,29725.0,0.7534059933164831,444.52783939816413,1984.0,73.39952020946974,1.4031435649109256,EJU5284_1390,real,71358.7937103167,0.0,False
72359.8122074087,799.0,146320.0,35607.0,9319.26,52.34014892578125,6.7664337158203125,30575.0,0.728613153986401,428.3176391417939,2688.0,78.69006752597979,1.5679398441800956,EJU5284_1390,real,82699.30004349654,0.0,False
72320.75145509854,829.0,152559.0,36661.0,9692.640000000001,52.347930908203125,6.8585205078125,31800.000000000004,0.7040950470425913,411.6916321714591,1792.0,83.4446427115972,1.3532801521624134,EJU5284_1390,real,68348.73272532315,0.0,False
72299.38591540013,839.0,154704.0,36972.0,9768.84,52.3501328290519,6.890154157366072,32050.0,0.7046773826879796,411.5786680575173,1344.0,83.58294248384632,1.2156255345476703,EJU5284_1390,real,60696.420925225684,0.0,False
72267.07208706492,869.0,160926.0,37872.0,9959.34,52.3564453125,6.981964111328125,32675.0,0.711938610243589,414.67215966351057,1536.0,83.49196490607322,1.2711635446014313,EJU5284_1390,real,63693.321200507824,0.0,False
74405.63038378945,0.0,94182.31124489584,-43884.90834502528,30.480000304326897,52.30459976287911,4.77752017830639,100.0,0.3,198.3755,2415.0,237.9631,1.9745386758653622,EIN60Y_1710,fuel,127268.11126403317,0.17614468301776784,True
74357.46207674353,24.3719,92092.53256807977,-45192.61850365915,329.48835665832337,52.29319855759921,4.746429663254,1081.0,0.359825,237.1306,2708.0,237.9631,1.9293363744484266,EIN60Y_1710,fuel,120150.73272870044,0.09362330923467933,True
74310.42516522516,48.7438,89592.88998489006,-46756.80711140744,664.7062585822346,52.279550454214515,4.7092625395111725,2181.0,0.424543,278.7131,3000.0,274.5209,1.9097592374771024,EIN60Y_1710,fuel,117391.5545222183,0.06431899368263605,True
74263.90479132296,73.1156,86136.23936994688,-46483.491298513516,1036.1337060756298,52.28256445649153,4.658530579192397,3399.0,0.489696,320.116,3000.0,297.4873,1.8653161982804083,EIN60Y_1710,fuel,111669.89369797989,0.05338814686068823,True
74218.5197999934,97.4875,82598.54690534489,-44642.88226354528,1407.561153572688,52.29966155112238,4.606987714092518,4618.0,0.557894,363.1294,3000.0,297.4908,1.8485219455972346,EIN60Y_1710,fuel,109669.9724857643,0.04561513959650942,True
74173.5990269659,121.8594,78581.88429102194,-42552.761823183166,1778.9886010699101,52.31904899773915,4.548418267653359,5837.0,0.58477,378.9723,3000.0,297.4933,1.8411213903066936,EIN60Y_1710,fuel,108812.97492679066,0.036981391639854796,True
74128.87488016051,146.2313,74389.01591218365,-40370.71578925179,2150.4160485671223,52.33925812728976,4.487224775664196,7055.0,0.597311,385.4069,3000.0,297.4918,1.8313466470089947,EIN60Y_1710,fuel,107702.30619205307,0.0278707657833813,True
74084.39292176436,170.6032,70124.55074801474,-38151.5531325302,2521.8434960643012,52.35977859274574,4.424928964883942,8274.0,0.610192,391.9808,3000.0,297.4881,1.821417483193554,EIN60Y_1710,fuel,106597.60242196266,0.019018358527075254,True
74040.15667457515,194.975,65786.85955596564,-35894.641590878455,2893.2709435614465,52.38061457158417,4.361504046784898,9492.0,0.623423,398.6971,3000.0,297.484,1.8113542737106478,EIN60Y_1710,fuel,105500.8416103216,0.014549151587679438,True
73996.16963385325,219.3469,61374.34992099449,-33599.203171861,3264.698391058554,52.401771462170586,4.29692367368381,10711.0,0.637013,405.5584,3000.0,297.4762,1.8011378872887434,EIN60Y_1710,fuel,104409.65691040299,0.011396231090068449,True
73952.4352689172,243.7188,56885.265062316575,-31264.701161284225,3636.1258385556225,52.42325242359711,4.231158894014746,11930.0,0.650973,412.5674,3000.0,297.4611,1.7907788212420106,EIN60Y_1710,fuel,103324.92781986733,0.00950801468239817,True
73908.95702476421,268.0907,52317.65719367995,-28890.892240214765,4007.5532860526437,52.44505789992589,4.164177757689763,13148.0,0.665313,419.727,3000.0,297.4428,1.7802885062233862,EIN60Y_1710,fuel,102247.55250591457,0.008082814357217675,True
73865.73832366981,292.4626,47669.704697552064,-26477.217431501595,4378.980733549613,52.467191058139946,4.095950095520156,14367.0,0.680044,427.0399,3000.0,297.4295,1.7696462239558317,EIN60Y_1710,fuel,101175.14404549473,0.006919704386270565,True
73822.78256671343,316.8344,42939.90486713379,-24022.43085274945,4750.408181046528,52.48966111371648,4.026450393919977,15585.0,0.695176,434.5087,3000.0,297.422,1.7588741223051299,EIN60Y_1710,fuel,100109.68296712262,0.006106015730501232,True
73780.09313517077,341.2063,38126.76724622172,-21525.190439274687,5121.835628543382,52.51247805099139,3.955653154839274,16804.0,0.710722,442.136,3000.0,297.4133,1.7479504124846705,EIN60Y_1710,fuel,99048.77101964017,0.005395795444396702,True
73737.67339170708,365.5782,33228.47372439002,-18984.714749956765,5493.2630760401635,52.53564673507408,3.8835277925826235,18023.0,0.726692,449.9245,3000.0,297.4009,1.736886457249665,EIN60Y_1710,fuel,97993.3060601964,0.0048133984919081435,True
73695.5266812975,389.9501,28243.065119606177,-16400.42556654929,5864.690523536865,52.55917009808894,3.8100414479156473,19241.0,0.743098,457.8765,3000.0,297.3893,1.7256943072707276,EIN60Y_1710,fuel,96944.1807673702,0.004339312343893534,True
73653.65633179418,414.322,23168.751171836135,-13771.351919797418,6236.1179710334745,52.583054475373544,3.7351636237089862,20460.0,0.759951,465.9946,3000.0,297.3792,1.7143507997964018,EIN60Y_1710,fuel,95899.2127471929,0.0021219408578688247,True
73612.06556129943,438.6938,18003.74734671782,-11096.446634264214,6607.545418529974,52.60730676844764,3.6588637232331696,21678.0,0.777263,474.2811,3000.0,297.3654,1.7028800665074295,EIN60Y_1710,fuel,94879.87747741076,0.0,True
73570.75147673643,463.0657,12746.002800802316,-8375.114203938998,6978.972866026357,52.63192970074546,3.5811069879453683,22897.0,0.795046,482.7381,3000.0,297.3455,1.6912579118313196,EIN60Y_1710,fuel,93990.88096096307,0.0,True
73529.6799105103,487.4376,7393.313054678717,-5606.996860744566,7350.40031352245,52.656923723067756,3.501856192709371,24115.0,0.812334,490.7765,3000.0,297.3227,1.6792402822999863,EIN60Y_1710,fuel,93410.96650268388,0.0,True
73488.76427903432,511.8095,1950.1748564977302,-2794.8540426056984,7721.827761018629,52.68226108241684,3.42117332395737,25334.0,0.82,492.9138,3000.0,297.3006,1.664549387169836,EIN60Y_1710,fuel,92583.44526393924,0.0,True
73448.06784630941,536.1813,-3517.70018429521,27.403917136479386,8093.255208514713,52.70763430818502,3.340029623274586,26553.0,0.82,490.4069,3000.0,297.2819,1.648759212391042,EIN60Y_1710,fuel,91342.82713157666,0.0,True
73407.70730816982,560.5532,-8958.439547438393,2833.4058401728244,8464.682656010638,52.73280628751551,3.2591949236861693,27771.0,0.82,487.8872,2945.0,297.2676,1.624412712693073,EIN60Y_1710,fuel,89442.27162053206,0.0,True
73367.88092033507,584.9251,-14372.292798923334,5623.833117763768,8829.321042515076,52.757783890239494,3.178667144267655,28968.0,0.82,485.4007,2653.0,297.2564,1.55634703202338,EIN60Y_1710,fuel,84238.98975162365,0.0,True
73329.62895744648,609.297,-19762.07323327529,8400.516712133176,9157.74988345051,52.78258418052135,3.0984058136318056,30045.0,0.82,483.1503,2360.0,297.2442,1.4854554207472968,EIN60Y_1710,fuel,79189.950480829,0.0,True
73293.01211471134,633.6689,-25130.3010403367,11164.652267326412,9449.969178815934,52.80721840884709,3.018374651752152,31004.0,0.818572,480.3013,2068.0,297.2256,1.4121096492598189,EIN60Y_1710,fuel,74185.73364249381,0.0,True
73258.12842544827,658.0407,-30470.45938401052,13912.136814332156,9705.978928611026,52.8316505863497,2.9386722267704775,31844.0,0.815392,476.6762,1775.0,297.2012,1.3359062982238106,EIN60Y_1710,fuel,69149.14012832579,0.0,True
73225.09028949884,682.4126,-35774.00378450953,16637.924188405883,9925.779132835658,52.855836637323556,2.859427890408371,32565.0,0.812103,473.2444,1483.0,297.1754,1.2574781162785116,EIN60Y_1710,fuel,64210.88307463945,0.0,True
73193.96769872085,706.7845,-41042.96386903734,19342.942335890206,10109.369791489786,52.87978573998079,2.780613268289895,33167.0,0.808658,469.9775,1190.0,297.1562,1.176338076707351,EIN60Y_1710,fuel,59316.26558430814,0.0,True
73164.8319095959,731.1564,-46278.67539377567,22028.67391987659,10256.750904573417,52.90351203776784,2.7022101127940883,33651.0,0.805046,466.8697,898.0,297.1477,1.0929923931516428,EIN60Y_1710,fuel,54477.277421331375,0.0,True
73137.75360318752,755.5283,-51482.21745238341,24696.9310527586,10367.922472086628,52.92703260601801,2.6242038014802933,34015.0,0.801238,463.9029,605.0,297.1398,1.0069428382700343,EIN60Y_1710,fuel,49649.01782260162,0.0,True
73112.80218101994,779.9001,-56654.93975620649,27348.487099170463,10442.88449402958,52.9503551053786,2.5465756928406003,34261.0,0.797063,460.9763,313.0,297.1348,0.9187291683819181,EIN60Y_1710,fuel,44842.70468104708,0.0,True
73090.04784107448,804.272,-61796.956286568806,29983.733251989517,10481.636970402653,52.97348384767153,2.4693255700273933,34389.0,0.792513,458.0825,21.0,297.1283,0.8281456758476602,EIN60Y_1710,fuel,40037.82981546277,0.0,True
73069.55530526025,828.6439,-66908.47733002449,32602.62186641112,10484.179901207044,52.99641918004189,2.39245183085642,34397.0,0.792186,457.8761,-0.0,297.1174,0.8213672507438382,EIN60Y_1710,fuel,39683.38517393356,0.0,True
73049.22836258251,853.0158,-72018.29022020468,35219.407456731766,10484.179900965864,53.0192861980356,2.315522475038467,34397.0,0.792144,457.8518,-0.0,297.1074,0.8211838063220547,EIN60Y_1710,fuel,39672.01339359272,0.0,True
73028.90686783209,877.3877,-77128.28959281505,37835.15943829949,10484.179900724643,53.0420942008683,2.2385090734982067,34397.0,0.792147,457.8537,-0.0,297.1011,0.8210208982385494,EIN60Y_1710,fuel,39663.12265621782,0.0,True
73008.58962991061,901.7595,-82238.59849191003,40450.35960631625,10484.179900483383,53.06484740306535,2.1614097314119656,34397.0,0.792136,457.8475,-0.0,297.0949,0.8208517269063229,EIN60Y_1710,fuel,39653.471975494154,0.0,True
72988.27701593844,926.1314,-87349.12080445616,43064.97102690406,10484.179900242081,53.08754538577248,2.0842259426823935,34397.0,0.792123,457.8402,-0.0,297.0967,0.820681761486896,EIN60Y_1710,fuel,39643.72277598245,0.0,True
72967.96907247977,950.5033,-92459.47680472495,45679.706018645826,10484.17990000074,53.11019451973405,2.006963239202566,34397.0,0.792111,457.8328,-0.0,297.0986,0.8205117840864653,EIN60Y_1710,fuel,39633.969523960004,0.0,True
74405.63038379163,0.0,94182.311244891,-43884.90854498564,30.48000030447964,52.30459976108121,4.777520178249951,100.0,0.3,198.3755,1656.0,237.9631,1.7609334886305203,EIN60Y_1710,pop,100311.86346258556,0.17614468038179507,True
74362.61529406454,24.4026,92080.80242481088,-45199.95901562573,235.734217640699,52.29313453643651,4.746255194293562,773.0,0.376241,248.2132,1949.0,237.9631,1.7068214368654016,EIN60Y_1710,pop,95214.91121745283,0.10663408218485515,True
74320.97098057084,48.8053,89450.86802727351,-46845.679668419514,477.2894045991553,52.27877465633793,4.7071515087110045,1566.0,0.455056,299.385,2241.0,274.5671,1.722945693858885,EIN60Y_1710,pop,96689.28466842786,0.07051757050559002,True
74278.98912233708,73.2079,85720.54006670679,-46547.702461044515,755.1455611802303,52.28205254762333,4.652404173535671,2478.0,0.536821,352.0585,2534.0,290.2148,1.7801456717142972,EIN60Y_1710,pop,102233.02449075959,0.05648651888530291,True
74235.6774756058,97.6105,81591.04990925337,-45027.13090800379,1069.3026873837803,52.29635811110733,4.592079774276063,3508.0,0.561717,367.0556,2827.0,291.3914,1.8302629090216973,EIN60Y_1710,pop,107580.60304407077,0.04662922394286282,True
74191.15700592993,122.0131,77321.63046658246,-43354.70652465361,1419.7607832088586,52.31201818673003,4.529693522033187,4658.0,0.572955,372.8792,3000.0,295.221,1.8502238452237858,EIN60Y_1710,pop,109869.0922726937,0.0356876256254831,True
74146.15099481712,146.4158,73109.34374503631,-41370.668519357765,1791.6568363512401,52.33043971829009,4.468172043883066,5878.0,0.585192,379.1895,3000.0,298.2956,1.8405713467646134,EIN60Y_1710,pop,108749.84287107064,0.026227725918253546,True
74101.38439920291,170.8184,68939.8002405035,-39126.01511885625,2163.552889493747,52.35116733870576,4.407282460880751,7098.0,0.597761,385.637,3000.0,298.5671,1.8307728932452545,EIN60Y_1710,pop,107637.83892863028,0.018677965611579153,True
74056.8607815878,195.221,64709.882265228785,-36822.93755542418,2535.4489426362916,52.37239617568835,4.345457902819632,8318.0,0.610671,392.2243,3000.0,298.6027,1.8208293694448074,EIN60Y_1710,pop,106532.88485063071,0.014144408121875535,True
74012.58367535194,219.6237,60408.82804833252,-34477.66539867481,2907.3449957788457,52.3939800536635,4.282533319878176,9539.0,0.623931,398.9544,3000.0,298.4255,1.8107316545456031,EIN60Y_1710,pop,105433.71163746688,0.011274055955748024,True
73968.55658630161,244.0263,56026.285907956306,-32105.517009651383,3279.2410489213657,52.4157805731348,4.218350309268089,10759.0,0.637552,405.83,3000.0,298.3791,1.8005004007183938,EIN60Y_1710,pop,104342.28496127093,0.00939368962161972,True
73924.78299428185,268.4289,51565.94483567904,-29695.918038315845,3651.1371020638394,52.43789046866879,4.15296205308564,11979.0,0.651545,412.8539,3000.0,298.2149,1.7901264945080428,EIN60Y_1710,pop,103257.32520059824,0.008061713902867711,True
73881.26635481254,292.8315,47021.08578020231,-27257.464062829542,4023.0331552062516,52.460231070435086,4.086264903359321,13199.0,0.665919,420.0287,3000.0,298.0571,1.7796104952325746,EIN60Y_1710,pop,102178.6236484432,0.006928609085365772,True
73838.01010070143,317.2342,42390.12290563948,-24789.214042325922,4394.929208348591,52.48280879827449,4.018232447995337,14419.0,0.680685,427.3574,3000.0,297.9832,1.768953051306126,EIN60Y_1710,pop,101105.98729720766,0.006105577310203227,True
73795.01764357998,341.6368,37674.826485328565,-22283.82232749617,4766.8252614908415,52.5056873343957,3.9488884448340733,15639.0,0.695855,434.8425,3000.0,297.8948,1.7581545477490326,EIN60Y_1710,pop,100039.20320326983,0.005411298765066688,True
73752.29237530244,366.0394,32872.72773580669,-19741.80235124581,5138.721314632993,52.528859958229134,3.8781927940958028,16859.0,0.711439,442.4866,3000.0,297.8118,1.747215354836812,EIN60Y_1710,pop,98978.06445622211,0.004830596907822516,True
73709.83766914102,390.442,27982.192949720673,-17162.02837792086,5510.617367775032,52.55233451148779,3.806117781392212,18079.0,0.727449,450.2923,3000.0,297.7364,1.7361358054437483,EIN60Y_1710,pop,97922.36775877517,0.0043592229463577685,True
73667.65688070288,414.8447,23001.665112274797,-14543.156811605248,5882.513420916939,52.576120682596766,3.732636665691469,19300.0,0.743896,458.2623,3000.0,297.6782,1.724904390301217,EIN60Y_1710,pop,96870.81763359583,0.003950389343626341,True
73625.7533484866,439.2473,17930.021171430883,-11882.944694963797,6254.4094740587,52.60023612398646,3.6577289880958346,20520.0,0.760792,466.3987,3000.0,297.6397,1.7135447354343853,EIN60Y_1710,pop,95825.71379964007,0.0017291676935190254,True
73584.13026317875,463.6499,12766.262230617664,-9178.836938906723,6626.305527200191,52.62470119589573,3.5813759012773354,21740.0,0.77815,474.7041,3000.0,297.6226,1.7020455332683042,EIN60Y_1710,pop,94807.84478701932,0.0,True
73542.7839217681,488.0526,7509.48519280286,-6428.024912933998,6998.201580341452,52.649538443389815,3.5035597196720665,22960.0,0.79598,483.1806,3000.0,297.6067,1.6904069012279332,EIN60Y_1710,pop,93930.29175085558,0.0,True
73501.67752149758,512.4552,2157.8367213746533,-3629.4527084146825,7370.097633482176,52.67475456196581,3.4242483628100993,24180.0,0.81312,491.1207,3000.0,297.591,1.6783060571661739,EIN60Y_1710,pop,93363.56458595616,0.0,True
73460.72330064767,536.8578,-3282.7267536711656,-786.2847207645704,7741.993686623064,52.7003181100547,3.3435255613097796,25400.0,0.82,492.778,3000.0,297.5782,1.6634095623942335,EIN60Y_1710,pop,92490.03000328928,0.0,True
73420.00138058048,561.2604,-8742.212959117354,2065.218188777938,8113.889739763772,52.72590136994564,3.2624268382769124,26620.0,0.82,490.2673,3000.0,297.5672,1.6476582742021193,EIN60Y_1710,pop,91255.07822291832,0.0,True
73379.61465126567,585.6631,-14174.182488574535,4901.023389707699,8485.785792904186,52.75128878511037,3.1816425317099553,27841.0,0.82,487.7436,2930.0,297.5589,1.6206416040731038,EIN60Y_1710,pop,89142.28348174994,0.0,True
73339.82796046777,610.0657,-19579.143059515387,7721.739192841031,8848.962832652067,52.77648652807096,3.1011665520947345,29032.0,0.82,485.2664,2637.0,297.5516,1.552234727257067,EIN60Y_1710,pop,83934.86511563939,0.0,True
73301.62318291121,634.4683,-24959.982168419825,10528.986908061095,9175.838902780592,52.801509749501975,3.020957276945301,30104.0,0.82,483.026,2344.0,297.5421,1.4811821470307562,EIN60Y_1710,pop,78894.28246719963,0.0,True
73265.06105625442,658.871,-30319.285418273208,13323.865260494538,9466.414003287862,52.82636880083994,2.940977415519471,31058.0,0.819018,480.4494,2051.0,297.5299,1.4075115093889004,EIN60Y_1710,pop,73915.9718440548,0.0,True
73230.22793226462,683.2736,-35653.28150493789,16104.105197337843,9720.688134173282,52.8510440654173,2.8612845489257244,31892.0,0.815827,476.8295,1758.0,297.5201,1.331163417909119,EIN60Y_1710,pop,68882.54419870158,0.0,True
73197.24905329349,707.6762,-40950.08502398279,18863.803587295617,9938.6612954366,52.87548401550179,2.782057889223618,32607.0,0.812542,473.4117,1466.0,297.5148,1.2526047078296332,EIN60Y_1710,pop,63947.66757382994,0.0,True
73166.1942203118,732.0788,-46211.54573868289,21604.477667828367,10120.333487077729,52.89970314097713,2.7032715938350322,33203.0,0.809129,470.1763,1173.0,297.5127,1.171351721945931,EIN60Y_1710,pop,59057.617379879746,0.0,True
73137.13406716195,756.4815,-51439.36642769808,24327.377468107257,10265.704709096703,52.92371346637217,2.6249018828456343,33680.0,0.805547,467.0989,880.0,297.5113,1.0876450207621728,EIN60Y_1710,pop,54207.356493606625,0.0,True
73110.1394325519,780.8841,-56635.08397531288,27033.395056623267,10374.774961493646,52.947523744818156,2.546927367228869,34038.0,0.801748,464.1515,587.0,297.5083,1.0015030441898403,EIN60Y_1710,pop,49381.13540837393,0.0,True
73085.28021405639,805.2867,-61800.028673061155,29723.0471826989,10447.544244268878,52.97113931558302,2.4693296975777854,34277.0,0.797644,461.2806,294.0,297.5043,0.9129539607699387,EIN60Y_1710,pop,44564.95911108522,0.0,True
73062.62485072814,829.6893,-66934.89636085847,32396.58330065536,10484.012557423102,52.994563139779565,2.3920999740218143,34396.0,0.793137,458.427,1.0,297.4997,0.8220547644369021,EIN60Y_1710,pop,39748.61598025943,0.0,True
73042.23846143312,854.092,-72039.68819945301,35053.93789564262,10484.179900958576,53.017795411023435,2.315239704722646,34397.0,0.793108,458.409,-0.0,297.4947,0.8215646500088677,EIN60Y_1710,pop,39722.190573811255,0.0,True
73021.86725943157,878.4946,-77144.51677174984,37710.747839724594,10484.17990071939,53.0409731699327,2.2382962840437934,34397.0,0.793102,458.4057,-0.0,297.4907,0.8213976814808666,EIN60Y_1710,pop,39712.77468032522,0.0,True
73001.50057006655,902.8972,-82249.49484395614,40367.181591153254,10484.179900480125,53.06409781791704,2.1612680256637273,34397.0,0.793096,458.4021,-0.0,297.4893,0.8212305465935186,EIN60Y_1710,pop,39703.334833108805,0.0,True
72981.13840837756,927.2999,-87354.49951082116,43023.46519956744,10484.179900240786,53.08717130828812,2.084156742473738,34397.0,0.79309,458.3985,-0.0,297.489,0.821063482019233,EIN60Y_1710,pop,39693.900101069106,0.0,True
72960.78076591548,951.7025,-92459.47680473364,45679.70601866219,10484.17990000137,53.11019451973419,2.006963239202431,34397.0,0.793084,458.395,-0.0,297.4888,0.8208965668119426,EIN60Y_1710,pop,39684.48015604027,0.0,True
75136.02575380488,0.0,9029.0,28288.0,137.16,52.293664964578916,4.749075753348214,449.99999999999994,0.2381773489399465,157.30543537970962,2880.0,237.72435568542238,1.888737614383061,EIN60Y_1710,real,181737.98554957676,0.12486513881078076,True
75072.49469661381,23.0,7502.0,27341.0,472.44,52.28517150878906,4.7266387939453125,1550.0,0.22684490350225173,149.25146565444507,2880.0,237.5876933816488,1.8887763792137722,EIN60Y_1710,real,193230.72714461497,0.07672135099727218,True
75031.55872298294,53.0,5491.0,25935.0,754.38,52.27253723144531,4.697113037109375,2475.0,0.26226880027089206,172.00290695217916,1344.0,227.591866705235,1.7747730302352267,EIN60Y_1710,real,104548.16846165455,0.059470832303229276,True
74981.05212733979,83.0,3391.0,23775.0,922.0200000000001,52.253117965439614,4.666285923549108,3025.0,0.33710695646904737,220.6581065811995,1664.0,223.89829388479365,1.694207922669655,EIN60Y_1710,real,94164.661303309,0.05042379317952013,True
74942.55056788313,103.0,1482.0,22340.0,1089.66,52.24021911621094,4.6382904052734375,3575.0,0.38773691434051266,253.30811277967393,2496.0,247.4845305261934,1.8059247787436257,EIN60Y_1710,real,110068.20432502443,0.04769641540338639,True
74879.76787656048,143.0,-3691.0,21578.0,1805.94,52.23335266113281,4.5624542236328125,5925.0,0.42002748105499355,272.12129648375554,2944.0,286.43706896644534,1.835957298647335,EIN60Y_1710,real,117151.1654311874,0.04392379027321233,True
74837.9992494913,163.0,-6006.0,23214.0,2133.6,52.248046875,4.52850341796875,6999.999999999999,0.4474467679951317,288.7663415289254,3712.0,321.18525491558233,1.8715291762735218,EIN60Y_1710,real,132121.7579036383,0.03907432418359649,True
74777.01152481964,193.0,-8315.0,27088.0,2621.28,52.28288269042969,4.4945526123046875,8600.0,0.46647350429964757,299.3008519867593,2560.0,329.922697686573,1.7558260547270426,EIN60Y_1710,real,101732.42554744479,0.030645968253948122,True
74737.05679703846,213.0,-9875.0,29762.0,2895.6000000000004,52.306915283203125,4.471588134765625,9500.0,0.4816432860365567,308.01623333843946,2880.0,329.35525898815337,1.7933019669010497,EIN60Y_1710,real,107676.9956431341,0.025130588332662573,True
74689.09084315025,253.0,-13233.0,35376.0,3307.0800000000004,52.35736083984375,4.4220733642578125,10850.0,0.5352625024203361,340.6024075076393,1088.0,328.69004961746555,1.3080074986782786,EIN60Y_1710,real,65743.51553539773,0.018488586626696453,True
74655.8530253664,273.0,-15119.0,38489.0,3451.86,52.38532632084216,4.394217354910714,11325.0,0.5694193034187872,361.69738732813653,2048.0,328.6830733871928,1.6036706171551693,EIN60Y_1710,real,85595.37814167193,0.015773961887845994,True
74597.60002273972,303.0,-18157.0,43262.0,3878.5800000000004,52.42817687988281,4.3492889404296875,12725.0,0.5793558471237052,366.0833238485468,2368.0,320.8757736702046,1.6621354459427256,EIN60Y_1710,real,90880.3028301453,0.012312872084910357,True
74558.99949865096,333.0,-22682.0,46562.0,4259.58,52.45770263671875,4.2824554443359375,13974.999999999998,0.5835763685542792,367.00953666083393,3008.0,301.1779453642683,1.7609312250167473,EIN60Y_1710,real,102466.04006603765,0.009768794387629452,True
74503.11921022086,363.0,-27523.0,49542.0,4655.820000000001,52.48429637844279,4.210902622767858,15275.000000000002,0.5974617581142929,373.8796597837331,2048.0,301.4368301994976,1.5700061215172472,EIN60Y_1710,real,82860.19152873833,0.008025212569514977,True
74448.78299671932,393.0,-32529.0,52656.0,4983.4800000000005,52.5120415121822,4.136823381696429,16350.0,0.616762291354854,384.36050785688167,2560.0,301.70515986347914,1.6702767658248978,EIN60Y_1710,real,91684.3909561096,0.006850684689208881,True
74411.90259524122,423.0,-37534.0,55795.0,5364.4800000000005,52.53996276855469,4.062652587890625,17600.0,0.6269527332326444,388.81486597093993,2368.0,301.64611776155664,1.6223576016787382,EIN60Y_1710,real,87201.01530391321,0.005890806123953302,True
74360.00223400182,453.0,-42691.0,59030.0,5692.14,52.56869558560646,3.986153738839286,18675.0,0.6440332025605182,397.7247792129628,1984.0,301.5320013451129,1.5248087375893564,EIN60Y_1710,real,79453.39425676974,0.005141413775811962,True
74325.21854872927,473.0,-46135.0,61193.0,5897.88,52.587875107587394,3.9349888392857144,19350.0,0.6538380712333498,402.7033647736259,2176.0,301.5981813126215,1.5646431206191278,EIN60Y_1710,real,82441.40884810954,0.00475072074631855,True
74273.24193506251,513.0,-53234.0,65642.0,6316.9800000000005,52.62725830078125,3.8294219970703125,20725.0,0.6705877269356431,410.7614879708174,2240.0,301.56181184164933,1.566833682297207,EIN60Y_1710,real,82611.91606491822,0.0011179680377626964,True
74240.35888895368,533.0,-56835.0,67901.0,6522.72,52.647216796875,3.775787353515625,21400.0,0.6788490266876506,414.6950686950594,1600.0,301.3902681041878,1.3988673110662364,EIN60Y_1710,real,71086.16328568176,0.0,True
74189.3217517259,563.0,-62200.0,71263.0,6835.14,52.67688298629502,3.6958007812500004,22425.0,0.6875933369182017,418.2977408497445,1792.0,301.41008608946265,1.4411886988170797,EIN60Y_1710,real,73748.57277392759,0.0,True
74158.06426860331,583.0,-65886.0,73583.0,7002.780000000001,52.697319418697035,3.640790666852679,22975.0,0.6956213680647305,422.234531984299,1664.0,301.2430188836562,1.4017556659361072,EIN60Y_1710,real,71263.72962285925,0.0,True
74109.64467745421,623.0,-73426.0,77918.0,7345.68,52.73535259699417,3.528180803571429,24100.0,0.7094648658069627,428.65487282894617,1984.0,298.41844324999363,1.4749614544847285,EIN60Y_1710,real,75973.07780623934,0.0,True
74079.15494539302,643.0,-77352.0,80126.0,7528.56,52.75467177568856,3.4694824218750004,24700.0,0.7171826901193569,432.24530072633524,1408.0,298.46235421423205,1.3136680645283283,EIN60Y_1710,real,66063.85237324637,0.0,True
74033.84232965978,673.0,-83186.0,83461.0,7757.160000000001,52.7838134765625,3.3821411132812504,25450.0,0.7310286979623809,439.21976276119454,1536.0,299.30801146715834,1.3447733067430434,EIN60Y_1710,real,67851.45784730576,0.0,True
74003.42564416442,703.0,-89031.0,86917.0,7993.38,52.81397932666843,3.2944859095982144,26225.0,0.7433228134383117,445.16176834943946,1728.0,299.6171673161781,1.3903760689241835,EIN60Y_1710,real,70566.56630713196,0.0,True
73957.92895925193,733.0,-94872.0,90360.0,8252.460000000001,52.843963623046875,3.206787109375,27075.0,0.7489643006212978,446.93847451299155,1280.0,300.52404314253874,1.2557314719020198,EIN60Y_1710,real,62852.77239927773,0.0,True
73913.92131991831,763.0,-100419.0,94548.0,8473.44,52.88064213122352,3.1230991908482144,27800.0,0.7654970017640376,455.4031181272258,1408.0,308.58121326976124,1.2886248732857783,EIN60Y_1710,real,64681.83703004167,0.0,True
73885.30160328964,793.0,-105874.0,99068.0,8656.32,52.92025808560646,3.0405447823660716,28399.999999999996,0.7790788667957528,462.299686350748,1472.0,308.05977304106256,1.3028378335247002,EIN60Y_1710,real,65559.3377393947,0.0,True
73842.98587336164,823.0,-111396.0,103559.0,8884.92,52.95954895019531,2.95684814453125,29150.0,0.7845509757192192,464.05279872014563,896.0,307.7342080633391,1.1265006258390025,EIN60Y_1710,real,56303.10192480312,0.0,True
73817.75957552607,843.0,-115345.0,106218.0,8968.74,52.98263808428231,2.8970947265625,29424.999999999996,0.7880312131903372,465.55987799637546,832.0,296.95031958417417,1.1044434038477289,EIN60Y_1710,real,55262.007168305034,0.0,True
73774.59767777074,883.0,-124284.0,109230.0,9265.92,53.00775146484375,2.76275634765625,30400.0,0.7783739625233562,457.91811495069726,1600.0,283.641734271622,1.3133154876376087,EIN60Y_1710,real,66192.3820685389,0.0,True
73746.92472222474,903.0,-128784.0,110463.0,9410.7,53.01778502383474,2.6951817103794644,30875.0,0.7795542704621317,457.6647244435603,1024.0,284.03624346792645,1.140001252813493,EIN60Y_1710,real,56974.246988663006,0.0,True
73709.59660651421,933.0,-135715.0,112338.0,9540.24,53.032961053363344,2.591047014508929,31299.999999999996,0.7922639322703606,464.2628565801921,1408.0,283.19812048076113,1.2515747415730338,EIN60Y_1710,real,63054.28598079844,0.0,True
73682.12841091503,953.0,-140263.0,113544.0,9685.02,53.04264391882945,2.5226963588169644,31775.0,0.7918632842269442,463.0615509843157,960.0,283.10590660892706,1.1131781847660114,EIN60Y_1710,real,55894.859949050064,0.0,True
73639.25551955895,993.0,-149458.0,115954.0,9921.24,53.061859130859375,2.3844146728515625,32549.999999999996,0.7908456561627373,460.8871879321446,2368.0,283.0412062917418,1.485897893681567,EIN60Y_1710,real,77186.61982558141,0.0,True
73610.75830516739,1013.0,-154010.0,117145.0,10104.12,53.0712890625,2.3159027099609375,33150.0,0.7847151491220229,456.0975772792484,1472.0,282.66506376504236,1.2516671611837316,EIN60Y_1710,real,62998.90855008214,0.0,True
73573.16026066586,1043.0,-160874.0,118859.0,10287.0,53.08470153808594,2.2126007080078125,33750.0,0.7872889046493343,456.3693679466228,640.0,281.6300172978019,0.9891149332380825,EIN60Y_1710,real,49871.368947322626,0.0,True
73550.59772808055,1073.0,-167678.0,120509.0,10416.54,53.09747314453125,2.1101597377232144,34175.0,0.7942185061190237,459.5095211200743,384.0,281.676737830954,0.902581291908146,EIN60Y_1710,real,46041.01329366214,0.0,True
73510.85591454909,1103.0,-174528.0,122166.0,10584.18,53.110198974609375,2.006966727120536,34725.0,0.7954946280474202,459.10891953870816,1600.0,281.43230687040887,1.275688736518315,EIN60Y_1710,real,64752.5570236607,0.0,True
73411.6840933597,0.0,94217.38808534415,30704.826547006585,30.48000030429327,52.30459976108124,4.777520178250082,100.0,0.3,198.3755,2444.0,237.9631,1.969564455230914,EIN84T_1587,fuel,126424.110981965,0.1761446803819821,True
73366.04204781754,23.1525,92232.37782442724,29462.676786352655,317.9705667729727,52.29376841663831,4.747988711943053,1043.0,0.358357,236.1939,2722.0,237.9631,1.9232925140904664,EIN84T_1587,fuel,119280.97927697726,0.09514803178978637,True
73321.49676037118,46.3051,89867.24958372093,27982.662533553652,638.138106566861,52.28085330003599,4.712821020045354,2094.0,0.421526,276.8167,3000.0,252.9824,1.9022138316262733,EIN84T_1587,fuel,116370.63094302885,0.06567389260224278,True
73277.47792266335,69.4576,86738.84675509836,27025.16188954835,990.9826196854808,52.27274699384972,4.666593883272087,3251.0,0.485377,317.4581,3000.0,252.9798,1.857757806846589,EIN84T_1587,fuel,110760.01721211424,0.053002075994201224,True
73234.535392404,92.6101,83146.35355084068,25925.442058055876,1343.8271328076673,52.26341429533596,4.613529904641656,4409.0,0.552183,359.6788,3000.0,252.9755,1.8409188644261139,EIN84T_1587,fuel,108789.72078125262,0.04638957984393374,True
73192.03215931714,115.7626,79072.33226632583,24677.980427383915,1696.6716459300153,52.25279885621756,4.553380353127007,5567.0,0.582036,377.5649,3000.0,252.97,1.8346487707049906,EIN84T_1587,fuel,108074.88046721842,0.042875977592499885,True
73149.69160199302,138.9152,74794.57816881311,23367.687621800113,2049.5161590523585,52.24161565078556,4.490253777345583,6724.0,0.593871,383.6452,3000.0,252.9657,1.8253255955587522,EIN84T_1587,fuel,107029.6697447197,0.03803136816696301,True
73107.57035003687,162.0677,70447.69070115287,22035.862946556146,2402.360672174673,52.2302140383806,4.426139562477468,7882.0,0.606011,389.8507,3000.0,252.9632,1.8158642715561932,EIN84T_1587,fuel,105989.6091750862,0.034191350563392744,True
73065.67137264459,185.2202,66030.2148120535,20682.198148390056,2755.205185296957,52.2185897966143,4.361017946211239,9039.0,0.618463,396.1838,3000.0,252.9601,1.8062852369600773,EIN84T_1587,fuel,104956.7026376711,0.02876569395379697,True
73023.99761812935,208.3727,61540.72130186112,19306.2042519318,3108.049698419205,52.206737004085085,4.294869582743339,10197.0,0.631237,402.6468,3000.0,252.9546,1.7965689021123068,EIN84T_1587,fuel,103928.6011824373,0.024606187804066326,True
72982.55201533064,231.5253,56977.80212745402,17907.22724585171,3460.8942115414156,52.194648181229006,4.227675490407732,11355.0,0.64434,409.2421,3000.0,252.9444,1.7867258075247112,EIN84T_1587,fuel,102906.22031793075,0.020682936805940966,True
72941.33747505104,254.6778,52340.08210302018,16484.410653121984,3813.738724663582,52.182313951778795,4.159417230912633,12512.0,0.657782,415.9721,3000.0,252.9311,1.7767673177920325,EIN84T_1587,fuel,101890.48618276013,0.017520321883976318,True
72900.35689149008,277.8303,47626.12303926451,15037.00909873088,4166.583237785705,52.169725870567945,4.09007556441847,13670.0,0.671571,422.8392,3000.0,252.9191,1.7666723408794762,EIN84T_1587,fuel,100879.02976144382,0.014185090552010565,True
72859.61314363986,300.9828,42834.35465737193,13564.613836300881,4519.427750907778,52.15687845274912,4.019629462082823,14828.0,0.685718,429.8456,3000.0,252.9107,1.756451809203627,EIN84T_1587,fuel,99872.7644669684,0.011997748835057238,True
72819.1090966038,324.1354,37963.11468500037,12067.022511452778,4872.272264029797,52.14376799242835,3.9480566605489105,15985.0,0.700231,436.9936,3000.0,252.9028,1.7461175164860772,EIN84T_1587,fuel,98872.61842571948,0.010054997059774869,True
72778.84760279492,347.2879,33010.79759515539,10543.756648991528,5225.116777151754,52.13038820854095,3.875335783283825,17143.0,0.71512,444.2854,3000.0,252.8896,1.7356468160182543,EIN84T_1587,fuel,97876.20219543292,0.008579256909855516,True
72738.8315029654,370.4404,27975.926601389467,8993.830084245741,5577.96129027364,52.11672815908935,3.801447397563197,18300.0,0.730394,451.7233,3000.0,252.8749,1.7250631562440553,EIN84T_1587,fuel,96885.5558452867,0.0075493595326379045,True
72699.06362701475,393.593,22856.90597432996,7416.5565356148445,5930.8058033954485,52.10277951780772,3.7263704812324914,19458.0,0.746064,459.3093,3000.0,252.8717,1.7143429055187065,EIN84T_1587,fuel,95898.28253812224,0.006643007880122078,True
72659.54679451823,416.7455,17651.7517912195,5812.424408299459,6283.650316517167,52.0885444426688,3.650078511152568,20616.0,0.76214,467.0456,3000.0,252.8817,1.7034979387713551,EIN84T_1587,fuel,94915.75828134408,0.002283610534999434,True
72620.28364869852,439.898,12358.391132986406,4182.128170531323,6636.494829638787,52.074026837711784,3.572543726536482,21773.0,0.778632,474.9341,3000.0,252.8874,1.6925408156638913,EIN84T_1587,fuel,93960.36814895543,0.0,True
72581.27046978149,463.0505,6975.223300279483,2524.750632395236,6989.33934276029,52.059215991681214,3.4937452874244745,22931.0,0.795549,482.9766,3000.0,252.8818,1.6814466072334744,EIN84T_1587,fuel,93128.50218193677,0.0,True
72542.47591334181,486.2031,1500.8303035746599,838.7049379841111,7342.183855881543,52.04409507054231,3.413665164433771,24089.0,0.812903,491.1747,3000.0,252.8788,1.6702273252083848,EIN84T_1587,fuel,92628.768111524,0.0,True
72503.8108565101,509.3556,-4066.61463663597,-876.3223046279559,7695.028369002864,52.02865849906237,3.332279561961913,25246.0,0.82,493.0942,3000.0,252.8826,1.655959236447927,EIN84T_1587,fuel,91812.70652499827,0.0,True
72465.35504157217,532.5081,-9655.880263184592,-2597.6683337324807,8047.872882124093,52.01310865408746,3.2506316029120352,26404.0,0.82,490.7139,3000.0,252.8827,1.6404784266901649,EIN84T_1587,fuel,90602.67265148839,0.0,True
72427.21550353683,555.6606,-15217.939170608184,-4310.624259639048,8400.717395245163,51.997578612299016,3.169437497872324,27561.0,0.82,488.322,3000.0,252.8812,1.6260678513773597,EIN84T_1587,fuel,89513.97950641767,0.0,True
72389.3635277871,578.8132,-20752.61160008064,-6015.298235380453,8753.561908366079,51.982068296792434,3.0886991825632357,28719.0,0.82,485.9184,3000.0,252.8866,1.6127700266228118,EIN84T_1587,fuel,88546.53177381025,0.0,True
72351.76843841808,601.9657,-26259.963156951577,-7710.994593841644,9106.406421486829,51.966584849105814,3.008414952139703,29877.0,0.82,483.5028,2752.0,252.8876,1.55433472472088,EIN84T_1587,fuel,84132.87448410138,0.0,True
72315.44772390176,625.1182,-31742.50446990842,-9398.943460666862,9430.092149368676,51.951117943275605,2.9285475612179326,30939.0,0.82,481.2761,2474.0,252.8924,1.4881593227078747,EIN84T_1587,fuel,79431.45139689937,0.0,True
72280.57353306153,648.2708,-37202.69853509891,-11079.515814327002,9721.100903926903,51.93566487859268,2.8490604952743186,31893.0,0.819796,479.1463,2196.0,252.9099,1.4198137967906503,EIN84T_1587,fuel,74840.36063168859,0.0,True
72247.19893994159,671.4233,-42641.87573734437,-12751.7994056659,9979.432685160242,51.920234480103694,2.7699336677259296,32741.0,0.816859,475.6443,1919.0,252.9249,1.3494857315658169,EIN84T_1587,fuel,70165.43145183135,0.0,True
72215.44361498249,694.5758,-48044.2028282838,-14411.19767843815,10205.087493068298,51.904870135407485,2.6913966170901484,33481.0,0.813828,472.3208,1641.0,252.9328,1.2768146869550578,EIN84T_1587,fuel,65550.82540640236,0.0,True
72185.36578834281,717.7283,-53411.3489924469,-16058.984858608954,10398.06532765092,51.88956135889874,2.6134241638744853,34114.0,0.810699,469.1726,1363.0,252.9382,1.2019850838495314,EIN84T_1587,fuel,60990.152552671745,0.0,True
72157.02483519999,740.8809,-58745.105096793835,-17695.970936188,10558.366188908083,51.874301753616095,2.5359893926977866,34640.0,0.807437,466.1793,1085.0,252.952,1.1249726473641373,EIN84T_1587,fuel,56464.34776491512,0.0,True
72130.48150802398,764.0334,-64047.40663098289,-19321.9008974557,10685.990076839862,51.859094406134766,2.4590631721952283,35059.0,0.804023,463.3305,807.0,252.9709,1.0457647728789523,EIN84T_1587,fuel,51959.04572005464,0.0,True
72105.79659576243,787.1859,-69320.07090986312,-20936.84820020522,10780.936991446435,51.84393938264549,2.3826181831557847,35371.0,0.800414,460.5996,529.0,252.9834,0.9643652684114452,EIN84T_1587,fuel,47461.77408162854,0.0,True
72083.03028684123,810.3384,-74564.29892533724,-22541.830245767225,10843.206932728275,51.82882826847063,2.3066363221720705,35575.0,0.796552,457.9512,252.0,252.9871,0.8811025829716933,EIN84T_1587,fuel,42978.059254470194,0.0,True
72062.24105456697,833.491,-79780.57603737919,-24137.886496659372,10872.799900686856,51.81375250241318,2.231109987240471,35672.0,0.792767,455.5737,-0.0,252.995,0.803495774060295,EIN84T_1587,fuel,38890.30007308351,0.0,True
72043.29142145667,856.6435,-84971.44709068238,-25725.388797759584,10872.799900458172,51.79870918821563,2.1560015398333454,35672.0,0.792767,455.5739,-0.0,253.0044,0.8033347604482947,EIN84T_1587,fuel,38881.37491546932,0.0,True
72024.34586234363,879.796,-90162.58091374622,-27312.03874810813,10872.79990022946,51.78362567868696,2.080939229749202,35672.0,0.792757,455.5684,-0.0,253.0168,0.8031702408005735,EIN84T_1587,fuel,38871.92717168684,0.0,True
72005.40461662835,902.9485,-95353.99545550435,-28897.54428523036,10872.799900000726,51.76850464681334,2.0059227798004526,35672.0,0.792748,455.5628,-0.0,253.0293,0.8030057234652966,EIN84T_1587,fuel,38862.475257865124,0.0,True
73411.68409335979,0.0,94217.38808533872,30704.826546985365,30.480000304551492,52.30459976108104,4.777520178249996,100.0,0.3,198.3755,1994.0,237.9631,1.8573192814284316,EIN84T_1587,pop,110707.72876664656,0.17614468038157405,True
73368.40969875341,23.2775,92216.1625573057,29452.529841230244,266.23497136362437,52.293679906531544,4.747747533135916,873.0,0.373549,246.3517,2273.0,237.9631,1.792928845763625,EIN84T_1587,pop,103548.32404339203,0.10242749933433669,True
73326.6737641614,46.555,89729.52744914376,27896.48085487388,535.0207055893017,52.28010092638317,4.7107738270982065,1755.0,0.449759,295.7054,2552.0,270.9044,1.7887975454355138,EIN84T_1587,pop,103119.8549418755,0.06906299823699764,True
73285.08685264665,69.8326,86207.82111914495,27952.072527995428,836.8372029814485,52.281164992519045,4.65902862820364,2746.0,0.527339,345.5154,2832.0,273.9494,1.8238860422464345,EIN84T_1587,pop,106870.109233103,0.0557267552573196,True
73242.74295597772,93.1101,82101.53785710664,28235.568061348837,1171.6844635397308,52.28434346939364,4.598744525853818,3844.0,0.564971,368.7447,3000.0,273.7466,1.8481858908115847,EIN84T_1587,pop,109630.74588965412,0.04682843159467332,True
73199.85462953751,116.3876,77718.51014541303,28522.585265141606,1526.433937872481,52.2875622465748,4.534384460239742,5008.0,0.576432,374.6754,3000.0,270.9279,1.8389975377371437,EIN84T_1587,pop,108569.62960319723,0.03792258189803682,True
73157.18352402716,139.6651,73255.66092307199,28594.864038742286,1881.1834122052312,52.28882585275312,4.468794712639952,6172.0,0.588187,380.729,3000.0,266.6602,1.8296781146455754,EIN84T_1587,pop,107515.04760541022,0.029558125863634228,True
73114.73269018301,162.9427,68727.44798919372,28330.61029363754,2235.9328865379857,52.287035239050205,4.402171387768459,7336.0,0.600247,386.908,3000.0,262.3197,1.8202284615695599,EIN84T_1587,pop,106466.84027360979,0.023540588145233105,True
73072.5051553798,186.2202,64158.911312551085,27714.51730533647,2590.6823608707314,52.28204808015289,4.334893458773453,8500.0,0.612618,393.2148,3000.0,258.9304,1.8106493129553884,EIN84T_1587,pop,105424.83990038211,0.018978499335050372,True
73030.50392498595,209.4977,59560.69816617664,26814.91611666381,2945.4318352034607,52.27447654862316,4.267144241783445,9663.0,0.625309,399.6518,3000.0,256.4819,1.8009516567343014,EIN84T_1587,pop,104389.96683309825,0.016086363193636554,True
72988.73198378773,232.7752,54930.20543673962,25701.682885457376,3300.181309536168,52.26494843871284,4.198908945171294,10827.0,0.63833,406.2215,3000.0,254.8168,1.791115690070948,EIN84T_1587,pop,103359.87069071949,0.013505069615697425,True
72947.19229745626,256.0528,50258.13696259718,24433.778131360195,3654.9307838688483,52.25399394886304,4.130069109171643,11991.0,0.65169,412.9263,3000.0,253.5642,1.781152032186778,EIN84T_1587,pop,102335.46323629981,0.01192993874157585,True
72905.88781402637,279.3303,45537.95040990476,23041.34279050528,4009.6802582014902,52.24188359226772,4.060539757021015,13155.0,0.665396,419.7685,3000.0,252.5819,1.7710610869572436,EIN84T_1587,pop,101316.56194643822,0.010483822464018855,True
72864.82146535299,302.6078,40764.217247887485,21543.687158681245,4364.42973253409,52.22879018487533,3.9902494557548573,14319.0,0.679459,426.7505,3000.0,251.7106,1.7608432353214305,EIN84T_1587,pop,100302.9879993595,0.00919862037528242,True
72823.99616850672,325.8853,35934.501097881504,19947.4020143366,4719.1792068666455,52.21477177254652,3.9191684199132717,15483.0,0.693888,433.8747,3000.0,251.0218,1.7504988024775288,EIN84T_1587,pop,99294.56300430332,0.008262686057827193,True
72783.41482706538,349.1629,31043.736277140273,18265.460726887686,5073.9286811991515,52.19994385570788,3.8472286320571776,16647.0,0.708693,441.1432,3000.0,250.5143,1.7400279286413143,EIN84T_1587,pop,98291.09688180519,0.0073454632586700324,True
72743.0803322539,372.4404,26086.106132642606,16511.259615939383,5428.678155531599,52.18442558556814,3.7743505241068274,17811.0,0.723884,448.5585,3000.0,250.1083,1.7294308998642172,EIN84T_1587,pop,97292.41992627527,0.006611959718609543,True
72702.99556387965,395.7179,21057.637789072636,14691.808144343431,5783.42762986398,52.16827838271229,3.7004805761838333,18975.0,0.739471,456.1226,3000.0,249.7961,1.7187077485388862,EIN84T_1587,pop,96298.34458313981,0.005999365319759645,True
72663.1633910055,418.9954,15954.27346027338,12813.743466988588,6138.177104196284,52.151560158950744,3.6255637532659906,20138.0,0.755463,463.8377,3000.0,249.598,1.7078708589183766,EIN84T_1587,pop,95309.8119367481,0.004695620389383724,True
72623.58666855567,442.273,10770.97457242051,10885.884655822338,6492.926578528397,52.13434829572217,3.5495304855694894,21302.0,0.771871,471.7058,3000.0,249.5687,1.6968959358655145,EIN84T_1587,pop,94331.3227234173,0.0,True
72584.26605803077,465.5505,5500.513935724678,8922.539058586215,6847.676052860355,52.1167693369356,3.472278883605657,22466.0,0.788705,479.729,3000.0,249.5693,1.6857951455448807,EIN84T_1587,pop,93426.27446110448,0.0,True
72545.1844191404,488.828,140.15745397206132,6925.769539817129,7202.425527192189,52.09883938988659,3.393772166436744,23630.0,0.805977,487.909,3000.0,249.5653,1.674568289728387,EIN84T_1587,pop,92758.07351264133,0.0,True
72506.27881217485,512.1055,-5311.681839537375,4894.4940527443005,7557.175001523912,52.0805461234444,3.3139904150271313,24794.0,0.82,494.021,3000.0,249.5522,1.6621509576018527,EIN84T_1587,pop,92306.74696994227,0.0,True
72467.48766247049,535.3831,-10831.465622960091,2836.45900674332,7911.924475855575,52.06195704966677,3.233281148063826,25958.0,0.82,491.6324,3000.0,249.5347,1.6461907158562703,EIN84T_1587,pop,91043.32314503449,0.0,True
72429.02698388847,558.6606,-16323.708078014994,786.7811669241584,8266.673950187076,52.043388891969045,3.15304143568587,27122.0,0.82,489.2321,3000.0,249.5158,1.6312738824783426,EIN84T_1587,pop,89901.50583344979,0.0,True
72390.86836509676,581.9381,-21788.233632465897,-1254.6036905977035,8621.423424518402,52.02484198660779,3.073273014922189,28286.0,0.82,486.8199,3000.0,249.4966,1.6174688019018453,EIN84T_1587,pop,88882.35947788731,0.0,True
72352.98138179917,605.2156,-27224.902011606817,-3287.659007746361,8976.172898849554,52.006317569818194,2.9939771120354814,29449.0,0.82,484.3958,2855.0,249.4776,1.5782158960283734,EIN84T_1587,pop,85904.8261126207,0.0,True
72315.94206733008,628.4932,-32635.20988267533,-5312.9038261292435,9313.747351187701,51.98781178337011,2.9151310997725144,30557.0,0.82,482.0777,2575.0,249.4598,1.5123987110018375,EIN84T_1587,pop,81117.72761878712,0.0,True
72280.34714712993,651.7707,-38021.78323681052,-7331.173753801839,9618.291040361586,51.96931778032839,2.836695971890912,31556.0,0.82,479.9768,2296.0,249.4433,1.444560364713811,EIN84T_1587,pop,76481.0111141971,0.0,True
72246.2455825826,675.0482,-43386.968424194056,-9343.187509074893,9889.803966369878,51.95082968004461,2.7586369043816696,32447.0,0.818069,476.9702,2017.0,249.4278,1.3745223393866,EIN84T_1587,pop,71813.60836169026,0.0,True
72213.73589352041,698.3257,-48720.51350160454,-11344.97930596257,10128.286129212167,51.932384741211266,2.6811022495370485,33229.0,0.815053,473.5637,1737.0,249.4133,1.30208801704798,EIN84T_1587,pop,67142.0895917155,0.0,True
72182.90122482863,721.6033,-54017.83148453257,-13334.706028199553,10333.737528888292,51.91400096707372,2.6041576113698857,33903.0,0.81194,470.336,1458.0,249.3999,1.2277213459964735,EIN84T_1587,pop,62546.97601543147,0.0,True
72153.8014880245,744.8808,-59280.82906243153,-15312.94335934852,10506.158165398187,51.89567408043811,2.527774161217473,34469.0,0.808706,467.2727,1179.0,249.3878,1.15117084944279,EIN84T_1587,pop,57993.69866956465,0.0,True
72126.49793534829,768.1583,-64511.30249305439,-17280.21995101473,10645.548038741872,51.877400158877435,2.45192475509325,34926.0,0.805322,464.3577,899.0,249.3771,1.0721513839020291,EIN84T_1587,pop,53450.83124267166,0.0,True
72101.05246097191,791.4358,-69710.96758337857,-19237.020687301872,10751.907148919443,51.859175608135544,2.376583490123202,35275.0,0.801759,461.5729,620.0,249.3683,0.9911881706151769,EIN84T_1587,pop,48935.26414685632,0.0,True
72077.52645100033,814.7134,-74881.41202161745,-21183.731903454278,10825.23549593112,51.84099766610347,2.3017263799709595,35516.0,0.797984,458.8981,341.0,249.361,0.9080432140560591,EIN84T_1587,pop,44422.47105816765,0.0,True
72055.97936711533,837.9909,-80023.82343536336,-23120.636263843266,10865.533079777393,51.82286449498218,2.2273352980867203,35648.0,0.79389,456.2689,61.0,249.3552,0.8224596321380804,EIN84T_1587,pop,39886.86096474106,0.0,True
72036.46908331059,861.2684,-85138.3170060684,-25047.615586511314,10872.799900459826,51.80477797549719,2.1534076617617495,35672.0,0.792927,455.6657,-0.0,249.3514,0.8033343805961768,EIN84T_1587,pop,38886.66880494805,0.0,True
72017.41881399998,884.5459,-90246.26429814499,-26972.512168012607,10872.799900230342,51.78666495431601,2.079633991670302,35672.0,0.792904,455.6528,-0.0,249.3493,0.8031643891714543,EIN84T_1587,pop,38876.4820054923,0.0,True
71998.37321923483,907.8234,-95353.9954555059,-28897.54428522792,10872.799900000819,51.768504646813376,2.005922779800429,35672.0,0.792882,455.6399,-0.0,249.3471,0.8029944571821269,EIN84T_1587,pop,38866.30126803362,0.0,True
73392.23533303369,0.0,9096.0,28336.0,-99.06,52.294097900390625,4.75006103515625,-325.0,0.23050327595587028,152.64337522473747,2368.0,238.39249775375112,1.8876835019155602,EIN84T_1587,real,159280.9036501489,0.16653425545806172,True
73333.88031258938,23.0,7550.0,27395.0,205.74,52.285657979674255,4.727338518415179,675.0,0.2364813757007255,156.06408939919524,2368.0,239.16216805531275,1.8872214273974177,EIN84T_1587,real,156341.37716469515,0.09888073600794518,True
73295.08720794278,43.0,6192.0,26561.0,449.58000000000004,52.27816306938559,4.7074061802455365,1475.0,0.24836541173142734,163.45335726133007,2048.0,238.25471257764477,1.87655446165874,EIN84T_1587,real,136138.1201667938,0.07152553359075733,True
73240.53952383336,73.0,4114.0,24667.0,731.52,52.261138916015625,4.6768951416015625,2400.0,0.3072512405692043,201.55644370746373,1344.0,223.99491399474581,1.6227960180118148,EIN84T_1587,real,87233.24120877832,0.055288906181826074,True
73204.56203942327,93.0,2530.0,23055.0,906.7800000000001,52.246647204382946,4.653651646205358,2975.0,0.3606793710369149,236.12920192132103,2048.0,229.29343072929734,1.736989280046111,EIN84T_1587,real,99196.06094739454,0.04972197007509527,True
73148.54498963752,123.0,-1114.0,21470.0,1310.64,52.232391357421875,4.6002197265625,4300.0,0.4144380960397397,270.05925275761246,3648.0000000000005,251.4308692689622,1.8732602281960165,EIN84T_1587,real,133384.21544002538,0.046773899198136036,True
73110.22214856799,143.0,-3793.0,20588.0,1668.78,52.224441786943856,4.56097412109375,5475.0,0.43128674850151366,279.8660393831306,3264.0,251.8887527019982,1.848017413730924,EIN84T_1587,real,120921.17783177242,0.04616027447882683,True
73053.29203026525,183.0,-9407.0,18717.0,2385.06,52.20753479003906,4.478759765625,7824.999999999999,0.4600281455512617,296.0,2944.0,251.07535558394875,1.8022272408345665,EIN84T_1587,real,109343.95814655538,0.04127394270442216,True
73015.79400599678,203.0,-12348.0,17711.0,2682.2400000000002,52.19842529296875,4.43572998046875,8800.0,0.4813944015902371,308.6486675817668,3648.0000000000005,251.09542415738832,1.8534045486548676,EIN84T_1587,real,122898.27718941671,0.03972821069408156,True
72958.51011132852,233.0,-16827.0,16182.0,3299.46,52.184546519134,4.370204380580358,10825.0,0.481060335751217,306.14049062481104,3136.0,250.736450979252,1.8105030141039244,EIN84T_1587,real,111007.70012161933,0.033993421554929244,True
72926.39147772343,253.0,-19881.0,15136.0,3535.6800000000003,52.17503356933594,4.3255615234375,11600.0,0.5118325170558634,324.7845439672276,1536.0,250.95139053919152,1.4379154902941127,EIN84T_1587,real,73537.56845944244,0.031543619962439616,True
72879.57575161342,283.0,-24919.0,13422.0,3794.76,52.159408310712394,4.251944405691964,12450.0,0.5684558715241728,359.56779611083084,2560.0,251.0107557396522,1.6856874436446432,EIN84T_1587,real,93264.7219323928,0.026796322027057458,True
72842.27147329347,303.0,-28439.0,12225.0,4130.04,52.14846853482521,4.200544084821429,13550.0,0.5743404627768115,361.78446622263925,3648.0000000000005,250.96406853823,1.8212744526112559,EIN84T_1587,real,113389.35556129455,0.023106196322870632,True
72788.55931639936,333.0,-33714.0,10427.0,4610.1,52.13198904263771,4.123561314174108,15125.0,0.5869153651339464,367.4914965002592,2624.0,250.77617463428618,1.6779771643902348,EIN84T_1587,real,92464.48262080041,0.018822929387828837,True
72736.75050288654,363.0,-38984.0,8636.0,5029.2,52.11552429199219,4.0467071533203125,16500.0,0.6067833206051185,377.9219496139381,2432.0,250.8458950605329,1.627944825151209,EIN84T_1587,real,87696.10499061196,0.014795932536213778,True
72703.31380188628,383.0,-42897.0,7306.0,5265.42,52.10326631190413,3.9896850585937504,17275.0,0.622901630990181,386.79322641432077,2816.0,250.67500028373632,1.692391087283239,EIN84T_1587,real,93976.79124107212,0.012200942346781426,True
72652.2142899879,413.0,-48511.0,5392.0,5676.900000000001,52.08558654785156,3.907928466796875,18625.0,0.6364464026181265,393.1170309208188,2624.0,250.68931904718488,1.647148215042385,EIN84T_1587,real,89448.76508227095,0.010047526758034248,True
72619.04000063012,433.0,-52356.0,4085.0,5928.360000000001,52.07347287970074,3.8519635881696432,19450.0,0.6472655263553606,398.4971769034255,2432.0,250.65567072787886,1.6015043097320065,EIN84T_1587,real,85413.79203005004,0.00877275922272023,True
72568.62417488036,463.0,-58233.0,2088.0,6324.6,52.05491638183594,3.7664794921875,20750.0,0.6599588162736452,404.21034128285237,2816.0,250.48920055628673,1.664212854531963,EIN84T_1587,real,91084.12446781626,0.0018616580338382397,True
72535.3074005801,483.0,-62179.0,737.0,6591.3,52.04232943260063,3.7091413225446432,21625.0,0.6643789921718681,405.48736108539805,2496.0,250.40320556430055,1.5960276052984976,EIN84T_1587,real,84957.4624722001,0.0,True
72490.11946469655,523.0,-70167.0,-1980.0,6995.160000000001,52.01692199707031,3.5931396484375,22950.0,0.6919007920022983,420.01904718714843,1984.0,250.52969799053307,1.4661180623732273,EIN84T_1587,real,75381.98401938137,0.0,True
72458.0345426435,543.0,-74315.0,-3390.0,7231.38,52.003692626953125,3.5329437255859375,23725.0,0.6962096334254998,421.29562067507896,2304.0,250.44680709739708,1.5345573957460754,EIN84T_1587,real,80166.2205287994,0.0,True
72413.67151920623,573.0,-80025.0,-6458.0,7536.18,51.975294210143005,3.4504132952008932,24725.0,0.708584117578613,427.0187349519925,1792.0,233.66681526875786,1.3990917664878242,EIN84T_1587,real,71100.21748329207,0.0,True
72385.1061772363,593.0,-83422.0,-8886.0,7711.4400000000005,51.952949135990465,3.4015241350446432,25300.0,0.7219072045438779,434.0103685397389,1920.0,233.5261498217109,1.4277371355671007,EIN84T_1587,real,72888.79186120658,0.0,True
72341.66363271988,623.0,-89173.0,-12788.0,8001.0,51.91694641113281,3.31878662109375,26250.0,0.7353214745544441,440.3237445334966,1856.0,237.89806646043832,1.4024755477387205,EIN84T_1587,real,71308.60836283554,0.0,True
72313.89693369153,643.0,-93373.0,-14535.0,8176.26,51.900531316207626,3.2581525530133932,26825.0,0.7443274825690429,444.6403040661069,1536.0,253.80680184027537,1.3118018403895744,EIN84T_1587,real,65958.70851640493,0.0,True
72273.27938144295,673.0,-100217.0,-15667.0,8412.48,51.88916015625,3.1589404956714526,27599.999999999996,0.7609519782267916,453.08387744434253,1664.0,260.600046177551,1.3410297057572147,EIN84T_1587,real,67644.31526946381,0.0,True
72231.14722324965,703.0,-107156.0,-16663.0,8679.18,51.87890625,3.05835620777027,28475.0,0.7704462171814316,457.0306335465928,1792.0,260.6819474354872,1.3655285532029129,EIN84T_1587,real,69115.26171547487,0.0,True
72202.778076715,723.0,-111710.0,-17311.0,8869.68,51.87217712402344,2.99236400707348,29100.0,0.7741809282698195,458.0174669158372,1856.0,260.70220219121666,1.3750258781852565,EIN84T_1587,real,69710.36194433605,0.0,True
72161.83413464563,753.0,-118716.0,-18315.0,9121.140000000001,51.8616943359375,2.890888935810811,29925.000000000004,0.7827960735938077,461.46939226778625,1792.0,260.394795844987,1.3502574674002255,EIN84T_1587,real,68340.82322096273,0.0,True
72134.28828764871,773.0,-123424.0,-19007.0,9311.640000000001,51.854444600768005,2.822723388671875,30550.000000000004,0.7854971321844505,461.8073191277938,1728.0,260.15013659963915,1.3268308204312425,EIN84T_1587,real,67041.78415176836,0.0,True
72095.39000821479,803.0,-130486.0,-20057.0,9532.62,51.8433837890625,2.72052661792652,31275.0,0.7950039696012937,465.9195209475559,1664.0,260.113122623182,1.302904951488887,EIN84T_1587,real,65913.09282185903,0.0,True
72065.68510263924,823.0,-135171.0,-20732.0,9753.6,51.83619689941406,2.6527528505067566,32000.0,0.7899227954295142,461.46939226778625,2240.0,260.394795844987,1.4400816188471501,EIN84T_1587,real,74053.85079440696,0.0,True
72025.90230621675,863.0,-144541.0,-22023.0,10088.880000000001,51.82223045219809,2.517242431640625,33100.0,0.7946337788987599,461.96536666724273,1600.0,260.78235579006133,1.2671505512570553,EIN84T_1587,real,64046.31506791431,0.0,True
71999.6896393049,883.0,-149301.0,-22665.0,10256.52,51.815201064287606,2.44842529296875,33650.0,0.7957308884589782,461.46939226778625,1536.0,260.394795844987,1.2445541567481566,EIN84T_1587,real,62899.95210902906,0.0,True
71963.03721455182,913.0,-156289.0,-23629.0,10462.26,51.80461120605469,2.3474368533572636,34325.0,0.8032605689289072,464.4276046920553,1472.0,260.45655107873796,1.2207009330348169,EIN84T_1587,real,61989.05877523214,0.0,True
71937.39596325347,933.0,-160997.0,-24274.0,10622.28,51.79747009277344,2.2794403900971285,34850.0,0.8020362526373013,462.6229566288296,1472.0,260.2933475906603,1.216603150092587,EIN84T_1587,real,61779.93792993364,0.0,True
71903.76934685482,963.0,-167924.0,-25227.0,10789.92,51.78685075145656,2.179412841796875,35400.0,0.8074645242036315,464.59444680280023,960.0,260.3349334877556,1.0607687283322378,EIN84T_1587,real,54234.49668462543,0.0,True
71882.15298681104,983.0,-172903.0,-25901.0,10888.980000000001,51.77926273669227,2.1075439453125,35725.0,0.808659560283294,464.59444680280023,960.0,260.3349334877556,1.0581951458202994,EIN84T_1587,real,54229.68511949571,0.0,True
71854.68437659419,1013.0,-179946.0,-26849.0,10972.800000000001,51.768509169756356,2.00592041015625,36000.0,0.8222873854634267,471.8315377335432,0.0,260.2382252249578,0.7543905088670413,EIN84T_1587,real,41103.281735385855,0.0,True
77219.99990000404,0.0,-74454.49527436236,-1701.282999970544,30.480000304336038,52.321296954861445,4.779960377761679,100.0,0.3,198.3755,2282.0,183.0038,1.9770012487537851,EJU42KM_1219,fuel,127692.4082089155,0.1702930026610932,False
77183.43968128743,18.4801,-74552.57056836848,-3570.3248253521565,244.6785451831579,52.30447719754593,4.77893410185183,803.0,0.343429,226.5432,2503.0,183.0038,1.9429439717672474,EJU42KM_1219,fuel,122173.12964817879,0.1265866611418959,False
77147.51566195222,36.9603,-74664.61265092659,-5705.534723278972,479.69590514197125,52.285262149085305,4.777762553553424,1574.0,0.389666,256.3576,2725.0,155.2835,1.9228215224547038,EJU42KM_1219,fuel,119213.89667059065,0.08628650838763524,False
77111.97921929118,55.4404,-73652.6179888869,-7904.1033334640715,735.5320801809758,52.265629655554974,4.793121611404916,2413.0,0.436841,286.5539,2947.0,127.5633,1.9174682345985519,EJU42KM_1219,fuel,118458.29113498202,0.06743864920385857,False
77076.56008142055,73.9206,-71507.64038879577,-9553.770081529185,1012.1870702997708,52.2510799109209,4.82498983638061,3321.0,0.483303,316.0239,3000.0,99.8431,1.8953414665871058,EJU42KM_1219,fuel,115459.65390193718,0.057220095350515164,False
77041.5694252556,92.4007,-68565.18542690325,-10064.297572783735,1293.8245572100072,52.24686521392604,4.868314413754533,4245.0,0.530519,345.7684,3000.0,84.7459,1.8767580325297377,EJU42KM_1219,fuel,113079.64287120596,0.052298703252838356,False
77006.94334132288,110.8809,-65309.105454033386,-9764.871050689811,1575.4620441203976,52.24995542235464,4.916079014857158,5169.0,0.578038,375.5046,3000.0,84.7436,1.8700138688811585,EJU42KM_1219,fuel,112243.84916334486,0.050351053265718176,False
76972.46229697204,129.361,-61771.08455688502,-9439.374241614723,1857.0995310308342,52.25329263598988,4.967987002149255,6093.0,0.58738,380.3141,3000.0,84.7442,1.8628518423224214,EJU42KM_1219,fuel,111371.42066248244,0.04620254426773424,False
76938.11522759873,147.8412,-58187.50574751063,-9109.722354954087,2138.737017941245,52.25664928002445,5.020571333936903,7017.0,0.596912,385.2024,3000.0,84.7492,1.8556016363562415,EJU42KM_1219,fuel,110503.44047158948,0.0424398821655861,False
76903.90376245425,166.3213,-54557.59961923939,-8776.132584859932,2420.3745048516307,52.26002258035709,5.073843598853556,7941.0,0.606639,390.1709,3000.0,84.754,1.848263787935582,EJU42KM_1219,fuel,109639.83589982569,0.040488024219327075,False
76869.82952017842,184.8015,-50880.61296742389,-8438.520792459958,2702.0119917619886,52.26341243869104,5.12781509572203,8865.0,0.616566,395.2208,3000.0,84.7554,1.8408387715912418,EJU42KM_1219,fuel,108780.52734971044,0.038139257502793046,False
76835.894109038,203.2816,-47155.79830152227,-8096.614969293014,2983.649478672314,52.26682041309882,5.182497019753021,9789.0,0.626696,400.3532,3000.0,84.7552,1.8333270157542672,EJU42KM_1219,fuel,107925.4308558349,0.03640386404247551,False
76802.09912718231,221.7618,-43382.3882513504,-7750.234211558995,3265.286965582606,52.27024721088079,5.237900885238922,10713.0,0.637035,405.5694,3000.0,84.7562,1.8257289842662368,EJU42KM_1219,fuel,107074.46761871199,0.03463311550337671,False
76768.44616291013,240.2419,-39559.5866338738,-7399.386636509358,3546.924452492862,52.273691807244106,5.294038663582031,11637.0,0.647586,410.8705,3000.0,84.7604,1.818045067251992,EJU42KM_1219,fuel,106227.55178683126,0.03077989323276408,False
76734.93679494169,258.7221,-35686.57343344006,-7044.215885573989,3828.561939403082,52.2771519242769,5.350922693778133,12561.0,0.658354,416.2579,3000.0,84.7674,1.810275725940517,EJU42KM_1219,fuel,105384.60670988119,0.02697842793985281,False
76701.57259268864,277.2022,-31762.51870603409,-6684.850773153541,4110.1994263132565,52.28062538061291,5.408565455808447,13485.0,0.669344,421.7326,3000.0,84.7734,1.8024212863169804,EJU42KM_1219,fuel,104545.54247072109,0.0237768050983545,False
76668.35511651509,295.6824,-27786.606036177785,-6321.150034995135,4391.836913223383,52.28411238460587,5.466979205150118,14409.0,0.680561,427.2958,3000.0,84.7781,1.7944821179440402,EJU42KM_1219,fuel,103710.275658479,0.020900102002850033,False
76635.28591798074,314.1625,-23758.00853801404,-5952.964955612726,4673.474400133461,52.28761317330616,5.526176359960257,15333.0,0.692008,432.9487,3000.0,84.7859,1.7864585785243652,EJU42KM_1219,fuel,102878.72328135953,0.0194730809787618,False
76602.36654005756,332.6427,-19675.86059016807,-5580.450460298957,4955.111887043481,52.29112521459226,5.586169935491021,16257.0,0.703692,438.6925,3000.0,84.7971,1.7783510167301588,EJU42KM_1219,fuel,102050.80311496067,0.01816342766244407,False
76569.59851730969,351.1228,-15539.283902804245,-5203.782557528566,5236.749373953439,52.294645745194124,5.646973129255959,17181.0,0.715617,444.5283,3000.0,84.8076,1.7701597412272463,EJU42KM_1219,fuel,101226.43063878213,0.01694317264117943,False
76536.98337602665,369.603,-11347.41552184988,-4822.852613223364,5518.386860863327,52.29817451828771,5.708598897327677,18105.0,0.727788,450.4572,3000.0,84.8169,1.7618850567186346,EJU42KM_1219,fuel,100405.52283044302,0.015847317281688818,False
76504.52263429783,388.0831,-7099.385510089201,-4437.513379940411,5800.024347773137,52.301711591298854,5.771060306096413,19029.0,0.74021,456.4802,3000.0,84.8285,1.753527233627,EJU42KM_1219,fuel,99587.99519257409,0.014920167361248259,False
76472.2178020159,406.5633,-2794.2897498178886,-4047.8816444884624,6081.661834682856,52.30525460599774,5.834370941376935,19953.0,0.752887,462.5984,3000.0,84.8416,1.7450865834346998,EJU42KM_1219,fuel,98773.77145184489,0.01432309701053014,False
76440.07037931058,425.0434,1568.7796872334231,-3654.0070250373187,6363.299321592475,52.30880171190452,5.8985441600622766,20877.0,0.765826,468.8129,3000.0,84.8517,1.7365634313804468,EJU42KM_1219,fuel,97965.61138608592,0.001749474999223013,False
76408.08117994963,443.5236,5990.709762010989,-3255.599389312737,6644.936808501978,52.312354068802556,5.963593842187147,21801.0,0.779031,475.1247,3000.0,84.8608,1.727958080651157,EJU42KM_1219,fuel,97187.96215719258,0.0,False
76376.245763777,462.0037,10472.411005119606,-2852.52473787675,6926.574295410006,52.31591151903179,6.029533357155546,22725.0,0.792326,481.4241,3000.0,84.8724,1.719229985850261,EJU42KM_1219,fuel,96496.99612377805,0.0,False
76344.54774804664,480.4839,15013.780982590704,-2445.0109537893168,7208.211782318503,52.319470527051465,6.096361492793383,23649.0,0.803571,486.4145,3000.0,84.8833,1.7099101753345023,EJU42KM_1219,fuel,95887.8899956694,0.0,False
76312.97022098521,498.964,19602.41577232509,-2034.14123102592,7489.849269227265,52.32302029774363,6.163895957546314,24573.0,0.812739,490.0946,3000.0,84.8917,1.7000572853277647,EJU42KM_1219,fuel,95362.23677859784,0.0,False
76281.49569804309,517.4442,24225.88864372224,-1620.8311850752798,7771.48675613617,52.3265519460867,6.231954013548051,25497.0,0.819805,492.4623,2828.0,84.9013,1.6601440606297015,EJU42KM_1219,fuel,92317.94406830992,0.0,False
76250.65146292288,535.9243,28873.23236688917,-1206.169599854365,8036.983845025466,52.33005536440405,6.3003742749126195,26368.0,0.82,490.7875,2606.0,84.9125,1.6084599765744463,EJU42KM_1219,fuel,88157.67785850313,0.0,False
76220.71748459437,554.4045,33506.53938753497,-793.6766374982604,8281.662118836157,52.33350060013782,6.368598519890243,27171.0,0.82,489.1304,2385.0,84.9197,1.5551299884929748,EJU42KM_1219,fuel,84103.21103172527,0.0,False
76191.72849829374,572.8846,38125.87069502116,-383.01147685502195,8505.521577567135,52.33689106041694,6.436627431966389,27905.0,0.82,487.6093,2163.0,84.9244,1.4999170130832353,EJU42KM_1219,fuel,80128.12403302144,0.0,False
76163.71472409966,591.3648,42732.41850946073,26.1346179005946,8708.562221218055,52.34022977252552,6.504478362608545,28571.0,0.819409,485.8752,1941.0,84.932,1.442932636195482,EJU42KM_1219,fuel,76184.65828208847,0.0,False
76136.71879044741,609.8449,47324.106326080255,433.3506034784837,8890.784049788768,52.34351353304144,6.572120469818548,29169.0,0.816832,483.1068,1719.0,84.9392,1.3838264378824754,EJU42KM_1219,fuel,72144.93590976276,0.0,False
76110.81694214541,628.3251,51891.06054795799,837.7916627973823,9052.187063279218,52.346736047298315,6.639408035824293,29699.0,0.814228,480.4688,1498.0,84.9408,1.3233699927574534,EJU42KM_1219,fuel,68184.18159708765,0.0,False
76086.04152819236,646.8052,56434.39114357398,1240.0142618915618,9192.771261689413,52.34990281601706,6.706357198190012,30160.0,0.811507,477.9079,1276.0,84.9418,1.2611035436425233,EJU42KM_1219,fuel,64255.62476744628,0.0,False
76062.42618449277,665.2854,60954.73732666091,1640.1178175799575,9312.53664501942,52.3530152425481,6.7729771189830785,30553.0,0.808766,475.4812,1054.0,84.9473,1.1973159251857575,EJU42KM_1219,fuel,60373.41077619622,0.0,False
76040.00145793783,683.7655,65453.31083712781,2037.8641526850934,9411.483213269388,52.356071602164064,6.839285335372173,30878.0,0.805812,473.0749,832.0,84.9493,1.1319730761820406,EJU42KM_1219,fuel,56517.054560622375,0.0,False
76018.80111554355,702.2457,69930.18868679952,2433.5342039594684,9489.610966439703,52.3590749411784,6.9052827803627,31134.0,0.802739,470.7433,610.0,84.9458,1.0651562550184202,EJU42KM_1219,fuel,52688.66060697708,0.0,False
75998.8554208431,720.7258,74385.94575157651,2827.6086221762976,9546.919904531542,52.362030029057046,6.970977781724448,31322.0,0.799666,468.5553,389.0,84.9424,0.9972621623850695,EJU42KM_1219,fuel,48907.37372322191,0.0,False
77219.99997408023,0.0,-74454.49536607003,-1701.283017465309,30.480000005845806,52.321296954691654,4.779960376416413,100.0,0.3,198.3755,1741.0,183.0038,1.831742228081419,EJU42KM_1219,pop,107746.79994150194,0.17029300398004973,False
77185.91898223755,18.5913,-74553.45269400458,-3587.133004590402,194.87971215994887,52.304325938440556,4.77892487380719,639.0,0.357949,236.255,1964.0,183.0038,1.7771230995691376,EJU42KM_1219,pop,101926.46237111565,0.13814159327175152,False
77152.87201822354,37.1825,-74671.33635360196,-5833.665955449223,380.34930188588976,52.28410907811511,4.777692277256242,1248.0,0.417561,275.0204,2187.0,155.1169,1.765587849566868,EJU42KM_1219,pop,100771.42303405656,0.0926356919948147,False
77120.06388611562,55.7738,-73569.27444729238,-8209.68855680204,586.8887698694066,52.26289302624304,4.7944132210086705,1925.0,0.478858,314.6509,2410.0,127.9268,1.7847077633516597,EJU42KM_1219,pop,102698.90234763261,0.07018420807776529,False
77086.92755220957,74.365,-71205.35220715114,-10051.727724461462,814.4981171195565,52.24664158844961,4.829535601297666,2672.0,0.537831,352.4808,2633.0,117.1417,1.8230344517995551,EJU42KM_1219,pop,106775.94366261446,0.05776882011394783,False
77053.10403679367,92.9563,-68217.83003225905,-11583.261759535644,1063.1773395425278,52.233249743256806,4.873724631225461,3488.0,0.561523,366.9549,2856.0,101.722,1.8591709151843974,EJU42KM_1219,pop,110928.88104120787,0.04606194471074236,False
77018.61564135858,111.5475,-64796.89103243666,-12293.071199922442,1332.9264186827484,52.22728191131253,4.924090361093509,4373.0,0.570144,371.4252,3000.0,90.7781,1.8759653295132017,EJU42KM_1219,pop,112980.66601711998,0.03999234443673178,False
76983.81578949638,130.1388,-61261.96931445557,-12341.079401273559,1616.2570976382583,52.22725652438722,4.975995031435277,5303.0,0.57938,376.1964,3000.0,82.3768,1.8688317129614975,EJU42KM_1219,pop,112098.79023944229,0.038904749883484704,False
76949.15013832787,148.73,-57712.71061553622,-11866.046349981207,1899.58777483843,52.23191329672292,5.028020257262945,6232.0,0.588805,381.0464,3000.0,77.5568,1.8616170689197613,EJU42KM_1219,pop,111222.5354690319,0.0394088869234178,False
76914.6203555753,167.3213,-54170.599518129064,-11084.465387135187,2182.9184491188753,52.23930313351699,5.079901971794893,7162.0,0.598425,385.9765,3000.0,75.8784,1.854304586993392,EJU42KM_1219,pop,110349.71931415453,0.04021619747685394,False
76880.22809786879,185.9125,-50607.15620321428,-10187.960252456383,2466.2491204915796,52.24770566442303,5.132096934601577,8091.0,0.608242,390.9878,3000.0,76.0201,1.846912424250775,EJU42KM_1219,pop,109482.36972570815,0.03925404740616156,False
76845.97501098784,204.5038,-46994.98165716804,-9288.69307138101,2749.579789585822,52.25611419436353,5.185027162161775,9021.0,0.618262,396.0817,3000.0,75.8685,1.8394230600721106,EJU42KM_1219,pop,108618.29356597658,0.037349096848816196,False
76811.86273014356,223.0951,-43337.94637702726,-8367.968346504545,3032.9104564454747,52.26469556599813,5.238633834592068,9950.0,0.628489,401.2594,3000.0,75.7776,1.8318553440463463,EJU42KM_1219,pop,107759.52980558689,0.03548827203136224,False
76777.89288020895,241.6863,-39634.36825617293,-7429.276794485537,3316.241121843105,52.27341760160369,5.292943136006475,10880.0,0.638928,406.5221,3000.0,76.4436,1.82419096742194,EJU42KM_1219,pop,106903.86725129963,0.03155264254674832,False
76744.06707600562,260.2776,-35871.1978081684,-6521.8977290189805,3599.5717869796144,52.28183703504633,5.348153131900938,11810.0,0.649582,411.871,3000.0,78.065,1.816439632313363,EJU42KM_1219,pop,106052.28346388225,0.02727832616517572,False
76710.38692262131,278.8688,-32033.810434047406,-5710.78603047589,3882.902452151849,52.28936933433615,5.404484469234175,12739.0,0.660457,417.3073,3000.0,79.8764,1.808611717797333,EJU42KM_1219,pop,105205.76398341957,0.023709119139623303,False
76676.8540156746,297.4601,-28121.525222462566,-5012.239665795577,4166.2331171999995,52.29586637539668,5.461945751442182,13669.0,0.671557,422.8323,3000.0,81.6484,1.8006878496555376,EJU42KM_1219,pop,104362.08669222306,0.020567091282431817,False
76643.4699415794,316.0513,-24137.241677749735,-4427.328963469117,4449.5637815124755,52.30131676882366,5.52049091742237,14598.0,0.682888,428.4471,3000.0,82.9289,1.7926884943674715,EJU42KM_1219,pop,103523.30598705937,0.019260204426181905,False
76610.23627778814,334.6426,-20087.606666768188,-3924.9945107512544,4732.89444420821,52.30599799273145,5.580016625803199,15528.0,0.694454,434.1529,3000.0,83.6822,1.784593533317517,EJU42KM_1219,pop,102687.19010476238,0.018192098969464884,False
76577.15459298115,353.2338,-15977.499921111317,-3469.9384969662688,5016.225105164567,52.31022587274626,5.640446659157519,16457.0,0.706259,439.9509,3000.0,84.3942,1.7764241210772722,EJU42KM_1219,pop,101855.80414353838,0.016981446158070377,False
76544.22644726146,371.8251,-11806.894982412348,-3060.578673685773,5299.555764341603,52.31401326174391,5.701779793458178,17387.0,0.71831,445.8423,3000.0,84.9706,1.7681594508940621,EJU42KM_1219,pop,101026.91310337889,0.01587109169145204,False
76511.45339228562,390.4163,-7576.2865032624295,-2688.2591269234913,5582.886421594579,52.317436601201685,5.764006998070264,18317.0,0.73061,451.8281,3000.0,85.4146,1.7598102831910647,EJU42KM_1219,pop,100201.50444897552,0.014906897982521929,False
76478.83697132421,409.0076,-3285.8917796512465,-2344.159343099616,5866.217076731624,52.32057381286873,5.827123707837641,19246.0,0.743166,457.9095,3000.0,85.8124,1.7513881031063576,EJU42KM_1219,pop,99380.5777771567,0.014247134260431482,False
76446.3787192767,427.5988,1064.7534949131702,-2025.615050677278,6149.547728535244,52.32344741632566,5.8911356369285945,20176.0,0.755982,464.0875,3000.0,86.1163,1.7428710619320904,EJU42KM_1219,pop,98561.94461923378,0.01158727017365947,False
76414.08014520784,446.1901,5475.93016390008,-1726.154775982504,6432.878361127715,52.32611409469898,5.9560463892776285,21105.0,0.769063,470.3631,3000.0,86.1671,1.7342818911823232,EJU42KM_1219,pop,97753.55839726617,0.0,False
76381.94139139768,464.7814,9947.202957047708,-1426.591275688169,6716.208967093742,52.32874503336726,6.021849257620982,22035.0,0.782416,476.7375,3000.0,86.1766,1.7255982106426435,EJU42KM_1219,pop,96986.69183506563,0.0,False
76349.95545251174,483.3726,14479.295113418766,-1123.7091540869567,6999.539495327639,52.33136764229963,6.0885550900973975,22964.0,0.795287,482.7517,3000.0,86.1857,1.7166739895199172,EJU42KM_1219,pop,96309.83619187123,0.0,False
76318.10496245194,501.9639,19068.7640151667,-817.7303333256807,7282.870048157438,52.33397852497785,6.156113386051301,23894.0,0.806079,487.4421,3000.0,86.1946,1.7071492099278538,EJU42KM_1219,pop,95719.34000226785,0.0,False
76286.37169287248,520.5551,23702.97102368584,-509.48902061946353,7566.200614857531,52.33656927393429,6.22433822239184,24823.0,0.814762,490.8052,3000.0,86.2032,1.6971225518174116,EJU42KM_1219,pop,95207.70116211966,0.0,False
76254.73911387204,539.1464,28369.246800710116,-199.81587879838597,7849.531188859248,52.339131930226664,6.2930431318384255,25753.0,0.82,492.0531,2801.0,86.2114,1.6519232218667281,EJU42KM_1219,pop,91656.74933985871,0.0,False
76223.85079681399,557.7376,33049.09749527645,110.08780390862421,8114.084161906866,52.34165597928574,6.361955784724785,26621.0,0.82,490.2657,2578.0,86.2186,1.5997033950394113,EJU42KM_1219,pop,87485.33185422639,0.0,False
76193.8908253489,576.3289,37713.69029939272,418.38535015309117,8357.567408886685,52.34412653723509,6.430651459946917,27420.0,0.819999,488.6148,2355.0,86.2254,1.5456868225168316,EJU42KM_1219,pop,83419.02476083007,0.0,False
76164.89095406666,594.9201,42364.246845254966,725.2046403093804,8579.98085554739,52.34654504249886,6.499147934831207,28150.0,0.819999,487.1015,2132.0,86.2318,1.489969074842675,EJU42KM_1219,pop,79445.32524389087,0.0,False
76136.88173539373,613.5114,47001.998079431854,1030.6612474565113,8781.324479206023,52.348912779544506,6.567463135121609,28810.0,0.819463,485.4105,1909.0,86.2372,1.4325149201915233,EJU42KM_1219,pop,75507.28540785667,0.0,False
76109.90506170108,632.1026,51625.16227653927,1334.7194678253538,8961.59827080147,52.35122991454503,6.635570621385036,29402.0,0.81655,482.4573,1686.0,86.2415,1.3728375025742894,EJU42KM_1219,pop,71438.83458161968,0.0,False
76084.04724600309,650.6939,56221.61041043869,1636.67067995165,9120.802227840797,52.353491686632594,6.7032914934975585,29924.0,0.814154,479.9578,1463.0,86.2452,1.3117226840180787,EJU42KM_1219,pop,67477.404222082,0.0,False
76059.32872173784,669.2852,60795.58017791599,1936.848442195781,9258.936353263878,52.35570129194088,6.7706879534207625,30377.0,0.811562,477.4902,1240.0,86.2487,1.2490045277119894,EJU42KM_1219,pop,63554.19621582417,0.0,False
76035.78547491992,687.8764,65347.28529573914,2235.290170853869,9376.000656931314,52.35785959992888,6.837762927876469,30761.0,0.809049,475.2164,1016.0,86.2501,1.1845432556999969,EJU42KM_1219,pop,59666.91707571263,0.0,False
76013.44625839032,706.4677,69878.47322206551,2532.268723240315,9471.995163096688,52.35996939146385,6.904541983049442,31076.0,0.805731,472.6175,793.0,86.2512,1.1185584256380194,EJU42KM_1219,pop,55777.04389756758,0.0,False
75992.35892789639,725.0589,74385.94584141484,2827.608650307988,9546.919950547986,52.36203002929778,6.9709777830536,31322.0,0.802414,470.1654,570.0,86.2523,1.0511098056422306,EJU42KM_1219,pop,51923.50524474275,0.0,False
,0.0,11053.0,29703.0,129.54000000000002,52.306365966796875,4.7788238525390625,425.00000000000006,0.0,0.0,0.0,0.0,,EJU42KM_1219,real,,0.15583175863899898,False
77969.09265817718,14.0,10996.0,28690.0,335.28000000000003,52.29724948689089,4.7779541015625,1100.0,0.21128335792378874,139.2300254973761,3008.0,183.2939649878451,1.8887820186263475,EJU42KM_1219,real,224185.30365289294,0.10458158780085901,False
77922.81365382134,34.0,10939.0,27170.0,563.88,52.2835693359375,4.777069091796875,1850.0,0.2389145216405074,157.0286598045083,1792.0,178.90530940814696,1.8816112928614084,EJU42KM_1219,real,141962.79115457606,0.07943171183157395,False
77880.39623823015,64.0,12199.0,24700.0,784.86,52.261322021484375,4.7954559326171875,2575.0,0.32478350260106187,212.92721761202816,2304.0,130.04674252215793,1.853674660229958,EJU42KM_1219,real,123006.13423439728,0.06469929562603399,False
77849.51881253334,74.0,13254.0,24231.0,952.5,52.25707490565413,4.8109130859375,3125.0,0.3501575219221212,229.12005586591496,3520.0000000000005,106.2201936956028,1.8869537925417472,EJU42KM_1219,real,154961.6965263269,0.06033800038799764,False
77803.49185941726,104.0,16985.0,24025.0,1470.66,52.255119711665785,4.8656093052455365,4825.0,0.38149368189102123,248.12899870833317,2752.0,91.8476102659946,1.854463732810746,EJU42KM_1219,real,123319.29780058502,0.05486255592188137,False
77776.11789518036,114.0,18304.0,23976.0,1577.3400000000001,52.254638671875,4.88494873046875,5175.0,0.40220737835280707,261.27571643763605,1792.0,92.63243486898659,1.6728533699952792,EJU42KM_1219,real,91929.41182765653,0.054129418107502894,False
77731.41863886749,144.0,22577.0,23801.0,1973.5800000000002,52.252899169921875,4.9475860595703125,6475.0,0.44889253857201394,290.2481696755382,3968.0,92.36950806425529,1.8823376613533147,EJU42KM_1219,real,143080.71289862532,0.04680300109055814,False
77685.68155868418,164.0,25663.0,23683.0,2346.96,52.251708984375,4.992828369140625,7700.0,0.4587106719652475,295.28630174798155,3392.0000000000005,92.52326623350297,1.8627931922886032,EJU42KM_1219,real,126995.73981573604,0.04174983845917502,False
77655.01681623247,184.0,28718.0,23542.0,2720.34,52.25028991699219,5.0376129150390625,8925.0,0.46575460460635526,298.4845054605012,3776.0000000000005,93.26501240910306,1.8756389698721476,EJU42KM_1219,real,135331.43112015724,0.0389511924198246,False
77609.77209677371,204.0,31776.0,23404.0,3055.6200000000003,52.2488817117982,5.082432338169643,10025.0,0.47671899067790385,304.27783356662707,3136.0,92.4486565838244,1.8392231958676462,EJU42KM_1219,real,118086.64917223118,0.037310990530750265,False
77584.70619533345,224.0,35017.0,23298.0,3268.98,52.24772644042969,5.1299285888671875,10725.0,0.509344758674166,324.2606975876047,1216.0,92.29767226120418,1.3876372892323259,EJU42KM_1219,real,70402.38241129045,0.036192869111017836,False
77559.0885549233,244.0,38525.0,23187.0,3421.38,52.246490478515625,5.1813507080078125,11225.0,0.5496668443464541,349.2806894175514,2240.0,92.29716637394222,1.6767562997108967,EJU42KM_1219,real,92343.99471504224,0.034973897741229526,False
77514.31316076872,264.0,42091.0,23078.0,3741.42,52.24525451660156,5.233612060546875,12275.0,0.5612414947615361,355.2379484233068,3392.0000000000005,92.09721818195175,1.8300852588706253,EJU42KM_1219,real,115568.97485602953,0.03321303370070199,False
77485.02237526671,284.0,45805.0,22976.0,4061.46,52.244040279065146,5.2880336216517865,13325.0,0.568222657530553,358.235955761004,2816.0,92.07965922477734,1.7627184240907607,EJU42KM_1219,real,102733.07698061442,0.03067916704795714,False
77442.9695772749,304.0,49558.0,22929.0,4320.54,52.24329544326006,5.343043736049108,14175.0,0.5872938326411525,369.0663896916109,2496.0,88.91321854700186,1.7028793519757564,EJU42KM_1219,real,95129.43303238072,0.02839117868299664,False
77401.10557050824,334.0,55322.0,23616.0,4709.16,52.24892826403602,5.427638462611608,15449.999999999998,0.6108928171669527,382.0274859221519,2624.0,82.78197110372537,1.7141804181972946,EJU42KM_1219,real,96417.89296980917,0.02396452623657185,False
77373.47394546864,344.0,57233.0,23876.0,4846.320000000001,52.251068115234375,5.4557037353515625,15900.000000000002,0.6149332311820073,383.8880045013129,2496.0,82.96754541146709,1.6885993079388038,EJU42KM_1219,real,93563.27811053871,0.02256828364146299,False
77332.5302332001,374.0,63263.0,24689.0,5212.08,52.25772663698358,5.54425048828125,17100.0,0.637362603149671,396.042926966257,3200.0,82.89292783451191,1.7817740220917828,EJU42KM_1219,real,105698.8011447576,0.019522296558451807,False
77304.40504375282,384.0,65229.0,24958.0,5364.4800000000005,52.25991459216102,5.5731288364955365,17600.0,0.6384102765470204,395.92044655460774,2752.0,83.03653147351196,1.7187615772957414,EJU42KM_1219,real,96942.63487472327,0.01864446669373964,False
77264.93745259807,414.0,71361.0,25792.0,5707.38,52.266664666644594,5.6632167271205365,18725.0,0.6575110453762019,405.96797903282965,2176.0,83.06754436045247,1.6006372234370378,EJU42KM_1219,real,85345.2284156736,0.01670069362051663,False
77225.00608090388,434.0,75563.0,26361.0,5935.9800000000005,52.27122678595074,5.7249755859375,19475.0,0.670754793260369,412.9176673381753,2368.0,83.18478058135582,1.6345572162979523,EJU42KM_1219,real,88282.63349400612,0.015708669348359162,False
77197.21004681429,454.0,79706.0,26928.0,6210.3,52.27574235301906,5.785871233258929,20375.0,0.6749775942800952,414.03019213579097,2816.0,83.063794703594,1.7074862005613887,EJU42KM_1219,real,95648.04782284601,0.009357934634125722,False
77157.85124180524,474.0,84003.0,27517.0,6454.14,52.280397576800844,5.849042619977679,21175.0,0.6820176255112869,417.00839320090427,2240.0,83.113572668568,1.593487597540245,EJU42KM_1219,real,84740.92320891222,0.0,False
77131.42611054098,494.0,88225.0,28092.0,6682.740000000001,52.28491314386917,5.911115373883929,21925.0,0.6887778602319833,419.86902719776793,2496.0,83.29813533349028,1.6394228477114625,EJU42KM_1219,real,88737.14528868278,0.0,False
77106.62952538517,514.0,92515.0,28677.0,6896.1,52.28947526317531,5.974208286830358,22625.0,0.7007333976623179,425.9448321085725,1984.0,83.25872949383972,1.5219007731519711,EJU42KM_1219,real,79246.94799653327,0.0,False
77068.52336161037,534.0,96600.0,29259.0,7117.08,52.29400634765625,6.0343170166015625,23350.0,0.7083209608217037,429.2842880889074,2048.0,82.90809302592368,1.5304971808000638,EJU42KM_1219,real,79871.60121880105,0.0,False
77045.12246088857,554.0,101334.0,29948.0,7292.34,52.29936218261719,6.103973388671875,23925.0,0.7216877900655791,436.3542139134215,1664.0,82.8912701144211,1.4291301240537941,EJU42KM_1219,real,72980.22314289743,0.0,False
77010.00295841235,574.0,105777.0,30593.0,7459.9800000000005,52.304325427039196,6.169372558593751,24475.0,0.7348423957751203,443.3012519720647,1984.0,83.00323364286567,1.506089257449941,EJU42KM_1219,real,78119.99098277469,0.0,False
76976.2332153765,604.0,112584.0,31580.0,7696.200000000001,52.311859130859375,6.2696075439453125,25250.0,0.7539164984263299,453.3486517019765,1472.0,83.03174325862147,1.369689862320525,EJU42KM_1219,real,69325.3241560925,0.0,False
76954.41245113776,614.0,114916.0,31919.0,7772.400000000001,52.314422607421875,6.3039398193359375,25500.0,0.7611135331264487,457.20017497809425,1344.0,83.21695114479883,1.333491147893759,EJU42KM_1219,real,67202.62734839412,0.0,False
76919.13341238972,644.0,121898.0,32920.0,8031.4800000000005,52.321929931640625,6.4067840576171875,26350.0,0.775634979847841,464.26931839181447,1792.0,83.19643669554267,1.445322474670366,EJU42KM_1219,real,74083.81655284217,0.0,False
76895.27178319113,654.0,124352.0,33276.0,8122.92,52.3245849609375,6.4429473876953125,26650.0,0.7799358372648483,466.2552948761011,1856.0,83.2255520160702,1.4582106732150595,EJU42KM_1219,real,74954.59354239421,0.0,False
76860.94083233853,684.0,131482.0,34308.0,8382.0,52.332210217492054,6.548008510044643,27500.0,0.7910771883468197,471.22075506072525,1600.0,83.2972665618463,1.3857428219425996,EJU42KM_1219,real,70562.72015457593,0.0,False
76824.50387165412,704.0,136273.0,35002.0,8572.5,52.337284411414196,6.618634905133929,28125.0,0.7965251810992405,473.2071428032337,2112.0,83.32553095288245,1.5029730516726796,EJU42KM_1219,real,78315.23305711831,0.0,False
76800.7300814625,724.0,141073.0,35700.0,8770.62,52.34235860533633,6.689418247767858,28775.0,0.7987409813699327,473.2071428032337,1856.0,83.32553095288245,1.4357021416686206,EJU42KM_1219,real,73922.50640867211,0.0,False
76765.13011708771,744.0,145830.0,36392.0,8968.74,52.34733581542969,6.7595672607421875,29424.999999999996,0.8007804079135479,473.0919572345317,1920.0,83.44581940960722,1.4441026250279296,EJU42KM_1219,real,74564.32792500152,0.0,False
76741.47224170125,764.0,150730.0,37103.0,9166.86,52.35241388870497,6.831848144531251,30075.0,0.8030331121554561,473.0919572345317,2112.0,83.44581940960722,1.4826691906546592,EJU42KM_1219,real,77266.23523641017,0.0,False
76716.38071428602,784.0,155506.0,37799.0,9395.460000000001,52.35734842591366,6.902317592075893,30825.0,0.8003870615544386,469.9978723356096,2560.0,83.5251849597405,1.572749271058013,EJU42KM_1219,real,83810.35023664852,0.0,False
76678.69288177846,804.0,160158.0,38468.0,9646.92,52.362030029296875,6.970977783203125,31650.0,0.7910128992182914,462.8185389545237,1984.0,83.67347940141195,1.4390184096238516,EJU42KM_1219,real,74106.45533037971,0.0,False
73654.30935230154,0.0,-75255.26303354069,58493.377165249716,30.48000030432068,52.32129687188163,4.779955679723016,100.0,0.3,198.3755,2458.0,183.0038,1.9751149297199004,DLH3A_603,fuel,127367.00801913878,0.17029701519960952,True
73609.6345648745,22.6006,-75375.03635798322,56210.83133948094,312.63753251718964,52.30075589648536,4.778706647011784,1026.0,0.355936,234.6127,2729.0,183.0038,1.931108728211895,DLH3A_603,fuel,120409.00208883712,0.10910147986980058,True
73565.97510841711,45.2011,-75516.78600515076,53509.478037713845,625.9325282751562,52.27644599466609,4.777229808499543,2054.0,0.416396,273.4855,3000.0,149.1029,1.9095869173304305,DLH3A_603,fuel,117367.98817773772,0.07305010232296842,True
73522.8344339978,67.8017,-73896.7326125847,50802.253630525316,970.3649875777332,52.25232252037706,4.801633990632796,3184.0,0.477659,312.4843,3000.0,125.5108,1.8636948287119146,DLH3A_603,fuel,111473.31976267151,0.05798847310077398,True
73480.77322042054,90.4022,-70958.42076508304,48705.53885116697,1314.7974468837992,52.23385509224317,4.845235944080455,4314.0,0.542107,353.2345,3000.0,125.5086,1.8433615941763675,DLH3A_603,fuel,109070.89544897828,0.046100157719363065,True
73439.21719970829,113.0028,-67633.6587089862,46333.259686962774,1659.2299061900403,52.212941228636126,4.894528683540732,5444.0,0.580797,376.9269,3000.0,125.51,1.8377531596665775,DLH3A_603,fuel,108427.57956661153,0.038404901048187653,True
73397.81157462395,135.6033,-64084.49957172597,43800.737264922434,2003.66236549629,52.19059200503974,4.94709712455232,6574.0,0.592316,382.848,3000.0,125.51,1.8286784568120469,DLH3A_603,fuel,107403.17434398236,0.03885636835317417,True
73356.61412130333,158.2039,-60479.30583256569,41228.23164360892,2348.0948248025106,52.167866038873555,5.0004414073419845,7704.0,0.604124,388.8881,3000.0,125.5101,1.8194806947619147,DLH3A_603,fuel,106384.76849681011,0.041904237630383236,True
73315.62761757326,180.8044,-56816.967005552775,38614.93215910273,2692.5272841086976,52.14475507687636,5.054575441427213,8834.0,0.616228,395.0494,3000.0,125.5245,1.8101605419880464,DLH3A_603,fuel,105372.2080737707,0.043935209558780566,True
73274.85482185175,203.405,-53096.99935090405,35959.10592671976,3036.959743414848,52.12124246864047,5.10950399613689,9964.0,0.628637,401.3341,3000.0,125.5435,1.8007186026108892,DLH3A_603,fuel,104365.33605407356,0.04462848772241966,True
73234.29847436045,226.0055,-49318.485056914615,33259.58495280418,3381.392202720961,52.09731665468901,5.165237982735896,11094.0,0.641358,407.7444,3000.0,125.5607,1.7911554166798491,DLH3A_603,fuel,103363.9929137051,0.04130535925583529,True
73193.96129836615,248.6061,-45480.18099925337,30515.61310533609,3725.824662027032,52.07296976621426,5.221792896124548,12224.0,0.654401,414.2826,3000.0,125.5868,1.7814715040066402,DLH3A_603,fuel,102368.02155717691,0.036358092335375986,True
73153.84600142622,271.2067,-41581.35164260884,27725.681059059967,4070.257121333056,52.04818707331811,5.27917678629473,13354.0,0.667772,420.9508,3000.0,125.6057,1.771667243381496,DLH3A_603,fuel,101377.25523206274,0.03048849696031928,True
73113.95527660858,293.8072,-37620.45406832279,24889.36535908549,4414.6895806390285,52.022963629822215,5.337409246492556,14484.0,0.681481,427.7511,3000.0,125.614,1.7617429555654862,DLH3A_603,fuel,100391.52672897697,0.025846448976654224,True
73074.2918036549,316.4078,-33595.75161454622,22006.469422345166,4759.122039944945,51.99729648153194,5.3965125632522835,15614.0,0.695536,434.6858,3000.0,125.6226,1.7516990004507267,DLH3A_603,fuel,99410.67801773784,0.02347871207946853,True
73034.85825005009,339.0083,-29506.00569118002,19076.05876492075,5103.554499250798,51.97117594471957,5.456501703817873,16744.0,0.709947,441.7569,3000.0,125.6171,1.7415355662713035,DLH3A_603,fuel,98434.53958997398,0.022261808130263187,True
72995.65727196002,361.6089,-25349.21813259906,16098.217688295117,5447.986958556581,51.94460147849318,5.517402507547621,17874.0,0.724722,448.9664,3000.0,125.6065,1.731252807913877,DLH3A_603,fuel,97462.94450432144,0.021679302452206457,True
72956.69151499284,384.2094,-21123.814540666142,13072.398817740754,5792.419417862281,51.917566767162995,5.579234561276541,19004.0,0.739871,456.3163,3000.0,125.6115,1.7208508610901343,DLH3A_603,fuel,96495.7296332301,0.020944699761426853,True
72917.96361473638,406.81,-16829.294363160567,9996.515943569148,6136.851877167894,51.89005155664312,5.642001747692178,20134.0,0.755402,463.8086,3000.0,125.6059,1.7103298585550604,DLH3A_603,fuel,95532.74163630797,0.018124547650197706,True
72879.47619322449,429.4105,-12463.748033590678,6870.41196069004,6481.284336473397,51.86205293842311,5.705728223511986,21264.0,0.771325,471.4452,3000.0,125.6022,1.6996899007842752,DLH3A_603,fuel,94580.1695568675,0.0,True
72841.22992267598,452.0111,-8025.919594280536,3692.9801924931257,6825.716795778774,51.83355937502536,5.7704285251158485,22394.0,0.787651,479.2278,3000.0,125.6131,1.688931008564421,DLH3A_603,fuel,93693.9594437216,0.0,True
72803.21001448031,474.6117,-3515.2525443596946,462.10163282673005,7170.149255084025,51.804550159262654,5.836106870711629,23524.0,0.804387,487.1582,3000.0,125.6017,1.6780531581084683,DLH3A_603,fuel,93019.45543212318,0.0,True
72765.36228180668,497.2122,1070.8972554916993,-2821.461439248751,7514.581714389079,51.77503043949672,5.902797499888692,24654.0,0.819304,493.8875,2808.0,125.6041,1.6339064906284777,DLH3A_603,fuel,89910.01950346591,0.0,True
72728.32986197446,519.8128,5722.121811915457,-6151.917432639561,7837.016140613326,51.745050551795785,5.970345308468248,25712.0,0.82,492.1377,2537.0,125.5936,1.5696645615056672,DLH3A_603,fuel,84935.09038317221,0.0,True
72692.68304701358,542.4133,10359.688954155274,-9471.300903484313,8128.3131032931415,51.71513182453705,6.037605547436039,26668.0,0.819355,489.7839,2266.0,125.578,1.5026844638173664,DLH3A_603,fuel,80016.52984088953,0.0,True
72658.50273483241,565.0139,14978.062228658413,-12775.05234553823,8388.472602427566,51.68531583899025,6.1044990456184225,27521.0,0.816356,486.2345,1995.0,125.5786,1.4327156855647631,DLH3A_603,fuel,75052.17101054403,0.0,True
72625.89943746428,587.6144,19564.898454305854,-16056.311280534068,8617.494638016296,51.65566528820075,6.170848536138522,28273.0,0.813239,482.8326,1724.0,125.5771,1.3606329394160044,DLH3A_603,fuel,70210.87348065093,0.0,True
72594.92567523505,610.215,24121.586160023056,-19315.82840400568,8815.37921005921,51.62617422108468,6.236675967791921,28922.0,0.809999,479.575,1452.0,125.5936,1.2863119923536002,DLH3A_603,fuel,65459.04290384754,0.0,True
72565.63190899878,632.8155,28648.348272269945,-22555.910256414154,8982.12631855626,51.59682270082267,6.301986179900343,29469.0,0.806558,476.415,1181.0,125.6255,1.2102477208740723,DLH3A_603,fuel,60803.19417449881,0.0,True
72538.06835187122,655.4161,33145.12422762611,-25778.312678244318,9117.735963507463,51.56759574482119,6.366779821823806,29914.0,0.802868,473.3247,910.0,125.6494,1.132255105761651,DLH3A_603,fuel,56212.49797390756,0.0,True
72512.28388026323,678.0166,37612.90183132563,-28982.759397209084,9222.20814491287,51.538496569103096,6.4310728199487155,30257.0,0.798835,470.2483,639.0,125.6794,1.052340031636281,DLH3A_603,fuel,51670.63056214198,0.0,True
72488.32677597702,700.6172,42051.34930046057,-32169.692950917717,9295.542862772636,51.509521985216665,6.494861912937467,30497.0,0.794316,467.0994,368.0,125.693,0.970468815068205,DLH3A_603,fuel,47161.48771115289,0.0,True
72466.24550001032,723.2178,46460.56469271718,-35337.22145710176,9337.740117087093,51.48068976494347,6.558150334448019,30636.0,0.789085,463.7438,96.0,125.7056,0.8861855832622093,DLH3A_603,fuel,42650.102782327165,0.0,True
72446.09019472465,745.8183,50838.50757885582,-38483.74533222989,9348.7999078573,51.45201523340777,6.620910494114751,30672.0,0.78701,462.4511,-0.0,125.7196,0.8556352634926137,DLH3A_603,fuel,41044.36884575974,0.0,True
72426.63692333754,768.4189,55203.83491936594,-41622.8193557564,9348.799907633433,51.423375464165,6.683411048678174,30672.0,0.786988,462.4381,-0.0,125.7296,0.855486282286129,DLH3A_603,fuel,41036.05112090094,0.0,True
72407.18731961345,791.0194,59568.493006232115,-44762.56529792489,9348.799907409475,51.39469652398262,6.745823505126114,30672.0,0.786964,462.4242,-0.0,125.7509,0.855336148498698,DLH3A_603,fuel,41027.65005880966,0.0,True
72387.74142476333,813.62,63931.8507389074,-47903.8398040928,9348.799907185434,51.36597087238392,6.808138700526638,30672.0,0.786965,462.425,-0.0,125.7763,0.8552055649076216,DLH3A_603,fuel,41020.67700259609,0.0,True
72368.29860521658,836.2205,68293.82369368404,-51047.05276985702,9348.79990696132,51.337194939566444,6.870355409447092,30672.0,0.78693,462.4042,-0.0,125.7954,0.8550463542808118,DLH3A_603,fuel,41011.61477335019,0.0,True
72348.85978149675,858.8211,72654.55350621426,-54191.57738691133,9348.799906737133,51.308374451420235,6.932475855209962,30672.0,0.786927,462.4022,-0.0,125.8113,0.8549121492169288,DLH3A_603,fuel,41004.377209769766,0.0,True
72329.42415103932,881.4216,77014.39115452277,-57337.29858560051,9348.799906512882,51.27951049895957,6.994505184923042,30672.0,0.786923,462.4001,-0.0,125.8272,0.8547778610854423,DLH3A_603,fuel,40997.133213192814,0.0,True
72917.76625787652,0.0,-75255.26321520342,58493.377165343256,30.480000301948404,52.32129687185759,4.779955677050494,100.0,0.3,198.3755,1985.0,183.0038,1.8477094721228304,DLH3A_603,pop,109575.18642038733,0.1702970174653491,True
72875.539819019,22.8331,-75376.61769883607,56180.69885696379,260.6699547958459,52.30048472961372,4.778690162625258,855.0,0.372105,245.4148,2259.0,183.0038,1.784714730682182,DLH3A_603,pop,102699.61680147066,0.11946425408365952,True
72834.79151214537,45.6663,-75526.83157838504,53318.04087803014,522.6415145610979,52.27472322103398,4.777125202792314,1715.0,0.446758,293.7736,2533.0,148.7541,1.7806116049728216,DLH3A_603,pop,102280.42937198347,0.07806510462190805,True
72794.18811011371,68.4994,-73746.33799727376,50383.40845889832,816.3946796136626,52.248576417611055,4.803934870956896,2678.0,0.524231,343.56,2807.0,126.6945,1.8149746915562963,DLH3A_603,pop,105892.85032238698,0.05889790227812667,True
72752.85480913504,91.3325,-70527.03366359952,47984.28956107946,1141.9294499503521,52.22742492002294,4.851720847733893,3746.0,0.564023,368.2528,3000.0,92.8199,1.844670375343384,DLH3A_603,pop,109222.17654219171,0.043619233432124156,True
72710.86474543416,114.1656,-66229.29369196635,47772.60013535918,1489.9063152651186,52.22605465327778,4.91485615660347,4888.0,0.575238,374.0591,3000.0,88.7445,1.8356313168855918,DLH3A_603,pop,108186.25316696892,0.039556110164460534,True
72669.08419102461,136.9988,-61859.18531496248,47868.37592390934,1837.883180579482,52.22742379621994,4.978993441391282,6030.0,0.586736,379.9834,3000.0,96.933,1.8264672018768495,DLH3A_603,pop,107156.54767313956,0.03827218249068973,True
72627.51599874198,159.8319,-57450.91237193495,47332.34219377612,2185.860045892625,52.2230807517964,5.043802669201189,7171.0,0.598526,386.0281,3000.0,109.1372,1.8171887820138848,DLH3A_603,pop,106133.99833854407,0.03871453636332059,True
72586.1630004285,182.665,-53188.51316265992,45853.25557356838,2533.836911202239,52.210207782784934,5.106606801274359,8313.0,0.610614,392.1955,3000.0,117.6784,1.807777034907175,DLH3A_603,pop,105116.27590619684,0.0405464331208811,True
72545.02800823929,205.4981,-49128.928749398874,43723.87462324776,2881.8137765072115,52.19143564513935,5.166493641069646,9455.0,0.623009,398.4878,3000.0,126.2972,1.7982422746146056,DLH3A_603,pop,104104.2991644775,0.03978376689325617,True
72504.11381601189,228.3313,-45374.75067685775,40966.438513139175,3229.790641809015,52.16696027936006,5.221935981092134,10596.0,0.63572,404.9073,3000.0,133.1985,1.788595671079392,DLH3A_603,pop,103099.00204811388,0.03792341965244267,True
72463.42320067706,251.1644,-41924.165761836986,37726.29030357889,3577.767507107951,52.13809505676422,5.27292843935073,11738.0,0.648754,411.4563,3000.0,135.7739,1.7788166563318286,DLH3A_603,pop,102098.02583740273,0.03565580549426174,True
72422.95892368385,273.9975,-38569.03491567798,34279.27983857628,3925.744372406084,52.10734092699736,5.3224806507974325,12880.0,0.662121,418.137,3000.0,137.6599,1.768915999445986,DLH3A_603,pop,101102.29303473784,0.03161314170121264,True
72382.72373240998,296.8307,-35276.35442448213,30665.752712079033,4273.721237705851,52.075064591315254,5.371068039821522,14021.0,0.675829,424.9518,3000.0,138.0316,1.7589053713186054,DLH3A_603,pop,100112.74562926177,0.0275086272380201,True
72342.72036152458,319.6638,-31953.698850894587,26971.479424194116,4621.698103006788,52.04204387571899,5.42003102937947,15163.0,0.689886,431.9027,3000.0,137.6178,1.7487625671192832,DLH3A_603,pop,99126.99217779914,0.024840035717946875,True
72302.95153426647,342.4969,-28549.466523477335,23241.04890025122,4969.674968308021,52.00868192831669,5.470116551004228,16305.0,0.704303,438.992,3000.0,135.9357,1.7384988893738844,DLH3A_603,pop,98145.9689368612,0.02301258883857068,True
72263.41996359741,365.33,-24979.34839495442,19552.382515335274,5317.651833608397,51.9756818422236,5.522546138252009,17446.0,0.719088,446.2218,3000.0,132.9524,1.7281263579133093,DLH3A_603,pop,97170.61344373992,0.022363511326547722,True
72224.12835318595,388.1632,-21160.014833287933,15996.720742128116,5665.628698907286,51.94386417896318,5.578525974265201,18588.0,0.73425,453.5942,3000.0,129.8643,1.7176214193202834,DLH3A_603,pop,96198.53326491005,0.021576916457668197,True
72185.07939817179,410.9963,-17088.296699421648,12596.54126806751,6013.60556420468,51.91342609410226,5.638098082374081,19730.0,0.7498,461.1112,3000.0,127.4011,1.7069957962762292,DLH3A_603,pop,95230.66808914911,0.021085446565890845,True
72146.27578565732,433.8294,-12804.163269993318,9320.945332054953,6361.582429489712,51.88408330922023,5.700679530223702,20871.0,0.765746,468.7747,3000.0,126.9024,1.6962619763325217,DLH3A_603,pop,94269.36524421268,0.0027640091960080024,True
72107.71971514807,456.6625,-8419.806371154062,6028.79521536475,6709.559294718781,51.85456002194919,5.764638958190931,22013.0,0.7821,476.5867,3000.0,126.8475,1.6853951546375203,DLH3A_603,pop,93343.95381070254,0.0,True
72069.40425043857,479.4957,-3958.9859057410367,2685.9094961823525,7057.536159936498,51.82454637043938,5.829627638782637,23155.0,0.798869,484.549,3000.0,126.7737,1.6744075549846644,DLH3A_603,pop,92569.02317191439,0.0,True
72031.29102646835,502.3288,580.9169113320066,-707.1272272187425,7405.513025131071,51.794045840930934,5.895679529594423,24296.0,0.815841,492.5278,2893.0,126.6999,1.6453536851441635,DLH3A_603,pop,90644.56011885084,0.0,True
71993.68722880048,525.1619,5201.1709244680615,-4150.942345044221,7741.083495150889,51.763050853045485,5.962808774469918,25397.0,0.82,492.7842,2619.0,126.6382,1.582163778946121,DLH3A_603,pop,85847.16975325221,0.0,True
71957.41683681287,547.9951,9829.862995734304,-7593.306845148892,8044.87235999766,51.73203057967773,6.029968418732925,26394.0,0.82,490.7342,2345.0,126.5945,1.5152557828259405,DLH3A_603,pop,80909.00412955388,0.0,True
71922.61476663861,570.8282,14444.072634164055,-11019.429881180198,8316.87961960787,51.701118515892915,6.09682640994748,27286.0,0.82,488.8914,2071.0,126.5729,1.4462778353364454,DLH3A_603,pop,76127.47407449869,0.0,True
71889.32703254007,593.6613,19044.2944963352,-14432.478679947744,8557.105273961997,51.67028661234149,6.163390940405411,28074.0,0.81873,486.5035,1797.0,126.5737,1.3748694491443427,DLH3A_603,pop,71371.25494325985,0.0,True
71857.63444453111,616.4944,23623.928140098335,-17830.35981350669,8765.549323051768,51.639554409819105,6.229567553382821,28758.0,0.815676,483.2748,1523.0,126.5916,1.3008442179888338,DLH3A_603,pop,66582.15250921174,0.0,True
71827.63540138425,639.3276,28173.925617209545,-21208.446881483596,8942.211766873967,51.60896456196335,6.295226918317029,29338.0,0.81241,480.1424,1249.0,126.6192,1.2249248353330522,DLH3A_603,pop,61882.358241329,0.0,True
71799.38043146874,662.1607,32694.49825799998,-24568.07668170875,9087.092605428936,51.578505840124926,6.360373722759123,29813.0,0.809202,477.2669,975.0,126.6447,1.1473519474715728,DLH3A_603,pop,57278.641357796114,0.0,True
71772.90928597812,684.9938,37188.07928427595,-27910.746935779775,9200.19183872069,51.548165406664566,6.425044679196638,30184.0,0.805503,474.3221,701.0,126.6568,1.0679012473892582,DLH3A_603,pop,52717.564986377154,0.0,True
71748.27473412939,707.8269,41654.66849896354,-31234.800065144012,9281.509466758496,51.51795889519213,6.489241526307287,30451.0,0.801613,471.4849,427.0,126.648,0.9868164072203809,DLH3A_603,pop,48213.51259167561,0.0,True
71725.51680253987,730.6601,46096.345162481324,-34539.25274807315,9331.045489564194,51.48789569785317,6.552996017823615,30614.0,0.79723,468.5756,153.0,126.6131,0.9039789790257348,DLH3A_603,pop,43739.511872074894,0.0,True
71704.67979934347,753.4932,50513.764514111324,-37821.490758888955,9348.799907207022,51.45799992881184,6.616319546947819,30672.0,0.794611,466.9178,-0.0,126.5531,0.8567751894810519,DLH3A_603,pop,41243.80552190685,0.0,True
71684.93743011102,776.3263,54919.55919584739,-41087.936444015635,9348.799907112674,51.42821324423593,6.679394936339789,30672.0,0.794643,466.9366,-0.0,126.4757,0.8566717438995308,DLH3A_603,pop,41238.84126973338,0.0,True
71665.19726802592,799.1595,59329.94557698092,-44348.55177349529,9348.799907013237,51.398444699915316,6.742455258602504,30672.0,0.794737,466.9916,-0.0,126.3921,0.8566190977271765,DLH3A_603,pop,41237.9619157487,0.0,True
71645.45749793421,821.9926,63745.60405555365,-47603.11196298476,9348.799906909415,51.36869621178962,6.805510539083472,30672.0,0.794682,466.9596,-0.0,126.3144,0.8564445909941647,DLH3A_603,pop,41227.27932883752,0.0,True
71625.72248401651,844.8257,68165.36835606652,-50851.459085747,9348.799906799932,51.338969296284006,6.868544192867979,30672.0,0.79479,467.0228,-0.0,126.2552,0.8564036400634041,DLH3A_603,pop,41227.33628418513,0.0,True
71605.9874393903,867.6588,72589.0817066448,-54095.683040205535,9348.799906686183,51.309245163189324,6.931553746706264,30672.0,0.794753,467.0011,-0.0,126.2234,0.8562436503369807,DLH3A_603,pop,41217.81790585853,0.0,True
71586.25663060279,890.492,77014.39115512167,-57337.298586417535,9348.79990656821,51.27951049895212,6.994505184931474,30672.0,0.794716,466.9795,-0.0,126.1916,0.8560838388970939,DLH3A_603,pop,41208.316477470544,0.0,True
74378.64416369161,0.0,11022.0,29187.0,91.44,52.301718501721396,4.778346470424108,300.0,0.2469688851892337,163.19620093617377,2816.0,182.80980813607027,1.888517499338468,DLH3A_603,real,170110.71732289775,0.1587196371624648,True
74319.78873315398,27.0,10945.0,27027.0,487.68,52.28228759765625,4.7771453857421875,1600.0,0.23866808673508672,157.00318468107582,1920.0,180.36493633573062,1.8794255398447692,DLH3A_603,real,139113.0239932702,0.08407393422079751,True
74281.16813984685,47.0,11485.0,25494.0,685.8000000000001,52.26848020391949,4.785016741071429,2250.0,0.25242975285908653,165.6804152578089,1536.0,148.3245312618908,1.8297937669242559,DLH3A_603,real,115474.47311084316,0.069212126777853,True
74227.14839015753,77.0,13860.0,24196.0,914.4000000000001,52.256744384765625,4.819793701171875,3000.0,0.3097979274201085,202.8003944769339,1408.0,95.09211512449897,1.659432634670505,DLH3A_603,real,90610.53753427767,0.06098143263135571,True
74187.87409418597,97.0,16032.0,24131.0,1211.5800000000002,52.25609730865995,4.851640973772322,3975.0000000000005,0.3266744536295224,213.11499243366245,3776.0000000000005,91.88228244301077,1.888229837574073,DLH3A_603,real,164720.46074757475,0.05764874281033027,True
74130.63091856234,137.0,20703.0,23930.0,1737.3600000000001,52.25413513183594,4.9201202392578125,5700.0,0.376851816846506,244.3460660620506,2752.0,93.04976046926845,1.841268838321195,DLH3A_603,real,118716.65328614373,0.05081496847424186,True
74092.32044986558,157.0,23290.0,23813.0,2034.5400000000002,52.25297830872616,4.958051409040179,6675.0,0.3935532363295068,254.2833065696606,2752.0,92.70487598573565,1.8299509166833017,DLH3A_603,real,115523.04613820568,0.045775286182688134,True
74034.16143571107,187.0,27261.0,23651.0,2522.2200000000003,52.2513427734375,5.0162506103515625,8275.0,0.40828202112260903,262.2746651889961,3200.0,92.6224014605411,1.8586698175828764,DLH3A_603,real,125075.15119181387,0.0400208987538806,True
73996.05923435034,207.0,30047.0,23533.0,2827.02,52.250138622219275,5.057085309709822,9275.0,0.4192160812922206,268.31511325305553,2816.0,92.77709610692553,1.8200169820549659,DLH3A_603,real,113092.6018999386,0.0383971320991666,True
73943.18576726722,237.0,34251.0,23348.0,3230.88,52.24822998046875,5.11871337890625,10600.0,0.4423028152119238,281.710844661685,1408.0,94.07112619365938,1.4491410429732494,DLH3A_603,real,74261.39230067321,0.03644834846565978,True
73915.9554601667,257.0,37132.0,22329.0,3345.1800000000003,52.238872980667374,5.16082763671875,10975.0,0.48597450989081054,309.0954545120326,1216.0,119.88283234541285,1.3435549225222312,DLH3A_603,real,67779.53776539274,0.035572280342614636,True
73868.88448567635,287.0,41356.0,19485.0,3589.02,52.212982177734375,5.2223968505859375,11775.0,0.5363932540951984,340.14702703389895,2432.0,125.18521332794774,1.6812615895375385,DLH3A_603,real,92802.26627955011,0.03453334722776929,True
73833.79569105155,307.0,44215.0,17529.0,3832.86,52.19516042935646,5.264020647321429,12575.0,0.5523911017914235,349.24203641600764,2624.0,124.73665716722941,1.7089513873386808,DLH3A_603,real,95809.72978124963,0.033534745426171464,True
73779.28287924886,337.0,48723.0,14485.0,4282.4400000000005,52.167388916015625,5.32958984375,14050.000000000002,0.5603122958543841,352.27829907617075,2432.0,124.59228868750995,1.6625152459586743,DLH3A_603,real,90917.32826712345,0.031475894925301964,True
73730.52147714338,367.0,53349.0,11369.0,4594.860000000001,52.13892532607256,5.3967982700892865,15075.000000000002,0.587757943725878,368.0896629898753,2560.0,124.59670727156173,1.6753540865847922,DLH3A_603,real,92196.91028554081,0.028434048605254964,True
73694.85122304191,397.0,58098.0,8181.0,5029.2,52.10975646972656,5.4656982421875,16500.0,0.5936429382563947,369.73774489494576,2880.0,124.42073177978259,1.7222798366274445,DLH3A_603,real,97371.660761432,0.024634581142476877,True
73648.71104177592,427.0,62868.0,4978.0,5334.0,52.080413818359375,5.534820556640625,17500.0,0.6152187577494403,381.6870445797185,1664.0,124.64768396503383,1.4386141095958622,DLH3A_603,real,73583.50209787725,0.022856702876321078,True
73617.04847346329,447.0,66209.0,2734.0,5532.12,52.059833074020126,5.583173479352679,18150.0,0.6284387131853781,388.89715864223024,1984.0,124.62992824527912,1.5202394235166587,DLH3A_603,real,79123.97787865798,0.022236712608563965,True
73571.37420983672,477.0,71219.0,-621.0,5814.06,52.02901549258474,5.655604771205358,19075.0,0.6482753280535947,399.71239660535923,1600.0,124.60449572791464,1.4097972576143205,DLH3A_603,real,71762.48516435469,0.021490428796096164,True
73538.884231735,497.0,74599.0,-2892.0,6019.8,52.00813293457031,5.7044219970703125,19750.0,0.6568010297658013,403.88612256426933,2240.0,124.71309771464762,1.5671700766924619,DLH3A_603,real,82639.1504981328,0.021461025725160166,True
73494.66855698789,527.0,79669.0,-6603.0,6301.740000000001,51.97403729972193,5.7774745396205365,20675.0,0.6706976803117342,410.9111826173632,1216.0,131.4482666451796,1.2825321352903467,DLH3A_603,real,64321.019611066855,0.00713496248184651,True
73464.39267970083,547.0,82935.0,-9476.0,6469.38,51.94770812988281,5.8243560791015625,21225.0,0.6832249531342952,417.6625432092277,1856.0,132.28291686549423,1.4621469411972399,DLH3A_603,real,75118.81669111481,0.0,True
73421.19612619061,577.0,87776.0,-13711.0,6705.6,51.90886416677701,5.893772670200893,22000.0,0.7017044250068935,427.6189892883617,1792.0,132.1565198861688,1.4409213865303376,DLH3A_603,real,73732.65237149457,0.0,True
73390.16199999556,597.0,91161.0,-16666.0,6911.34,51.881724212129235,5.942230224609375,22675.0,0.7082792180273502,430.4439568631438,2048.0,132.17519659261663,1.4973489074921953,DLH3A_603,real,77505.76110250098,0.0,True
73347.02751167529,627.0,96114.0,-20992.0,7178.04,51.84196860103284,6.013031005859375,23550.0,0.7178145413890161,434.6814925896892,1408.0,132.20275647716593,1.321147030672776,DLH3A_603,real,66490.36047674085,0.0,True
73319.5829649541,657.0,101242.0,-25481.0,7399.02,51.80067443847656,6.086203085409628,24275.0,0.7339965155010354,443.1568571059236,1408.0,132.25629502377652,1.3180808921451226,DLH3A_603,real,66315.7202346748,0.0,True
73274.78892985675,687.0,106373.0,-29938.0,7673.34,51.75961769233315,6.1592864990234375,25175.0,0.7403173256019648,445.31000437897194,1728.0,132.17848462624517,1.3941957339094477,DLH3A_603,real,70800.6373559346,0.0,True
73233.7655108019,717.0,111621.0,-34506.0,7894.320000000001,51.71748791710805,6.2339019775390625,25900.0,0.749513735258785,449.480811603788,1600.0,132.3851592536108,1.3534322532640313,DLH3A_603,real,68359.21618175595,0.0,True
73206.9626494433,737.0,115069.0,-37521.0,8039.1,51.689666748046875,6.28284351245777,26375.0,0.7557282206822125,452.306312138135,1408.0,132.40150507793015,1.296400853223024,DLH3A_603,real,65095.020549365116,0.0,True
73166.10586891617,767.0,120336.0,-42123.0,8267.7,51.64714748576536,6.3574981689453125,27125.0,0.7639872117321238,455.80697669079177,1536.0,132.51044707800085,1.3240346092494732,DLH3A_603,real,66669.60768751818,0.0,True
73138.34280619115,787.0,123846.0,-45189.0,8420.1,51.61879717293432,6.40716552734375,27625.0,0.7679798054642047,457.21985958617324,1920.0,132.5181450195793,1.4178411111148406,DLH3A_603,real,72292.61135898827,0.0,True
73095.00052012011,817.0,129186.0,-49847.0,8702.04,51.57568359375,6.482601681271115,28550.0,0.7662473453214401,454.3941020743997,1920.0,132.50270126494635,1.4068749069313127,DLH3A_603,real,71610.4417592135,0.0,True
73066.34136950543,837.0,132638.0,-52857.0,8892.54,51.54780578613281,6.53129783836571,29175.0,0.7646693056902173,452.2444029504401,1856.0,132.58049078334366,1.3837940946877243,DLH3A_603,real,70197.49309286667,0.0,True
73026.37927483307,867.0,137881.0,-57435.0,9128.76,51.50534936937235,6.6051483154296875,29950.0,0.7683795464139879,452.92162677443434,1472.0,132.67363819642495,1.2717106739398016,DLH3A_603,real,63778.65735975887,0.0,True
73002.55908617521,887.0,141342.0,-60455.0,9250.68,51.47732492220604,6.6538238525390625,30350.0,0.7684650196732338,452.18690825807863,960.0,132.75952375164084,1.1140745209494307,DLH3A_603,real,55553.87483754874,0.0,True
72969.74994790436,927.0,148370.0,-66592.0,9441.18,51.420298430879235,6.752471923828125,30975.0,0.7681520275582812,450.7737791841935,320.0,132.7524964918086,0.8974506170076076,DLH3A_603,real,45164.02540294622,0.0,True
72953.13306967041,947.0,151886.0,-69661.0,9448.800000000001,51.391754150390625,6.801724820523649,31000.000000000004,0.7669853708804867,450.03999822238023,0.0,132.83892051177364,0.7871071180885059,DLH3A_603,real,40080.137467909946,0.0,True
72928.66091160374,977.0,157081.0,-74189.0,9448.800000000001,51.34959411621094,6.874397896431588,31000.000000000004,0.7609193701524795,446.4806826728341,0.0,132.91248846438836,0.7825569170844429,DLH3A_603,real,39844.52695335202,0.0,True
72912.38858605213,997.0,160511.0,-77183.0,9448.800000000001,51.321700791181144,6.92230224609375,31000.000000000004,0.7596720654100448,445.7488081868531,0.0,133.00000770096582,0.7815497438903052,DLH3A_603,real,39794.21796204204,0.0,True
72888.18584453249,1027.0,165689.0,-81707.0,9448.800000000001,51.279510498046875,6.9945051863386825,31000.000000000004,0.762080790087124,447.16216297893544,0.0,133.00633167495852,0.7830405864116281,DLH3A_603,real,39870.83129071253,0.0,True
77219.99990134047,0.0,91897.63480525675,-43633.09466517258,30.479999960450748,52.32860183801494,4.708839891950032,100.0,0.3,198.3755,2136.0,3.1751,1.943971339236424,EIN611_1579,fuel,122329.64317332531,0.2806658073975258,True
77173.29061302928,24.0045,92032.36038471808,-41204.452357331764,290.92991155269783,52.35041582326813,4.711492432557585,954.0,0.361418,238.2844,2424.0,3.1751,1.8961972947020342,EIN611_1579,fuel,115572.15036596256,0.1645312990246608,True
77127.7560846017,48.0089,92194.25315991143,-38286.07824648773,586.5058337835782,52.37662847716796,4.714683495288322,1924.0,0.427401,280.8406,2712.0,327.1684,1.8804851409867844,EIN611_1579,fuel,113547.70793507597,0.12113101457169173,True
77082.64060307294,72.0134,90326.02189890985,-35390.65356646985,917.2077666325439,52.402975635988525,4.687952677505063,3009.0,0.493407,322.9846,3000.0,294.0793,1.8927220717198714,EIN611_1579,fuel,115116.98119674106,0.09132777677709844,True
77037.27690263929,96.0178,86707.51106618586,-33773.584169285605,1283.0357080071285,52.41810449338237,4.635044930244813,4209.0,0.55592,362.3692,3000.0,294.0758,1.876092147741739,EIN611_1579,fuel,112996.48713878973,0.06323198272657317,True
76992.35915155086,120.0223,82644.2217750299,-31958.048193395294,1648.8636494890509,52.435062103669914,4.575590573200769,5410.0,0.580455,376.7506,3000.0,294.0717,1.8681083261190254,EIN611_1579,fuel,112010.23395891646,0.040264070627745445,True
76947.64660723151,144.0267,78418.56184737307,-30070.322230496782,2014.691590965758,52.452662476676245,4.513711809555847,6610.0,0.59269,383.0396,3000.0,294.0697,1.858759683636189,EIN611_1579,fuel,110879.68134549103,0.025560508151873135,True
76903.1620603705,168.0312,74121.94599208883,-28151.076921348063,2380.519532431259,52.470523661149564,4.45074328212663,7810.0,0.605251,389.4629,3000.0,294.0684,1.8492628915973923,EIN611_1579,fuel,109756.56693884722,0.015909668286187967,True
76858.90906743864,192.0357,69752.89139569034,-26199.59166981539,2746.347473884586,52.488650622840154,4.38666074240277,9010.0,0.618147,396.0232,3000.0,294.0626,1.8396190144800046,EIN611_1579,fuel,108640.71880821307,0.01205170503164875,True
76814.89115382214,216.0401,65309.70594519585,-24215.534579930514,3112.175415324632,52.507044777353585,4.321436658006955,10211.0,0.631388,402.7231,3000.0,294.0537,1.8298195351510158,EIN611_1579,fuel,107530.89336849637,0.009514414978725889,True
76771.1118146704,240.0446,60790.70743803102,-22198.472030860874,3478.0033567501305,52.52570836439182,4.255043559601701,11411.0,0.644984,409.5653,3000.0,294.0458,1.8198842041124816,EIN611_1579,fuel,106429.04036255364,0.008123057761951987,True
76727.57451579167,264.049,56194.33010036283,-20147.63029630547,3843.831298159625,52.54464657811538,4.187455647814035,12611.0,0.658944,416.5524,3000.0,294.0407,1.8098046279274367,EIN611_1579,fuel,105333.91465410983,0.00695680241317723,True
76684.28269455746,288.0535,51519.04228421109,-18062.08017259353,4209.659239551416,52.563865917097154,4.118647524447931,13811.0,0.673279,423.687,3000.0,294.0358,1.7995816444866426,EIN611_1579,fuel,104245.33234720843,0.00611761978595225,True
76641.23976076957,312.058,46763.19614395725,-15941.074729623935,4575.48718092352,52.58337115889089,4.048591906463243,15011.0,0.687999,430.9717,3000.0,294.03,1.789216049688366,EIN611_1579,fuel,103163.10972116987,0.0054386723402267845,True
76598.44909743947,336.0624,41925.06658962751,-13783.963175278197,4941.315122273588,52.603166123637145,3.9772602193863635,16212.0,0.703114,438.409,3000.0,294.0263,1.7786979632379982,EIN611_1579,fuel,102085.98487149764,0.004858841868078885,True
76555.91406142327,360.0669,37003.019838206965,-11589.814114958132,5307.143063598817,52.62325704401348,3.904625137838177,17412.0,0.718636,446.0014,3000.0,294.0284,1.768049096003986,EIN611_1579,fuel,101015.92597097965,0.00439439907582072,True
76513.63798384824,384.0713,31995.535793414307,-9357.366743340075,5672.9710048958295,52.64365300400225,3.8306609007606527,18612.0,0.734574,453.7513,3000.0,294.0346,1.7572597156498893,EIN611_1579,fuel,99951.67627465088,0.0039948948326446205,True
76471.6241702613,408.0758,26901.02001803971,-7085.4546290368635,6038.798946160497,52.6643621394783,3.755340463111508,19812.0,0.750941,461.6611,3000.0,294.0411,1.7463304901121466,EIN611_1579,fuel,98893.059616808,0.003643054117932826,True
76429.87590021151,432.0802,21717.701905760172,-4773.23621174144,6404.626887387708,52.68538956280441,3.6786339696242742,21013.0,0.767747,469.733,3000.0,294.0467,1.7352506082743824,EIN611_1579,fuel,97843.3454144024,0.0,True
76388.39496861,456.0847,16443.737062059325,-2419.9673975333167,6770.454828571467,52.70673939290857,3.600510300380776,22213.0,0.785004,477.9692,3000.0,294.0539,1.724043409963269,EIN611_1579,fuel,96861.07028203356,0.0,True
76347.1671825044,480.0892,11077.366034432885,-24.64850953392585,7136.282769523077,52.728417919761426,3.5209394398513036,23413.0,0.801119,485.3998,3000.0,294.0656,1.71234234473224,EIN611_1579,fuel,96039.6459140553,0.0,True
76306.15050752579,504.0936,5627.877026898019,2409.101137230264,7502.110710551384,52.75038965091101,3.4400552436981955,24613.0,0.813734,490.6129,3000.0,294.0803,1.6996953577578446,EIN611_1579,fuel,95376.38344072441,0.0,True
76265.30078556201,528.0981,120.41240169790787,4870.440004957826,7867.938651613715,52.7725544321139,3.3582276645464666,25813.0,0.82,491.9292,2723.0,294.0949,1.637267598818257,EIN611_1579,fuel,90443.5330067037,0.0,True
76225.79506156627,552.1025,-5404.171696266241,7341.114739858555,8199.99982421954,52.79474659593163,3.2760620443223756,26903.0,0.82,489.6841,2435.0,294.1081,1.5685097167830577,EIN611_1579,fuel,85091.66566605918,0.0,True
76187.86392955575,576.107,-10905.794010166077,9803.046320282818,8496.934986584407,52.816803796126756,3.1941546550875493,27877.0,0.819938,487.6309,2147.0,294.1202,1.496841769998644,EIN611_1579,fuel,79901.36541992288,0.0,True
76151.57593581393,600.1114,-16386.51819388587,12257.014370172097,8758.744138338914,52.83873359915559,3.112475747876649,28736.0,0.816621,483.8811,1859.0,294.1309,1.4215806639176558,EIN611_1579,fuel,74580.08917613344,0.0,True
76117.09015671571,624.1159,-21827.148222095875,14694.24866621593,8985.42727936995,52.86045845575248,3.0313127741572603,29480.0,0.813259,480.3511,1571.0,294.1389,1.343588617677067,EIN611_1579,fuel,69379.00310301673,0.0,True
76084.47849158286,648.1204,-27230.113736421477,17115.52080332283,9176.984409634344,52.88198630604753,2.950631255338076,30108.0,0.809718,476.9618,1283.0,294.1436,1.2629144829438352,EIN611_1579,fuel,64265.46322304238,0.0,True
76053.81460122862,672.1248,-32596.973621915615,19521.137236249044,9333.415529122552,52.903320857329696,2.8704096071501923,30621.0,0.806002,473.7154,995.0,294.1457,1.1796134884346567,EIN611_1579,fuel,59221.262120347834,0.0,True
76025.16964751748,696.1293,-37929.26793042005,21911.49157839867,9454.720637851613,52.92446653562415,2.7906264385533417,31019.0,0.802015,470.5541,707.0,294.1463,1.0937168508510533,EIN611_1579,fuel,54225.67504629618,0.0,True
75998.61428815885,720.1337,-43227.83095171223,24286.790533688196,9540.899735873889,52.945426078171295,2.7112708348809518,31302.0,0.797672,467.4273,419.0,294.1456,1.0052554117181174,EIN611_1579,fuel,49263.122207473396,0.0,True
75974.21724911267,744.1382,-48492.90807364838,26647.006762362707,9591.952823316296,52.96620013465902,2.632340661568648,31470.0,0.792816,464.2412,131.0,294.1435,0.9142159131654933,EIN611_1579,fuel,44317.19486184727,0.0,True
75952.0460637507,768.1427,-53723.68817759467,28991.6151839091,9607.879900589165,52.98678497227959,2.5538496335593717,31522.0,0.790402,462.7214,0.0,294.1405,0.8716992849432724,EIN611_1579,fuel,42057.44264075621,0.0,True
75930.91160921134,792.1471,-58938.08500794132,31328.552170431452,9607.879901182354,53.0072509135177,2.4755301215199546,31522.0,0.790384,462.711,0.0,294.1372,0.871533756477711,EIN611_1579,fuel,42047.954804356305,0.0,True
75909.78157398947,816.1516,-64152.499634524334,33665.135396693695,9607.8799017477,53.02766219114942,2.3971362174596647,31522.0,0.790376,462.7062,0.0,294.134,0.8713744899476608,EIN611_1579,fuel,42039.032862864544,0.0,True
75888.6556965601,840.156,-69366.98778250867,36001.40827274532,9607.8799022878,53.04801910097841,2.318667157553828,31522.0,0.790372,462.7039,0.0,294.1306,0.8712180560772603,EIN611_1579,fuel,42030.36579167399,0.0,True
75867.53385456659,864.1605,-74581.59277716595,38337.35199676686,9607.879902804052,53.06832137896713,2.24012237471718,31522.0,0.790379,462.708,0.0,294.1266,0.8710687875726926,EIN611_1579,fuel,42022.34416168785,0.0,True
75846.41574890904,888.1649,-79796.40325212198,40672.960964547936,9607.87990329774,53.088568871331276,2.1615006213634405,31522.0,0.790381,462.7089,0.0,294.1233,0.8709160344479648,EIN611_1579,fuel,42014.006109535,0.0,True
75825.3015298217,912.1694,-85011.35902647734,43008.27115514012,9607.879903770207,53.10876181845776,2.082802866985524,31522.0,0.790363,462.6982,0.0,294.1215,0.8707504563773728,EIN611_1579,fuel,42004.510318658125,0.0,True
75804.19173358424,936.1739,-90226.26898634972,45343.36116806038,9607.879904222431,53.12890086849587,2.0040320314623576,31522.0,0.790344,462.6875,0.0,294.1197,0.8705849328047449,EIN611_1579,fuel,41995.01945433358,0.0,True
77219.99990001827,0.0,91897.63500153809,-43633.09485863914,30.48000030458153,52.32860183624232,4.708839894784625,100.0,0.3,198.3755,2131.0,3.1751,1.942763629763894,EIN611_1579,pop,122145.7131256653,0.2806657903103845,True
77173.1747251213,24.0787,92032.78085965943,-41196.87634193387,291.1292078927898,52.35048387065224,4.711500714347124,955.0,0.361778,238.5212,1846.0,3.1751,1.7335357063500332,EIN611_1579,pop,97677.29792526584,0.1644399990421448,True
77131.42294275334,48.1575,92195.74551700054,-38259.17983164534,516.8912786669633,52.376870076575905,4.714712928578015,1696.0,0.439267,288.8667,2124.0,327.07,1.7308648478769548,EIN611_1579,pop,97426.59241689148,0.1366815861899924,True
77089.78892547879,72.2362,90258.56551452122,-35268.19040218372,776.6925625135352,52.40408794943879,4.6869917782178145,2548.0,0.519471,340.5958,2413.0,302.3348,1.7774845365160001,EIN611_1579,pop,101963.03374632794,0.10128844574182638,True
77047.0932978624,96.315,86708.51391758406,-33020.92203393235,1071.8375947809034,52.42487192071576,4.635256312680764,3517.0,0.561798,367.0973,2702.0,296.9338,1.832196915838222,EIN611_1579,pop,107797.98839595653,0.06626400282747241,True
77003.106869573,120.3937,82672.90147641384,-30970.540373000462,1402.3263754704035,52.44393710156148,4.576259747122456,4601.0,0.572389,372.5867,2991.0,292.9778,1.872730362846016,EIN611_1579,pop,112578.7997387085,0.04074031352267465,True
76958.14376867338,144.4725,78446.18285663814,-29178.338384744417,1768.1589045790113,52.46067906234041,4.514330554028151,5801.0,0.584401,378.7811,3000.0,291.3849,1.8649157213435197,EIN611_1579,pop,111621.26821242605,0.025434532411718502,True
76913.37144564014,168.5512,74099.95496017887,-27476.394482454943,2135.1189325206474,52.476593398413804,4.4505696974088025,7005.0,0.596758,385.1198,3000.0,291.7579,1.8554817100046146,EIN611_1579,pop,110489.2077263479,0.015734055557096442,True
76868.82982793427,192.6299,69691.99761364986,-25717.096892084555,2502.078960462172,52.49299710220438,4.38586316728707,8209.0,0.609464,391.6052,3000.0,291.9085,1.8459013201143075,EIN611_1579,pop,109364.8667138924,0.011921525132768679,True
76824.52244906011,216.7087,65214.18081812888,-23916.257715765845,2869.038988402383,52.509747448844834,4.320084445309736,9413.0,0.622505,398.2267,3000.0,291.3895,1.836172402481098,EIN611_1579,pop,108247.68728064801,0.009447072584036063,True
76780.45287048834,240.7874,60643.908274329384,-22126.15340366578,3235.9990163401008,52.52637512547548,4.252887089989971,10617.0,0.6359,404.9914,3000.0,291.1483,1.8262971309887266,EIN611_1579,pop,107137.62676269138,0.008086206292036692,True
76736.62460225871,264.8662,55988.043742830065,-20325.09814350015,3602.959044272411,52.54307205368216,4.1843751592297735,11821.0,0.649654,411.8996,3000.0,291.4727,1.8162758136862545,EIN611_1579,pop,106034.43119216358,0.006953313885990244,True
76693.04113553638,288.9449,51262.88434354928,-18466.410057467776,3969.919072186543,52.56025424051456,4.114795094725511,13025.0,0.663779,418.9546,2999.0,291.7671,1.8059449471128528,EIN611_1579,pop,104920.36816576698,0.00612105998571483,True
76649.70795776167,313.0236,46466.24975936129,-16551.087241373058,4336.816633672028,52.57791105631952,4.044110853527547,14228.0,0.678285,426.1599,3000.0,292.1891,1.795809673355433,EIN611_1579,pop,103849.0687623905,0.005457314793984331,True
76606.62635652017,337.1024,41601.29867813912,-14566.81553694065,4703.716200848862,52.59615106430377,3.9723670511985416,15432.0,0.693182,433.5173,2999.0,292.9434,1.7851911803848812,EIN611_1579,pop,102748.4951366432,0.004885799997185385,True
76563.79997457338,361.1811,36679.0637595764,-12483.18756864158,5070.610385543883,52.61524508843481,3.899726222857014,16636.0,0.70848,441.0288,2999.0,292.7287,1.7745950293619093,EIN611_1579,pop,101671.31939990944,0.004422012202118468,True
76521.23219885174,385.2599,31663.348871438524,-10382.113845901733,5437.498776721185,52.634457029189356,3.825638589897269,17840.0,0.724192,448.6982,2999.0,292.4012,1.7638573848261703,EIN611_1579,pop,100600.13501817331,0.004021515015895508,True
76478.92596341851,409.3386,26547.997710147276,-8273.597971682344,5804.393732593673,52.65369456512333,3.750009482603297,19043.0,0.740328,456.5272,3000.0,292.5694,1.7531556645491866,EIN611_1579,pop,99551.91397117934,0.0036717494039237328,True
76436.88268375327,433.4174,21349.45349116373,-6112.907516125016,6171.353760396617,52.67335643465338,3.673083430080692,20247.0,0.7569,464.5181,2999.0,292.9185,1.7419708709307495,EIN611_1579,pop,98476.1144518214,0.0025416820283094654,True
76395.11299700123,457.4961,16073.13558226618,-3882.098244870523,6538.1543650419835,52.69360138397753,3.5949376359722716,21451.0,0.773922,472.6766,2999.0,293.1033,1.7308135162152614,EIN611_1579,pop,97436.91079144352,0.0,True
76353.61011346699,481.5748,10711.252431029136,-1594.694447887129,6904.9596185479995,52.714305589396176,3.515451052824105,22654.0,0.79145,481.0302,2999.0,293.2131,1.7195394570179825,EIN611_1579,pop,96512.94243165589,0.0,True
76312.34705452707,505.6536,5258.840065041347,743.6879157721585,7271.755632605977,52.735415961577864,3.4345453257328815,23857.0,0.806243,487.6141,2999.0,293.4897,1.707423148089519,EIN611_1579,pop,95747.32804505144,0.0,True
76271.279769967,529.7323,-256.8366912374757,3140.7921731658676,7638.564649473536,52.75699928755631,3.3526211040378886,25061.0,0.817253,491.8206,2904.0,293.8502,1.6782185530296228,EIN611_1579,pop,93688.0408483879,0.0,True
76230.75510926502,553.8111,-5805.877874826863,5594.0253617138305,7993.758417605968,52.77903046374998,3.2701186923190937,26226.0,0.819437,490.7426,2616.0,294.1772,1.6118232568635606,EIN611_1579,pop,88377.4812671268,0.0,True
76191.72252271808,577.8898,-11331.650246220534,8074.765871326035,8313.770888842546,52.801252230932676,3.1878780098292188,27276.0,0.818943,488.2821,2328.0,294.4277,1.5417963788686715,EIN611_1579,pop,83046.94719359478,0.0,True
76154.31005278447,601.9685,-16821.641861429765,10568.340228177984,8598.540169523389,52.82353364215576,3.1060852024206818,28210.0,0.817566,485.5305,2040.0,294.6461,1.468706390621321,EIN611_1579,pop,77800.37884931677,0.0,True
76118.61117756982,626.0473,-22273.82864832054,13069.850600394688,8848.039070941293,52.84583172839282,3.0247709620635392,29029.0,0.815093,482.3686,1751.0,294.8159,1.392366411108053,EIN611_1579,pop,72581.39921059331,0.0,True
76084.72639850831,650.126,-27685.58405253858,15572.256388475887,9062.256523561422,52.86808435858189,2.943975531494782,29732.0,0.811776,478.9537,1463.0,294.8362,1.3133581168223893,EIN611_1579,pop,67424.20340101283,0.0,True
76052.7490592505,674.2048,-33060.459532756766,18059.916927294922,9241.189852538133,52.89015178264442,2.863648495591278,30319.0,0.806829,474.8258,1174.0,294.8725,1.2309441861796022,EIN611_1579,pop,62233.320616534096,0.0,True
76022.79154977726,698.2835,-38389.59036223041,20530.514442123706,9384.837263546808,52.91201480796612,2.783923944176641,30790.0,0.802257,471.1673,886.0,294.8952,1.146266085710388,EIN611_1579,pop,57166.80175029453,0.0,True
75994.9085724848,722.3623,-43678.67419514341,22985.08252435009,9493.202645205874,52.93368354196718,2.704718645100328,31146.0,0.800509,469.4112,598.0,294.6521,1.0603296307987045,EIN611_1579,pop,52336.363344355406,0.0,True
75969.08620313687,746.441,-48960.19179582656,25408.95918856138,9566.308438156268,52.95502426788908,2.625551703348486,31386.0,0.795304,465.8696,310.0,295.2716,0.9705335655213868,EIN611_1579,pop,47341.00118231687,0.0,True
75945.47331786048,770.5197,-54177.16202931255,27871.847136463835,9604.178355715547,52.97666970187661,2.5472641025997453,31510.0,0.78905,461.9545,22.0,295.115,0.8777327546558226,EIN611_1579,pop,42333.51624452966,0.0,True
75924.14480298413,794.5985,-59358.36652197679,30300.554549368528,9606.88340034024,52.99796027195592,2.4694388408358177,31519.0,0.787789,461.1979,2.0,295.2594,0.8704712581493548,EIN611_1579,pop,41930.93361223703,0.0,True
75903.0073898635,818.6772,-64525.0536058974,32738.355423786335,9607.07492758289,53.01928351558169,2.391752082756411,31519.0,0.788032,461.339,2.0,295.9896,0.8704698059772623,EIN611_1579,pop,41935.84082144266,0.0,True
75881.86808641933,842.756,-69661.8231484693,35242.57069903232,9607.261398511158,53.041157205894585,2.314421623252867,31520.0,0.789379,462.1265,1.0,295.8624,0.8708588180908783,EIN611_1579,pop,41987.04835642128,0.0,True
75860.69768851063,866.8347,-74812.91692785571,37739.63406995871,9607.441733446947,53.06291439185154,2.2368000755842536,31520.0,0.79162,463.4372,1.0,296.1833,0.872159739714744,EIN611_1579,pop,42110.25128518936,0.0,True
75839.46970622262,890.9134,-79964.51359558146,40272.67345421434,9607.623602414784,53.08494443385789,2.159083659556042,31521.0,0.789805,462.3734,1.0,296.0524,0.8708123423354778,EIN611_1579,pop,41994.069088386015,0.0,True
75818.29597842094,914.9922,-85110.04965917683,42788.14153901184,9607.805174010622,53.10676677931714,2.0813831971600396,31522.0,0.78861,461.6729,1.0,296.5392,0.8698762011406733,EIN611_1579,pop,41916.966445896265,0.0,True
75797.16469705591,939.0709,-90226.26898287646,45343.36116196875,9607.879903898624,53.12890086844169,2.004032031516128,31522.0,0.787416,460.9731,-0.0,297.026,0.868645600723908,EIN611_1579,pop,41826.190163399486,0.0,True
77982.52790363932,0.0,6296.0,32429.0,0.0,52.330964945130425,4.709034511021206,0.0,0.1877571205335896,124.19742348374221,64.0,3.231009900368214,1.5724886724776046,EIN611_1579,real,83036.71627415884,0.315771814130789,True
77926.93659095289,21.0,6441.0,35500.0,175.26000000000002,52.35859680175781,4.7112274169921875,575.0,0.23491002713558595,155.08062419270823,2880.0,1.8476102659945959,1.8887758902697187,EIN611_1579,real,192804.11933112174,0.3107311023563012,True
77885.56294051839,51.0,6520.0,37881.0,525.78,52.38001936573093,4.712428501674108,1724.9999999999998,0.2511592009273727,165.14841809717706,1408.0,2.429273323499968,1.8348600835596574,EIN611_1579,real,116834.30760405128,0.1383375911825205,True
77834.15581319426,82.0,6665.0,40607.0,708.6600000000001,52.40455239506091,4.714625767299108,2325.0,0.3175177594207524,208.34586628968668,448.0,3.3018656744350032,1.1783226302902565,EIN611_1579,real,58751.67128453073,0.10157337839172005,True
77797.41966724415,101.0,6675.0,43014.0,838.2,52.42620849609375,4.714813232421875,2750.0,0.36634407919268014,240.0270818053663,1600.0,350.8908664797226,1.6584328834279203,EIN611_1579,real,90516.14974939325,0.08033085114962589,True
77737.47193226882,131.0,4399.0,46192.0,1188.72,52.45482881190413,4.681352887834822,3900.0,0.4031943371659557,263.10454196003536,3328.0,313.7680225973603,1.8750724354452255,EIN611_1579,real,134834.64331842086,0.05610182626370071,True
77695.97147257079,161.0,1428.0,49038.0,1699.26,52.48045349121094,4.637603759765625,5575.0,0.4164597549011317,270.1481075262235,3072.0,314.1001402850956,1.8594237318906308,EIN611_1579,real,125412.41241844613,0.03912753906965121,True
77633.53279334576,191.0,-1532.0,51964.0,2225.04,52.50677490234375,4.593963623046875,7299.999999999999,0.4190002016268143,270.1147904132612,3840.0,315.0,1.883911976950507,EIN611_1579,real,145896.17073761497,0.027614029900988008,True
77592.81876776202,211.0,-3336.0,54163.0,2529.84,52.52655029296875,4.5673370361328125,8300.0,0.42987910079929015,276.1231609264243,2752.0,329.5344550805401,1.827020069983956,EIN611_1579,real,114775.04626067272,0.022002956478200223,True
77533.51235129406,251.0,-6293.0,59131.0,3032.76,52.57122802734375,4.52362060546875,9950.0,0.46232065907562864,295.16944286290885,2944.0,317.6087947467496,1.8283247906544307,EIN611_1579,real,115105.46671645164,0.015154096741384295,True
77498.25289544965,271.0,-8899.0,60783.0,3268.98,52.5860595703125,4.4850921630859375,10725.0,0.48502764239956137,308.7798568559808,1344.0,294.4900248156606,1.4420055453698977,EIN611_1579,real,73799.71901718539,0.012488766762017541,True
77453.46965513525,301.0,-13480.0,62814.0,3451.86,52.60423278808594,4.4173431396484375,11325.0,0.5372600269470934,341.2696880767467,1088.0,293.4851772477548,1.3354016915187183,EIN611_1579,real,67307.81733869138,0.009460245449744439,True
77423.39855302629,321.0,-16813.0,64281.0,3558.54,52.61734267412606,4.368007114955358,11675.0,0.5717196954175444,362.6844358392017,1216.0,293.7379265989167,1.3907621708421112,EIN611_1579,real,70591.09558735773,0.00826144998502291,True
77368.74627833712,361.0,-23741.0,67401.0,3985.26,52.64515686035156,4.2653656005859375,13075.0,0.5972587750035224,376.8978641488964,2048.0,294.1168414554688,1.617662434118773,EIN611_1579,real,86792.29467957733,0.0065224797084284065,True
77313.35361162806,391.0,-29075.0,69823.0,4328.16,52.66668804621292,4.186261858258929,14199.999999999998,0.6104793261569491,383.6000521376398,2240.0,294.15964148753756,1.650244290788736,EIN611_1579,real,89740.18519295989,0.005615954508288364,True
77277.39233399565,411.0,-32712.0,71481.0,4549.14,52.681398553363344,4.132271902901786,14925.0,0.619303224272839,388.06829295885535,2048.0,294.18735351674064,1.6027473920457869,EIN611_1579,real,85518.4970368963,0.005144588709918708,True
77223.14799948972,451.0,-39995.0,74799.0,4998.72,52.710773015426376,4.024056570870536,16400.0,0.6322794035720041,393.9543120718442,2048.0,293.96248897457815,1.5902274026909071,EIN611_1579,real,84481.01969378255,0.004388344664915166,True
77189.11813516382,471.0,-43646.0,76460.0,5189.22,52.72543697033898,3.9697527204241077,17025.0,0.6410038617553877,398.42188694899784,1728.0,293.99169171390116,1.5056208295879654,EIN611_1579,real,78084.11709336922,0.004081836965016841,True
77134.91982968054,501.0,-49282.0,79029.0,5516.88,52.74806135791843,3.8858642578125004,18100.0,0.6473128401001993,400.65571255131255,2560.0,294.00604885937855,1.6808800811264064,EIN611_1579,real,92763.39439860336,0.0036854004781885683,True
77102.27100963207,521.0,-53032.0,80734.0,5715.0,52.76305117849576,3.8299909319196432,18750.0,0.6534132403905657,403.39806643066595,1408.0,293.8326975994024,1.3978445406676545,EIN611_1579,real,71023.97659481589,0.0034577534319356995,True
77051.81635468082,561.0,-60672.0,84209.0,6096.0,52.79351806640625,3.7160491943359375,20000.0,0.665421381039415,408.77989187336505,1728.0,293.8059435184577,1.4776602383470183,EIN611_1579,real,76155.97094698493,0.0030632578699585035,True
77019.46006208996,581.0,-64457.0,85932.0,6263.64,52.80857926708156,3.6595458984375004,20550.0,0.6735148303951207,412.84379612633154,1792.0,293.7088447802738,1.489988978706163,EIN611_1579,real,76996.41850385677,0.0013041511566726396,True
76973.73008491643,611.0,-70295.0,88592.0,6492.240000000001,52.831787109375,3.5723114013671875,21300.0,0.6880076618255339,420.4592727006981,1280.0,293.69960267378667,1.3395156797650798,EIN611_1579,real,67546.64947874649,0.0,True
76945.05375209532,631.0,-74295.0,90413.0,6606.54,52.8476365946107,3.5124860491071432,21675.0,0.7008725723676407,427.6739412215806,1152.0,293.5680085967943,1.3011983622132164,EIN611_1579,real,65361.25903304195,0.0,True
76896.22697633413,671.0,-82321.0,94056.0,6926.58,52.87925720214844,3.392333984375,22725.0,0.7127233395699266,433.05657828971954,1792.0,293.54604398343656,1.4727493971217562,EIN611_1579,real,75825.36735478361,0.0,True
76863.43364700796,691.0,-86322.0,95876.0,7109.46,52.89500427246094,3.332366943359375,23325.0,0.7138146274370947,432.6580636021938,1792.0,293.4246424920893,1.4659223466942755,EIN611_1579,real,75368.8892729393,0.0,True
76817.90216833082,721.0,-92430.0,98654.0,7345.68,52.91899108886719,3.2407379150390625,24100.0,0.7197859073955319,434.8907908889311,1408.0,293.4407813758731,1.3524676257304908,EIN611_1579,real,68301.80931776286,0.0,True
76775.66981105275,761.0,-100737.0,102437.0,7566.660000000001,52.95154118942002,3.1159580775669644,24825.0,0.7391604220102969,445.26059785253847,1344.0,293.28307258087085,1.3312988510843873,EIN611_1579,real,67071.8511647736,0.0,True
76746.3723459094,781.0,-104823.0,104288.0,7703.820000000001,52.967415502515884,3.054513113839286,25275.0,0.7435997387062864,447.0984231687694,1280.0,293.18176355979625,1.3080648487316595,EIN611_1579,real,65747.51991570256,0.0,True
76702.09606675948,811.0,-111201.0,107184.0,7909.56,52.9921875,2.958526611328125,25950.0,0.7502992200453754,449.8577552960491,1408.0,293.0313528697508,1.338246073069819,EIN611_1579,real,67474.00182877814,0.0,True
76671.66504326553,831.0,-115364.0,109072.0,8061.96,53.00830078125,2.89581298828125,26450.0,0.7518739303325455,449.8577552960491,1472.0,293.0313528697508,1.3502490452555531,EIN611_1579,real,68173.96337233362,0.0,True
76632.43144558204,871.0,-124140.0,112237.0,8252.460000000001,53.03482314287606,2.7637677873883932,27075.0,0.77133490340375,460.28795335094316,1088.0,281.5296425243282,1.2373389833060955,EIN611_1579,real,61909.28346611689,0.0,True
76603.970329348,891.0,-128516.0,113251.0,8374.380000000001,53.042923232256356,2.698085239955357,27475.000000000004,0.77462285813906,461.46830877103577,1344.0,281.6264805212932,1.3077611912066196,EIN611_1579,real,65803.3155180872,0.0,True
76560.59499419255,921.0,-135666.0,114925.0,8595.36,53.05622863769531,2.5907135009765625,28200.0,0.7753650516812988,460.48887065813,896.0,281.6515557310782,1.1633226972970978,EIN611_1579,real,58076.33638710196,0.0,True
76535.5458156657,951.0,-142547.0,116556.0,8732.52,53.06913214214777,2.4873046875,28650.0,0.7693215031809997,456.0219292972653,768.0,287.87869659584135,1.1127270512618204,EIN611_1579,real,55484.11710692174,0.0,True
76493.47740230092,981.0,-149503.0,118220.0,8900.16,53.082213320974574,2.382699148995536,29199.999999999996,0.787658547852272,465.790725540988,1280.0,281.76828893202065,1.2703206347452565,EIN611_1579,real,63923.483153423746,0.0,True
76463.54885901131,1001.0,-154098.0,119326.0,9044.94,53.09087203720868,2.313563755580357,29675.0,0.7856100755619655,463.62916215440976,1600.0,281.6977152466858,1.3538032093350156,EIN611_1579,real,68639.2419549057,0.0,True
76416.58701580376,1031.0,-161099.0,121002.0,9326.880000000001,53.103906663797666,2.208171171300551,30600.0,0.7760754014240291,456.1688283958035,1664.0,281.50699370735094,1.3613436149478777,EIN611_1579,real,68982.58146281075,0.0,True
76389.35365064135,1061.0,-167858.0,122619.0,9540.24,53.11638266353284,2.1063860724954044,31299.999999999996,0.7751073859633831,454.2092029010421,1088.0,281.55732203989317,1.1854597766765516,EIN611_1579,real,59296.674117434355,0.0,True
76349.50402828725,1091.0,-174649.0,124251.0,9707.880000000001,53.128905215505824,2.0040355009191178,31850.0,0.7766406975245068,454.00991178607546,1152.0,281.4336812654267,1.2004268510154508,EIN611_1579,real,60117.28254884033,0.0,True
77219.99990000346,0.0,-76733.48437512909,57695.51775069084,30.480000304333206,52.32859813166715,4.708835482747309,100.0,0.3,198.3755,2425.0,3.1752,2.0053568002513322,TRA6875_1499,fuel,132929.49871138358,0.2806473296138536,False
77171.92165727621,23.9535,-76599.28876302959,60114.603367620504,325.5772426483797,52.350369074914845,4.710256597984181,1068.0,0.351455,231.6246,2713.0,3.1752,1.9722966127024784,TRA6875_1499,fuel,126885.56320449282,0.14799017489729968,False
77124.65546214796,47.907,-76442.54155239095,62940.21678982773,655.6515100014839,52.37579861079698,4.71191816306876,2151.0,0.406506,266.8996,3000.0,39.1054,1.9550439624460545,TRA6875_1499,fuel,124053.21605130658,0.11293669325341076,False
77077.8286327717,71.8605,-74385.07874322486,65471.435590604895,1020.7028023634518,52.398842045433696,4.741659751026529,3349.0,0.462,302.0644,3000.0,75.0357,1.9067808080023443,TRA6875_1499,fuel,116985.89545871202,0.08729160164454369,False
77032.19535321211,95.814,-70813.84818674838,66425.96130396369,1385.75409477919,52.407897992652934,4.794087516317894,4546.0,0.521627,339.6099,3000.0,110.9659,1.8763513438803183,TRA6875_1499,fuel,113028.83883294513,0.07655884730176425,False
76987.33569718439,119.7675,-66929.12689845891,64937.40626311128,1750.8053871952047,52.395000542921636,4.851648758866381,5744.0,0.582597,377.689,3000.0,129.9952,1.8654025843765898,TRA6875_1499,fuel,111680.38881250331,0.08430953406556049,False
76942.78268056981,143.721,-63382.17639672322,61961.66708097181,2115.8566796113655,52.36866308137731,4.904482391238626,6942.0,0.59613,384.8023,3000.0,129.996,1.856209018973557,TRA6875_1499,fuel,110575.58547691695,0.08081858932141198,False
76898.4543164564,167.6745,-59768.12896876838,58929.54668463536,2480.9079720274963,52.341802407611645,4.95825071495385,8139.0,0.608756,391.2494,3000.0,129.9986,1.8466965756478628,TRA6875_1499,fuel,109457.26285452885,0.0587158452432203,False
76854.35747158743,191.628,-56093.38519284152,55846.219571425456,2845.959264443592,52.31446309539498,5.012855154582487,9337.0,0.621718,397.8336,3000.0,130.0014,1.8370287852854799,TRA6875_1499,fuel,108345.06777443222,0.046172523959788436,False
76810.49564109453,215.5815,-52356.67136321804,52710.59226362799,3211.0105568596505,52.28663424209756,5.068311340447659,10535.0,0.635026,404.5575,3000.0,130.0028,1.8272155081406896,TRA6875_1499,fuel,107239.87944974846,0.03896558077967916,False
76766.8722903685,239.535,-48556.60953616105,49521.64537937889,3576.0618492756703,52.25830556966844,5.124636279561452,11732.0,0.64869,411.4239,3000.0,130.002,1.8172675134153198,TRA6875_1499,fuel,106142.5933337831,0.03514467062188154,False
76723.4908559511,263.4885,-44691.73869397328,46278.40866852988,3941.113141691644,52.22946719370657,5.181848044331254,12930.0,0.662719,418.4352,3000.0,129.9996,1.8071662636858672,TRA6875_1499,fuel,105050.88697444998,0.033478110012558196,False
76680.35474642395,287.442,-40760.61165435985,42979.84594935685,4306.164434107567,52.20010857740027,5.239964360103386,14128.0,0.677124,425.5941,3000.0,129.9961,1.7969221823873087,TRA6875_1499,fuel,103965.64781144154,0.032455213031899105,False
76637.46734324752,311.3955,-36761.7717560645,39624.8834414756,4671.21572652343,52.1702187870715,5.2990029371529195,15326.0,0.691916,432.9031,3000.0,129.9908,1.7865360287163903,TRA6875_1499,fuel,102886.69127867941,0.030966313458698783,False
76594.83200149999,335.349,-32693.699061081938,36212.47458758998,5036.267018939228,52.139787076656006,5.3589822463302506,16523.0,0.707104,440.3647,3000.0,129.9836,1.7760191930500733,TRA6875_1499,fuel,101814.91097584637,0.028763852174983204,False
76552.45205045652,359.3024,-28554.83393019241,32741.572836451694,5401.318311354958,52.108802638039435,5.41992117089401,17721.0,0.722699,447.9813,3000.0,129.9731,1.7653512342776438,TRA6875_1499,fuel,100747.97195018726,0.02524769283053704,False
76510.3307939464,383.2559,-24343.50669281745,29211.2165914062,5766.3696037706,52.077255365184214,5.481840023644022,18919.0,0.738712,455.7555,3000.0,129.9583,1.754543339227866,TRA6875_1499,fuel,99686.77765038658,0.022962441025254358,False
76468.47151041555,407.2094,-20057.948195698238,25620.51801914927,6131.420896186149,52.04513574737058,5.5447603890468615,20116.0,0.755154,463.6894,3000.0,129.9409,1.7436073704875048,TRA6875_1499,fuel,98632.25214162396,0.01927289955143699,False
76426.87743621014,431.1629,-15696.463237377966,21968.457593705945,6496.472188601581,52.012433011005655,5.608702594042814,21314.0,0.772037,471.7853,3000.0,129.9232,1.732521636267784,TRA6875_1499,fuel,97592.85824696641,0.0,False
76385.54848452393,455.1164,-11257.47242291677,18253.835433786848,6861.523481016878,51.97913468218629,5.673685089899117,22512.0,0.789371,480.0453,3000.0,129.9058,1.721297856621801,TRA6875_1499,fuel,96649.47598121206,0.0,False
76344.4623114903,479.0699,-6739.418513183172,14475.384639088725,7226.5747734317065,51.94522760963029,5.73972580669927,23709.0,0.80458,486.9051,2749.0,129.8892,1.666346384153041,TRA6875_1499,fuel,92082.43730628083,0.0,False
76304.59523576997,503.0234,-2153.250430323041,10642.222570563477,7561.1418998470235,51.910791904330175,5.806660084390875,24807.0,0.819799,493.8731,2462.0,129.8736,1.6031502872081507,TRA6875_1499,fuel,87595.51864335415,0.0,False
76266.01110494045,526.9769,2502.2242551564555,6753.283441328427,7860.732001253885,51.87581637462247,5.874500970600366,25790.0,0.82,491.9778,2175.0,129.8591,1.5322908313957928,TRA6875_1499,fuel,82278.27504980666,0.0,False
76229.0538166812,550.9304,7143.062174481512,2878.571017916335,8125.345077651265,51.84092999920203,5.9420235834498305,26658.0,0.817073,488.4398,1887.0,129.8469,1.457198238712322,TRA6875_1499,fuel,76831.31208338878,0.0,False
76193.88127387008,574.8839,11753.439368169198,-969.0477184585609,8354.98112903887,51.80624932980246,6.0089994287412205,27411.0,0.813596,484.8169,1600.0,129.8358,1.3793644411106332,TRA6875_1499,fuel,71500.63092273689,0.0,False
76160.5789000325,598.8374,16332.332006566981,-4788.8895414387225,8549.640155416584,51.771781425964356,6.075415990029009,28050.0,0.809965,481.3453,1312.0,129.8251,1.2986041331003049,TRA6875_1499,fuel,66268.29203956976,0.0,False
76129.21724895271,622.7909,20880.999360546426,-8582.067153558452,8709.322156784387,51.737517110028065,6.141293831088858,28574.0,0.80611,477.9841,1025.0,129.8137,1.2154932532763751,TRA6875_1499,fuel,61141.35166503617,0.0,False
76099.86514118777,646.7444,25400.36323377771,-12349.29461514297,8834.027133142308,51.703450752431756,6.206648497935261,28983.0,0.801941,474.679,737.0,129.8037,1.129574431959125,TRA6875_1499,fuel,56067.94157967152,0.0,False
76072.58978215489,670.6979,29890.705971981486,-16090.997094049177,8923.755084490465,51.66957931754292,6.271486187875452,29277.0,0.797317,471.3451,450.0,129.7933,1.0413841451545744,TRA6875_1499,fuel,51058.461112688325,0.0,False
76047.4575412234,694.6514,34351.60347185464,-19806.799331822374,8978.506010829158,51.635906993922745,6.335802886609514,29457.0,0.792028,467.8565,163.0,129.7818,0.9505597696248342,TRA6875_1499,fuel,46075.683244954496,0.0,False
76024.53517165297,718.6049,38781.49504951892,-23495.256450348865,8998.279912159349,51.6024476726143,6.399578260271706,29522.0,0.788621,465.7138,-0.0,129.7685,0.8974614390326306,TRA6875_1499,fuel,43235.472246290024,0.0,False
76002.8991583829,742.5584,43192.59395034408,-27166.332682091564,8998.279911921707,51.56911162335182,6.462989962731936,29522.0,0.788583,465.6912,-0.0,129.7551,0.897286320714677,TRA6875_1499,fuel,43225.29248004402,0.0,False
75981.26784785578,766.5119,47604.333311969436,-30836.202831366325,8998.279911683983,51.53575226924866,6.526318147920609,29522.0,0.788529,465.6596,-0.0,129.7406,0.89709868597874,TRA6875_1499,fuel,43214.17580306878,0.0,False
75959.64166859034,790.4654,52016.701739844626,-34504.70848787279,8998.279911446185,51.50237111128028,6.589562851471696,29522.0,0.78848,465.6303,-0.0,129.7266,0.896914298833286,TRA6875_1499,fuel,43203.30732439029,0.0,False
75938.02051066117,814.4189,56429.68629129128,-38171.90723967345,8998.279911208318,51.468967708274036,6.6527240600331154,29522.0,0.788438,465.6058,-0.0,129.7131,0.8967366507540578,TRA6875_1499,fuel,43192.947694362156,0.0,False
75916.40413854389,838.3724,60843.302933515275,-41837.87217626728,8998.27991097038,51.43554147673332,6.715802172107706,29522.0,0.788407,465.5874,-0.0,129.7013,0.8965675611337179,TRA6875_1499,fuel,43183.23149943139,0.0,False
75894.79225093505,862.3259,65257.500473566484,-45502.78384400694,8998.279910732384,51.402090873967026,6.778796593751456,29522.0,0.788378,465.5699,-0.0,129.6911,0.8963997723037054,TRA6875_1499,fuel,43173.61442070773,0.0,False
75873.18480657334,886.2794,69672.18547357051,-49166.770105188036,8998.279910494333,51.36861483769804,6.84170612616473,29522.0,0.788362,465.5607,-0.0,129.6844,0.8962436262577451,TRA6875_1499,fuel,43164.8688127548,0.0,False
75851.58140027341,910.2329,74087.21266523428,-52830.16700158805,8998.279910256233,51.33511044322205,6.9045287785669895,29522.0,0.788358,465.5582,-0.0,129.6815,0.8960968974171077,TRA6875_1499,fuel,43156.82677362286,0.0,False
75829.98171127657,934.1864,78502.40285380383,-56493.31803144842,8998.279910018086,51.301574707944226,6.96726206045067,29522.0,0.788353,465.5556,-0.0,129.6785,0.8959500847436082,TRA6875_1499,fuel,43148.778099278046,0.0,False
77219.99990415262,0.0,-76733.4843785894,57695.51775516317,30.480000218934908,52.32859813170689,4.7088354826953704,100.0,0.3,198.3755,2397.0,3.1752,2.0001021529798506,TRA6875_1499,pop,131905.29485678836,0.28064733002314796,False
77169.52837075858,25.211,-76592.22989776572,60241.850562595035,337.4532682756613,52.35151425574522,4.710331386123548,1107.0,0.355176,234.0455,2094.0,3.1752,1.8214609121423075,TRA6875_1499,pop,106602.38456916017,0.14746636228451288,False
77123.58196193835,50.422,-76425.00881904151,63256.27188478367,605.6806972684378,52.37864299523709,4.712104124434841,1987.0,0.432668,284.2393,2397.0,39.4861,1.8050085952906425,TRA6875_1499,pop,104820.51380043832,0.11877060829466848,False
77078.11228539968,75.633,-74093.02834541551,66086.59348844016,912.653961821981,52.404413077596125,4.745827165284768,2994.0,0.510243,334.0227,2699.0,45.5474,1.8328832794599195,TRA6875_1499,pop,107875.353380296,0.08747692990104311,False
77032.00032275612,100.844,-71016.58704955764,69104.80209269216,1258.3730646396332,52.431960162645325,4.7905284401405135,4129.0,0.567745,370.1828,3000.0,58.3884,1.8778556563930893,TRA6875_1499,pop,113217.0225434424,0.06738731072191441,False
76984.79727543515,126.055,-66950.02553261945,71607.69858645133,1642.588669459397,52.45497872832698,4.8500008959523315,5389.0,0.580248,376.6438,3000.0,76.1901,1.868202473868951,TRA6875_1499,pop,112021.75050833725,0.054016022539646005,False
76937.8418088437,151.266,-62231.62457254019,72767.51252077089,2026.8042743213298,52.465964748144714,4.919410459428496,6650.0,0.5931,383.2501,3000.0,91.3541,1.8583760112359244,TRA6875_1499,pop,110833.82202563851,0.04311824462363692,False
76891.13808012262,176.477,-57288.50691737077,72650.67159177357,2411.0198792469027,52.465453681751164,4.992392179440576,7910.0,0.606313,390.0046,3000.0,100.4746,1.8483949366127457,TRA6875_1499,pop,109655.14360738423,0.035555990918974725,False
76844.69020734173,201.688,-52340.312469875214,71735.84423725927,2795.2354841990227,52.45772246777755,5.065572635287816,9171.0,0.619896,396.9104,3000.0,106.9943,1.8382425598748113,TRA6875_1499,pop,108483.400047731,0.028683839433217895,False
76798.50227045579,226.899,-47442.397791635325,70238.93497177382,3179.451089185745,52.44470748248454,5.138068457385231,10431.0,0.633862,403.9706,3000.0,112.082,1.8279384277765813,TRA6875_1499,pop,107320.50897265543,0.023928926176071497,False
76752.57831237568,252.11,-42611.746991674205,68279.17978255343,3563.666694105042,52.42748088189361,5.20958858030855,11692.0,0.64822,411.1884,3000.0,117.7368,1.8174648102990034,TRA6875_1499,pop,106164.13800105937,0.02502179724622173,False
76706.92234008966,277.321,-37914.93294069574,65809.45299817184,3947.8822988765673,52.40561598204378,5.279137783732498,12952.0,0.662983,418.5666,3000.0,124.043,1.8068419925668215,TRA6875_1499,pop,105016.20251144197,0.02443091588799182,False
76661.53832578384,302.532,-33438.61478757015,62785.25127563801,4332.097903560155,52.37871069165118,5.3454249728816166,14213.0,0.678162,426.1083,3000.0,128.1466,1.7960511546808986,TRA6875_1499,pop,103874.35255511677,0.021580387016467285,False
76616.43020790628,327.743,-29113.357577134695,59388.13332258854,4716.313508178737,52.348406849735795,5.409439893556746,15473.0,0.69377,433.8165,3000.0,131.1271,1.7851134688533141,TRA6875_1499,pop,102740.51991277916,0.019898148591765915,False
76571.60189208754,352.954,-24895.388598633224,55705.046257399306,5100.529112703555,52.31549197192807,5.471810020059655,16734.0,0.709819,441.6942,3000.0,133.2418,1.774009076830288,TRA6875_1499,pop,101612.34551898274,0.018698373421143135,False
76527.05725183808,378.165,-20741.883086739588,51798.933290681445,5484.744717090027,52.280536259271244,5.533153681544498,17995.0,0.726321,449.744,3000.0,135.2454,1.7627489445189488,TRA6875_1499,pop,100490.68331176808,0.018790520654266563,False
76482.80012893108,403.376,-16654.0930022758,47675.974116385594,5868.960321307314,52.243596778580084,5.593446233347877,19255.0,0.743289,457.9689,3000.0,136.9258,1.751345064723679,TRA6875_1499,pop,99376.41213067836,0.018136811024075286,False
76438.83433336776,428.587,-12616.235721125515,43357.13310680905,6253.175925368467,52.20486396778605,5.652913128611239,20516.0,0.760735,466.3715,3000.0,137.7062,1.739776095827621,TRA6875_1499,pop,98267.75233880128,0.008474553764209407,False
76395.16340719955,453.798,-8564.37767799759,38903.235735619666,6637.391528695699,52.16488701803766,5.712485227931,21776.0,0.778674,474.9543,3000.0,137.7268,1.7280652698543248,TRA6875_1499,pop,97196.31146801048,0.0,False
76351.78171441575,479.009,-4439.393241361309,34365.675927401615,7021.607130298342,52.12412838294227,5.773022746084632,23037.0,0.796929,483.605,2905.0,137.7298,1.7002129399951516,TRA6875_1499,pop,94848.24417078026,0.0,False
76309.04567141806,504.22,-238.4979327527139,29744.132939123578,7393.63067871391,52.08258363468217,5.834560708943848,24257.0,0.812748,490.7397,2602.0,137.73,1.6345838939520911,TRA6875_1499,pop,89735.15154372243,0.0,False
76267.79082876146,529.4309,4027.0317509448905,25051.443378584678,7726.908390766178,52.040366668871,5.8969284703974445,25351.0,0.82,492.8796,2300.0,137.7258,1.5637635158120269,TRA6875_1499,pop,84595.0387742554,0.0,False
76228.14044934833,554.6419,8313.88995188818,20335.985204276087,8021.440264343451,51.9979118229276,5.95948961192709,26317.0,0.819726,490.7288,1997.0,137.7176,1.4870298981545713,TRA6875_1499,pop,79041.55434344114,0.0,False
76190.34933640258,579.8529,12584.877527445045,15639.339650131009,8277.226298829188,51.95559350311341,6.021701385578115,27156.0,0.816285,486.9442,1695.0,137.7059,1.4062176314440908,TRA6875_1499,pop,73384.8049362011,0.0,False
76154.5961598,605.0639,16825.89316218627,10977.567344006244,8494.266493983429,51.913557047163785,6.083360649325896,27868.0,0.812266,483.086,1392.0,137.6909,1.3219992377159262,TRA6875_1499,pop,67815.0292806111,0.0,False
76120.97736379885,630.2749,21036.400636809514,6351.757249890038,8672.560849741205,51.87181306520781,6.144462471302972,28453.0,0.808606,479.7119,1090.0,137.6731,1.2354255034571942,TRA6875_1499,pop,62415.2251521482,0.0,False
76089.55519083678,655.4859,25220.6822924956,1757.6262566387938,8812.109366165623,51.83032364594295,6.20507170861679,28911.0,0.804159,476.1393,787.0,137.6549,1.1455474964457204,TRA6875_1499,pop,57046.81137577022,0.0,False
76060.42301177986,680.6969,29376.86550873523,-2802.7364891555962,8912.912043480437,51.789108368790075,6.265163815750989,29242.0,0.79964,472.7909,485.0,137.6361,1.0533967344753272,TRA6875_1499,pop,51780.69983077928,0.0,False
76033.64565073873,705.9079,33506.767855901,-7331.277196240972,8974.968882241461,51.74815034477097,6.324767627030743,29445.0,0.79427,469.2045,182.0,137.6162,0.9580301298752756,TRA6875_1499,pop,46522.107723782174,0.0,False
76009.3053394347,731.1189,37608.20503389193,-11825.468373463507,8998.279884257388,51.70747312320983,6.383854167457974,29522.0,0.790829,467.0175,0.0,137.5961,0.8991889751381583,TRA6875_1499,pop,43369.70726657461,0.0,False
75986.4683451421,756.3299,41692.79066708058,-16298.056227761846,8998.27988758882,51.66696192489253,6.442592889415822,29522.0,0.790648,466.9106,0.0,137.5754,0.8988876060955221,TRA6875_1499,pop,43349.78283463736,0.0,False
75963.64102822352,781.5409,45778.058794158904,-20768.142738307663,8998.279890765436,51.62644399234389,6.501236957012298,29522.0,0.790778,466.9877,0.0,137.5551,0.8988458033258419,TRA6875_1499,pop,43349.972982576015,0.0,False
75940.81361639383,806.7519,49865.58491340356,-25237.519788260313,8998.279893798333,51.585903150496236,6.559809241025169,29522.0,0.790712,466.9486,0.0,137.5371,0.8986401156197681,TRA6875_1499,pop,43337.46795021754,0.0,False
75917.99227871929,831.9629,53954.17570076319,-29705.23531969802,8998.279896701551,51.54534812068029,6.618292833155641,29522.0,0.790658,466.9167,0.0,137.5218,0.8984446341552909,TRA6875_1499,pop,43325.75906493229,0.0,False
75895.17663216271,857.1739,58043.679731809556,-34171.55266235742,8998.279899482586,51.504776620939936,6.67668578066649,29522.0,0.790747,466.9689,0.0,137.5086,0.8983680048235865,TRA6875_1499,pop,43323.24012490452,0.0,False
75872.36220548676,882.3849,62134.6676844502,-38637.42956661468,8998.279902151193,51.464180049196166,6.734996425706394,29522.0,0.790616,466.8915,0.0,137.4989,0.8981083034104937,TRA6875_1499,pop,43306.57155666438,0.0,False
75849.55587446589,907.5959,66225.73347645543,-43101.8744338988,8998.279904715977,51.42356754885622,6.793204896866964,29522.0,0.790716,466.9508,0.0,137.4915,0.8980418951179463,TRA6875_1499,pop,43304.832414753604,0.0,False
75826.75038523015,932.8069,70317.89598575502,-47566.35772789561,8998.279907182658,51.382925860922334,6.851325887460739,29522.0,0.790607,466.8864,0.0,137.486,0.8978006093363273,TRA6875_1499,pop,43289.59463658827,0.0,False
75803.95230112232,958.0179,74409.92505383842,-52029.82969140041,8998.279909558962,51.34226465633974,6.909342127242719,29522.0,0.790648,466.9107,0.0,137.4829,0.8976848643618995,TRA6875_1499,pop,43284.041632856664,0.0,False
75781.15691280573,983.2289,78502.40287405948,-56493.31805020889,8998.27991184986,51.301574707772716,6.96726206073783,29522.0,0.790689,466.935,0.0,137.4799,0.8975692167321604,TRA6875_1499,pop,43278.4944896318,0.0,False
77982.46740187256,0.0,6386.0,34029.0,-30.48,52.345367431640625,4.71038818359375,-100.0,0.24227083794977589,160.31219541881399,512.0,3.576334374997351,1.4963165643465144,TRA6875_1499,real,77420.74400500284,0.44628235140313444,False
77916.88998368414,32.0,6548.0,36787.0,312.42,52.37017822265625,4.71282958984375,1025.0,0.257038609585623,169.42549985170473,2432.0,4.061522677310571,1.8873753508963786,TRA6875_1499,real,157220.61046038405,0.17503817945037167,False
77876.33804530549,52.0,6655.0,38502.0,487.68,52.38560485839844,4.7144317626953125,1600.0,0.2649422266304155,174.28711943227475,832.0,3.289242678491826,1.601753790218466,TRA6875_1499,real,85422.15323920938,0.15104789361850757,False
77824.68307851945,82.0,6843.0,41488.0,617.22,52.4124755859375,4.717254638671875,2025.0,0.3236664214507242,212.60291625469299,960.0,4.316027519865624,1.4740132374116424,TRA6875_1499,real,75902.71980949157,0.10046550395809839,False
77787.90663685743,112.0,8180.0,44817.0,762.0,52.442413330078125,4.7370147705078125,2500.0,0.3877632688004585,254.2833065696606,1600.0,29.18591581611006,1.628942545940355,TRA6875_1499,real,87780.02929590645,0.07181075584030201,False
77723.42158687387,142.0,10479.0,48224.0,1150.6200000000001,52.47303073689089,4.770969935825893,3775.0,0.41457032172647873,270.64737205448716,3072.0,48.5950096610091,1.8598869709773709,TRA6875_1499,real,125621.77098737322,0.05137857240080213,False
77679.7293427354,172.0,14342.0,49346.0,1661.16,52.483039468021715,4.82794189453125,5450.0,0.41115727390575785,266.82765973564284,3328.0,85.48601154199874,1.8732505836131133,TRA6875_1499,real,133373.2925299909,0.044519111992031984,False
77616.04814982419,202.0,18527.0,49562.0,2057.4,52.48485500529661,4.889622279575893,6750.0,0.4301418337617647,277.8488797889961,2560.0,96.61346048231476,1.8029720002354837,TRA6875_1499,real,109485.35701371054,0.040935698044004355,False
77573.11263338967,222.0,21125.0,48398.0,2346.96,52.47428764731197,4.927839006696429,7700.0,0.4312702423643668,277.62204523416364,2816.0,131.78779023989077,1.8323169433389745,TRA6875_1499,real,116147.20467100458,0.039369019777531544,False
77510.34070387472,262.0,24540.0,43840.0,2895.6000000000004,52.43313546908104,4.977826799665179,9500.0,0.4464450454219849,285.50656735003486,2496.0,144.69560992338242,1.7819715424807954,TRA6875_1499,real,105719.99143243821,0.04155544365993816,False
77470.46628131732,282.0,26245.0,41456.0,3147.06,52.41160583496094,5.00274658203125,10325.0,0.4569258389360065,291.3211286535874,1792.0,144.78240703180728,1.6144488548853404,TRA6875_1499,real,86508.91840336523,0.039808975638052475,False
77424.03174510339,322.0,30073.0,36182.0,3368.04,52.36395263671875,5.05859375,11050.0,0.5268404212693519,334.9940297975473,1024.0,141.1799242491831,1.310092891829461,TRA6875_1499,real,65860.72566396391,0.03677844210913137,False
77392.24685498996,342.0,32618.0,33705.0,3467.1000000000004,52.34152066505561,5.0957728794642865,11375.0,0.5609722386554314,356.2653505464712,1472.0,131.70031760413394,1.4731635589045151,TRA6875_1499,real,75852.44704335634,0.034439768871150724,False
77332.96558640839,382.0,38149.0,28846.0,3939.5400000000004,52.29743957519531,5.1764678955078125,12925.0,0.5776604321647346,364.73689147109866,2112.0,131.77703939504764,1.6326969242712241,TRA6875_1499,real,88120.82528790692,0.03300085067468326,False
77294.17243728267,402.0,40977.0,26355.0,4152.900000000001,52.27482604980469,5.2176666259765625,13625.000000000002,0.5859188648619288,368.9728987337688,2368.0,131.8140791201382,1.6808593076183758,TRA6875_1499,real,92760.11889604144,0.032005562832792225,False
77235.49645549437,442.0,46672.0,21349.0,4632.96,52.22932434082031,5.3005218505859375,15200.0,0.5927732840355997,371.0525569242179,2176.0,131.94130242590418,1.6294769649621377,TRA6875_1499,real,87831.3869913173,0.0293888750779756,False
77197.93373563037,462.0,49567.0,18796.0,4846.320000000001,52.206100205243644,5.342572893415179,15900.000000000002,0.5988970215964428,373.8769851167627,2048.0,131.96443087494444,1.59394592326109,TRA6875_1499,real,84784.4650968305,0.028567785390337948,False
77146.33571209804,492.0,53905.0,14981.0,5105.400000000001,52.17137145996094,5.4055023193359375,16750.0,0.6156845769126748,383.0939832469312,1472.0,131.9316287147352,1.428816939901232,TRA6875_1499,real,72956.67306163516,0.026603642009852897,False
77111.26133917387,522.0,58446.0,10988.0,5349.240000000001,52.134979248046875,5.4712677001953125,17550.0,0.631267620997016,391.56736329781114,1920.0,131.99808868769688,1.5478300754753445,TRA6875_1499,real,81154.55209222715,0.024225194814135806,False
77058.0416374796,552.0,62947.0,7029.0,5623.56,52.09886169433594,5.536346435546875,18450.0,0.6426401948478817,397.2165656162895,1792.0,132.0408200583112,1.5068907127068247,TRA6875_1499,real,78172.32206105188,0.022241374120603067,False
77023.6507998995,582.0,67566.0,2969.0,5867.400000000001,52.06178826800847,5.60302734375,19250.0,0.6549317056360403,403.53686324795655,1664.0,132.18773107498143,1.4657389627782276,TRA6875_1499,real,75356.06654837797,0.021494435991833604,False
76973.38068056192,612.0,72314.0,-1156.0,6111.240000000001,52.02406311035156,5.6714630126953125,20050.0,0.6667259812688138,409.49969474958095,1344.0,131.43600853293603,1.3661650847069475,TRA6875_1499,real,69110.31041627667,0.020068933556460933,False
76938.86683322708,632.0,75520.0,-3896.0,6278.88,51.99897766113281,5.717620849609375,20600.0,0.6717201241637223,411.66126852061274,1728.0,131.35613607578918,1.4713190738790907,TRA6875_1499,real,75728.51614116051,0.008631270710537889,False
76890.32078950755,672.0,82001.0,-9436.0,6568.4400000000005,51.948211669921875,5.8107757568359375,21550.0,0.6833965522047903,417.2205651690722,1472.0,131.59932609650068,1.391136514823598,TRA6875_1499,real,70612.89128079395,0.0,False
76859.36619030958,692.0,85248.0,-12223.0,6697.9800000000005,51.92264362917108,5.85736083984375,21975.0,0.6892044800602967,420.04404530953656,1216.0,131.6222115827611,1.3102096724835197,TRA6875_1499,real,65868.0906352889,0.0,False
76813.20371581642,732.0,91871.0,-17885.0,6941.820000000001,51.8706447795286,5.9522247314453125,22775.0,0.7019747424938634,426.4387412044079,1280.0,131.57774989021624,1.3245042077780438,TRA6875_1499,real,66681.24554210622,0.0,False
76783.14729777128,752.0,95243.0,-20771.0,7063.740000000001,51.84411000397245,6.0004425048828125,23175.0,0.7077773830926409,429.2621576612595,1088.0,131.60028584087675,1.2618075429151965,TRA6875_1499,real,63182.37407355942,0.0,False
76737.08194493903,792.0,101978.0,-26531.0,7307.58,51.791087005097985,6.0965728759765625,23975.0,0.7182105353628475,434.162412007304,1344.0,131.73217390164672,1.3338286449826957,TRA6875_1499,real,67216.95592529332,0.0,False
76707.72542850992,812.0,105335.0,-29401.0,7429.5,51.7646484375,6.144400931693412,24375.0,0.7240750835436733,436.9862698071874,960.0,131.75331369167705,1.2119691025060082,TRA6875_1499,real,60512.31215561234,0.0,False
76663.32258348005,852.0,112198.0,-35271.0,7658.1,51.71049499511719,6.242015941722973,25125.0,0.7355881966186015,442.5573409175358,1280.0,131.97758942242493,1.3058558190417249,TRA6875_1499,real,65622.27091774667,0.0,False
76633.24541083687,872.0,115723.0,-38289.0,7787.64,51.6826171875,6.292048273859797,25550.0,0.739369827913127,444.046168770771,1216.0,131.80498682788632,1.2822921082262275,TRA6875_1499,real,64306.78331406179,0.0,False
76588.54077710985,902.0,120896.0,-42711.0,7962.900000000001,51.64173889160156,6.365389437288852,26125.0,0.7446198760029346,446.12554286882073,1152.0,131.91084362466347,1.2569494196482238,TRA6875_1499,real,62918.11555233956,0.0,False
76559.66176124245,932.0,126157.0,-47212.0,8138.160000000001,51.60008317333156,6.4398193359375,26700.0,0.7499021436935174,448.20642565675024,1024.0,132.01571785640664,1.2116506998358507,TRA6875_1499,real,60496.995454558855,0.0,False
76515.82275408413,962.0,131358.0,-51659.0,8313.42,51.55888444286281,6.5132904052734375,27275.0,0.7552169547170287,450.2887962186046,1088.0,132.1196224471524,1.2258130773897737,TRA6875_1499,real,61251.35048025567,0.0,False
76488.58382057975,992.0,136622.0,-56164.0,8458.2,51.51708984375,6.587491422086149,27750.0,0.7614868169522654,453.1136722722015,768.0,132.13759477388825,1.1204612982501239,TRA6875_1499,real,55831.37164688117,0.0,False
76448.95152132517,1022.0,142003.0,-60769.0,8580.12,51.474334716796875,6.6632080078125,28150.0,0.7711661338248371,458.09278536121917,832.0,132.08017976700057,1.140391257497856,TRA6875_1499,real,56877.72457292211,0.0,False
76419.96824657376,1042.0,145570.0,-63822.0,8686.800000000001,51.44594871391684,6.7133331298828125,28500.000000000004,0.7734501777016792,458.76355565803175,1216.0,132.1728754218387,1.2547902720416622,TRA6875_1499,real,62882.29264735093,0.0,False
76382.06051970064,1082.0,152768.0,-69970.0,8846.82,51.38873601363877,6.81427001953125,29024.999999999996,0.7823525328257487,463.0010799123475,576.0,132.1987708422501,1.0507510229394645,TRA6875_1499,real,52554.83597961289,0.0,False
76357.17064247966,1102.0,156385.0,-73056.0,8907.78,51.3599853515625,6.864896207242399,29225.0,0.7889405177920756,466.4986602338746,640.0,132.30673631577469,1.0725656143661992,TRA6875_1499,real,53735.291193490426,0.0,False
76315.62395192143,1142.0,163712.0,-79318.0,9098.28,51.30157470703125,6.967262061866554,29850.0,0.7922129288830027,467.17234507192313,1024.0,132.3974377975002,1.185606187619988,TRA6875_1499,real,59533.815934154365,0.0,False
56672.51830691696,0.0,-37588.22565553479,100446.45605081298,30.48000030422943,52.321298675412976,4.77995233639316,100.0,0.3,198.3755,2500.0,183.0038,1.7358327739526738,ITY113_1804,fuel,97893.75433003409,0.17029848122499178,False
56629.126226260174,24.9818,-37720.55778217142,97924.57444946007,347.74891399422665,52.29861060618783,4.778288559636018,1141.0,0.380412,250.6459,2800.0,183.0038,1.6775524805667468,ITY113_1804,fuel,92624.07975247595,0.10452969206923003,False
56587.26530373036,49.9636,-37887.99427299229,94733.70148211456,703.0623926314662,52.26990393529677,4.776185772253869,2307.0,0.464491,304.805,3000.0,158.3246,1.6694114562077225,ITY113_1804,fuel,91921.66399385134,0.06853693082294891,False
56545.69495193309,74.9454,-36451.11769297297,91118.4761319639,1083.7850890592686,52.23748917978998,4.797692050118206,3556.0,0.552257,360.8137,3000.0,158.3476,1.6800493175879911,ITY113_1804,fuel,92841.04134695728,0.05131134994825654,False
56503.946865492944,99.9272,-34749.67486829726,86832.5714271741,1464.507785487249,52.19905581325579,4.82311811796436,4805.0,0.57441,373.6313,3000.0,158.375,1.6759179765064351,ITY113_1804,fuel,92482.44301834519,0.040248174966877534,False
56462.316363777114,124.909,-32989.54862335437,82392.65199482728,1845.2304819152203,52.15923543799025,4.849375505366329,6054.0,0.586982,380.1098,3000.0,158.3902,1.6652201392154113,ITY113_1804,fuel,91562.95722959188,0.03457849045726817,False
56420.957687555434,149.8908,-31199.94312228438,77874.8864393473,2225.953178343154,52.11871083177357,4.876024850119005,7303.0,0.599903,386.7324,3000.0,158.3908,1.6544193148585031,ITY113_1804,fuel,90647.47942048634,0.03289318022930366,False
56379.87339348745,174.8726,-29379.060151412028,73278.00819692771,2606.6758747710483,52.07747042212767,4.903090272413251,8552.0,0.613183,393.5022,3000.0,158.3848,1.6435144671370983,ITY113_1804,fuel,89735.76451575471,0.03316107438272587,False
56339.06606127516,199.8544,-27525.66152649635,68600.48757244693,2987.3985711989003,52.03550021502001,4.9305875739795235,9801.0,0.626833,400.4221,3000.0,158.3854,1.6325041316156432,ITY113_1804,fuel,88827.54249561927,0.0327002358963123,False
56298.53829867813,224.8362,-25639.574815052598,63840.33157371626,3368.1212676267046,51.99278198025247,4.9585168945326945,11050.0,0.640862,407.4951,3000.0,158.3983,1.6213867461295717,ITY113_1804,fuel,87922.54673795482,0.029662640767760658,False
56258.292746519815,249.818,-23721.128922740678,58995.307772825974,3748.843964054462,51.94929530674855,4.986870990002229,12299.0,0.655284,414.7241,3000.0,158.4169,1.6101604438156714,ITY113_1804,fuel,87020.49725018702,0.02696991981677862,False
56218.332083638365,274.7998,-21770.109889489813,54063.358628112466,4129.566660482163,51.90502137824735,5.015650454553793,13548.0,0.670108,422.1123,3000.0,158.4278,1.5988235055496534,ITY113_1804,fuel,86121.13714462044,0.023870640309242328,False
56178.659031728945,299.7816,-19785.1604658957,49042.838780581216,4510.289356909804,51.859945119147596,5.044872415640986,14798.0,0.685347,429.6624,3000.0,158.4225,1.5873578886201027,ITY113_1804,fuel,85222.94883332134,0.022736990512075828,False
56139.276360017764,324.7635,-17764.1090481589,43932.38471375248,4891.012053337379,51.81405399104533,5.074565682392862,16047.0,0.701012,437.3772,3000.0,158.4054,1.5757920914447492,ITY113_1804,fuel,84328.06532253225,0.021762022426978517,False
56100.18688970112,349.7453,-15705.095106020244,38730.471132924744,5271.734749764881,51.767333955888795,5.104754355105657,17296.0,0.717116,445.2597,3000.0,158.3915,1.564108372658193,ITY113_1804,fuel,83435.00102479225,0.02160301441866856,False
56061.39349807462,374.7271,-13607.569351294576,33435.01597725354,5652.4574461923,51.719765904239566,5.135443335187894,18545.0,0.733669,453.3125,3000.0,158.3932,1.5523038136784582,ITY113_1804,fuel,82543.45127745479,0.0221046957718837,False
56022.899122270166,399.7089,-11472.154228587307,28043.435401727413,6033.180142619627,51.671326176746575,5.166620425842014,19794.0,0.750686,461.5384,3000.0,158.4087,1.5403756472862389,ITY113_1804,fuel,81653.13428836112,0.022696620915057586,False
55984.70676250892,424.6907,-9299.361898523217,22553.153120618437,6413.902839046851,51.62199118861372,5.198274963239165,21043.0,0.768179,469.9398,3000.0,158.4242,1.5283206336431212,ITY113_1804,fuel,80763.81948919223,0.0,False
55946.81944178869,449.6725,-7088.423036218822,16962.065696350906,6794.625535473952,51.57174162714866,5.2304147455570655,22292.0,0.78616,478.5192,3000.0,158.4281,1.516135649111719,ITY113_1804,fuel,79891.47913721157,0.0,False
55909.23394708908,474.6543,-4837.403880899093,11268.496460787323,7175.348231900919,51.520562011162006,5.263064253440088,23541.0,0.804643,487.2791,3000.0,158.4228,1.5038175495532373,ITY113_1804,fuel,79144.09693960627,0.0,False
55871.90782423115,499.6361,-2544.553220366871,5470.6644122340995,7556.070928327763,51.46843588456403,5.296245123375017,24790.0,0.813235,489.9527,3000.0,158.4227,1.484870390887114,ITY113_1804,fuel,77980.48851623057,0.0,False
55834.980332722036,524.6179,-239.11989986300813,-358.9333238932276,7936.7936247544185,51.416014741747965,5.329531733757249,26039.0,0.815181,488.5764,3000.0,158.4374,1.4623765410090026,ITY113_1804,fuel,76491.73652804134,0.0,False
55798.56824639034,549.5997,2058.25727451377,-6172.527206312553,8317.516321180796,51.36372810444502,5.362625871468631,27288.0,0.816911,487.0453,3000.0,158.4545,1.4407014363338517,ITY113_1804,fuel,75095.23635145338,0.0,False
55762.64619780255,574.5815,4346.613663553367,-11968.35740027435,8698.239017606857,51.31159197804635,5.3955149823582165,28538.0,0.815718,483.7565,2768.0,158.4607,1.379839501664369,ITY113_1804,fuel,71055.50303374318,0.0,False
55728.20431733457,599.5633,6619.8795553342925,-17727.792151477974,9049.557648254224,51.25977414875499,5.428113242599252,29690.0,0.813571,480.0988,2469.0,158.4564,1.306861796137484,ITY113_1804,fuel,66402.85125821657,0.0,False
55695.55830601711,624.5451,8877.644615232588,-23446.68381661649,9362.83171395647,51.20831214103968,5.460416584828498,30718.0,0.811196,476.5677,2169.0,158.4569,1.2332635772754672,ITY113_1804,fuel,61911.05706830025,0.0,False
55664.72441616429,649.5269,11119.945550480521,-29126.564698228907,9638.061214712001,51.157192393263976,5.49242728231335,31621.0,0.808553,473.1416,1869.0,158.4667,1.1592569533968788,ITY113_1804,fuel,57563.227561176,0.0,False
55635.71899931347,674.5087,13346.30054420744,-34768.86543607969,9875.24615052034,51.10640226678989,5.524140121695505,32399.0,0.805604,469.802,1569.0,158.4802,1.0848357790381926,ITY113_1804,fuel,53334.81015097367,0.0,False
55608.55877088036,699.4905,15556.681685413032,-40374.57026933487,10074.386521381308,51.05593312976835,5.555556376128776,33052.0,0.802267,466.5015,1269.0,158.4923,1.0099464476481037,ITY113_1804,fuel,49202.49069860246,0.0,False
55583.26190419493,724.4723,17751.356430051394,-45943.88410453519,10235.482327294869,51.00578334738842,5.586681534685888,33581.0,0.798457,463.1932,970.0,158.5019,0.9347261605169616,ITY113_1804,fuel,45157.67391371377,0.0,False
55559.847697239486,749.4541,19930.462336427827,-51476.40515415098,10358.533568261102,50.95595673855306,5.617519222766501,33985.0,0.794005,459.7785,670.0,158.5084,0.8586141913006501,ITY113_1804,fuel,41157.20194992524,0.0,False
55538.33796904221,774.4359,22093.724848825994,-56970.52711199104,10443.540244280248,50.906467965581434,5.648067242190945,34264.0,0.788636,456.0981,370.0,158.5124,0.7815953547512191,ITY113_1804,fuel,37190.039403574745,0.0,False
55518.75866870249,799.4177,24240.051797157797,-62422.75134697061,10490.502355352895,50.85734874443177,5.6783119062537555,34418.0,0.781838,451.8529,70.0,158.5148,0.7032254544069788,ITY113_1804,fuel,33224.6851375843,0.0,False
55501.14448156579,824.3995,26366.837509897778,-67826.01420823962,10499.419901480913,50.808662933971,5.708218371093252,34447.0,0.779959,450.7076,-0.0,158.5159,0.6844262458024628,ITY113_1804,fuel,32283.17607100229,0.0,False
55484.00330191964,849.3813,28488.273867820568,-73215.98653697512,10499.419901234876,50.76008928127197,5.737987546726915,34447.0,0.779913,450.6813,-0.0,158.5133,0.6842803028280989,ITY113_1804,fuel,32275.52859449801,0.0,False
55466.86599579462,874.3631,30609.828685113327,-78605.54909387234,10499.41990098858,50.71151174474106,5.767696695694365,34447.0,0.779856,450.648,-0.0,158.5058,0.6841253718076167,ITY113_1804,fuel,32267.356523609615,0.0,False
55449.73283060747,899.3449,32731.940703366618,-83994.43192543359,10499.419900742054,50.66293275455368,5.797352292981147,34447.0,0.7798,450.6156,-0.0,158.4963,0.6839716373485037,ITY113_1804,fuel,32259.256937868173,0.0,False
55432.603770979906,924.3267,34854.78793478883,-89382.57676909052,10499.419900495324,50.614352846412,5.826957077470642,34447.0,0.779746,450.5847,-0.0,158.4895,0.6838198736103867,ITY113_1804,fuel,32251.274922270808,0.0,False
55415.47875339462,949.3086,36978.13278073256,-94770.0992797072,10499.419900248411,50.56577101590647,5.8565078764394745,34447.0,0.779706,450.5615,-0.0,158.487,0.6836780791848939,ITY113_1804,fuel,32243.877465613474,0.0,False
55398.35748264503,974.2904,39101.59698036126,-100157.25448161105,10499.419900001341,50.517185018119896,5.885999523512406,34447.0,0.779666,450.5383,-0.0,158.4846,0.6835363230856707,ITY113_1804,fuel,32236.48361495155,0.0,False
56672.518306916936,0.0,-37588.225855365024,100446.45605080592,30.480000304529838,52.321298675399284,4.779952333453214,100.0,0.3,198.3755,2500.0,183.0038,1.7358327739526733,ITY113_1804,pop,97893.75433003405,0.1702984837079079,False
56629.123358744524,24.9835,-37720.56670512657,97924.40821175811,347.7698660128907,52.2986091106185,4.77828844707798,1141.0,0.380418,250.6494,2800.0,183.0038,1.6775467279071714,ITY113_1804,pop,92623.58071679957,0.10452691272545811,False
56587.259708816266,49.9669,-37888.016578506045,94733.28021109547,703.1093216588836,52.26990014531839,4.776185491870993,2307.0,0.464502,304.8122,3000.0,165.852,1.6694103045782256,ITY113_1804,pop,91921.56516346773,0.06853439424065268,False
56545.68669431676,74.9504,-36937.03100297192,90960.63969398943,1083.8571605113682,52.23603751767046,4.790573916832866,3556.0,0.552275,360.8249,3000.0,164.6223,1.6800597986043062,ITY113_1804,pop,92841.9536274431,0.051100658469190076,False
56503.93569613144,99.9338,-35714.086248216736,86514.02044215857,1464.6049993642614,52.196129706606484,4.809002008870575,4805.0,0.574413,373.633,3000.0,165.0673,1.6759196567232038,ITY113_1804,pop,92482.5884575557,0.04030354715708908,False
56462.3025299322,124.9173,-34483.28285696093,81898.90842464835,1845.3528382171894,52.15470426136658,4.8275293219152875,6054.0,0.586986,380.1119,3000.0,163.8335,1.665222234620967,ITY113_1804,pop,91563.13607258777,0.03406939935078074,False
56420.941226162664,149.9007,-33130.211208260975,77231.418179186,2226.100677070102,52.11281218808577,4.847817703185525,7303.0,0.599908,386.735,3000.0,163.1874,1.6544219384212835,ITY113_1804,pop,90647.70026733397,0.03268166443673398,False
56379.854341994294,174.8842,-31699.98453473076,72498.03596642584,2606.8485159229676,52.070328472530186,4.8692028492357275,8553.0,0.613189,393.5053,3000.0,162.6236,1.6435032609474742,ITY113_1804,pop,89734.83393329216,0.03190304826264769,False
56339.044457648466,199.8676,-30197.282362895174,67695.9625780779,2987.596354775794,52.02722708455757,4.891612664981143,9802.0,0.62684,400.4257,3000.0,161.1092,1.6324932090002953,ITY113_1804,pop,88826.64748854839,0.029311302103204824,False
56298.514181413404,224.8511,-28539.411201546878,62851.19178275701,3368.344193628593,51.98374544182147,4.916248577561096,11051.0,0.640871,407.4992,3000.0,157.688,1.6213761100810435,ITY113_1804,pop,87921.68657263453,0.027640811121748675,False
56258.26615465175,249.8345,-26560.900459302175,58029.95500418631,3749.0920324813537,51.940485678651214,4.945512183660712,12300.0,0.655293,414.7289,3000.0,155.9535,1.6101503157521893,ITY113_1804,pop,87019.68866511079,0.02602726056822102,False
56218.30305675334,274.818,-24399.544193165588,53186.04212246168,4129.839871334082,51.897022769117335,4.977385719224972,13549.0,0.670119,422.1176,3000.0,155.932,1.5988136657931151,ITY113_1804,pop,86120.36147931812,0.023982177708417443,False
56178.6276099786,299.8014,-22197.683710952406,48256.332445917586,4510.587710186775,51.852781296367915,5.009792893075418,14799.0,0.685359,429.6683,3000.0,156.3313,1.5873484453866509,ITY113_1804,pop,85222.21366919117,0.022849849471694134,False
56139.24258413434,324.7849,-19991.318594906737,43222.62945351884,4891.335549039422,51.80759587159386,5.0422079429563995,16048.0,0.701026,437.3839,3000.0,156.7065,1.5757832619265897,ITY113_1804,pop,84327.38632384999,0.021961806794379687,False
56100.15080101376,349.7684,-17778.808224976656,38083.62986540251,5272.083387892012,51.76145479835533,5.074652758097941,17297.0,0.71713,445.267,3000.0,156.9645,1.564099930627543,ITY113_1804,pop,83434.35962037745,0.021660709552479666,False
56061.35513852693,374.7518,-15549.877006478344,32841.62011978844,5652.83122674453,51.71437887777076,5.107274279691162,18546.0,0.733686,453.3205,3000.0,157.3119,1.5522958615060978,ITY113_1804,pop,82542.85423379298,0.022144886740313417,False
56022.85853443833,399.7353,-13312.907659633354,27490.851303411808,6033.57906559696,51.66631604137707,5.1399486576183095,19795.0,0.750705,461.5471,3000.0,157.5423,1.5403681749003009,ITY113_1804,pop,81652.57979714902,0.02269797046370849,False
55984.66398962056,424.7187,-11057.156369847662,22033.58776662838,6414.326904449157,51.61728679777362,5.172829179399775,21044.0,0.768199,469.9493,3000.0,157.6525,1.528313737701729,ITY113_1804,pop,80763.31451502405,0.0,False
55946.77452726682,449.7022,-8770.91659186162,16472.307504341665,6795.074743300694,51.56731341900639,5.206082438527383,22294.0,0.786182,478.5295,3000.0,157.6549,1.5161123256181117,ITY113_1804,pop,79889.85203880527,0.0,False
55909.18691345441,474.6856,-6443.0711458262795,10809.137164903617,7175.822582152056,51.51641481817167,5.239865816748837,23543.0,0.804666,487.2901,3000.0,157.6574,1.5037944497377,ITY113_1804,pop,79142.80878266401,0.0,False
55871.85860974146,499.6691,-4072.7638312283157,5041.941273104733,7556.570421003255,51.464571314864656,5.2741879254785795,24792.0,0.814105,490.4734,3000.0,157.6602,1.4853611285155408,ITY113_1804,pop,78037.02168343519,0.0,False
55834.9091586172,524.6525,-1687.26333115793,-763.0304665069492,7937.318259854229,51.41237812021223,5.3086513954451755,26041.0,0.816376,489.2888,3000.0,157.6634,1.4629849844966658,ITY113_1804,pop,76568.9634956971,0.0,False
55798.46757463753,549.636,692.0672704218202,-6553.905136872942,8318.066098704847,51.36030163794204,5.342947088060264,27290.0,0.817533,487.4123,3000.0,157.6669,1.4409575498588014,ITY113_1804,pop,75133.18061042923,0.0,False
55762.52960014854,574.6194,3061.8274210995687,-12322.469141917078,8698.813937555055,51.30841579733453,5.377027440026648,28539.0,0.816518,484.2273,2768.0,157.6703,1.3801771064589534,ITY113_1804,pop,71103.46869093527,0.0,False
55728.06975677372,599.6029,5416.77766065913,-18055.972574020343,9050.097688667298,51.25683553424757,5.410818505193048,29692.0,0.814614,480.7106,2468.0,157.6738,1.3071093649397043,ITY113_1804,pop,66450.62579696845,0.0,False
55695.40050207834,624.5863,7755.580572337429,-23751.14076152536,9363.331849843686,51.20559053919048,5.444302866565867,30720.0,0.811678,476.8469,2168.0,157.6772,1.2332552562933181,ITY113_1804,pop,61924.46174478224,0.0,False
55664.556661124305,649.5698,10076.484404396282,-29403.676029576127,9638.516421082197,51.154719729632895,5.4774573433526355,31622.0,0.809755,473.8418,1868.0,157.6805,1.1595934864333122,ITY113_1804,pop,57614.84408064173,0.0,False
55635.52506474714,674.5533,12383.613583447459,-35023.59084870233,9875.651402382216,51.10413322645608,5.510342616959509,32400.0,0.806039,470.0526,1569.0,157.6838,1.0850268456594614,ITY113_1804,pop,53355.83597672572,0.0,False
55608.35654364706,699.5367,14673.07499053423,-40601.37970495556,10074.73679374351,51.053916816715606,5.5429049255276315,33054.0,0.803548,467.2443,1269.0,157.6869,1.010574714351222,ITY113_1804,pop,49264.321202638734,0.0,False
55583.03240126054,724.5202,16949.59079849802,-46148.488447087344,10235.772595166034,51.00396767132585,5.575213103653558,33582.0,0.799197,463.6209,969.0,157.69,0.934898205836366,ITY113_1804,pop,45180.43644714198,0.0,False
55559.603583368196,749.5036,19209.11247059277,-51655.02380412657,10358.758806649896,50.95437508504862,5.607211314723762,33985.0,0.795023,460.3667,669.0,157.6927,0.8589983627786305,ITY113_1804,pop,41192.47203222422,0.0,False
55538.07326128696,774.4871,21453.38735867652,-57125.14846150918,10443.695428195413,50.90510178838143,5.6389260128971195,34264.0,0.789974,456.8709,369.0,157.6953,0.7822474395361909,ITY113_1804,pop,37238.713265447084,0.0,False
55518.466441242235,799.4705,23681.167018166005,-62555.75720698829,10490.582459803318,50.856175966879476,5.670341220533159,34418.0,0.783058,452.5575,70.0,157.6974,0.7041149614529445,ITY113_1804,pop,33278.56631329337,0.0,False
55500.82772853999,824.454,25888.402142174866,-67936.86700701593,10499.419901476012,50.807687801222436,5.70140171808015,34447.0,0.781723,451.727,-0.0,157.6993,0.6857431101035271,ITY113_1804,pop,32361.088378826968,0.0,False
55483.64592800998,849.4374,28091.559044604204,-73308.5322831535,10499.419901231016,50.75927653703727,5.732340537436323,34447.0,0.781301,451.4832,-0.0,157.7008,0.6853148567725397,ITY113_1804,pop,32336.58460907334,0.0,False
55466.476545542115,874.4209,30293.383713056253,-78677.35644381538,10499.419900985675,50.71088272172294,5.763196708044754,34447.0,0.781629,451.6725,-0.0,157.702,0.6854488546789296,ITY113_1804,pop,32345.54476559613,0.0,False
55449.30261698497,899.4043,32496.020111255544,-84048.47820215297,10499.419900740042,50.66246006762102,5.794000529832797,34447.0,0.781324,451.4967,-0.0,157.7029,0.6851088150437389,ITY113_1804,pop,32326.30545117676,0.0,False
55432.13843733629,924.3878,34697.71693249087,-89417.54296855663,10499.419900494151,50.61404786255878,5.824727748797106,34447.0,0.781492,451.5934,-0.0,157.7035,0.6851227590131558,ITY113_1804,pop,32328.11511224426,0.0,False
55414.97333849001,949.3712,36899.82920539917,-94787.7804487592,10499.419900248033,50.565617016392984,5.855397531077092,34447.0,0.781379,451.5283,-0.0,157.7038,0.6849265433812484,ITY113_1804,pop,32317.4356696996,0.0,False
55397.81365098563,974.3547,39101.59698036906,-100157.25448161487,10499.419900001709,50.51718501811986,5.885999523512514,34447.0,0.781266,451.4631,-0.0,157.7041,0.684730239477476,ITY113_1804,pop,32306.759108107068,0.0,False
56647.0312755755,0.0,11108.0,30738.0,0.0,52.31567253500728,4.779660906110491,0.0,0.15295729038452033,101.17806086301516,64.0,183.39971415912325,1.307370985763212,ITY113_1804,real,65662.81358075318,0.18125836703637666,False
56588.91006108418,35.0,10974.0,27948.0,190.5,52.29057312011719,4.7776031494140625,625.0,0.24257391979151405,160.11246047700348,2496.0,177.8524145717015,1.8347436148025968,ITY113_1804,real,116758.67041942253,0.12469805686272806,False
56562.630409552825,55.0,11339.0,26311.0,426.72,52.2758354574947,4.78289794921875,1400.0,0.25164717258808195,165.65627063289816,1088.0,166.38319105635904,1.3480235759571726,ITY113_1804,real,68013.48678095432,0.08524741947308331,False
56511.1092034145,95.0,12345.0,22411.0,662.94,52.24072265625,4.797515869140625,2175.0,0.3432195949591295,225.32864886649455,1536.0,165.34703353180086,1.328973341486448,ITY113_1804,real,66918.6423790129,0.05798629714912738,False
56481.34933032951,115.0,12987.0,20024.0,830.58,52.21922793630826,4.8068324497767865,2725.0,0.38723067166838837,253.73411280314676,2240.0,164.92312545597852,1.5265427126458349,ITY113_1804,real,79557.11331167347,0.0480307454976841,False
56411.596083105054,155.0,15802.0,15548.0,1508.76,52.17887878417969,4.847869873046875,4950.0,0.41336594247719627,268.73965096353015,3968.0,121.14657588455059,1.8140254063832204,ITY113_1804,real,111720.96332987896,0.03741430970548729,False
56381.950929437924,175.0,18236.0,14234.0,1828.8000000000002,52.16697692871094,4.8834228515625,6000.0,0.42277329947590236,273.82658746002005,2368.0,118.34327055873264,1.5206581414705818,ITY113_1804,real,79132.36763487774,0.03522194541846071,False
56318.69010265019,205.0,21401.0,11497.0,2247.9,52.142230534957626,4.9295654296875,7375.0,0.43388642364532476,279.6354770053328,3136.0,147.56023709684558,1.681634320333903,ITY113_1804,real,92812.65284022005,0.0368821857174531,False
56287.37236783028,225.0,22894.0,9009.0,2529.84,52.119781494140625,4.9512481689453125,8300.0,0.4429881975327135,284.5434940391363,2816.0,149.8305282837463,1.606453755006597,ITY113_1804,real,85805.3945227787,0.038582503626562376,False
56228.519238832334,265.0,25920.0,3862.0,3101.34,52.07333322298729,4.995091029575893,10175.0,0.46297312423651726,295.3404814785809,2048.0,149.70166975630787,1.3817207212188443,ITY113_1804,real,70025.68545109438,0.041825039654685786,False
56207.2651470443,285.0,27532.0,1123.0,3238.5,52.04861398470604,5.018397739955358,10625.0,0.5009323627512238,319.02351010544663,1152.0,149.8986954344003,1.0902357963781752,ITY113_1804,real,54299.934621169356,0.04010741700975145,False
56149.23782551541,325.0,31002.0,-4788.0,3695.7000000000003,51.99522399902344,5.068511962890625,12125.0,0.53704350675913,340.1132164441717,2496.0,149.81631934277766,1.4760921935936717,ITY113_1804,real,76034.16539997258,0.03194898608497061,False
56122.11089975627,345.0,32817.0,-7864.0,3931.92,51.967437744140625,5.0946807861328125,12900.0,0.5513785335860452,348.1752432324849,2176.0,149.82647997035568,1.3914847928225627,ITY113_1804,real,70621.68051210206,0.029015562497896774,False
56065.887609483456,385.0,35869.0,-14347.0,4427.22,51.90891071901483,5.138462611607143,14525.0,0.5649123427608022,354.52785504103906,2432.0,164.12120125565627,1.4375350804647922,ITY113_1804,real,73499.49883135356,0.02329133732903479,False
56036.37442418573,405.0,36876.0,-17883.0,4709.16,51.87702941894531,5.152736354518581,15449.999999999998,0.5671667060595145,354.682957019364,2816.0,164.63153667820387,1.5138887795171274,ITY113_1804,real,78651.40484123724,0.022279374034569543,False
55986.18728508405,445.0,38897.0,-25020.0,5135.88,51.81266784667969,5.1813156540329395,16850.0,0.5921040377226299,368.27842728023046,1856.0,164.56749554940995,1.269946157493791,ITY113_1804,real,63617.22082827665,0.021212594881656943,False
55960.218036057166,465.0,39939.0,-28699.0,5326.38,51.77947998046875,5.196013579497467,17475.0,0.6032993903358826,374.3287325333176,2112.0,164.66433433100713,1.3321013749509578,ITY113_1804,real,67106.31393111614,0.0216840354439396,False
55906.72200273608,505.0,42042.0,-36114.0,5806.4400000000005,51.71260070800781,5.225632126266892,19050.0,0.6137313897118722,378.4507894033252,2176.0,164.6784899251352,1.3298215772313706,ITY113_1804,real,66974.63993258377,0.02251322531448982,False
55883.8041236942,525.0,43105.0,-39866.0,6004.56,51.678756455243644,5.2405548095703125,19700.0,0.6251546198917469,384.50227567597045,1600.0,164.77101988067315,1.1755803239068094,ITY113_1804,real,58606.91886757356,0.022819952596967195,False
55831.44031689324,565.0,45292.0,-47582.0,6446.52,51.60914611816406,5.271210541596284,21150.0,0.6343862003451375,387.9239616213466,2432.0,164.60238700003046,1.3687195141728161,ITY113_1804,real,69249.25283669401,0.0,False
55806.34139457387,575.0,45828.0,-49475.0,6553.200000000001,51.592071533203125,5.278707968222128,21500.0,0.6368603012868733,388.8881587294733,2112.0,164.64150607395277,1.2874576733734535,ITY113_1804,real,64582.11689328991,0.0,False
55761.32785280762,615.0,48080.0,-57216.0,6896.1,51.522216796875,5.3101823136613175,22625.0,0.6597103365050686,401.00872808456427,1984.0,162.2879879455155,1.2477951903587443,ITY113_1804,real,62412.72137259258,0.0,False
55737.17844568661,635.0,49518.0,-61119.0,7117.08,51.486968994140625,5.330373403188345,23350.0,0.6639663598372254,402.40278329057315,1984.0,159.94390526342457,1.2387519714891115,ITY113_1804,real,61926.18224212942,0.0,False
55693.27084741559,675.0,52483.0,-69015.0,7414.26,51.41564320709745,5.3719329833984375,24325.0,0.6844679017192953,413.168246601793,1984.0,159.89841602183526,1.2324413997004648,ITY113_1804,real,61588.88422893443,0.0,False
55671.30927769481,695.0,53973.0,-72952.0,7612.38,51.38007729740466,5.39276123046875,24975.0,0.6863119960993636,413.168246601793,1600.0,159.89841602183526,1.1265261152082597,ITY113_1804,real,56109.309563023664,0.0,False
55628.81630326983,735.0,56997.0,-80978.0,7901.9400000000005,51.307548910884535,5.4349517822265625,25925.0,0.7048487244670266,422.6511563925976,1536.0,159.93582006210758,1.1051350484145785,ITY113_1804,real,55039.56200809107,0.0,False
55608.03038576222,755.0,58539.0,-85063.0,8061.96,51.2706298828125,5.4564192488386825,26450.0,0.7095427010861672,424.53032871633565,1408.0,160.0284241238516,1.0662206389882718,ITY113_1804,real,53119.11972484269,0.0,False
55566.22051696385,795.0,61635.0,-93277.0,8389.62,51.196380615234375,5.499399546030405,27525.0,0.7180771050409981,427.69147758635546,1216.0,160.039784319676,1.0033922647982771,ITY113_1804,real,50079.99504905041,0.0,False
55546.377009290394,815.0,63190.0,-97409.0,8526.78,51.159027099609375,5.520926810599662,27975.0,0.7263503082716736,431.7927743721518,1280.0,160.09625046269218,1.017879409153628,ITY113_1804,real,50774.65647081219,0.0,False
55507.97744961218,855.0,66338.0,-105753.0,8747.76,51.083587646484375,5.564426731418919,28700.0,0.7451803317066921,441.61748153803876,1152.0,160.00580897842923,0.9852189570532844,ITY113_1804,real,49213.52938420229,0.0,False
55488.53246199158,875.0,67938.0,-110000.0,8869.68,51.04518127441406,5.58647361961571,29100.0,0.7496379563326812,443.4974633523849,1216.0,160.09415608905883,0.9974371888266303,ITY113_1804,real,49795.61425511478,0.0,False
55448.873892832926,915.0,71199.0,-118649.0,9113.52,50.966949462890625,5.631309715477196,29900.0,0.7613576742478497,448.8797166279626,1664.0,160.0714193271831,1.101163411217423,ITY113_1804,real,54843.39131965184,0.0,False
55430.02549840711,935.0,72818.0,-122935.0,9265.92,50.92817687988281,5.6535050675675675,30400.0,0.762432696076583,448.5398533017997,1152.0,160.19150864648614,0.9668347399744853,ITY113_1804,real,48343.98295995637,0.0,False
55393.991269720544,965.0,75257.0,-129401.0,9418.32,50.86967856197034,5.6868743896484375,30899.999999999996,0.7716609392448885,452.98123581446504,1024.0,160.12495781528185,0.9318701583426016,ITY113_1804,real,46710.27824765141,0.0,False
55374.951398329344,985.0,76922.0,-133820.0,9525.0,50.82969018968485,5.7096099853515625,31250.0,0.7760524792069867,454.86261662176634,1216.0,160.21060499232104,0.976656615400806,ITY113_1804,real,48834.072444374135,0.0,False
55334.83060986079,1025.0,80194.0,-142488.0,9814.560000000001,50.75124966896186,5.7541656494140625,32200.000000000004,0.7760775656979538,452.98123581446504,1536.0,160.12495781528185,1.0396003000535767,ITY113_1804,real,51856.66993847991,0.0,False
55315.96706883417,1045.0,81844.0,-146857.0,9959.34,50.711700439453125,5.776581635346284,32675.0,0.7733165165551596,450.4220243282959,1280.0,160.27772223555294,0.9676116899641755,ITY113_1804,real,48406.06468121965,0.0,False
55277.91344288891,1085.0,85104.0,-155504.0,10203.18,50.63342595504502,5.820749643686655,33475.0,0.7760742541906906,450.4220243282959,1472.0,160.27772223555294,1.0048024614149833,ITY113_1804,real,50192.70824239274,0.0,False
55260.35575338379,1105.0,86739.0,-159832.0,10340.34,50.59423828125,5.842847322162829,33925.0,0.7738056452687851,448.20196340489184,1088.0,160.31177956035881,0.9006275963741317,ITY113_1804,real,45277.67153995032,0.0,False
55223.04571413154,1145.0,89940.0,-168341.0,10599.42,50.51718501721398,5.88599952491554,34775.0,0.7696610136095884,444.0990880422972,1408.0,160.2593905198089,0.96969308495001,ITY113_1804,real,48508.61704558968,0.0,False
67632.5677805046,0.0,92366.20532695948,-38687.62805314914,30.480000304301818,52.331401825867054,4.740029810415594,100.0,0.3,198.3755,2500.0,182.9988,1.9109263808649675,EZY84JU_960,fuel,117551.48729064295,0.23983452563843805,True
67585.90840924125,24.3951,92237.18796570992,-41150.397576807605,340.2975514088845,52.30928011592069,4.737451033756911,1116.0,0.376202,247.8928,2793.0,182.9988,1.8426379590170125,EZY84JU_960,fuel,108987.44079372307,0.09945548097061181,True
67540.96576629071,48.7902,92075.75361913686,-44231.96415793535,686.3936267828475,52.28160000388585,4.734228132506873,2252.0,0.458146,300.6987,3000.0,219.5915,1.8116891915064048,EZY84JU_960,fuel,105536.98645337421,0.06772525221106376,True
67496.8467177881,73.1852,89687.45553120691,-47119.797276374215,1058.17468810818,52.25603188053805,4.698352490338822,3472.0,0.542583,354.5978,3000.0,256.1841,1.7935563085708144,EZY84JU_960,fuel,103613.68946736344,0.051880766867125325,True
67453.24569748722,97.5803,85390.36902012392,-48176.52792722485,1429.9557494337091,52.247218818669694,4.63496230382105,4691.0,0.573286,373.0504,3000.0,292.7767,1.7890452640097187,EZY84JU_960,fuel,103145.45401241526,0.04540552049926862,True
67409.77591263516,121.9754,81096.64426853943,-46373.66371309748,1801.736810759237,52.26408391821419,4.572338837606744,5911.0,0.585529,379.3625,3000.0,296.9158,1.7789330605229337,EZY84JU_960,fuel,102109.83708780051,0.041624333468064434,True
67366.55681190139,146.3705,76873.62767718948,-44229.740978940536,2173.517872084729,52.28397264294046,4.51078537564001,7131.0,0.598103,385.8117,3000.0,296.9139,1.7686938479844871,EZY84JU_960,fuel,101080.1483627106,0.03328341416471063,True
67323.59148332865,170.7656,72578.39618764014,-42049.33905088415,2545.2989334101817,52.30416695953422,4.44812261486476,8351.0,0.611017,392.4007,3000.0,296.9108,1.758327901452497,EZY84JU_960,fuel,100056.17478832546,0.023782820502726267,True
67280.88300132385,195.1607,68209.34786001245,-39831.760217027644,2917.079994735592,52.324671614522835,4.384324253082392,9570.0,0.624283,399.1325,3000.0,296.9097,1.7478472938962317,EZY84JU_960,fuel,99038.8467501321,0.018196242061766812,True
67238.43442959254,219.5557,63764.96907055637,-37576.05600817203,3288.8610560609577,52.34549351381143,4.319365206214344,10790.0,0.63791,406.0098,3000.0,296.9032,1.7372287771247201,EZY84JU_960,fuel,98025.68393712261,0.01384543239995974,True
67196.24882411065,243.9508,59243.42678004715,-35281.8308374141,3660.6421173862705,52.36663454154144,4.253215443715736,12010.0,0.651907,413.0353,3000.0,296.8921,1.7264837383361888,EZY84JU_960,fuel,97017.58722016666,0.01133224769191487,True
67154.32923609274,268.3459,54642.877301966226,-32948.634363555655,4032.4231787115277,52.38809697701319,4.185844659970344,13230.0,0.666287,420.2119,3000.0,296.8837,1.7156120614935069,EZY84JU_960,fuel,96014.34016714481,0.009321439583505611,True
67112.67871490975,292.741,49961.737193257264,-30575.427907138932,4404.204240036721,52.40988826462623,4.1172263409364165,14449.0,0.681059,427.5421,3000.0,296.87,1.7046259670986288,EZY84JU_960,fuel,95016.84599475075,0.007975117828126998,True
67071.30031090367,317.1361,45198.05966429126,-28161.814987582122,4775.9853013618485,52.432010008223294,4.047328363959015,15669.0,0.696234,435.0288,3000.0,296.8555,1.6934999438294538,EZY84JU_960,fuel,94022.60090489771,0.006904527371295159,True
67030.19707804115,341.5312,40350.057835832624,-25707.01057496418,5147.766362686894,52.45446718226806,3.976120873121496,16889.0,0.711823,442.6745,3000.0,296.8478,1.6822457828446131,EZY84JU_960,fuel,93032.50694296777,0.006005549090441358,True
66989.37207634044,365.9262,35416.231175954315,-23209.591838392498,5519.547424011854,52.47727036894681,3.903578147218489,18109.0,0.727839,450.4818,3000.0,296.8384,1.6708627979437132,EZY84JU_960,fuel,92046.33391024076,0.005325967979452361,True
66948.8283739994,390.3213,30394.704092952856,-20668.806017044655,5891.328485336708,52.50042404354081,3.829668667842031,19329.0,0.744291,458.4532,3000.0,296.8278,1.659350186773505,EZY84JU_960,fuel,91063.85093531055,0.004758022336354524,True
66908.56904914457,414.7164,25283.57949550067,-18083.874418439787,6263.109546661445,52.523932796262606,3.754360429271943,20548.0,0.761193,466.5911,3000.0,296.8153,1.6477208879825078,EZY84JU_960,fuel,90086.02817113626,0.001929489809057077,True
66868.59716518396,439.1115,20080.89991001112,-15454.071562084633,6634.89060798604,52.54780061720657,3.6776203514220924,21768.0,0.778556,474.8978,3000.0,296.7987,1.6359464889046045,EZY84JU_960,fuel,89123.33961866259,0.0,True
66828.91131209616,463.5066,14784.579580201564,-12778.862310768327,7006.671669310475,52.57202965819604,3.5994132661628035,22988.0,0.796391,483.3757,3000.0,296.7825,1.6240397087855198,EZY84JU_960,fuel,88268.3778306099,0.0,True
66789.48094695577,487.9017,9392.708571366404,-10057.302871932352,7378.452730634741,52.59662560425139,3.519706442196115,24208.0,0.814712,492.0267,3000.0,296.7691,1.611999091401584,EZY84JU_960,fuel,87742.49882428913,0.0,True
66750.20596850812,512.2967,3903.471233285001,-7288.204538247191,7750.233791958886,52.62159620820101,3.438468342631811,25427.0,0.82,492.7225,2853.0,296.7577,1.5699285661427334,EZY84JU_960,fuel,84731.73921305382,0.0,True
66711.84491065396,536.6918,-1595.6072351791502,-4515.515546581778,8103.823762513374,52.64654337395166,3.356992039780069,26587.0,0.82,490.3354,2560.0,296.7457,1.4993255907508336,EZY84JU_960,fuel,79583.58013123475,0.0,True
66675.14126831692,561.0869,-7071.549496354404,-1755.9332536109332,8421.135208800002,52.67131689628855,3.275765705702275,27628.0,0.817937,486.9552,2268.0,296.7375,1.4262387430287888,EZY84JU_960,fuel,74483.80363087142,0.0,True
66640.19423573848,585.482,-12512.895445999158,985.2368270170813,8702.168130817616,52.69587004603089,3.1949614395834254,28550.0,0.814996,483.3017,1975.0,296.7281,1.3509138856333134,EZY84JU_960,fuel,69479.17647026227,0.0,True
66607.07143136793,609.8771,-17916.478227873005,3706.2745368735254,8946.922528565872,52.720188377679236,3.1146281112635497,29353.0,0.811909,479.8145,1682.0,296.7202,1.2739522573469646,EZY84JU_960,fuel,64614.83719962097,0.0,True
66575.81826413037,634.2721,-23283.916409249512,6408.187320121091,9155.398402044633,52.744281911520886,3.0347435495459876,30037.0,0.808571,476.4322,1390.0,296.7175,1.195625350564714,EZY84JU_960,fuel,59874.8028171353,0.0,True
66546.4805191178,658.6672,-28615.96437979336,9091.970569838046,9327.595751253875,52.76816053796741,2.9552983042914134,30602.0,0.804988,473.1588,1097.0,296.7104,1.1155475972605633,EZY84JU_960,fuel,55214.334648972974,0.0,True
66519.10132931887,683.0623,-33913.86114121494,11757.744199015986,9463.514576193653,52.791826210560146,2.876275709620326,31048.0,0.801014,469.9077,804.0,296.71,1.033913177509441,EZY84JU_960,fuel,50623.096818160986,0.0,True
66493.72483529759,707.4574,-39177.35667850278,14406.158918957095,9563.15487686413,52.81528571300165,2.7976811333164235,31375.0,0.796533,466.6108,511.0,296.7092,0.9506859355687378,EZY84JU_960,fuel,46083.251257001924,0.0,True
66470.3947625934,731.8525,-44405.757141927694,17036.819926257256,9626.516653265711,52.83853647047107,2.7195266484226903,31583.0,0.7913,463.1224,219.0,296.7068,0.8659818807125546,EZY84JU_960,fuel,41586.4306051834,0.0,True
66449.15718977811,756.2476,-49596.77789911796,19648.40647863833,9653.5999053997,52.861567752697965,2.641848200627749,31672.0,0.786719,460.2617,-0.0,296.71,0.8009846041360592,EZY84JU_960,fuel,38210.71622662764,0.0,True
66429.51848833311,780.6426,-54756.65303179713,22244.679454519046,9653.599905158257,52.8844137432739,2.564554068794056,31672.0,0.786705,460.2537,-0.0,296.7098,0.8008440331362681,EZY84JU_960,fuel,38203.15672335032,0.0,True
66409.8834380962,805.0377,-59916.44807090803,24840.887876785364,9653.59990491668,52.907208914187514,2.4871797161000346,31672.0,0.786685,460.2417,-0.0,296.7096,0.800698036343576,EZY84JU_960,fuel,38195.22850791662,0.0,True
66390.25221434292,829.4328,-65076.11683978787,27437.013737652615,9653.599904674997,52.929953016980235,2.40972586664524,31672.0,0.786651,460.2224,-0.0,296.711,0.800542090874464,EZY84JU_960,fuel,38186.625003601905,0.0,True
66370.6251488146,853.8279,-70235.50452565154,30033.157734592423,9653.599904433191,52.95264688662876,2.3321948436873448,31672.0,0.786676,460.2366,-0.0,296.7084,0.8004320743556312,EZY84JU_960,fuel,38181.14204626074,0.0,True
66351.00072773236,878.223,-75395.16849548287,32629.151032046513,9653.599904191293,52.975288840185684,2.25457839766315,31672.0,0.786627,460.2081,-0.0,296.7078,0.8002636103901859,EZY84JU_960,fuel,38171.68976276931,0.0,True
66331.38087286419,902.6181,-80554.54416853785,35224.921302305345,9653.59990394931,52.99787820975522,2.1768850125651396,31672.0,0.786641,460.2163,-0.0,296.7071,0.8001454905806498,EZY84JU_960,fuel,38165.65507908345,0.0,True
66311.76393483239,927.0131,-85714.04268902309,37820.674733074025,9653.59990370725,53.0204166974066,2.099108535632603,31672.0,0.786621,460.2046,-0.0,296.7065,0.8000001419450528,EZY84JU_960,fuel,38157.772848823835,0.0,True
66292.15080091538,951.4082,-90873.43682868908,40416.310953773616,9653.599903465107,53.0429033411665,2.021252423301778,31672.0,0.786601,460.193,-0.0,296.7059,0.7998549771589373,EZY84JU_960,fuel,38149.90370003706,0.0,True
67632.56778050704,0.0,92366.20532696394,-38687.628253116374,30.480000304505893,52.331401824069076,4.7400298103603005,100.0,0.3,198.3755,1899.0,182.9988,1.739019108779853,EZY84JU_960,pop,98195.30576088958,0.23983451934601283,True
67589.96940858146,24.4706,92236.31305518551,-41167.09865304168,266.5932137987209,52.3091300990861,4.737433555408195,875.0,0.377113,248.7014,2193.0,182.9988,1.6860141297469915,EZY84JU_960,pop,93362.32660086681,0.10997724652405078,True
67548.72768276742,48.9413,92073.39379446753,-44277.010266699246,539.2099844698914,52.28119537736987,4.734181051984721,1769.0,0.457076,300.5021,2487.0,219.7048,1.702829826489117,EZY84JU_960,pop,94855.2715797359,0.07304219279546553,True
67507.14550314491,73.4119,89669.03579205408,-47172.582787903826,848.3303123183694,52.25556028716964,4.698067794295271,2783.0,0.540272,353.9428,2780.0,256.4107,1.760635143259622,EZY84JU_960,pop,100282.52950107105,0.05425984232950627,True
67464.21714788672,97.8825,85359.68378722105,-48214.270968994526,1193.9541973433202,52.246884243084224,4.634502038775562,3917.0,0.565682,369.1135,3000.0,293.1167,1.7952348751593161,EZY84JU_960,pop,103788.93214357216,0.04725097227779097,True
67420.4592300972,122.3531,81109.0725669653,-46399.76910355153,1566.8865408286824,52.263847339209725,4.572515112434715,5141.0,0.577757,375.3594,3000.0,299.6349,1.7851687450181892,EZY84JU_960,pop,102746.1925683958,0.043192719916980274,True
67376.95161135662,146.8238,77023.58787786622,-44075.59594571653,1939.8188843139403,52.28533755880073,4.51302512420731,6364.0,0.590159,381.7416,3000.0,298.3178,1.7749856615024158,EZY84JU_960,pop,101710.66894733658,0.03419405230150788,True
67333.6974174558,171.2944,72815.05325211286,-41807.84411624621,2312.7512277993487,52.30630695450301,4.451655482752106,7588.0,0.602899,388.2628,3000.0,297.699,1.7646639936027415,EZY84JU_960,pop,100679.91306553115,0.024080037181475444,True
67290.69975857036,195.765,68509.61688833228,-39547.538444724865,2685.6835712849024,52.32718973841144,4.388800407201799,8811.0,0.615985,394.9257,3000.0,297.93,1.754226424034778,EZY84JU_960,pop,99655.95032634046,0.018452945654524665,True
67247.96173219998,220.2356,64139.26439771706,-37230.62342635538,3058.615914770494,52.34855581950049,4.324941278626558,10035.0,0.629428,401.7334,3000.0,297.8114,1.743650306878907,EZY84JU_960,pop,98636.32811344443,0.01393756087513584,True
67205.48642616882,244.7063,59688.37938147105,-34882.80174470564,3431.548258256086,52.370174194555375,4.259839868986733,11258.0,0.643237,408.6885,3000.0,297.4017,1.732958974083913,EZY84JU_960,pop,97623.07352696595,0.01140363569396924,True
67163.27692164955,269.1769,55143.15081773246,-32526.60716272719,3804.480601741641,52.39184161796601,4.193285916385957,12482.0,0.657425,415.7938,3000.0,297.184,1.7221283620156738,EZY84JU_960,pop,96613.69325331617,0.00937734967447213,True
67121.33629616536,293.6475,50509.50918337574,-30146.879109670168,4177.412945227128,52.41369146436509,4.125366726077823,13705.0,0.672,423.0522,3000.0,297.0295,1.711182705799978,EZY84JU_960,pop,95610.24198288952,0.008040811896191415,True
67079.66762652111,318.1181,45788.163321046806,-27738.17332963934,4550.345288712533,52.43577032782828,4.056090556554658,14929.0,0.686975,430.4662,3000.0,296.8512,1.7000965560567998,EZY84JU_960,pop,94610.1920769587,0.006948189488821418,True
67038.27399160719,342.5888,40976.1753646838,-25302.06353279355,4923.277632197834,52.458061943377494,3.985410654261182,16152.0,0.70236,438.0387,3000.0,296.7059,1.688894889371709,EZY84JU_960,pop,93615.61103547859,0.006045012257270639,True
66997.158475014,367.0594,36072.980474328375,-22835.37710904299,5296.209975683015,52.480592416135494,3.9133157824919387,17376.0,0.718166,445.7722,3000.0,296.6095,1.677551130472421,EZY84JU_960,pop,92623.96263321783,0.005368220202537118,True
66956.32416738727,391.53,31078.72325892392,-20333.403753982133,5669.14231916805,52.50340156656622,3.839805082175817,18600.0,0.734405,453.6694,3000.0,296.5199,1.6660774180857005,EZY84JU_960,pop,91636.16667854105,0.004791611347592075,True
66915.77416844788,416.0006,25991.74409444606,-17794.9238774332,6042.0746626529235,52.52649786218099,3.764850419930463,19823.0,0.75109,461.7326,3000.0,296.4544,1.6544864882331907,EZY84JU_960,pop,90653.13418612131,0.004306849666774268,True
66875.51158859063,440.4713,20811.14455705482,-15217.112696340586,6415.007006137556,52.5499040596729,3.6884348379161125,21047.0,0.768231,469.9644,3000.0,296.4381,1.642750353302485,EZY84JU_960,pop,89673.53452266662,0.0,True
66835.53907581634,464.9419,15537.18700368751,-12594.725135279095,6787.939349621739,52.57366455759646,3.6105584028032203,22270.0,0.78584,478.367,3000.0,296.4337,1.6308955945186836,EZY84JU_960,pop,88735.40502793505,0.0,True
66795.84741151378,489.4125,10168.490171245414,-9925.745873121568,7160.871693105608,52.597794692790856,3.531196349904651,23494.0,0.803931,486.9427,3000.0,296.4271,1.6188931076383781,EZY84JU_960,pop,87978.62541328858,0.0,True
66756.38236714464,513.8831,4703.006413251707,-7209.438043481417,7533.80403658918,52.62229819796495,3.4503137695888597,24717.0,0.82,494.178,3000.0,296.4239,1.6057553845598456,EZY84JU_960,pop,87486.00465013609,0.0,True
66717.06111374634,538.3538,-843.9938556329495,-4452.993829817572,7906.7363800726025,52.647107356421216,3.3681326190349883,25941.0,0.82,491.6674,2727.0,296.4233,1.5396252739065943,EZY84JU_960,pop,82478.2461768511,0.0,True
66679.29857827086,562.8244,-6365.642659201945,-1709.2245846038254,8245.688739871512,52.671745746027625,3.286233972796743,27053.0,0.82,489.3744,2433.0,296.4261,1.4679714173483478,EZY84JU_960,pop,77402.07684787027,0.0,True
66643.22277637498,587.295,-11864.308746473687,1023.4564755760266,8548.137542496843,52.69622841548898,3.204584512663293,28045.0,0.817403,485.7759,2139.0,296.4298,1.393484134636914,EZY84JU_960,pop,72308.51204855493,0.0,True
66608.94828238696,611.7656,-17325.091008846157,3737.7483968807014,8814.082787946192,52.720490751756955,3.1234069734613605,28918.0,0.814383,482.1792,1846.0,296.4377,1.3173825496445308,EZY84JU_960,pop,67362.03678396712,0.0,True
66576.52993235974,636.2363,-22747.648238250044,6433.98049579333,9043.524476218836,52.74453677428162,3.0427082748079,29670.0,0.811201,478.741,1552.0,296.4475,1.2394918679879756,EZY84JU_960,pop,62533.269131232366,0.0,True
66546.0128133887,660.7069,-28133.512215332794,9113.119393797531,9236.462607314497,52.76837614657273,2.9624674259708086,30303.0,0.807781,475.4178,1258.0,296.4605,1.1600314494913289,EZY84JU_960,pop,57808.21724922256,0.0,True
66517.44156900892,685.1775,-33483.66094621197,11775.997972945555,9392.897181233118,52.792017298680214,2.8826715612802722,30817.0,0.804071,472.1787,965.0,296.4733,1.0792843394652116,EZY84JU_960,pop,53180.38176202029,0.0,True
66490.85956975404,709.6482,-38798.867678798066,14422.96661050041,9512.828197974819,52.81546429381932,2.8033108222250505,31210.0,0.79995,468.9516,671.0,296.4856,0.9967732638673973,EZY84JU_960,pop,48603.006744146594,0.0,True
66466.31028054334,734.1188,-44079.10047115716,17053.935706466695,9596.255657539945,52.838717270762224,2.7243873390922535,31484.0,0.795275,465.6518,377.0,296.497,0.9126527263997649,EZY84JU_960,pop,44070.305697343065,0.0,True
66443.8371178068,758.5894,-49323.3847509737,19668.29878648759,9643.179559929344,52.86177180501718,2.64591735769827,31638.0,0.789773,462.1179,84.0,296.5074,0.8270255115159242,EZY84JU_960,pop,39573.95000111449,0.0,True
66423.48620702501,783.06,-54528.92559920063,22264.524385048175,9653.599905145742,52.884615374204174,2.5679444665522793,31672.0,0.788031,461.0293,-0.0,296.5179,0.8018688632253946,EZY84JU_960,pop,38274.11755937237,0.0,True
66403.75596342118,807.5307,-59722.12672923932,24855.788142521422,9653.599904906594,52.90736456512368,2.490074350245928,31672.0,0.78804,461.0345,-0.0,296.5262,0.8017463086342242,EZY84JU_960,pop,38267.772937886635,0.0,True
66384.02879412973,832.0013,-64915.01279581285,27447.828448909902,9653.599904667131,52.93006979054349,2.4121270266818367,31672.0,0.788036,461.0325,-0.0,296.535,0.8016138928223631,EZY84JU_960,pop,38260.7454033515,0.0,True
66364.30502808433,856.4719,-70107.47554053833,30040.660226722906,9653.599904427394,52.95273111213455,2.3341041082635208,31672.0,0.788021,461.0237,-0.0,296.5419,0.8014721567687513,EZY84JU_960,pop,38253.07323056082,0.0,True
66344.58497865181,880.9425,-75299.52790381497,32634.065181409525,9653.599904187406,52.975346481628776,2.2560054551106594,31672.0,0.787998,461.01,-0.0,296.5478,0.8013237122973664,EZY84JU_960,pop,38244.93795066978,0.0,True
66324.86886896167,905.4132,-80491.15775164374,35227.93027686651,9653.599903947195,52.997914800593406,2.177831290351561,31672.0,0.787974,460.9959,-0.0,296.5515,0.8011747618243219,EZY84JU_960,pop,38236.768621350835,0.0,True
66305.15671266709,929.8838,-85682.46454623267,37822.04691003601,9653.599903706774,53.02043409396533,2.0995802030707957,31672.0,0.787942,460.9774,-0.0,296.5543,0.8010197851416214,EZY84JU_960,pop,38228.184586993615,0.0,True
66285.44871600995,954.3544,-90873.43682870078,40416.3109537972,9653.599903466165,53.04290334116672,2.021252423301596,31672.0,0.78791,460.9589,-0.0,296.557,0.8008648515515706,EZY84JU_960,pop,38219.60506887331,0.0,True
67620.23682008187,0.0,8400.0,32337.0,0.0,52.33011245727539,4.739933013916016,0.0,0.22406761414150134,148.21605850919124,128.0,183.0940580589171,1.0523922254096605,EZY84JU_960,real,52440.847669447074,0.2483072104755793,True
67554.65990122677,40.0,8099.0,27795.0,449.58000000000004,52.28924560546875,4.73541259765625,1475.0,0.24957098611912704,164.24676556937126,1792.0,183.14112983563612,1.8193350804933548,EZY84JU_960,real,112921.5591018099,0.08147986434436637,True
67518.0221493837,60.0,7776.0,25978.0,594.36,52.27290266651218,4.730634416852679,1950.0,0.3110881916343148,204.39422692434343,1792.0,205.81285221298347,1.6814042340245445,EZY84JU_960,real,92805.9053863337,0.06695545525733529,True
67455.45854309402,90.0,4900.0,23833.0,960.12,52.25363004005561,4.68841552734375,3150.0,0.3910238796460048,255.8378392654222,3456.0,242.53351618606095,1.8538417397348372,EZY84JU_960,real,123060.58262848968,0.05172414504022496,True
67411.90932711071,120.0,1165.0,22222.0,1524.0,52.239152294094275,4.633640834263393,5000.0,0.4118708528260454,267.7200029881966,3840.0,253.73123473900813,1.8657400855311697,EZY84JU_960,real,128545.00089628159,0.044202658027921636,True
67347.02599138369,150.0,-2946.0,21596.0,2072.6400000000003,52.233519473318324,4.5733729771205365,6800.000000000001,0.4373409866960467,282.44822534404426,3648.0000000000005,278.9620807325356,1.8450836726503177,EZY84JU_960,real,119924.81845041591,0.041922543918527524,True
67304.4750833605,180.0,-6520.0,24094.0,2560.32,52.25596618652344,4.5209503173828125,8400.0,0.46851789148858536,300.83217912982644,3584.0,328.31763397294935,1.8256371348613865,EZY84JU_960,real,114428.6799170999,0.03577325667880802,True
67242.14709726036,210.0,-8812.0,28122.0,3048.0,52.29217529296875,4.4872283935546875,10000.0,0.48173486692140605,307.50772348024043,3072.0,329.5155611720698,1.7576526362535343,EZY84JU_960,real,101988.7061802125,0.027939122758013107,True
67209.92518450672,230.0,-10512.0,30954.0,3268.98,52.317626953125,4.4622039794921875,10725.0,0.513195881472267,326.712411763006,1152.0,328.64525471634295,1.2352013263481547,EZY84JU_960,real,61744.331345628256,0.023426255167652406,True
67154.47196182155,270.0,-14579.0,36799.0,3649.98,52.37013244628906,4.4022369384765625,11975.0,0.5671822202960121,359.4022815731698,2624.0,309.5810430023297,1.6437978724619466,EZY84JU_960,real,89133.84866558791,0.016745498244857285,True
67115.66552606851,290.0,-17628.0,38849.0,3931.92,52.38848876953125,4.3572998046875,12900.0,0.5772932546495028,364.5394354524624,2688.0,302.3385913126429,1.6481030140318846,EZY84JU_960,real,89535.3920386325,0.013787836667855291,True
67054.0105226128,330.0,-23958.0,42890.0,4587.24,52.42460632324219,4.263916015625,15049.999999999998,0.5788535163773936,362.5479278660961,4288.0,302.725730783379,1.8325289787220684,EZY84JU_960,real,116204.45142962816,0.010100896294932202,True
67012.57361721848,350.0,-27043.0,44909.0,4991.1,52.442632125595864,4.218357631138393,16375.0,0.5684212318586348,354.2005081871001,3200.0,303.0170861876767,1.7169579789778027,EZY84JU_960,real,96732.98800749025,0.00883101659836237,True
66956.25207372197,390.0,-33206.0,48997.0,5547.360000000001,52.47908020019531,4.127197265625,18200.0,0.577840239855907,357.5150346488942,3328.0,303.2455785415722,1.7255787667836708,EZY84JU_960,real,97766.16351143765,0.007120919166658755,True
66906.26113882763,420.0,-37786.0,52031.0,5875.02,52.50608282574152,4.059369768415179,19275.0,0.5960790294025129,367.2383422247737,1856.0,302.9977051012163,1.3921412480760096,EZY84JU_960,real,70671.56117990229,0.006192857326113851,True
66870.0848662246,450.0,-42509.0,55159.0,6271.26,52.53387451171875,3.9893341064453125,20575.0,0.5991739035948741,367.2383422247737,2496.0,302.9977051012163,1.5486078822105982,EZY84JU_960,real,81209.39413746516,0.002302681493702515,True
66825.61490850864,480.0,-47310.0,58338.0,6515.1,52.56208516783633,3.918038504464286,21375.0,0.6233357065573224,380.8214804865923,1984.0,303.1058627809383,1.4076652890902341,EZY84JU_960,real,71626.42539509601,0.0,True
66791.19347315881,500.0,-50589.0,60518.0,6743.700000000001,52.58140434653072,3.869306291852679,22125.0,0.6279814508207437,382.4983660095818,2112.0,302.94223180068536,1.4349650001211012,EZY84JU_960,real,73345.82189646507,0.0,True
66742.49620102141,540.0,-57210.0,64913.0,7139.9400000000005,52.62030029296875,3.770751953125,23425.0,0.6409363214370455,388.3258940632211,2048.0,302.9125296811215,1.4055630610235126,EZY84JU_960,real,71495.87852312818,0.0,True
66709.28680876456,560.0,-60548.0,67131.0,7360.92,52.639892578125,3.72100830078125,24150.0,0.6442393718573691,389.16577444580093,1984.0,302.8325325819273,1.3818446208643922,EZY84JU_960,real,70046.26635565353,0.0,True
66663.13617828951,600.0,-67205.0,71553.0,7741.92,52.67889404296875,3.621673583984375,25400.0,0.6558847019239578,394.153523389047,1536.0,302.8837058561487,1.2407709380380116,EZY84JU_960,real,62041.85353091982,0.0,True
66634.82626985347,620.0,-70615.0,73819.0,7886.700000000001,52.6988525390625,3.570709228515625,25875.0,0.6669029904956398,399.9812495605263,1536.0,302.855721950433,1.2365942954017737,EZY84JU_960,real,61817.99604643311,0.0,True
66583.8543375717,660.0,-77386.0,78328.0,8359.140000000001,52.738494873046875,3.469390869140625,27425.000000000004,0.658258826090968,392.2295246408664,2240.0,302.7176724186393,1.4247268116472744,EZY84JU_960,real,72693.33581675575,0.0,True
66553.45381502762,680.0,-80721.0,80549.0,8557.26,52.75799560546875,3.4194183349609375,28075.0,0.661495600891058,393.0712403623547,1664.0,302.6388867764361,1.2586955437735656,EZY84JU_960,real,63009.43846080087,0.0,True
66504.63829030616,710.0,-85731.0,83881.0,8869.68,52.787200927734375,3.344268798828125,29100.0,0.6583097907845175,389.4663014947506,2240.0,302.62915583571555,1.417520415823577,EZY84JU_960,real,72238.91192891612,0.0,True
66475.34915535491,740.0,-90791.0,87244.0,9151.62,52.81663280422404,3.268275669642857,30025.0,0.6600290083217026,388.92801390488705,1472.0,302.50508842937865,1.1903016283430325,EZY84JU_960,real,59373.82199217633,0.0,True
66431.532870562,770.0,-95777.0,90561.0,9403.08,52.845611572265625,3.1932830810546875,30850.0,0.6638376360670236,389.7717280665698,1664.0,302.42609526788016,1.2456041861215534,EZY84JU_960,real,62300.05973320684,0.0,True
66390.54465672502,810.0,-102397.0,94949.0,9723.12,52.883880615234375,3.09356689453125,31900.0,0.6688790839127956,390.9283821878376,960.0,302.1452045182738,1.011941026615471,EZY84JU_960,real,50492.18275052953,0.0,True
66372.95457947183,830.0,-105968.0,96634.0,9761.220000000001,52.898345947265625,3.0399322509765625,32025.000000000004,0.6639739775848078,387.8479083352133,192.0,284.7886776141652,0.7387965132649883,EZY84JU_960,real,37815.40337216176,0.0,True
66349.4286432664,870.0,-113995.0,98640.0,9753.6,52.91476492154396,2.9198521205357144,32000.0,0.7029648843561294,410.6689664437769,0.0,283.0887327896941,0.6814483666511832,EZY84JU_960,real,35214.75661935003,0.0,True
66333.13471217199,890.0,-118072.0,99695.0,9753.6,52.92338562011719,2.8588104248046875,32000.0,0.7104115520336495,415.0192766607354,0.0,283.23261486839505,0.6848004891072625,EZY84JU_960,real,35366.744235330756,0.0,True
66309.29462665292,930.0,-126313.0,101841.0,9753.6,52.94083417472193,2.735360281808036,32000.0,0.7154114367161128,417.94018710815544,0.0,283.13847246401946,0.6871099264158398,EZY84JU_960,real,35471.45998708378,0.0,True
66293.20479712046,950.0,-130417.0,102912.0,9753.6,52.94949289095604,2.673836844308036,32000.0,0.7137445948864375,416.9664255068986,64.0,283.16970671097704,0.7078508729462216,EZY84JU_960,real,36411.645014231304,0.0,True
66269.35409656003,980.0,-136706.0,104554.0,9753.6,52.96271372649629,2.579511369977679,32000.0,0.7133565423347695,416.7397269279712,0.0,283.0358367700663,0.6856932927497594,EZY84JU_960,real,35407.23780100299,0.0,True
66253.2724498483,1010.0,-142888.0,106155.0,9753.6,52.97551559189618,2.48675537109375,32000.0,0.7146410312337202,417.49011964356714,0.0,282.87117903780126,0.6862064383643409,EZY84JU_960,real,35430.50720595901,0.0,True
66229.15618103882,1040.0,-149099.0,107767.0,9753.6,52.98834228515625,2.39349365234375,32000.0,0.7129723882929739,416.51530584121394,0.0,282.90182183694947,0.6851341272401053,EZY84JU_960,real,35381.89405296272,0.0,True
66213.09533711319,1070.0,-155339.0,109393.0,9753.6,53.00121242717161,2.299752371651786,32000.0,0.7142616703375038,417.2684986911904,0.0,282.7373175537284,0.6856485023341108,EZY84JU_960,real,35405.2189588099,0.0,True
66189.00884238852,1100.0,-161542.0,111015.0,9753.6,53.01397705078125,2.2064971923828125,32000.0,0.7142616703375038,417.2684986911904,0.0,282.7373175537284,0.6854312982086883,EZY84JU_960,real,35395.3761158983,0.0,True
66173.21359925167,1120.0,-165722.0,112107.0,9753.6,53.02253723144531,2.1436309814453125,32000.0,0.712592139066039,416.293165929973,-64.0,282.76766314468284,0.6626834027822233,EZY84JU_960,real,34364.65637979676,0.0,True
66149.3925516294,1160.0,-173839.0,114656.0,9753.6,53.04290771484375,2.0212554931640625,32000.0,0.7130710144213847,416.5729227878355,0.0,287.1735144001394,0.6844626713713884,EZY84JU_960,real,35351.46793689392,0.0,True
77219.99990000315,0.0,91659.49217074888,31259.337986298586,30.480000304341136,52.32860183627598,4.708839891842511,100.0,0.3,198.3755,2412.0,3.1751,2.002934730597743,EIN84X_1515,fuel,132454.05163436336,0.280665795335109,True
77172.11097573895,23.8884,91793.33548810941,33672.076141591286,323.1716400434054,52.35027321347869,4.71147129738297,1060.0,0.351763,231.8339,2699.0,3.1751,1.9692097355220006,EIN84X_1515,fuel,126364.57329837483,0.14764862346133487,True
77125.04715057589,47.7769,91949.81296331254,36492.83090403738,650.6505792457026,52.37560934164984,4.714551130652343,2135.0,0.407168,267.3493,2985.0,327.3425,1.951769839557632,EIN84X_1515,fuel,123536.37805408509,0.11265877424692824,True
77078.42546927095,71.6653,90191.27187809434,39236.51171201395,1012.9168179110692,52.40057136760367,4.689391771519446,3323.0,0.463025,302.7623,3000.0,291.5098,1.9062129983778273,EIN84X_1515,fuel,116908.9588923117,0.08871744695470818,True
77032.93063288978,95.5538,86753.44551271202,40591.38639560325,1376.9766919269023,52.41330960997729,4.639080275589249,4518.0,0.522629,340.297,3000.0,255.6771,1.8763113534678164,EIN84X_1515,fuel,113023.84601951196,0.06388675963697213,True
76988.19444676988,119.4422,82725.33144338836,39562.91943015353,1741.0365659429713,52.40468595614667,4.5794435390398895,5712.0,0.583507,378.3226,3000.0,248.2927,1.8658285991029768,EIN84X_1515,fuel,111732.17794985636,0.046586831282427514,True
76943.75277978655,143.3307,78428.18209686622,37852.24215902788,2105.0964399591553,52.389936640947056,4.515705149358557,6906.0,0.595763,384.6143,3000.0,248.2791,1.8564907152043464,EIN84X_1515,fuel,110609.08029211676,0.032838343345995794,True
76899.53776189945,167.2191,74059.62855103302,36111.93949403786,2469.1563139753125,52.37489635763225,4.450951064151131,8101.0,0.608344,391.0397,3000.0,248.2741,1.8469973491654497,EIN84X_1515,fuel,109492.25130359402,0.021008275080889163,True
76855.55289108823,191.1075,69617.90571050996,34342.032868771406,2833.2161879914383,52.3595638319313,4.38515755727305,9295.0,0.62126,397.6014,3000.0,248.2703,1.8373675118052006,EIN84X_1515,fuel,108383.63506462463,0.016719598556316367,True
76811.8016350596,214.996,65101.430604371206,32541.999821075606,3197.2760620075283,52.34393279463092,4.318303552916989,10490.0,0.634519,404.302,3000.0,248.2582,1.8275837379943458,EIN84X_1515,fuel,107280.9339351748,0.01388848371015729,True
76768.28743208961,238.8844,60508.90092230512,30710.527819995903,3561.335936023582,52.32798976224484,4.250372066017471,11684.0,0.648132,411.1441,3000.0,248.2541,1.8176658379780448,EIN84X_1515,fuel,106186.09896696781,0.012453300285122926,True
76725.0136919041,262.7729,55838.463306803,28847.600947024304,3925.3958100395926,52.311732895918794,4.181338367700769,12879.0,0.662108,418.1303,3000.0,248.2597,1.8075953515137428,EIN84X_1515,fuel,105096.81674479431,0.011086685673478647,True
76681.98379655776,286.6613,51088.168833295786,26953.357607896796,4289.45568405556,52.29516166218039,4.111176434726342,14073.0,0.676457,425.2631,3000.0,248.2733,1.797392856379719,EIN84X_1515,fuel,104015.04351272101,0.010087874338148166,True
76639.20110126627,310.5498,46256.07991482176,25027.824340224008,4653.515558071475,52.27827442367882,4.0398604777366645,15267.0,0.691189,432.5452,3000.0,248.296,1.7870493931413642,EIN84X_1515,fuel,102939.53433951791,0.009203445856319594,True
76596.6689351416,334.4382,41340.17704041731,23071.151890418787,5017.575432087334,52.261070567159294,3.967363610023031,16462.0,0.706316,439.9789,3000.0,248.32,1.776554968412498,EIN84X_1515,fuel,101869.02453818702,0.008257621703894245,True
76554.39060177385,358.3266,36338.67221205941,21082.829615244882,5381.635306103125,52.24354341168616,3.893662361383651,17656.0,0.721847,447.5667,3000.0,248.3439,1.76593137721281,EIN84X_1515,fuel,100805.48723577228,0.007462556731675424,True
76512.36937959715,382.2151,31249.790685467866,19062.233979710833,5745.695180118845,52.22568516147704,3.818733570516267,18851.0,0.737794,455.3109,3000.0,248.366,1.755157737681409,EIN84X_1515,fuel,99746.58834970271,0.006746959465495653,True
76470.60852197006,406.1035,26071.79579150789,17008.567492364557,6109.755054134482,52.207486353803255,3.742554756330969,20045.0,0.754166,463.214,3000.0,248.3769,1.744256695962495,EIN84X_1515,fuel,98694.32755853672,0.005816648887703016,True
76429.11124876217,429.992,20803.26812572492,14920.155862058835,6473.814928150022,52.18892952707992,3.6651081863265276,21240.0,0.770976,471.278,3000.0,248.3926,1.7332064798402602,EIN84X_1515,fuel,97655.24530520025,0.0,True
76387.87802127285,453.8804,15442.191613289564,12796.7558555782,6837.87480216545,52.170010014335304,3.58636764524007,22434.0,0.788234,479.5052,3000.0,248.4247,1.7220305389657173,EIN84X_1515,fuel,96704.64523254681,0.0,True
76346.88889666763,477.7689,9986.078024987786,10639.248725392064,7201.934676180332,52.15073315236259,3.50630015942398,23628.0,0.803627,486.4896,3000.0,248.4627,1.7102053831148714,EIN84X_1515,fuel,95915.36849907588,0.0,True
76306.1010882614,501.6573,4448.872374247048,8453.922685940623,7565.994550195387,52.13115262972372,3.425113647343282,24823.0,0.815541,491.2757,3000.0,248.5021,1.6974606517383506,EIN84X_1515,fuel,95276.63871099462,0.0,True
76265.4724121707,525.5457,-1144.3890851994763,6250.916497986188,7930.054424210514,52.11135729893793,3.343177713402754,26017.0,0.82,491.51,3000.0,248.5395,1.6835037996125302,EIN84X_1515,fuel,94384.64231176538,0.0,True
76225.06776590922,549.4342,-6741.624078605672,4050.5613375901544,8294.11429822555,52.091528985799314,3.261256401059731,27212.0,0.82,489.0459,2897.0,248.5696,1.6515408522869972,EIN84X_1515,fuel,91757.1627405218,0.0,True
76185.36539269722,573.3226,-12312.88153364699,1863.7954810402932,8645.673123084867,52.071766736050066,3.1797875890467964,28365.0,0.82,486.6546,2610.0,248.5926,1.5849710765683716,EIN84X_1515,fuel,86507.92457075382,0.0,True
76147.16738705384,597.2111,-17860.71070445419,-311.20481660552747,8962.444648481624,52.052054967160714,3.0987329695567074,29404.0,0.82,484.4898,2324.0,248.6093,1.5156993742068408,EIN84X_1515,fuel,81434.3111320949,0.0,True
76110.5390053111,621.0995,-23387.306404370793,-2476.0234775012054,9244.428874414887,52.03238013688096,3.0180596099559023,30329.0,0.819548,482.2885,2037.0,248.6152,1.443420722025613,EIN84X_1515,fuel,76442.40830065301,0.0,True
76075.55635667511,644.988,-28891.686453160277,-4631.4823887522,9491.625800884354,52.012735627251075,2.9377811040406163,31141.0,0.816297,478.6803,1750.0,248.614,1.368129012051631,EIN84X_1515,fuel,71334.99807112396,0.0,True
76042.36473601956,668.8764,-34357.335899792975,-6771.910835468528,9704.035427889914,51.99317420728187,2.85813727479252,31837.0,0.812949,475.2616,1464.0,248.6221,1.2904021662208354,EIN84X_1515,fuel,66325.39465968648,0.0,True
76011.03831151412,692.7648,-39786.60161509277,-8897.197130415527,9881.657755431515,51.97369793851679,2.779092456370999,32420.0,0.809493,472.0256,1177.0,248.6372,1.2097360263804242,EIN84X_1515,fuel,61360.289916448746,0.0,True
75981.65120491212,716.6533,-45181.646254028696,-11007.452409635891,10024.492783509168,51.95430679107517,2.700613760336576,32889.0,0.805881,468.9444,890.0,248.6561,1.1263926932437356,EIN84X_1515,fuel,56435.27037436662,0.0,True
75954.27770736201,740.5417,-50544.18969865639,-13102.954633458345,10132.54051212293,51.934999181582796,2.622674849605024,33243.0,0.802066,465.9888,604.0,248.6835,1.0406963947093413,EIN84X_1515,fuel,51550.50600647209,0.0,True
75928.9911450371,764.4302,-55875.776559505925,-15183.423021009687,10205.800941272966,51.91577849374605,2.545251918193093,33484.0,0.797978,463.1171,317.0,248.7099,0.95210174615916,EIN84X_1515,fuel,46661.38657450175,0.0,True
75905.86291189093,788.3186,-61177.11803873705,-17249.27841902578,10244.274070959606,51.89664182636768,2.4683334581633996,33610.0,0.793535,460.2786,30.0,248.7234,0.8609606800444634,EIN84X_1515,fuel,41773.9776029774,0.0,True
75884.96100471368,812.2071,-66447.91689090847,-19301.79420003323,10247.959901183936,51.877578698248776,2.3919228653561775,33622.0,0.793057,459.9764,-0.0,248.7381,0.8510980514783072,EIN84X_1515,fuel,41253.29402692353,0.0,True
75864.30303851057,836.0955,-71715.9237110162,-21351.669398401657,10247.959900947353,51.85849025400945,2.315617205221018,33622.0,0.793053,459.9741,-0.0,248.7443,0.8509305127049756,EIN84X_1515,fuel,41243.822356398465,0.0,True
75843.64947930191,859.9839,-76984.12485884626,-23400.968933586664,10247.959900710739,51.83935766561586,2.2393733728802094,33622.0,0.793031,459.9614,-0.0,248.7476,0.850754666061023,EIN84X_1515,fuel,41233.31569002466,0.0,True
75823.0008147135,883.8724,-82252.2990560078,-25449.905225791445,10247.959900474087,51.82017912574659,2.1631946828986095,33622.0,0.793017,459.9532,-0.0,248.7507,0.8505825066220286,EIN84X_1515,fuel,41223.264764808984,0.0,True
75802.35682968849,907.7608,-87520.4921511776,-27498.51509822556,10247.959900237405,51.80095437242793,2.087080527407316,33622.0,0.792997,459.9418,-0.0,248.7483,0.8504078293073222,EIN84X_1515,fuel,41212.899743606606,0.0,True
75781.71767190083,931.6493,-92788.4684089376,-29547.295437829867,10247.959900000697,51.78167905236887,2.011034517606106,33622.0,0.792977,459.9303,-0.0,248.7459,0.8502331321021805,EIN84X_1515,fuel,41202.53064980228,0.0,True
77219.9999481355,0.0,91659.49229034895,31259.338030835268,30.480000026875555,52.328601836656425,4.7088398936143925,100.0,0.3,198.3755,2396.0,3.1752,1.9999118638887323,EIN84X_1515,pop,131868.70492497415,0.280665795244169,True
77171.9733285797,23.9921,91793.92914510862,33682.7748438879,322.54560901919064,52.350369309775374,4.7114829741109405,1058.0,0.352518,232.3332,2108.0,3.1752,1.8300644041167191,EIN84X_1515,pop,107558.3415047746,0.14787337893596936,True
77128.04082101039,47.9842,91951.89376550684,36530.33682320607,579.5214519062392,52.375946220633274,4.714592109482836,1901.0,0.425475,279.597,2396.0,327.187,1.810905914383348,EIN84X_1515,pop,105452.49172085835,0.12224108981021926,True
77084.61822815302,71.9763,90091.62583110787,39415.4711617009,871.5870623147426,52.402196880173776,4.6879716437399255,2860.0,0.498855,326.722,2684.0,291.1989,1.8327690761324569,EIN84X_1515,pop,107862.47279200456,0.09520301869696343,True
77040.72584008324,95.9683,86351.33383395673,40866.150833399915,1198.7424574233924,52.415843794466774,4.6332237532543745,3933.0,0.565835,369.1928,2972.0,273.1034,1.8748811174839697,EIN84X_1515,pop,112845.61329462481,0.0657443416894963,True
76995.8694078398,119.9604,81825.12991431085,41111.550616250846,1560.987626371534,52.4187461902535,4.566555901490405,5121.0,0.577563,375.2596,3000.0,266.1239,1.8702786065314627,EIN84X_1515,pop,112276.39254219388,0.04300521528399669,True
76951.12709729136,143.9525,77228.30534495931,40800.09548006919,1926.6269707353633,52.41661402446795,4.49870892551052,6321.0,0.589715,381.5135,3000.0,260.9266,1.8609646623604852,EIN84X_1515,pop,111144.04807101723,0.02776710489380954,True
76906.61170386504,167.9446,72602.38866102305,40061.342775272904,2292.2663183712216,52.41060472468119,4.430346545944678,7521.0,0.60219,387.9009,3000.0,257.4966,1.8515021946146795,EIN84X_1515,pop,110019.16876188738,0.01700963165396746,True
76862.32678573042,191.9367,67952.0176684423,39030.09226988452,2657.9056671027233,52.401928940813974,4.361582755925568,8720.0,0.614998,394.4245,3000.0,255.2492,1.8419015045003515,EIN84X_1515,pop,108902.64574394986,0.013869409061903579,True
76818.27586982094,215.9288,63267.839502793904,37796.776960702795,3023.545015763591,52.39140023131057,4.292309527997533,9920.0,0.628148,401.0869,3000.0,253.5302,1.8321453643250039,EIN84X_1515,pop,107792.18225282684,0.01154923196789791,True
76774.46245268187,239.9208,58543.95597171647,36400.20878989757,3389.1843638511364,52.37936732138414,4.222455800870563,11119.0,0.64165,407.8909,3000.0,251.7936,1.822253457871637,EIN84X_1515,pop,106689.73055096055,0.010223651750478444,True
76730.89000136725,263.9129,53784.85115388847,34834.90610393067,3754.8237111565245,52.36577942162458,4.152094270953532,12319.0,0.655514,414.8389,3000.0,250.3831,1.812207495616283,EIN84X_1515,pop,105592.97026182433,0.009307470312601169,True
76687.56195435356,287.905,48985.00895353572,33124.167599125554,4120.463057509493,52.350845606529816,4.081154967097098,13519.0,0.669749,421.9337,3000.0,249.2494,1.8020178405608365,EIN84X_1515,pop,104502.78959473292,0.008447794553583146,True
76644.48172241969,311.8971,44138.14949016022,31287.79873663059,4486.102402783928,52.33474341623934,4.00955506952345,14718.0,0.684366,429.1778,3000.0,248.3066,1.7916956131414357,EIN84X_1515,pop,103420.0765808713,0.007746988521814303,True
76601.65268945335,335.8892,39239.17803137593,29338.911076324428,4851.741746863224,52.31758989206138,3.937227479036147,15918.0,0.699376,436.5737,3000.0,247.5187,1.7812210867662193,EIN84X_1515,pop,102342.4992037038,0.007101006274758907,True
76559.07821312851,359.8813,34283.22437370149,27287.982244831306,5217.381089587529,52.29947819172263,3.8641075648269534,17117.0,0.714789,444.124,3000.0,246.7931,1.7706159040965732,EIN84X_1515,pop,101272.02756016751,0.00649200077703496,True
76516.76162538843,383.8734,29268.107840448683,25137.783063415638,5583.020430783179,52.28043184114905,3.7901691442930163,18317.0,0.730616,451.831,3000.0,246.186,1.7598593646068816,EIN84X_1515,pop,100206.32250177147,0.006011308676299951,True
76474.70623267056,407.8654,24189.15565725975,22896.219238372993,5948.659770262528,52.26052056599241,3.7153497715742008,19517.0,0.746868,459.6972,3000.0,245.7126,1.7489627325088686,EIN84X_1515,pop,99146.2866588812,0.00554229806205123,True
76432.91531584611,431.8575,19040.542775399463,20572.8958727161,6314.29910626777,52.23982923150183,3.639569910733875,20716.0,0.763556,467.7247,3000.0,245.5653,1.73793798412709,EIN84X_1515,pop,98094.32915713012,0.0014491528472195766,True
76391.39160545584,455.8496,13807.865454406709,18195.43080101363,6679.938434896941,52.218604677374884,3.5626244985120636,21916.0,0.780691,475.9159,3000.0,245.5983,1.7267632748897352,EIN84X_1515,pop,97084.89886762868,0.0,True
76350.127239769,479.8417,8481.919082770275,15779.28377698168,7045.577743500571,52.19698375137842,3.4843832092510425,23115.0,0.797658,483.8921,3000.0,245.634,1.7153217399336709,EIN84X_1515,pop,96230.6888179009,0.0,True
76309.08311730869,503.8338,3064.9684633974234,13325.922237946275,7411.217059004535,52.17497700700709,3.404883140466329,24315.0,0.811142,489.653,3000.0,245.6703,1.702889463214419,EIN84X_1515,pop,95534.42176206497,0.0,True
76268.21502189348,527.8259,-2418.148407099672,10846.772977832317,7776.856377825434,52.15268470715196,3.324492094193574,25515.0,0.82,492.5431,3000.0,245.7084,1.689480795631389,EIN84X_1515,pop,94866.9961423188,0.0,True
76227.51280675725,551.8179,-7935.270279356925,8356.675755634404,8142.495694614953,52.13023887725603,3.243683675123982,26714.0,0.82,490.0736,3000.0,245.7456,1.6751921159736702,EIN84X_1515,pop,93723.25787101651,0.0,True
76187.10318464528,575.81,-13426.093557914057,5882.729993983787,8508.135007351677,52.1078837907687,3.1633411777639546,27914.0,0.82,487.5914,2723.0,245.7791,1.6115108274089076,EIN84X_1515,pop,88549.97696590508,0.0,True
76148.1390763271,599.8021,-18893.381416763496,3423.238412679432,8840.021400417676,52.08560499258797,3.0834229290859914,29003.0,0.82,485.3274,2435.0,245.81,1.542892321712891,EIN84X_1515,pop,83382.35479467348,0.0,True
76110.73294093786,623.7942,-24339.44008150117,976.8299579515675,9136.818061731901,52.06339085269199,3.0038941087566657,29976.0,0.819999,483.2934,2147.0,245.8394,1.4714500838864062,EIN84X_1515,pop,78360.12848014115,0.0,True
76074.94976533928,647.7863,-29766.62693596721,-1457.7621010478701,9398.52495791669,52.0412305747843,2.9247193068207658,30835.0,0.817849,480.2309,1859.0,245.868,1.3970432576242575,EIN84X_1515,pop,73282.87481466055,0.0,True
76040.91517805573,671.7784,-35163.16775116621,-3875.3747918574904,9625.14207877564,52.01917198579349,2.8460691150705935,31579.0,0.814551,476.7404,1571.0,245.8963,1.3198003094603654,EIN84X_1515,pop,68211.5402119268,0.0,True
76008.7330956152,695.7705,-40524.05665973497,-6273.826266828575,9816.669420386297,51.997236057234815,2.768014958901744,32207.0,0.811131,473.4268,1284.0,245.9243,1.2401183568712655,EIN84X_1515,pop,63223.36122488643,0.0,True
75978.47909224565,719.7625,-45851.07922775179,-8654.006117897712,9973.106981913203,51.97541575980183,2.6905292579879445,32720.0,0.807541,470.2618,996.0,245.9491,1.1574895477562384,EIN84X_1515,pop,58265.4584868884,0.0,True
75950.2292626185,743.7546,-51145.57996595773,-11016.910757381596,10094.454764978722,51.95370306614567,2.613591000382563,33118.0,0.803794,467.2526,708.0,245.9707,1.0721931766151578,EIN84X_1515,pop,53339.947320720894,0.0,True
75924.05746024194,767.7467,-56408.98554797158,-13363.554909343731,10180.71277445915,51.93208971585808,2.5371780875501857,33401.0,0.79979,464.3393,420.0,245.9889,0.9842560481630265,EIN84X_1515,pop,48430.1239093587,0.0,True
75900.0370258131,791.7388,-61642.030243860834,-15694.668889829618,10231.881022134467,51.91057002100438,2.4612785734938845,33569.0,0.795437,461.466,132.0,246.0035,0.8937214588514364,EIN84X_1515,pop,43524.169480316734,0.0,True
75878.23877570624,815.7309,-66844.80463313845,-18010.717311454155,10247.959546032796,51.88914072519704,2.3858899110062586,33622.0,0.793295,460.1144,0.0,246.0142,0.8511552620366074,EIN84X_1515,pop,41264.13838734875,0.0,True
75857.48611276268,839.723,-72033.40750044039,-20319.288622970907,10247.959623641236,51.86773242576413,2.3107779598458555,33622.0,0.793244,460.0847,0.0,246.0223,0.8509649714301462,EIN84X_1515,pop,41251.86579942542,0.0,True
75836.73919096569,863.7151,-77222.00016558207,-22626.979403410573,10247.959700026298,51.8462843112617,2.2357374731966355,33622.0,0.793228,460.0758,0.0,246.0288,0.8507915184178542,EIN84X_1515,pop,41241.69273654009,0.0,True
75815.99702217094,887.7071,-82410.75585726977,-24934.03574235706,10247.959775223802,51.82479422530008,2.1607659860101314,33622.0,0.793226,460.0743,0.0,246.0327,0.850624107496373,EIN84X_1515,pop,41232.268737228325,0.0,True
75795.259261464,911.6992,-87599.64862845789,-27240.737272066635,10247.959849276509,51.803259734984735,2.0858639569807966,33622.0,0.793208,460.0642,0.0,246.0337,0.8504498134306764,EIN84X_1515,pop,41221.98590466721,0.0,True
75774.52631011666,935.6913,-92788.46849267368,-29547.295530425105,10247.959922213595,51.78167905152236,2.0110345164140093,33622.0,0.793191,460.0541,0.0,246.0347,0.8502755819063279,EIN84X_1515,pop,41211.708856303754,0.0,True
77984.47844084515,0.0,6324.0,32909.0,0.0,52.33528518676758,4.709453582763672,0.0,0.2135014604839899,141.2267680009707,128.0,3.247342790322922,1.396940323950542,EIN84X_1515,real,70954.66129329144,0.34713718052150583,True
77927.06065479039,25.0,6447.0,36028.0,198.12,52.36335366459216,4.711329868861608,650.0,0.2136365603374774,141.0,2432.0,0.0,1.888774692133986,EIN84X_1515,real,191868.5724580916,0.30058268980848907,True
77885.2418202651,55.0,6471.0,38258.0,518.1600000000001,52.38341767909163,4.711722237723214,1700.0000000000002,0.2357490400034056,155.0290295396317,1600.0,1.1088121277599294,1.874976454341639,EIN84X_1515,real,134741.86883716658,0.14335748148125077,True
77829.39317671699,85.0,6553.0,41015.0,701.0400000000001,52.40821838378906,4.712982177734375,2300.0,0.3097187840486354,203.24615617521528,1024.0,2.8201724724484905,1.5473868280741148,EIN84X_1515,real,81114.33307616659,0.09965902711885871,True
77790.95900674746,105.0,6550.0,43299.0,861.0600000000001,52.42877197265625,4.712982177734375,2825.0,0.36349964006348173,238.10081898221182,1920.0,349.35078034075514,1.7502812941966566,EIN84X_1515,real,100958.89297626345,0.07786045602181953,True
77728.6001516122,135.0,4319.0,46327.0,1325.88,52.456039170087394,4.68017578125,4350.0,0.3933755318143623,256.2888994864975,4032.0000000000005,312.15338308418393,1.887337827302918,EIN84X_1515,real,157009.1732827433,0.053624382453448326,True
77687.0625936561,165.0,557.0,47505.0,1882.14,52.46665308030985,4.624773297991072,6175.0,0.4186976548637581,271.01660465735307,3008.0,270.63424471442613,1.8545496586470132,EIN84X_1515,real,123346.22436042372,0.03854223803423821,True
77625.00903714506,195.0,-3765.0,47447.0,2369.82,52.46612548828125,4.5610809326171875,7775.0,0.43888694416692975,282.44822534404426,3392.0000000000005,261.0379192674645,1.868391045121752,EIN84X_1515,real,130081.91437509622,0.028405422327186198,True
77584.22777180317,215.0,-6341.0,46081.0,2689.86,52.45381164550781,4.523162841796875,8825.0,0.4612974970157758,295.7363690857112,2752.0,226.91828032514692,1.808093577140752,EIN84X_1515,real,110509.0992118372,0.024604810917269567,True
77528.1241810892,255.0,-10443.0,41515.0,3215.6400000000003,52.41265869140625,4.462890625,10550.0,0.48949099849388444,311.8236681203016,1536.0,241.87347065467546,1.5092607104226379,EIN84X_1515,real,78338.33257836997,0.019738056868117044,True
77496.55329071607,275.0,-13444.0,39996.0,3352.8,52.39892578125,4.418792724609375,11000.0,0.5302138021509044,337.20172004306266,1344.0,243.20698273337803,1.4308635826868024,EIN84X_1515,real,73086.87127106245,0.01645528326248903,True
77439.77623073237,305.0,-18250.0,37559.0,3688.0800000000004,52.376861572265625,4.3482208251953125,12100.0,0.5621117397465372,356.02247120090607,2624.0,242.57125877832246,1.739609038444434,EIN84X_1515,real,99539.22026558669,0.01386310288691426,True
77400.29727456452,325.0,-21518.0,35890.0,3977.6400000000003,52.36172433626854,4.300284249441964,13050.0,0.5712102896728954,360.4941053609615,2880.0,242.5819729425396,1.771061638097665,EIN84X_1515,real,103982.41356930241,0.012650539991689328,True
77343.31923553506,365.0,-28071.0,32436.0,4526.280000000001,52.330352783203125,4.204254150390625,14850.000000000002,0.5904155625707255,370.0729657783719,2176.0,241.4266089806937,1.6330882774474953,EIN84X_1515,real,88156.63634866223,0.011029151142340328,True
77287.94056553414,395.0,-33019.0,29414.0,4884.42,52.30288230766684,4.131879534040179,16025.0,0.610031501344591,380.64419081341566,2176.0,232.25703404041604,1.622678364644671,EIN84X_1515,real,87229.84313872637,0.010255006833143612,True
77252.80566960818,415.0,-36173.0,26959.0,5097.780000000001,52.28059387207031,4.085845947265625,16725.0,0.6256689574693423,389.34432062122085,2048.0,231.5700171459104,1.5872914977674237,EIN84X_1515,real,84241.38074639377,0.009920538557290495,True
77197.55083112713,455.0,-42476.0,22049.0,5577.84,52.2359619140625,3.993988037109375,18300.0,0.6401510016212187,395.9116062961529,2432.0,231.76961952762397,1.6569275356741657,EIN84X_1515,real,90376.03170923569,0.00909172569131973,True
77161.87758411188,476.0,-45571.0,19658.0,5821.68,52.214200294623936,3.948957170758929,19100.0,0.6502823420307159,400.9102143872116,2240.0,231.7865853588315,1.6106272222028772,EIN84X_1515,real,86185.27534056548,0.008703814421403755,True
77108.75229592122,505.0,-50695.0,15718.0,6149.34,52.178308519266416,3.8744855608258932,20175.0,0.6602031683119909,405.2912532981683,1984.0,231.91423429791837,1.5420332123437874,EIN84X_1515,real,80720.39291113883,0.006540028222416468,True
77077.61424959116,525.0,-53994.0,13186.0,6309.360000000001,52.15521240234375,3.82659912109375,20700.0,0.6766266597345656,414.5021109717054,1536.0,231.85830072377203,1.4195768247548157,EIN84X_1515,real,72373.58599285835,0.002255735791782246,True
77029.21753071577,565.0,-60903.0,7829.0,6621.780000000001,52.10629220736229,3.726484026227679,21725.0,0.7078110505087334,431.8205645867274,1792.0,231.29874815132,1.4845791959718162,EIN84X_1515,real,76626.33054767567,0.0,True
76995.61919564102,585.0,-64431.0,5064.0,6812.280000000001,52.08100891113281,3.6754608154296875,22350.0,0.7152553208519469,435.25854385640724,1920.0,231.15516834327406,1.5103572138844867,EIN84X_1515,real,78418.52117999621,0.0,True
76946.52389964009,615.0,-69695.0,878.0,7094.22,52.04270185050318,3.599434988839286,23275.0,0.7301240892944253,442.6341604530766,1600.0,230.5921947789776,1.4215783019595045,EIN84X_1515,real,72499.92512079161,0.0,True
76913.58506845873,635.0,-73237.0,-1920.0,7277.1,52.017059326171875,3.5483551025390625,23875.0,0.7370460959806072,445.7319822494231,1984.0,230.91861162821357,1.511995467408394,EIN84X_1515,real,78534.7075963662,0.0,True
76870.86917436698,675.0,-80500.0,-7583.0,7581.900000000001,51.96510314941406,3.443756103515625,24875.0,0.7587531709833456,456.9682702332844,960.0,231.57516970197406,1.2281174389724998,EIN84X_1515,real,61373.00134507663,0.0,True
76839.29689911101,695.0,-84545.0,-9995.0,7719.06,51.94280074814618,3.3854370117187504,25325.0,0.7590674735770688,456.30362698536595,1920.0,246.35624260356082,1.4839774695670183,EIN84X_1515,real,76590.54516550779,0.0,True
76789.21664544917,725.0,-91129.0,-12228.0,8039.1,51.921661376953125,3.2901763916015625,26375.0,0.7540566708106919,451.30588296630924,1728.0,250.72193658509397,1.4223233293380941,EIN84X_1515,real,72549.77055243237,0.0,True
76751.99826203487,765.0,-100006.0,-15127.0,8229.6,51.89405822753906,3.1618499755859375,27000.0,0.7671224443138797,457.91920684767086,576.0,251.01110371861114,1.0752062228829056,EIN84X_1515,real,53597.363957808964,0.0,True
76725.59408912592,785.0,-104543.0,-16575.0,8328.66,51.88018798828125,3.0963134765625,27324.999999999996,0.7761131369034241,462.6499756835614,960.0,251.2125867130514,1.1982670525725796,EIN84X_1515,real,59875.37619185686,0.0,True
76685.8158034001,815.0,-111487.0,-18542.0,8465.82,51.86114501953125,2.9960013724662162,27774.999999999996,0.7901441573406849,470.1159431459435,1152.0,258.09251118338364,1.2560675076408678,EIN84X_1515,real,63135.965627222584,0.0,True
76655.46640562774,835.0,-116277.0,-19105.0,8618.220000000001,51.8551025390625,2.926594502217061,28275.000000000004,0.7882823536892737,468.0106836387392,1664.0,263.4975742954579,1.3894172917235716,EIN84X_1515,real,70759.9754917733,0.0,True
76611.87342283991,875.0,-125813.0,-20050.0,8900.16,51.84452897411281,2.78839111328125,29199.999999999996,0.8012265393066792,473.8143096192853,1600.0,262.7249950421108,1.3640730858959884,EIN84X_1515,real,69613.43952569838,0.0,True
76581.48696387492,895.0,-130657.0,-20546.0,9067.800000000001,51.83894348144531,2.7182254275760136,29750.000000000004,0.8016642984818291,472.9503145151719,1600.0,262.5894838344698,1.3572018574738198,EIN84X_1515,real,69263.32049400694,0.0,True
76540.33206746109,925.0,-137911.0,-21288.0,9250.68,51.83052062988281,2.6131872228673987,30350.0,0.8104926661389944,476.9171835864168,1280.0,262.65146418873775,1.2637108553613816,EIN84X_1515,real,64418.831560183506,0.0,True
76512.73624121137,955.0,-145297.0,-22027.0,9433.560000000001,51.821997691009,2.506256103515625,30950.000000000004,0.8195915151910977,481.0124738507308,1216.0,262.5942690816542,1.2404510631518275,EIN84X_1515,real,63821.53621158153,0.0,True
76471.52905101354,985.0,-152671.0,-22763.0,9616.44,51.81340026855469,2.399547680004223,31550.0,0.8270507465940679,484.11672146291335,1344.0,262.52266969333925,1.270854768317728,EIN84X_1515,real,66218.64665737434,0.0,True
76441.48911527554,1005.0,-157520.0,-23246.0,9776.460000000001,51.807706153998936,2.32940673828125,32075.0,0.8255681572003528,482.1337988567074,1792.0,262.4917400054635,1.3835783088926243,EIN84X_1515,real,72647.41825888936,0.0,True
76393.70798737621,1035.0,-164970.0,-24005.0,10088.880000000001,51.798721572100106,2.2216796875,33100.0,0.8139800195534079,473.212425872356,1728.0,262.34934904464063,1.3571290695355507,EIN84X_1515,real,70291.02945575539,0.0,True
76371.64788441737,1065.0,-172226.0,-24719.0,10218.42,51.79010940810381,2.1167755126953125,33525.0,0.8274818997314394,480.15101790999046,576.0,262.46055486049073,1.0144633341526883,EIN84X_1515,real,53605.51766793611,0.0,True
76335.02374720275,1095.0,-179542.0,-25399.0,10347.960000000001,51.78168345305879,2.0110321044921875,33950.0,0.8346200011313322,483.37252714650634,512.0,263.2278400338865,0.9916386447241416,EIN84X_1515,real,53478.94231428862,0.0,True
63741.31302227287,0.0,-75245.65138226387,69240.46429307021,30.48000030428755,52.321296864583445,4.779954840602596,100.0,0.3,198.3755,2500.0,183.0038,1.855095462520221,EZS39RG_1538,fuel,110443.39536041391,0.17029772625960557,True
63696.68326843267,24.0378,-75372.99173909376,66813.71191491272,335.75998861336865,52.29945816839777,4.778626629152263,1102.0,0.377325,248.6455,2788.0,183.0038,1.786837804511741,EZS39RG_1538,fuel,102917.74847264649,0.10620637808636833,True
63653.747220052945,48.0756,-75532.8214599597,63767.80278706463,676.2636183775107,52.27204757297881,4.776961235463336,2219.0,0.458035,300.6609,3000.0,146.9471,1.7649459174312083,EZS39RG_1538,fuel,100707.82287303344,0.07006760453704876,True
63611.41145650342,72.1134,-73519.02423129482,60673.091542709044,1042.5996043481084,52.24449228695013,4.80723021039583,3421.0,0.542216,354.4218,3000.0,131.0392,1.7541898880259732,EZS39RG_1538,fuel,99652.3973977658,0.05409997505780793,True
63569.4099846939,96.1512,-70231.7559796842,57811.56024142575,1408.9355903188157,52.219189606976705,4.856103672509277,4622.0,0.572603,372.6976,3000.0,131.0324,1.751624411629769,EZS39RG_1538,fuel,99403.4551250475,0.04127643741761302,True
63527.49110619597,120.189,-66773.53448570332,54801.934909998185,1775.2715762895282,52.19255576612069,4.907458535651102,5824.0,0.584646,378.9086,3000.0,131.0235,1.741493591755532,EZS39RG_1538,fuel,98430.54129410586,0.03758248830515683,True
63485.8196886498,144.2268,-63256.90654189258,51742.44749904627,2141.6075622602075,52.16545796656713,4.959617458739926,7026.0,0.59701,385.2527,3000.0,130.9976,1.7312500924787568,EZS39RG_1538,fuel,97462.68999042627,0.03985853838240028,True
63444.398433058515,168.2646,-59679.70725516596,48633.09893906384,2507.9435482308513,52.13789535489403,5.01260910923529,8228.0,0.609704,391.7323,3000.0,130.9569,1.7208936147463327,EZS39RG_1538,fuel,96499.67380456226,0.044124762266301666,True
63403.230037857975,192.3024,-56039.81337525897,45473.795001740385,2874.279534201456,52.10986614608878,5.0664614391011655,9430.0,0.622738,398.3502,3000.0,130.919,1.7104240064777494,EZS39RG_1538,fuel,95541.28818952231,0.044941589839875756,True
63362.317202241786,216.3401,-52336.02671042388,42263.32801063256,3240.615520172019,52.08135838229867,5.121188908384382,10632.0,0.636121,405.109,3000.0,130.8871,1.6998408170954213,EZS39RG_1538,fuel,94587.30997824637,0.04543192394441047,True
63321.66262951012,240.3779,-48567.3141812105,39000.24913064201,3606.951506142536,52.05235787297845,5.176803451374141,11834.0,0.649863,412.0115,3000.0,130.8473,1.6891436095397991,EZS39RG_1538,fuel,93637.52635976259,0.038006384613661154,True
63281.26903040656,264.4157,-44731.82018045931,35684.00977392888,3973.287492113005,52.022858543644766,5.23332875103258,13036.0,0.663974,419.0602,3000.0,130.8143,1.6783315759713413,EZS39RG_1538,fuel,92691.7008221919,0.030876509665917234,True
63241.139126401686,288.4535,-40828.51094244811,32313.062546135876,4339.623478083419,51.99284520733065,5.290776459989404,14238.0,0.678464,426.2577,3000.0,130.7677,1.6674038586758757,EZS39RG_1538,fuel,91749.60238470719,0.025910699437328873,True
63201.275652878554,312.4913,-36855.12487009489,28887.233410602606,4705.959464053773,51.96231506078767,5.349175837212608,15439.0,0.693344,433.6066,3000.0,130.7226,1.6563733871056858,EZS39RG_1538,fuel,90812.17289722057,0.022998857952294532,True
63161.681362168645,336.5291,-32810.24994549172,25405.31776108471,5072.29545002406,51.931255898012154,5.408543697065823,16641.0,0.708624,441.1094,3000.0,130.6922,1.6452114333222472,EZS39RG_1538,fuel,89876.83189633275,0.021880869164251058,True
63122.359026381295,360.5669,-28693.273907533996,21865.13318715751,5438.631435994273,51.89964661635006,5.468885108096099,17843.0,0.724316,448.7687,3000.0,130.6709,1.6339305113421891,EZS39RG_1538,fuel,88944.52173385717,0.02102656269469372,True
63083.31143996481,384.6047,-24503.24666739436,18264.840927674886,5804.967421964398,51.867469179241596,5.530209843900164,19045.0,0.74043,456.5867,3000.0,130.6664,1.6225290767878715,EZS39RG_1538,fuel,88014.9921367359,0.02044566998219297,True
63044.5414219289,408.6425,-20239.719489304498,14601.972094659526,6171.303407934435,51.83469981526879,5.592520226734949,20247.0,0.756977,464.5659,3000.0,130.6347,1.611005791332796,EZS39RG_1538,fuel,87088.01926353505,0.01523808339916255,True
63006.05181765217,432.6803,-15899.407060662415,10877.316412422315,6537.639393904359,51.80134410417828,5.655859473970939,21449.0,0.773969,472.7085,3000.0,130.5953,1.5993590604934906,EZS39RG_1538,fuel,86166.58214838065,0.0,True
62967.84428891982,456.7181,-11480.217079657661,7090.235642991988,6903.975379874157,51.767394634570806,5.720253346634648,22651.0,0.791417,481.0166,3000.0,130.5766,1.587587216095404,EZS39RG_1538,fuel,85301.03707479397,0.0,True
62929.903710595434,480.7559,-6981.904397385964,3237.895730972029,7270.311365843829,51.7328241341859,5.7857006359123195,23853.0,0.809333,489.4924,3000.0,130.5529,1.5756885526611508,EZS39RG_1538,fuel,84651.59860595589,0.0,True
62892.16316469891,504.7937,-2402.5170230412737,-680.5850461759668,7636.647351813387,51.6976228626325,5.852224668688055,25055.0,0.82,493.4869,3000.0,130.5199,1.5600047307763323,EZS39RG_1538,fuel,83846.26274470388,0.0,True
62854.666509595736,528.8315,2216.5378784482396,-4628.400224580912,8002.983337782819,51.662120067994096,5.919219917104049,26257.0,0.82,491.0174,3000.0,130.4692,1.5399230802273947,EZS39RG_1538,fuel,82396.25433519026,0.0,True
62817.61593128435,552.8693,6815.748735737553,-8552.222935047603,8369.31932375201,51.6267951504685,5.985823247615602,27458.0,0.82,488.5353,3000.0,130.4291,1.5209804340811828,EZS39RG_1538,fuel,81064.85103165929,0.0,True
62780.98084678186,576.9071,11394.237890552375,-12452.835018338434,8735.655309720938,51.59164176392047,6.052023671545817,28660.0,0.82,486.0406,2792.0,130.4003,1.466571171212231,EZS39RG_1538,fuel,77265.20594651066,0.0,True
62745.593458821444,600.9449,15953.041375935956,-16332.725481919702,9076.63415541227,51.55663810312365,6.117837852549158,29779.0,0.818465,482.8015,2504.0,130.3572,1.396458027837981,EZS39RG_1538,fuel,72526.6476296859,0.0,True
62711.852805129834,624.9826,20486.74837755739,-20185.382007294542,9382.38935965062,51.521843510772406,6.183189612443082,30782.0,0.815932,479.2157,2215.0,130.2992,1.32470530789286,EZS39RG_1538,fuel,67873.98772049665,0.0,True
62679.813495418864,649.0204,24992.928962165362,-24006.78886631157,9652.92092243455,51.48729491175851,6.2480462045269265,31670.0,0.813197,475.7573,1927.0,130.2395,1.2519815102292429,EZS39RG_1538,fuel,63361.15250558079,0.0,True
62649.51072273485,673.0582,29472.69901380145,-27797.788901684005,9888.22884376363,51.452985421005096,6.312425935675828,32442.0,0.810301,472.4518,1639.0,130.2,1.1781447372006586,EZS39RG_1538,fuel,58955.8486812389,0.0,True
62620.97831659195,697.096,33925.987984231775,-31561.103225126422,10088.3131236377,51.41889129058976,6.376329709143653,33098.0,0.807191,469.2695,1350.0,130.1778,1.1029529876414004,EZS39RG_1538,fuel,54622.56785692818,0.0,True
62594.25094366419,721.1338,38352.644850862365,-35298.97550300881,10253.17376205672,51.384993066946734,6.4397571672411384,33639.0,0.803787,466.164,1062.0,130.1431,1.026816900381834,EZS39RG_1538,fuel,50366.20155742983,0.0,True
62569.36442423027,745.1716,42754.03619593396,-39010.957896950895,10382.810759020786,51.35129538368996,6.502730007136819,34064.0,0.800112,463.1497,773.0,130.1081,0.9492831821121631,EZS39RG_1538,fuel,46149.8704502674,0.0,True
62546.352656764815,769.2094,47130.87003772364,-42697.653052289184,10477.224114530101,51.31779343314438,6.565260256079595,34374.0,0.795968,460.1096,485.0,130.0824,0.8707457920045839,EZS39RG_1538,fuel,41979.240455158506,0.0,True
62525.25193417835,793.2472,51482.125333971075,-46359.462257827756,10536.4138285852,51.28448434754595,6.627335033961449,34568.0,0.791216,456.9624,196.0,130.0692,0.7906409408295345,EZS39RG_1538,fuel,37814.87348434052,0.0,True
62506.09837449673,817.285,55805.794403005086,-49996.362460655844,10560.379901187785,51.25136919684185,6.688927359088474,34647.0,0.787618,454.7234,-0.0,130.0613,0.7353583232672202,EZS39RG_1538,fuel,34988.34360093794,0.0,True
62488.292646051144,841.3228,60109.58647204846,-53615.531133914665,10560.379900950722,51.21838332312683,6.750148605686746,34647.0,0.787563,454.6918,-0.0,130.048,0.7351954202480329,EZS39RG_1538,fuel,34978.99763693142,0.0,True
62470.491426145985,865.3606,64413.92017491089,-57233.449600849184,10560.3799007135,51.18537672732197,6.811290126334701,34647.0,0.787557,454.6882,-0.0,130.0374,0.7350629496018221,EZS39RG_1538,fuel,34971.968618842264,0.0,True
62452.69359954217,889.3984,68718.89190048838,-60850.53916899261,10560.379900476139,51.152345679926626,6.872353393302213,34647.0,0.787495,454.6523,-0.0,130.0358,0.7348954551558838,EZS39RG_1538,fuel,34962.27846606365,0.0,True
62434.900449454595,913.4362,73023.62434335829,-64467.22400602247,10560.37990023864,51.11928654800187,6.933325905642077,34647.0,0.787462,454.6331,-0.0,130.0362,0.7347461374148407,EZS39RG_1538,fuel,34953.97142090924,0.0,True
62417.111309662534,937.474,77328.15159678129,-68083.78376644527,10560.379900001024,51.08619690032669,6.994208257141831,34647.0,0.787429,454.6139,-0.0,130.0365,0.734596863293259,EZS39RG_1538,fuel,34945.669034742656,0.0,True
63741.31302227154,0.0,-75245.65138181859,69240.46429305771,30.4800003046193,52.321296864583395,4.7799548406091485,100.0,0.3,198.3755,2500.0,183.0038,1.8550954625202005,EZS39RG_1538,pop,110443.39536041151,0.17029772625406464,True
63696.27763941231,24.2561,-75374.14604056343,66791.7141368725,338.53217243764624,52.29926020714866,4.778614594804101,1111.0,0.378038,249.1078,2791.0,183.0038,1.7866273000673976,EZS39RG_1538,pop,102896.08263636654,0.1058345816540304,True
63652.959738610996,48.5122,-75535.72565007019,63712.457007580546,682.4506076590557,52.2715495077811,4.776930991815344,2239.0,0.459526,301.6183,3000.0,156.6786,1.7642721932273362,EZS39RG_1538,pop,100641.14810319545,0.06972650905918702,True
63610.25815095424,72.7682,-74056.02396434764,60280.16009663421,1052.1132142180375,52.24088716838748,4.799430289675734,3452.0,0.544534,355.8981,3000.0,153.6717,1.7546099617759525,EZS39RG_1538,pop,99693.26029617822,0.05279626972974716,True
63567.86862565935,97.0243,-72097.38000386795,56322.060555693475,1421.7758207772142,52.205555249235815,4.829039062840771,4665.0,0.57302,372.913,3000.0,153.6209,1.7512602743263506,EZS39RG_1538,pop,99368.20620692475,0.04099966876153232,True
63525.57950368699,121.2804,-70040.82369630433,52175.35146361226,1791.4384273364162,52.16853229926063,4.860075240646085,5877.0,0.585185,379.1858,3000.0,152.6278,1.7410438200774851,EZS39RG_1538,pop,98387.71497035268,0.035512557452568844,True
63483.5425028006,145.5365,-67876.72478916714,47995.41576445703,2161.101033895605,52.131215591781434,4.892641671339731,7090.0,0.597677,385.594,3000.0,149.2938,1.730700654325571,EZS39RG_1538,pop,97411.21396418051,0.03318139736847056,True
63441.760397962214,169.7925,-65432.37727253319,43879.68465135939,2530.7636404547575,52.09450041487008,4.929242963218517,8303.0,0.610506,392.1405,3000.0,144.1779,1.7202425351575057,EZS39RG_1538,pop,96439.63697098022,0.03655407654379332,True
63400.235961591614,194.0486,-62582.97819183967,39932.10892545473,2900.4262470138415,52.05933187680905,4.971676849822234,9516.0,0.623681,398.8279,3000.0,138.4026,1.7096690893792466,EZS39RG_1538,pop,95472.75405945808,0.03943828649415711,True
63358.971967044235,218.3047,-59295.44276611439,36228.93073052071,3270.088853572868,52.02639282014801,5.02040430692959,10729.0,0.637213,405.659,3000.0,134.0768,1.6989799422990604,EZS39RG_1538,pop,94510.34474998341,0.0368252984002797,True
63317.9711921117,242.5608,-55676.759558492566,32725.01995776264,3639.751460131862,51.995258882918584,5.073863601674936,11941.0,0.651111,412.6366,3000.0,130.7365,1.6881877927640088,EZS39RG_1538,pop,93553.34813708841,0.032195463243610785,True
63277.23642250686,266.8168,-51794.14942782066,29381.138096500086,4009.4140666908297,51.96556449306702,5.1310762384670525,13154.0,0.665386,419.7633,3000.0,129.0167,1.6772656268106243,EZS39RG_1538,pop,92599.20024856305,0.02874506487212674,True
63236.770455289174,291.0729,-47743.90541960649,26099.357781294795,4379.0766732497705,51.936415266841436,5.190649448638005,14367.0,0.680048,427.0418,3000.0,127.7281,1.6662255516073023,EZS39RG_1538,pop,91648.82517426804,0.02481625674589284,True
63196.57610218115,315.329,-43549.12956399367,22853.975956385624,4748.739279808688,51.90757463996556,5.252247387778748,15580.0,0.695108,434.4748,3000.0,126.9761,1.6550665807757035,EZS39RG_1538,pop,90701.98730652544,0.022197852218371204,True
63156.65619272193,339.5851,-39238.112608422125,19608.212221879618,5118.401886367568,51.87870664295018,5.3154595754974565,16793.0,0.710577,442.0648,3000.0,126.7323,1.6437874639289187,EZS39RG_1538,pop,89758.43862811704,0.021229559461632984,True
63117.01357719608,363.8411,-34837.52345351142,16324.252282507076,5488.0644929264,51.84946690380936,5.379898443041549,18005.0,0.726466,449.8143,3000.0,126.5185,1.6324012526069829,EZS39RG_1538,pop,88819.11297814624,0.020473168857224312,True
63077.651129270205,388.0972,-30347.1075934979,12999.278472491422,5857.727099485176,51.81982803473077,5.445564034999432,19218.0,0.742786,457.7259,3000.0,126.7665,1.620878080914576,EZS39RG_1538,pop,87881.42156107914,0.020094479148531744,True
63038.57174826322,412.3533,-25792.170470690064,9595.896253234705,6227.389706043887,51.78945047048391,5.512087149489996,20431.0,0.759549,465.8019,3000.0,126.9193,1.6092305117471253,EZS39RG_1538,pop,86946.29416133929,0.011506760773350815,True
62999.778360145014,436.6094,-21165.89529690492,6119.948212461337,6597.052312602376,51.75838550273097,5.579561558440336,21644.0,0.776767,474.0446,3000.0,126.926,1.5974569413639892,EZS39RG_1538,pop,86019.58874129198,0.0,True
62961.271671163355,460.8654,-16457.948091143833,2581.7844013107742,6966.714919160774,51.726724820731164,5.648131858248952,22857.0,0.794452,482.4563,3000.0,126.9282,1.5855557695859634,EZS39RG_1538,pop,85167.87127971643,0.0,True
62923.03020054962,485.1215,-11666.392584342047,-1019.5007423687913,7336.37752571907,51.69445834395596,5.717821264492871,24069.0,0.812614,491.0389,3000.0,126.9319,1.5735403517906896,EZS39RG_1538,pop,84579.00558836097,0.0,True
62884.97157715098,509.3776,-6789.6392728335495,-4685.316967430317,7706.040132277286,51.661571365570595,5.788647785855874,25282.0,0.82,493.0201,3000.0,126.9379,1.556127641781478,EZS39RG_1538,pop,83563.1539873803,0.0,True
62847.224038469416,533.6337,-1893.6508290991735,-8366.399163076076,8075.702738835387,51.62850462707582,5.859650285779684,26495.0,0.82,490.5257,3000.0,126.9471,1.5360764511148575,EZS39RG_1538,pop,82122.9125568112,0.0,True
62809.92469648006,557.8898,2976.7653514363424,-12029.47258176892,8445.365345393302,51.59555709424949,5.930178293147895,27708.0,0.82,488.0185,3000.0,126.9586,1.517185511397243,EZS39RG_1538,pop,80802.63961553812,0.0,True
62773.041702982824,582.1458,7821.332461910531,-15674.636763331398,8815.027951951015,51.56272867712638,6.000231039179957,28921.0,0.82,485.4984,2726.0,126.9712,1.4507990103215929,EZS39RG_1538,pop,76193.18532148936,0.0,True
62737.702103898875,606.4019,12642.58599433583,-19303.911970506433,9150.961330772898,51.53000200420572,6.069846154634152,30023.0,0.818524,482.3274,2435.0,126.9823,1.379711672322742,EZS39RG_1538,pop,71450.95040039306,0.0,True
62704.044752738315,630.658,17434.186246930545,-22912.319802004564,9451.028446507695,51.49742274559381,6.138933828657598,31007.0,0.815929,478.7429,2144.0,126.9907,1.3071405648908665,EZS39RG_1538,pop,66795.01841978714,0.0,True
62672.12840624276,654.9141,22192.05788444785,-26496.42031005982,9715.22929915425,51.465022856216734,6.207437360364846,31874.0,0.813189,475.325,1853.0,126.9965,1.2334105849700372,EZS39RG_1538,pop,62266.637573363005,0.0,True
62641.987622329914,679.1701,26917.885386953792,-30057.13106109807,9943.56388871222,51.43279495596005,6.2753831365557735,32623.0,0.810251,472.0429,1562.0,127.001,1.1585394432873544,EZS39RG_1538,pop,57840.27878499724,0.0,True
62613.65788621742,703.4262,31612.95226327605,-33595.25098241725,10136.032215181476,51.40073268829331,6.342791638422397,33255.0,0.807097,468.8875,1271.0,127.0061,1.0825155924805718,EZS39RG_1538,pop,53495.47179972978,0.0,True
62587.17461113991,727.6823,36278.337316237106,-37111.65141523038,10292.634278561996,51.36882900713241,6.409680279551201,33768.0,0.803658,465.8198,980.0,127.0128,1.0053370082380328,EZS39RG_1538,pop,49213.762632032776,0.0,True
62562.57391338003,751.9384,40914.66108612391,-40606.99632467328,10413.370078853834,51.33707872064054,6.476059795983948,34165.0,0.799859,462.7947,689.0,127.0208,0.9269390621703769,EZS39RG_1538,pop,44977.711733692544,0.0,True
62539.89208077147,776.1944,45522.11308600308,-44081.58392786162,10498.23961605717,51.30547993251105,6.541934696416377,34443.0,0.795627,459.7694,398.0,127.029,0.8473267999676206,EZS39RG_1538,pop,40775.77847458041,0.0,True
62519.1644367293,800.4505,50100.5149611078,-47535.29038836276,10547.242890172436,51.27403456034941,6.6073042240000515,34604.0,0.790749,456.6198,107.0,127.0359,0.7663856658023495,EZS39RG_1538,pop,36590.31138230224,0.0,True
62500.427351515675,824.7066,54648.51957464248,-50966.925201621154,10560.379901201004,51.2427542243688,6.672150995963346,34647.0,0.788793,455.4017,-0.0,127.0406,0.7360558173083082,EZS39RG_1538,pop,35042.947888865885,0.0,True
62482.433335150075,848.9627,59184.57053790497,-54390.123435442154,10560.379900961218,51.21151519346865,6.736739353892061,34647.0,0.78881,455.4112,-0.0,127.0429,0.735936647866052,EZS39RG_1538,pop,35036.947398159835,0.0,True
62464.442240310535,873.2187,63720.57502036389,-57813.57980966223,10560.379900721295,51.18023831329481,6.801239338747164,34647.0,0.788798,455.4048,-0.0,127.0436,0.7358001561627642,EZS39RG_1538,pop,35029.60338325639,0.0,True
62446.454722502116,897.4748,68256.47612742835,-61237.03993006987,10560.379900481243,51.14892596728857,6.865650292794901,34647.0,0.788798,455.4044,-0.0,127.0434,0.735670281991187,EZS39RG_1538,pop,35022.77117307487,0.0,True
62428.47052950975,921.7309,72792.38481190601,-64660.48255415707,10560.379900241083,51.11757842234706,6.929973930447983,34647.0,0.78877,455.3885,-0.0,127.0431,0.7355234974201452,EZS39RG_1538,pop,35014.6299390327,0.0,True
62410.49030108818,945.987,77328.15159677739,-68083.78376644226,10560.379900000811,51.086196900326726,6.994208257141776,34647.0,0.788743,455.3726,-0.0,127.0429,0.7353767591626298,EZS39RG_1538,pop,35006.49313666878,0.0,True
63720.26717301378,0.0,11063.0,29953.0,53.34,52.30860823291843,4.778974260602679,175.0,0.22420253806784313,148.21605850919124,2304.0,183.0940580589171,1.8770711498032502,EZS39RG_1538,real,136616.95453623566,0.1738215142750694,True
63657.09805618938,21.0,10987.0,28209.0,365.76,52.29292012877383,4.777797154017858,1200.0,0.2294700347430697,151.16216457830973,2240.0,182.65419551340662,1.871317180953806,EZS39RG_1538,real,131957.14329942875,0.09926483828931507,True
63617.555198785485,51.0,11526.0,25563.0,678.1800000000001,52.26910400390625,4.785614013671875,2225.0,0.3042349012220148,199.69977466186586,1920.0,150.61098853367966,1.67881272683063,EZS39RG_1538,real,92538.3614859208,0.06968685346384855,True
63561.209110819436,81.0,14516.0,23903.0,1021.08,52.25408935546875,4.82940673828125,3350.0,0.3843380776539762,251.28668886353694,3904.0000000000005,92.7371563050607,1.8649618274841187,EZS39RG_1538,real,128122.10082842637,0.058579781834339595,True
63520.17925047894,101.0,17185.0,23911.0,1417.3200000000002,52.25408935546875,4.8685455322265625,4650.0,0.3979630523235564,259.0019304947359,3136.0,89.77878187333513,1.7941189275292477,EZS39RG_1538,real,107819.00392666928,0.05495830535408579,True
63463.252513356354,141.0,23007.0,23811.0,1988.8200000000002,52.25297830872616,4.953892299107143,6525.0,0.4628835109136438,299.2407057871639,3712.0,92.29826274454483,1.8169570083439535,EZS39RG_1538,real,112396.23192571723,0.046316953120751424,True
63422.693805970135,161.0,26116.0,23675.0,2377.44,52.251617431640625,4.9994659423828125,7800.0,0.47307229670677753,304.42076144704714,3584.0,93.01278750418335,1.7976488623245805,EZS39RG_1538,real,108469.84387572066,0.04121655176777585,True
63362.73396994409,191.0,30899.0,23454.0,2918.46,52.24937438964844,5.069580078125,9575.0,0.4933348666615175,315.40608744918035,3328.0,92.90776286349626,1.7528002677747188,EZS39RG_1538,real,101306.45824456938,0.03792159374130102,True
63325.92084613981,211.0,34127.0,23317.0,3223.26,52.24795066704184,5.11688232421875,10575.0,0.5124080243905439,326.39240187234753,2240.0,92.80980813607029,1.526821418445412,EZS39RG_1538,real,79596.65728794126,0.036488692017972946,True
63270.02323713054,251.0,41306.0,23016.0,3726.1800000000003,52.2447509765625,5.2220916748046875,12225.0,0.5663808890988186,358.55822400274127,3584.0,93.19755777385086,1.7530145217614692,EZS39RG_1538,real,101338.27484604006,0.03342674321138893,True
63230.81680674665,271.0,44801.0,22103.0,4084.32,52.236266055349574,5.2732020786830365,13400.0,0.5655534886974972,356.45196029759745,3648.0000000000005,117.21202746154755,1.754919492692968,EZS39RG_1538,real,101603.96187624511,0.031271155991484265,True
63176.116879820256,301.0,49367.0,18953.0,4541.52,52.20753479003906,5.33966064453125,14900.0,0.5783865963330288,362.46379129507545,2880.0,125.79493742080572,1.6247364152069068,EZS39RG_1538,real,87408.01903474674,0.029384086609007373,True
63140.57109726726,331.0,53917.0,15785.0,5021.58,52.17860412597656,5.4058074951171875,16475.0,0.5906755994068116,367.92526415020757,2496.0,125.37475184387608,1.5307946827997656,EZS39RG_1538,real,79887.0563353251,0.026596206464815246,True
63085.842520904174,361.0,58637.0,12526.0,5478.780000000001,52.14879440048993,5.474330357142858,17975.0,0.5999607928110035,371.52927206345396,2688.0,125.3584049742731,1.5585784771064266,EZS39RG_1538,real,81969.84630124613,0.023998801357825245,True
63033.867570285394,391.0,63390.0,9237.0,5867.400000000001,52.11867510262182,5.543230329241072,19250.0,0.6156225583197975,379.31649054582374,2752.0,125.44988169226728,1.5591687053281427,EZS39RG_1538,real,82015.1984393908,0.02156726690565259,True
63001.302692170575,421.0,68241.0,5876.0,6271.26,52.087857521186436,5.61346435546875,20575.0,0.6270355714452173,384.3149749879648,1792.0,125.46835443861143,1.3112039820577195,EZS39RG_1538,real,65922.56485658714,0.008733543934454285,True
62952.367686470556,451.0,73171.0,2376.0,6606.54,52.05573647709216,5.684718540736608,21675.0,0.6429449704021832,392.3263947276553,2688.0,129.20720350496785,1.5214829833351873,EZS39RG_1538,real,79210.01081569429,0.0,True
62921.97774961049,471.0,76244.0,-227.0,6835.14,52.031890869140625,5.7289886474609375,22425.0,0.6502947516213229,395.6071283483148,1920.0,132.64389973926075,1.3286218915630847,EZS39RG_1538,real,66915.39882168426,0.0,True
62875.26686796468,511.0,81807.0,-6213.0,7307.58,51.97723388671875,5.8087158203125,23975.0,0.6563993227788155,396.79717740931574,1920.0,138.6782387219934,1.31191115007946,EZS39RG_1538,real,65962.11849136987,0.0,True
62845.94786417979,531.0,84572.0,-9244.0,7498.08,51.94955082262977,5.848257882254464,24600.0,0.6685549021178262,403.10420489000114,1792.0,138.51991005626232,1.2715831431992388,EZS39RG_1538,real,63714.87145842634,0.0,True
62807.356869127005,561.0,88872.0,-13923.0,7696.200000000001,51.90678405761719,5.9096527099609375,25250.0,0.6961833772200176,418.63229689072006,1920.0,138.38919257237913,1.3032336265348863,EZS39RG_1538,real,65473.04300354631,0.0,True
62777.20603819888,581.0,91809.0,-17105.0,7901.9400000000005,51.87767416743909,5.9515380859375,25925.0,0.7028552644096852,421.4558102577303,2368.0,138.3664606634298,1.4056048698819743,EZS39RG_1538,real,71499.25477464235,0.0,True
62735.33394395457,621.0,97652.0,-23420.0,8305.800000000001,51.819854736328125,6.034686114336993,27250.000000000004,0.7115191431402444,424.27938908224144,1728.0,138.34403131264244,1.2308522688676766,EZS39RG_1538,real,61511.78960132563,0.0,True
62707.088669320154,641.0,100645.0,-26667.0,8488.68,51.79010940810381,6.0771942138671875,27850.0,0.7205943242422079,428.59888007319853,2048.0,138.49968060436058,1.307900831096993,EZS39RG_1538,real,65735.53812093954,0.0,True
62663.55953509729,671.0,105058.0,-31461.0,8801.1,51.74616409560381,6.1397552490234375,28875.0,0.7215221068880595,427.2762572388033,1856.0,138.70054305517834,1.2468462221221719,EZS39RG_1538,real,62369.152196452334,0.0,True
62634.31808212307,701.0,109543.0,-36327.0,9105.9,51.70152049953654,6.2032318115234375,29874.999999999996,0.724486194999751,427.18731254567945,2176.0,138.5112591758608,1.3183318909534318,EZS39RG_1538,real,66326.07368276958,0.0,True
62594.37576152013,731.0,113924.0,-41083.0,9380.220000000001,51.65785217285156,6.265102077174832,30775.000000000004,0.7250724634993115,425.8650020839938,1408.0,138.71282328603309,1.1035565115445074,EZS39RG_1538,real,54965.987058698454,0.0,True
62558.30491116018,761.0,118445.0,-46018.0,9570.720000000001,51.612512620828916,6.3288116455078125,31400.000000000004,0.7401677280423744,433.54469204454574,1984.0,139.77140219176408,1.2543103458543765,EZS39RG_1538,real,62772.20285739723,0.0,True
62528.114768015505,791.0,122659.0,-51071.0,9928.86,51.566146591962394,6.387939453125,32575.0,0.7253220812352521,422.654705403832,1920.0,142.20824319565546,1.2296284583019603,EZS39RG_1538,real,61444.932497460766,0.0,True
62484.000227098564,821.0,126698.0,-56001.0,10294.62,51.52088928222656,6.444446460620777,33775.0,0.710298432315144,411.69406116678437,1664.0,141.90530629859384,1.155348366382725,EZS39RG_1538,real,57573.27088884877,0.0,True
62462.43677726862,841.0,129424.0,-59289.0,10408.92,51.49068541445974,6.4825439453125,34150.0,0.7174156516808871,415.12046444375636,960.0,141.74974828071154,0.9412366730927958,EZS39RG_1538,real,47137.45759076888,0.0,True
62431.07954803998,881.0,134998.0,-65902.0,10607.04,51.42988586425781,6.5603225295608105,34800.0,0.7349310593142382,424.0117922888466,960.0,141.3190883289957,0.9371931746763602,EZS39RG_1538,real,46948.52202181918,0.0,True
62414.26160699999,901.0,137812.0,-69250.0,10668.0,51.399078369140625,6.599516997466217,35000.0,0.7459001055716052,429.95116001704196,128.0,141.6107473570439,0.6813988136994338,EZS39RG_1538,real,35219.24202618776,0.0,True
62392.403522115055,931.0,142084.0,-74317.0,10668.0,51.35243225097656,6.658902554898649,35000.0,0.7494163808764001,431.97800869951703,-64.0,141.48519160142817,0.6234259557310824,EZS39RG_1538,real,32596.058978421544,0.0,True
62377.96328223365,951.0,144903.0,-77657.0,10668.0,51.32167053222656,6.698022790857263,35000.0,0.7518541787511565,433.3832022586939,0.0,141.46407431937683,0.6442636574834266,EZS39RG_1538,real,33544.405505678114,0.0,True
62356.06102732212,991.0,150712.0,-84530.0,10668.0,51.25831604003906,6.77849022117821,35000.0,0.7507745855167403,432.7609039643022,0.0,141.5676368069268,0.643529370359859,EZS39RG_1538,real,33509.31654992861,0.0,True
62341.45095685025,1011.0,153543.0,-87884.0,10668.0,51.22738595736229,6.817626953125,35000.0,0.7459001055716052,429.95116001704196,0.0,141.6107473570439,0.6410227363429886,EZS39RG_1538,real,33389.68031554839,0.0,True
62320.85714761181,1041.0,157757.0,-92883.0,10668.0,51.18125268968485,6.875762939453125,35000.0,0.7399509990912047,426.5219806762601,-128.0,141.75977984746794,0.5981454238690374,EZS39RG_1538,real,31440.537318490347,0.0,True
62305.5793275233,1071.0,162046.0,-97993.0,10668.0,51.13407897949219,6.934822701119088,35000.0,0.752422395112799,433.7107330929222,64.0,141.83535360180568,0.6635679378266948,EZS39RG_1538,real,34419.93102612958,0.0,True
62283.28994271375,1101.0,166370.0,-103176.0,10660.380000000001,51.08619689941406,6.99420825855152,34975.0,0.7845864399428338,452.30189033432083,0.0,141.91392174252425,0.662627125196944,EZS39RG_1538,real,34592.70334314366,0.0,True
73621.3029772398,0.0,-74827.80160415625,-1385.1380547391211,30.480000303260972,52.32129693679649,4.779960353961805,100.0,0.3,198.3755,2334.0,183.0038,1.9481841121726657,EJU5284_1390,fuel,122977.36144052693,0.17029303616620203,True
73585.24586795247,18.4942,-74925.91965031122,-3254.9946168977744,249.7805504843478,52.304469804106795,4.77893571361233,819.0,0.34905,230.2379,2556.0,183.0038,1.9045155462880043,EJU5284_1390,fuel,116679.71016557375,0.12538123289254569,True
73550.01029138263,36.9885,-75039.86619646159,-5426.4982842051495,489.9316877937791,52.28492809251165,4.777746676439122,1607.0,0.401662,264.219,2778.0,155.2624,1.8808966538746514,EJU5284_1390,fuel,113599.6632012338,0.08538299051645784,True
73515.23180434048,55.4827,-73995.11318243963,-7694.031237730041,750.93341223169,52.26468061272675,4.793604585595958,2464.0,0.455353,298.6447,3000.0,127.521,1.8780048561998095,EJU5284_1390,fuel,113235.7262957363,0.06672674481636064,True
73480.53000858691,73.977,-71756.19967083186,-9413.314132694377,1032.785723789377,52.249518525962806,4.826868385709538,3388.0,0.508005,332.0972,3000.0,99.7796,1.852705064610458,EJU5284_1390,fuel,110160.7881788155,0.056267060775034884,True
73446.32141319531,92.4712,-68659.86542293873,-9947.009796779324,1314.6380353487323,52.24511610750251,4.872456481628725,4313.0,0.561483,365.861,3000.0,84.9731,1.84488492758687,EJU5284_1390,fuel,109247.01885775899,0.051175018735374694,True
73412.2821028904,110.9655,-65209.3757243508,-9643.498976250437,1596.4903469084745,52.248266742009,4.923073746004607,5238.0,0.578729,375.861,3000.0,84.9814,1.839093926999367,EJU5284_1390,fuel,108580.64896794781,0.04895281134826994,True
73378.35547346342,129.4597,-61663.95920253372,-9332.158276014092,1878.3426584681788,52.251476818926655,4.975091107450192,6163.0,0.588092,380.68,3000.0,84.9618,1.8316906125498553,EJU5284_1390,fuel,107740.99224799074,0.04506804272469102,True
73344.56739705209,147.954,-58072.9543285769,-9015.575021481269,2160.19497002781,52.25471600207672,5.027784762309259,7087.0,0.597646,385.5781,3000.0,84.9666,1.8242144195716994,EJU5284_1390,fuel,106906.46450774411,0.04193119952767253,True
73310.91939909519,166.4482,-54435.481607338304,-8695.200521314599,2442.047281587364,52.25797042833819,5.081168145572915,8012.0,0.607396,390.5566,3000.0,84.9611,1.8166463940598563,EJU5284_1390,fuel,106074.82396558253,0.040120341156299706,True
73277.4129964458,184.9425,-50750.84119501122,-8370.31437355881,2723.899593146834,52.26124571145449,5.1352516652962175,8937.0,0.617346,395.6167,3000.0,84.9741,1.8089964824530318,EJU5284_1390,fuel,105247.0650457373,0.03799086208934388,True
73244.04969782564,203.4367,-47018.15890842885,-8042.044073652652,3005.751904706212,52.26453083144718,5.190048584814653,9861.0,0.6275,400.7595,3000.0,84.9886,1.8012752787614195,EJU5284_1390,fuel,104424.18777710917,0.03624108289854487,True
73210.83100429332,221.931,-43236.64330849911,-7710.449469586969,3287.604216265492,52.26782432588626,5.245570766960688,10786.0,0.637863,405.9863,3000.0,85.0032,1.7934626697338496,EJU5284_1390,fuel,103603.92983398878,0.03418533243033848,True
73177.75840972103,240.4252,-39405.50093133182,-7375.4831758238915,3569.4565278246682,52.27112566163639,5.301830091233217,11711.0,0.648439,411.2983,3000.0,84.989,1.7855690535083655,EJU5284_1390,fuel,102787.29089193871,0.030442253963109858,True
73144.83340127324,258.9194,-35524.09712583853,-7035.150686086486,3851.308839383729,52.27445176966161,5.358835900822129,12636.0,0.659233,416.6968,3000.0,84.991,1.7775947108604537,EJU5284_1390,fuel,101974.18623299539,0.026785696587136337,True
73112.05745988042,277.4137,-31591.521981514245,-6690.471336071069,4133.16115094266,52.277792461646975,5.416601963481535,13560.0,0.67025,422.1828,3000.0,84.9832,1.7695507874530243,EJU5284_1390,fuel,101165.61754908421,0.023597089352098755,True
73079.43206070043,295.9079,-27607.009569386963,-6340.692725172158,4415.013462501456,52.281153434301594,5.4751397401412785,14485.0,0.681494,427.7576,3000.0,85.0093,1.761415653684159,EJU5284_1390,fuel,100359.30231757241,0.020902630937090657,True
73046.95867355865,314.4022,-23569.514980461616,-5988.119306239615,4696.8657740600975,52.284512868478416,5.53446504652775,15410.0,0.69297,433.4223,3000.0,85.0176,1.753200275938349,EJU5284_1390,fuel,99556.24478912714,0.01942328499457679,True
73014.63876335841,332.8964,-19478.29812781082,-5631.451261972474,4978.718085618571,52.28788130099768,5.594588898823547,16334.0,0.704683,439.1781,3000.0,85.026,1.7449163364952252,EJU5284_1390,fuel,98757.46114034386,0.01807403070798128,True
72982.4737904517,351.3907,-15332.498880890453,-5270.634876421864,5260.570397176857,52.29125802758614,5.655524199804596,17259.0,0.716637,445.0262,3000.0,85.0264,1.736541074562879,EJU5284_1390,fuel,97960.65619529304,0.016845521685538514,True
72950.46521095913,369.8849,-11131.297343632645,-4905.030995435539,5542.422708734932,52.29464756549903,5.7172832459002345,18184.0,0.728838,450.9675,3000.0,85.0297,1.728085840910226,EJU5284_1390,fuel,97166.83424233769,0.015771125422763398,True
72918.61447702821,388.3792,-6873.79616079505,-4534.769721699852,5824.275020292771,52.29804747311073,5.779879523602071,19109.0,0.741291,457.0032,3000.0,85.0331,1.7195507553142806,EJU5284_1390,fuel,96375.91147470943,0.014861785821883737,True
72886.92303701716,406.8734,-2559.1042094222216,-4159.791901191095,6106.127331850337,52.301456969091845,5.8433264274542935,20033.0,0.754001,463.1344,3000.0,85.0302,1.7109480836498725,EJU5284_1390,fuel,95588.91076383574,0.013900975260425951,True
72855.39233512463,425.3677,1813.6367778271265,-3779.545346036694,6387.979643407592,52.30487959937309,5.907636582600295,20958.0,0.766973,469.3621,3000.0,85.0331,1.7022536382474305,EJU5284_1390,fuel,94805.77293693426,0.0006006650147423533,True
72824.0232438851,443.8619,6245.374847171039,-3394.3988646256535,6669.831954964487,52.308310609917896,5.972824804984256,21883.0,0.780212,475.6873,3000.0,85.0421,1.6934794934395396,EJU5284_1390,fuel,94050.02440908903,0.0,True
72792.81156540952,462.3561,10737.07030988307,-3004.7550019149485,6951.684266520975,52.31174500111979,6.038905179021149,22807.0,0.793723,482.1109,3000.0,85.0564,1.684638272840513,EJU5284_1390,fuel,93382.7830945212,0.0,True
72761.73985375394,480.8504,15289.68780211822,-2610.9639976403746,7233.536578077048,52.31517810071042,6.105892169437346,23732.0,0.807513,488.6339,3000.0,85.065,1.6757047393995907,EJU5284_1390,fuel,92907.14195814758,0.0,True
72730.76738578976,499.3446,19904.12722616725,-2212.5281809231224,7515.38888963232,52.318612818545695,6.173799308788299,24657.0,0.819211,493.8258,3000.0,85.06,1.6660113156837708,EJU5284_1390,fuel,92592.14162683047,0.0,True
72699.85862346152,517.8389,24567.67179817794,-1809.4407785544724,7797.241201187768,52.32204821054941,6.242439771218735,25582.0,0.82,492.4058,3000.0,85.0556,1.6534429537397395,EJU5284_1390,fuel,91631.71077284115,0.0,True
72669.14973609072,536.3331,29217.658917140583,-1407.169166898786,8079.093512742682,52.325437191835874,6.310891271708974,26506.0,0.82,490.5027,2894.0,85.0624,1.6228606454171495,EJU5284_1390,fuel,89176.40747423947,0.0,True
72638.97612956174,554.8274,33850.49729230396,-1006.9314017032544,8350.945793685332,52.32876936596226,6.379100643510485,27398.0,0.82,488.6601,2672.0,85.0714,1.5708483756950387,EJU5284_1390,fuel,85155.82049305816,0.0,True
72609.72311271438,573.3216,38467.70800172464,-608.7741384984034,8601.947487503465,52.3320446321389,6.447090010601747,28222.0,0.82,486.9527,2450.0,85.0695,1.5173154935268396,EJU5284_1390,fuel,81240.71193153321,0.0,True
72581.41718034455,591.8159,43070.42044654271,-211.7160525998255,8832.098594193525,52.33527211242277,6.514875871317644,28977.0,0.82,485.3817,2228.0,85.059,1.4623608094960512,EJU5284_1390,fuel,77419.15786310207,0.0,True
72554.08373784905,610.3101,47659.79082955858,185.04357624375476,9041.39911375443,52.338459263138645,6.58247515364266,29663.0,0.819671,483.7548,2006.0,85.0636,1.405985638025171,EJU5284_1390,fuel,73653.15190103304,0.0,True
72527.75455834622,628.8044,52235.313686655914,580.2318928424942,9229.849046185765,52.34159501260805,6.649880053350089,30282.0,0.817264,481.0445,1784.0,85.0786,1.3477728147011805,EJU5284_1390,fuel,69791.14816786576,0.0,True
72502.50161978776,647.2986,56786.71387287079,972.1407750265738,9397.44839148741,52.34466540676963,6.716938812648722,30832.0,0.814798,478.4468,1562.0,85.077,1.2882315076654829,EJU5284_1390,fuel,65989.01778110984,0.0,True
72478.35316633855,665.7929,61314.86213578227,1362.1691086079163,9544.19714965951,52.347683521950735,6.783664196374785,31313.0,0.812247,475.946,1340.0,85.0682,1.2273773072667025,EJU5284_1390,fuel,62235.26210059395,0.0,True
72455.33755602482,684.2871,65820.54030209467,1750.957384116275,9670.095320702536,52.350655593324575,6.850067593979187,31726.0,0.809677,473.5803,1118.0,85.0647,1.1652434702320231,EJU5284_1390,fuel,58526.059512187654,0.0,True
72433.48110231131,702.7813,70304.97449656398,2138.191427027921,9775.142904617675,52.353579185825545,6.916166775910739,32071.0,0.80689,471.2347,896.0,85.0748,1.1017910170876533,EJU5284_1390,fuel,54841.27505443562,0.0,True
72412.8135875524,721.2756,74768.3565952552,2522.817375050539,9859.339901408708,52.35644531229034,6.981964109850576,32347.0,0.804104,469.0349,674.0,85.0848,1.037137671524006,EJU5284_1390,fuel,51190.58295649862,0.0,True
73621.3029772359,0.0,-74827.80160416024,-1385.1380819892022,30.48000030450245,52.32129693655146,4.779960353967844,100.0,0.3,198.3755,1983.0,183.0038,1.856994187252349,EJU5284_1390,pop,110669.00037613358,0.17029303634386606,True
73586.70085889546,18.6196,-74926.78662226924,-3271.516713801953,218.02027924188678,52.30432111913076,4.7789266630819185,715.0,0.358663,236.6638,2206.0,183.0038,1.7998896947494698,EJU5284_1390,pop,104277.82060914605,0.13270605879315092,True
73553.1801669103,37.2391,-75044.93616331597,-5523.1177524916275,426.6946596707033,52.284058598109,4.777693793550481,1400.0,0.418995,275.8191,2430.0,155.0744,1.7844798888529454,EJU5284_1390,pop,102675.54032200233,0.08935792018098503,True
73519.97566132694,55.8587,-73937.14393868337,-7906.863507001553,656.5031415911878,52.26277464994653,4.794503233673028,2154.0,0.48117,315.9186,2653.0,129.7867,1.799021126270893,EJU5284_1390,pop,104186.26688799763,0.0680455517497037,True
73486.52775426806,74.4782,-71623.102870708,-9833.93791928625,907.4457250031534,52.245753651586504,4.828913039557034,2977.0,0.541613,354.5799,2876.0,117.8849,1.8331694211626495,EJU5284_1390,pop,107907.640180149,0.05591448725250895,True
73452.47010695541,93.0978,-68635.3515678712,-11414.862137840777,1179.5224099059603,52.2319199872135,4.873116481068997,3870.0,0.565221,368.8744,3000.0,99.9584,1.8498014909124234,EJU5284_1390,pop,109819.60513007024,0.04461888348557887,True
73418.11230925405,111.7174,-65172.15557246141,-12022.922733012943,1463.2844846946089,52.22687472114141,4.924082136838782,4801.0,0.57437,373.6107,3000.0,89.795,1.8424733783922802,EJU5284_1390,pop,108968.47899303939,0.03961186200533715,True
73383.89267293306,130.3369,-61610.61020216942,-12010.181445970293,1747.046559483226,52.227401013366965,4.976366054938382,5732.0,0.583707,378.4254,3000.0,82.6805,1.8350609932353925,EJU5284_1390,pop,108121.57747687242,0.0385524855062767,True
73349.81276803586,148.9565,-58032.29721194724,-11550.553689343431,2030.8086342717513,52.231924573887774,5.028820170660889,6663.0,0.593236,383.3197,3000.0,77.1087,1.8275647538020847,EJU5284_1390,pop,107278.81658062624,0.03896974169440476,True
73315.87415513338,167.576,-54469.79792779673,-10735.202554664642,2314.570709060115,52.239622166887884,5.080995046885098,7594.0,0.602962,388.2949,3000.0,75.3211,1.8199850860191336,EJU5284_1390,pop,106440.1145579878,0.03969777977428146,True
73282.07838576261,186.1956,-50888.34986445188,-9797.039509164477,2598.3327838483137,52.24840291800849,5.13344769607947,8525.0,0.612888,393.3522,3000.0,75.3319,1.8123223512340108,EJU5284_1390,pop,105605.38405852471,0.038676533465852564,True
73248.42700288835,204.8151,-47259.84968090966,-8847.280807464407,2882.094858636386,52.257268758732515,5.18661070365606,9456.0,0.62302,398.4929,3000.0,75.3196,1.8045769191941243,EJU5284_1390,pop,104774.54042897612,0.03680419572650974,True
73214.92154138145,223.4347,-43583.91245111903,-7884.261364512124,3165.8569334243293,52.2662337474834,5.240490270901188,10387.0,0.633361,403.7182,3000.0,75.2006,1.7967490922680087,EJU5284_1390,pop,103947.49366640294,0.034893073079648486,True
73181.56352850892,242.0543,-39861.58913042265,-6900.8225221725625,3449.6190082122,52.275361217833385,5.295070926789283,11318.0,0.643916,409.0293,3000.0,75.9346,1.788839142265276,EJU5284_1390,pop,103124.15271122253,0.030945172450516856,True
73148.354484429,260.6738,-36077.626076186214,-5952.783491821172,3733.3810830000753,52.284149239264494,5.35058398711877,12249.0,0.65469,414.4275,3000.0,77.784,1.780847353764601,EJU5284_1390,pop,102304.43002484814,0.02667086198391461,True
73115.2959226842,279.2934,-32214.506421650196,-5116.420022758175,4017.1431577879744,52.29191159579788,5.407293660135976,13180.0,0.665688,419.9139,3000.0,79.8682,1.7727739007123013,EJU5284_1390,pop,101488.22903552948,0.023214958574986278,True
73082.38935068477,297.9129,-28271.80282435864,-4411.856393926332,4300.905232575885,52.298465621851285,5.465204654557603,14111.0,0.676914,425.4899,3000.0,81.9076,1.7646190594158753,EJU5284_1390,pop,100675.46593019945,0.020162900100605487,True
73049.63627017425,316.5325,-24253.65910919771,-3840.5365640482496,4584.66730736376,52.30379639486769,5.524251959901925,15042.0,0.688373,431.1565,3000.0,83.3766,1.7563829107893725,EJU5284_1390,pop,99866.03978380398,0.018986444477067266,True
73017.03817766753,335.1521,-20168.292985813106,-3366.1545101867996,4868.429382151552,52.30822842542973,5.584308069486738,15973.0,0.700071,436.915,3000.0,84.3978,1.74806564565752,EJU5284_1390,pop,99059.86318477703,0.017929514130269497,True
72984.596564852,353.7716,-16020.250775481967,-2959.2761008870416,5152.191456939252,52.312024759253724,5.6453013812581325,16904.0,0.712011,442.7665,3000.0,85.2338,1.7396673498148199,EJU5284_1390,pop,98256.84097484614,0.016751994995860723,True
72952.31291894054,372.3912,-11810.88761766865,-2608.3088641631475,5435.953531726864,52.31528817926111,5.7072092042146165,17834.0,0.7242,448.7121,3000.0,85.8845,1.7311999020098796,EJU5284_1390,pop,97457.98590173997,0.01568056647000518,True
72920.18872296474,391.0107,-7541.040863892271,-2301.0799990694254,5719.71560651437,52.31812671873187,5.770016953581065,18765.0,0.736642,454.7531,3000.0,86.365,1.7226400111873148,EJU5284_1390,pop,96661.0024816636,0.014754010782643039,True
72888.22545599593,409.6303,-3211.0604990291154,-2026.0049141105296,6003.477681301763,52.32064313321912,5.8337177803088585,19696.0,0.749342,460.8904,3000.0,86.7689,1.7139992859224251,EJU5284_1390,pop,95866.89782187622,0.014176440911942133,True
72856.42459328007,428.2498,1179.3992764936647,-1778.152335080697,6287.23975608871,52.322880307057495,5.898315481903721,20627.0,0.762306,467.1251,3000.0,86.9139,1.7052777924013558,EJU5284_1390,pop,95076.0706057388,0.005237584235919107,True
72824.78746945394,446.8694,5630.0543977961,-1538.1984200947181,6571.0018308742565,52.32501050466502,5.963805407279773,21558.0,0.775539,473.4582,3000.0,86.8701,1.6964755603762771,EJU5284_1390,pop,94301.02977441065,0.0,True
72793.31248090666,465.489,10141.040418643131,-1291.531907276341,6854.763905659415,52.3271637381864,6.0301895539215975,22489.0,0.789046,479.8909,3000.0,86.8258,1.687592707577094,EJU5284_1390,pop,93588.4436359324,0.0,True
72761.98762801783,484.1085,14713.292881149413,-1037.9703129179632,7138.525980444114,52.32934011984207,6.097481995749059,23420.0,0.802833,486.4239,3000.0,86.7806,1.6786290411577476,EJU5284_1390,pop,93028.83285635815,0.0,True
72730.78076824395,502.7281,19347.753632741278,-777.285572489469,7422.288055227649,52.33154012306461,6.165696902590371,24351.0,0.815408,492.1548,3000.0,86.7345,1.6691527107614996,EJU5284_1390,pop,92658.71472308095,0.0,True
72699.65041361349,521.3476,24036.73461596872,-509.75595525344414,7706.050130011577,52.33375999378129,6.234721412073148,25282.0,0.82,493.02,3000.0,86.6895,1.6574208853544357,EJU5284_1390,pop,91945.6302730084,0.0,True
72668.66828530066,539.9672,28733.706571274848,-238.07040861941567,7989.812204795095,52.33597658671747,6.303870755657063,26213.0,0.82,491.1064,2982.0,86.6477,1.6418934088907933,EJU5284_1390,pop,90713.06347165353,0.0,True
72637.94896744916,558.5868,33412.268536461495,35.981265257228905,8271.868431154617,52.33817520653689,6.372756237530065,27139.0,0.82,489.1968,2759.0,86.6113,1.5902351541932633,EJU5284_1390,pop,86632.21921071607,0.0,True
72608.15157071064,577.2063,38074.23475898219,312.02988803738197,8532.79055602889,52.340352872029435,6.441404460151385,27995.0,0.82,487.4237,2535.0,86.5828,1.5368323177209302,EJU5284_1390,pop,82649.53001137747,0.0,True
72579.30355349438,595.8259,42720.870576635454,589.4901097941687,8772.578579414623,52.34250463757602,6.509833904397763,28781.0,0.82,485.7885,2312.0,86.5631,1.4821527737055655,EJU5284_1390,pop,78780.27330354037,0.0,True
72551.4311967843,614.4454,47353.458279229344,867.7085014438408,8991.232501310815,52.34462489978941,6.57806326340764,29499.0,0.82,484.2926,2088.0,86.5514,1.4258571930032742,EJU5284_1390,pop,74982.73062520463,0.0,True
72524.55979845054,633.065,51973.287150980694,1146.1113283903646,9188.752321717075,52.34670872703169,6.646111314277395,30147.0,0.819344,482.5511,1865.0,86.5456,1.3683045519344428,EJU5284_1390,pop,71222.14561012584,0.0,True
72498.72904920907,651.6845,56577.956492345154,1424.0660648847036,9365.138040633303,52.34875099681614,6.713942475344195,30726.0,0.816921,479.915,1641.0,86.5435,1.3087742693412663,EJU5284_1390,pop,67369.33266971172,0.0,True
72474.0062986417,670.3041,61158.85103086995,1700.752946903332,9520.38965805962,52.35074567870248,6.781429602488544,31235.0,0.814435,477.3909,1418.0,86.5431,1.2481571525912476,EJU5284_1390,pop,63584.87347735312,0.0,True
72450.42019895959,688.9237,65716.96097845046,1976.0943118026541,9654.507173996473,52.352692547636934,6.848587054348721,31675.0,0.81188,474.9759,1194.0,86.5433,1.1859851503172405,EJU5284_1390,pop,59830.02363566909,0.0,True
72427.99894132967,707.5432,70253.24245332427,2250.1038151647745,9767.49058844495,52.35459216843957,6.915428708316128,32046.0,0.809206,472.6397,971.0,86.5435,1.1227672438612288,EJU5284_1390,pop,56123.28091008111,0.0,True
72406.77114059016,726.1628,74768.35659525222,2522.8173749901644,9859.339901408592,52.3564453122898,6.9819641098505185,32347.0,0.806532,470.4517,748.0,86.5437,1.0583443751219732,EJU5284_1390,pop,52452.715391269456,0.0,True
73609.14798086777,0.0,11108.0,30739.0,0.0,52.315684173066735,4.779660906110491,0.0,0.18935704228820205,125.25573839150044,0.0,183.66193557551978,1.3831661377730007,EJU5284_1390,real,70118.57313133328,0.18124912941615445,True
73559.57667659433,29.0,10919.0,27088.0,594.36,52.2828369140625,4.776763916015625,1950.0,0.22392041809859825,147.12239802287073,1472.0,182.3373058591238,1.8633259743353632,EJU5284_1390,real,127272.28121043365,0.07697267816825494,True
73512.01113800946,49.0,11302.0,25482.0,754.38,52.26837158203125,4.7823333740234375,2475.0,0.2659660088753881,174.42763542512407,1472.0,152.7004277886672,1.7809902035634984,EJU5284_1390,real,105529.72846569309,0.06734988857356872,True
73484.52558459037,69.0,12855.0,24224.0,876.3000000000001,52.25701904296875,4.8050689697265625,2875.0,0.3308967722303236,216.7071757002984,1408.0,111.94869908352698,1.596887323552999,EJU5284_1390,real,85026.14283565918,0.06140146438999715,True
73451.52023603204,89.0,15192.0,24123.0,1165.8600000000001,52.25605773925781,4.839324951171875,3825.0,0.3616433624196979,236.05296015936761,3584.0,88.78628794224619,1.8832497644728687,EJU5284_1390,real,144628.81081380934,0.057874166473976835,True
73419.63218703786,109.0,17696.0,24090.0,1501.14,52.255678338519594,4.8760463169642865,4925.0,0.3771965233095309,245.246814454337,2176.0,92.57073711069053,1.7496269186988345,EJU5284_1390,real,100873.96679344832,0.055115796936026376,True
73374.1535291519,129.0,20367.0,23955.0,1714.5,52.2543748758607,4.915204729352679,5625.0,0.4154083118125566,269.41789101691074,2816.0,93.19162665655428,1.8164919825833508,EJU5284_1390,real,112300.33957169746,0.051473673847739085,True
73325.86097973054,159.0,24564.0,23788.0,2186.94,52.252698995299255,4.976728166852679,7175.0,0.44073257126554094,284.2534080710379,2816.0,92.41950921665635,1.7996775183523432,EJU5284_1390,real,108858.72241104272,0.04368156186779836,True
73293.36716311412,179.0,27562.0,23669.0,2522.2200000000003,52.25148863711599,5.020673479352679,8275.0,0.45345045083980573,291.29023327259017,3776.0000000000005,92.55790455019219,1.8684621492199276,EJU5284_1390,real,130131.4335527654,0.04000314199439404,True
73244.24848052415,199.0,30587.0,23552.0,2895.6000000000004,52.25027827893273,5.0650111607142865,9500.0,0.4554889319408372,291.29023327259017,3776.0000000000005,92.55790455019219,1.8678013523548616,EJU5284_1390,real,129733.68957664959,0.03809611255836426,True
73213.94163339386,219.0,33595.0,23430.0,3208.02,52.24900817871094,5.109100341796875,10525.0,0.4683398801593182,298.37727795527593,2048.0,92.8815837289982,1.6241697349788244,EJU5284_1390,real,87361.62040723106,0.03659749135386079,True
73176.88237724698,249.0,38533.0,23225.0,3421.38,52.246833413334215,5.1814662388392865,11225.0,0.5277941230773189,335.3818719012702,1728.0,92.73443690216453,1.5024080034065188,EJU5284_1390,real,77859.61928452516,0.03496995351864338,True
73146.61925007496,259.0,40273.0,23151.0,3528.0600000000004,52.24604202529131,5.20697021484375,11575.0,0.5395776407959338,342.42225394971047,2688.0,92.84569360940232,1.7218675804535546,EJU5284_1390,real,97308.59935064348,0.034267913057785405,True
73097.259553055,289.0,45409.0,22957.0,4198.62,52.243900622351696,5.2822265625,13774.999999999998,0.5124171149385497,322.50271316688173,5120.0,93.19953970956257,1.8855977191492765,EJU5284_1390,real,149988.2551502907,0.03047996157568531,True
73051.4817744029,319.0,50295.0,22585.0,4732.02,52.24012989108845,5.353794642857143,15525.0,0.5058424492884497,316.2419959461425,1984.0,95.07960786001458,1.5683060917292304,EJU5284_1390,real,82727.40910293272,0.027256773198653134,True
73019.75817742977,339.0,53576.0,22329.0,4853.9400000000005,52.237518310546875,5.4018402099609375,15925.0,0.5389663959115971,336.4312708414603,896.0,95.28694085023533,1.1680155944393604,EJU5284_1390,real,58219.189621057296,0.02531744347093468,True
72996.60882112817,359.0,57197.0,22018.0,4968.240000000001,52.23435974121094,5.454864501953125,16300.000000000002,0.5707035795767226,355.72601816566635,1664.0,95.64648599836268,1.4396376972161455,EJU5284_1390,real,73650.30186310923,0.023307429861161213,True
72967.04434052554,379.0,60861.0,21711.0,5212.08,52.231201171875,5.5084991455078125,17100.0,0.5803336952216401,360.60643366418185,2944.0,95.41020410975807,1.7280126672206055,EJU5284_1390,real,98072.73517523348,0.021394591257060967,True
72936.82123874454,399.0,64472.0,21446.0,5532.12,52.22840881347656,5.561370849609375,18150.0,0.5757073135520969,356.2653505464712,2496.0,94.83041995828995,1.6439109054566674,EJU5284_1390,real,89148.06442331584,0.01952454010445664,True
72894.75453957533,419.0,68128.0,21194.0,5768.34,52.22569869736493,5.6148768833705365,18925.0,0.5852836896034973,361.08724707472015,2176.0,94.4473848500905,1.5622338084645024,EJU5284_1390,real,82256.02762402018,0.01814143626309894,True
72855.12668240466,449.0,73766.0,20897.0,6065.52,52.222300384004235,5.697431291852679,19900.0,0.6065674386355336,372.7733896082176,2112.0,93.69138598645128,1.5335106102622054,EJU5284_1390,real,80090.32910860385,0.016450782636032307,True
72828.55613720122,469.0,77621.0,20717.0,6278.88,52.220158981064614,5.7538539341517865,20600.0,0.6162088189679812,377.6413642597961,2048.0,93.33973273214838,1.5100262323732794,EJU5284_1390,real,78395.60327399045,0.006401098309903843,True
72786.45965404781,489.0,81581.0,20584.0,6515.1,52.2183837890625,5.8118438720703125,21375.0,0.6225421972608918,380.33669294455404,2688.0,92.41102974661125,1.6497460222369302,EJU5284_1390,real,89693.84949295696,0.0,True
72757.71996449496,509.0,85421.0,20496.0,6804.660000000001,52.217010498046875,5.868072509765625,22325.0,0.6183051367502632,376.29908317719827,2304.0,92.2845244580079,1.5641919666916904,EJU5284_1390,real,82407.53833426593,0.0,True
72722.5632264949,539.0,91324.0,20407.0,7040.88,52.21527099609375,5.9545135498046875,23100.0,0.641407408482272,389.12851347594665,1856.0,91.47257489127999,1.4354115459324635,EJU5284_1390,real,73378.62942049801,0.0,True
72695.1173081458,549.0,93365.0,20471.0,7147.56,52.21549987792969,5.9844207763671875,23450.0,0.6507220483963576,394.21440866614705,2368.0,88.11021569928815,1.5615781129444326,EJU5284_1390,real,82192.4450027796,0.0,True
72658.05196767687,579.0,99514.0,21315.0,7437.120000000001,52.22202107057733,6.074733189174108,24400.0,0.6728357885270371,406.02093542082287,1664.0,81.92976782208193,1.3668665410056193,EJU5284_1390,real,69153.1927948691,0.0,True
72624.51785769332,609.0,105681.0,22296.0,7642.860000000001,52.22970218981727,6.165370396205358,25075.0,0.6911769511132502,415.92427195344106,1472.0,82.12315853758628,1.304859902943312,EJU5284_1390,real,65567.50658333601,0.0,True
72583.53307480911,629.0,109911.0,23061.0,7879.080000000001,52.23575398073358,6.227600097656251,25850.0,0.697401711221053,418.3168655457248,2432.0,78.55575980312716,1.5487668169269004,EJU5284_1390,real,81214.74714388898,0.0,True
72561.64608146745,649.0,114086.0,24345.0,8046.72,52.24646099543167,6.289202008928572,26400.0,0.7186695398078384,430.08138764657093,1024.0,71.9863360812466,1.157987095143799,EJU5284_1390,real,57712.76083301105,0.0,True
72539.72773255526,669.0,118242.0,25845.0,8168.64,52.25907897949219,6.3506317138671875,26800.0,0.7336348123515781,438.2989847124905,1216.0,71.23434327961131,1.2183264630893844,EJU5284_1390,real,60849.37595281812,0.0,True
72516.43353571264,689.0,122524.0,27413.0,8321.04,52.27225093518273,6.413975306919643,27300.0,0.7399519735848002,441.1405671665212,1792.0,71.35969083958311,1.377181780537574,EJU5284_1390,real,69770.28679989072,0.0,True
72482.39745496807,709.0,126827.0,28988.0,8481.060000000001,52.28544616699219,6.4776611328125,27825.000000000004,0.7469176446757523,444.30282465903815,1280.0,71.36115246661119,1.2286460015319074,EJU5284_1390,real,61397.968619624866,0.0,True
72448.95933276466,739.0,133230.0,31304.0,8686.800000000001,52.30476379394531,6.5724945068359375,28500.000000000004,0.756003057813643,448.41498636865384,1472.0,71.80748603282792,1.2783178543549811,EJU5284_1390,real,64095.75691498934,0.0,True
72425.35506905994,759.0,137582.0,32875.0,8846.82,52.317825576006356,6.636997767857143,29024.999999999996,0.7619745069704553,450.94123785699617,1984.0,71.6454098614325,1.4096460382531648,EJU5284_1390,real,71773.49825123476,0.0,True
72387.2247146112,779.0,141949.0,34426.0,9060.18,52.33067399364406,6.701738630022322,29725.0,0.7534059933164831,444.52783939816413,1984.0,73.39952020946974,1.4031435649109256,EJU5284_1390,real,71358.7937103167,0.0,True
72359.8122074087,799.0,146320.0,35607.0,9319.26,52.34014892578125,6.7664337158203125,30575.0,0.728613153986401,428.3176391417939,2688.0,78.69006752597979,1.5679398441800956,EJU5284_1390,real,82699.30004349654,0.0,True
72320.75145509854,829.0,152559.0,36661.0,9692.640000000001,52.347930908203125,6.8585205078125,31800.000000000004,0.7040950470425913,411.6916321714591,1792.0,83.4446427115972,1.3532801521624134,EJU5284_1390,real,68348.73272532315,0.0,True
72299.38591540013,839.0,154704.0,36972.0,9768.84,52.3501328290519,6.890154157366072,32050.0,0.7046773826879796,411.5786680575173,1344.0,83.58294248384632,1.2156255345476703,EJU5284_1390,real,60696.420925225684,0.0,True
72267.07208706492,869.0,160926.0,37872.0,9959.34,52.3564453125,6.981964111328125,32675.0,0.711938610243589,414.67215966351057,1536.0,83.49196490607322,1.2711635446014313,EJU5284_1390,real,63693.321200507824,0.0,True
71037.09172428588,0.0,34058.24855159179,101161.12164332911,30.48000030422103,52.32130050569878,4.779960154006195,100.0,0.3,198.3755,2500.0,183.0038,1.9539939917742701,VLG12BR_219,fuel,123886.79511224995,0.17029053902592284,True
70988.6560519965,24.765,33927.062702077434,98661.08794118135,344.9953259132431,52.29882588062261,4.777777673249491,1132.0,0.367123,241.8975,2797.0,183.0038,1.8985210259647662,VLG12BR_219,fuel,115878.94884423693,0.10475522751181858,True
70941.63018026546,49.53,33766.93861797874,95609.57279488869,696.8977019666135,52.27139353023,4.775116818800085,2286.0,0.440307,288.9554,3000.0,199.5792,1.8607844446718655,VLG12BR_219,fuel,111122.3886583286,0.06910936461521967,True
70895.59698335298,74.295,32542.399893799527,92166.71799353011,1074.3160927255751,52.2405054948585,4.756788751568891,3525.0,0.515958,337.1348,3000.0,199.6034,1.8251709018151192,VLG12BR_219,fuel,107012.50043571877,0.05171519965806289,True
70850.51325999321,99.0599,31110.03499063948,88144.91458087154,1451.734483484779,52.20441986269433,4.735382926134188,4763.0,0.573994,373.4164,3000.0,199.6241,1.8200037233590995,VLG12BR_219,fuel,106442.1607015579,0.04255671262144879,True
70805.6047037998,123.8249,29520.80745379704,83687.78409932106,1829.1528742440196,52.16442383909065,4.711673979104111,6001.0,0.586444,379.8333,3000.0,199.623,1.809944695388442,VLG12BR_219,fuel,105348.98153334389,0.03865404142769525,True
70760.94946087083,148.5899,27904.219694157713,79153.64207214156,2206.5712650032274,52.12373188057782,4.687600521133575,7239.0,0.599237,386.3918,3000.0,199.6247,1.7997452141859853,VLG12BR_219,fuel,104262.58070045328,0.03861840573851528,True
70716.55100835286,173.3549,26259.451137899065,74540.8796632207,2583.989655762397,52.08232932490493,4.663152518011793,8478.0,0.612381,393.0946,3000.0,199.6521,1.7893951898287583,VLG12BR_219,fuel,103181.63510639154,0.040001087193332466,True
70672.41280002208,198.1199,24583.774102716685,69848.52945286022,2961.408046521529,52.0402073497078,4.638292201462567,9716.0,0.625889,399.9448,3000.0,199.6822,1.7789163977978868,VLG12BR_219,fuel,102108.14621061116,0.041625170884338106,True
70628.53826873898,222.8849,22876.255104039254,65074.94600132653,3338.8264372806166,51.997350924546154,4.613008161161521,10954.0,0.639769,406.9453,3000.0,199.6743,1.7682988560193325,VLG12BR_219,fuel,101040.79553094911,0.04397362650138817,True
70584.93082895453,247.6499,21139.3900375771,60217.21777265912,3716.2448280396584,51.95373348731063,4.587339065606279,12192.0,0.654033,414.099,3000.0,199.6363,1.7575429061008179,VLG12BR_219,fuel,99979.36200802602,0.04647293502858272,True
70541.5938792212,272.4148,19375.154714261655,55272.581390084524,4093.6632187986447,51.90932985463354,4.561315957757445,13431.0,0.668693,421.4087,3000.0,199.6185,1.7466370883112545,VLG12BR_219,fuel,98922.49925624425,0.048973486001692615,True
70498.53080465508,297.1798,17581.221579415575,50239.77266739676,4471.081609557575,51.864128483808116,4.534907257773807,14669.0,0.683758,428.8773,3000.0,199.6246,1.7356045871027075,VLG12BR_219,fuel,97872.21702127038,0.04216257420058295,True
70455.7449792898,321.9448,15754.838259078968,45117.639155630946,4848.500000316438,51.818118815978764,4.50807540051874,15907.0,0.699241,436.5075,3000.0,199.6041,1.7244339399102313,VLG12BR_219,fuel,96827.16673266416,0.03449436975508184,True
70413.23976825443,346.7098,13897.709382126755,39903.40221569996,5225.91839107523,51.77127551732365,4.480847748171356,17145.0,0.715154,444.3022,3000.0,199.5447,1.7131251221116635,VLG12BR_219,fuel,95787.12726361144,0.026564870250142338,True
70371.01852970119,371.4748,12012.8156411044,34593.796279713024,5603.3367818339375,51.72356886725218,4.453270160009251,18384.0,0.731508,452.2639,3000.0,199.4955,1.7016652722316894,VLG12BR_219,fuel,94750.73453012251,0.021350739847358118,True
70329.08461639915,396.2398,10098.680476907262,29187.10851381922,5980.7551725925505,51.674983227463684,4.425323816867201,19622.0,0.748315,460.3953,3000.0,199.4901,1.6900790769892713,VLG12BR_219,fuel,93720.02009126605,0.018147646014627865,True
70287.44137690253,421.0048,8150.550809971929,23682.747515278774,6358.173563351053,51.625513069891795,4.396942617541644,20860.0,0.765588,468.699,3000.0,199.4919,1.6783539137895978,VLG12BR_219,fuel,92694.58900779733,0.002437558533797432,True
70246.09177746349,445.7697,6167.012159880169,18078.904175161213,6735.5919541094245,51.57514180930194,4.368109095650005,22098.0,0.78334,477.1772,3000.0,199.4578,1.6664892953596915,VLG12BR_219,fuel,91708.13229355292,0.0,True
70205.02781251921,470.5347,4150.906748118923,12372.231702763693,7113.010344867653,51.52383897654257,4.338867460918176,23337.0,0.801582,485.8323,3000.0,199.4169,1.6544713842068264,VLG12BR_219,fuel,90901.39466809033,0.0,True
70164.19772908313,495.2997,2102.288242598253,6560.341903971098,7490.428735625737,51.47158277130387,4.309221594276282,24575.0,0.82,494.4692,3000.0,199.4098,1.6422148362016529,VLG12BR_219,fuel,90541.55507746869,0.0,True
70123.46814033072,520.0647,17.90358218238134,644.647326079484,7867.847126383783,51.418385571904906,4.279127775172477,25813.0,0.82,491.9298,2991.0,199.4097,1.622589908707121,VLG12BR_219,fuel,89008.55042282888,0.0,True
70083.17921933996,544.8297,-2055.7042250941895,-5240.515427077056,8244.1399036864,51.365455255545335,4.2492591797389085,27048.0,0.82,489.3849,2694.0,199.38,1.552637330205919,VLG12BR_219,fuel,83642.03475738788,0.0,True
70044.55010405416,569.5947,-4116.703747995697,-11099.580132794388,8583.045630544573,51.31275215948252,4.219640674128188,28160.0,0.82,487.0814,2397.0,199.3387,1.4802993872294727,VLG12BR_219,fuel,78476.8850526764,0.0,True
70007.63687357696,594.3597,-6164.902649086648,-16935.685703233845,8884.564306957302,51.260248226297485,4.190273696750545,29149.0,0.817023,483.2622,2100.0,199.3234,1.4049216208298931,VLG12BR_219,fuel,73256.01804076089,0.0,True
69972.57487266697,619.1247,-8196.525872638478,-22729.51601299788,9148.695932924278,51.20811739282145,4.161210695795395,30015.0,0.813896,479.6157,1802.0,199.3219,1.327169486910805,VLG12BR_219,fuel,68160.21811877599,0.0,True
69939.4252569296,643.8896,-10213.65512685048,-28482.469256157732,9375.440508445377,51.15634725339316,4.132420072231973,30759.0,0.810571,476.1141,1505.0,199.3017,1.2475255764111486,VLG12BR_219,fuel,63187.81169318377,0.0,True
69908.24878260795,668.6546,-12214.96179089521,-34196.75471065932,9564.798033520556,51.104918149327176,4.103919288494615,31381.0,0.807043,472.7563,1208.0,199.2755,1.165831153939188,VLG12BR_219,fuel,58303.21511708465,0.0,True
69879.10450384144,693.4196,-14200.412774600169,-39874.09940335544,9716.768508149822,51.053814742615074,4.0757072388302875,31879.0,0.803274,469.5189,911.0,199.2643,1.0821405518973846,VLG12BR_219,fuel,53487.24904906904,0.0,True
69852.0502322153,718.1846,-16171.952775792373,-45515.21392947241,9831.35193233325,51.003030778011386,4.047754563932853,32255.0,0.799105,466.3083,614.0,199.2664,0.9964068018088048,VLG12BR_219,fuel,48716.278039327706,0.0,True
69827.14479935175,742.9496,-18130.93764978285,-51119.74341022445,9908.548306070994,50.95256957197864,4.020040414157146,32508.0,0.794455,463.076,316.0,199.2553,0.9083559701576338,VLG12BR_219,fuel,43962.093835404674,0.0,True
69804.44485558169,767.7146,-20075.913812380488,-56687.650244000695,9948.357629363416,50.902431665739165,3.992584115418036,32639.0,0.789082,459.6781,19.0,199.2264,0.8184268496868634,VLG12BR_219,fuel,39233.64295612,0.0,True
69784.00778722028,792.4796,-22004.40400135009,-62217.29942400867,9950.77990221167,50.85263202283063,3.965419406728471,32647.0,0.788698,459.4383,-0.0,199.2043,0.8124080821986495,VLG12BR_219,fuel,38921.1343745335,0.0,True
69763.7240316113,817.2445,-23929.790516973484,-67744.90539728037,9950.779901966402,50.802844592311516,3.938356675031565,32647.0,0.788698,459.4381,-0.0,199.1907,0.8122618891318873,VLG12BR_219,fuel,38913.30411415058,0.0,True
69743.44410507345,842.0095,-25853.857318111604,-73272.96699927756,9950.779901721064,50.753046876826446,3.911370347844643,32647.0,0.788666,459.4195,-0.0,199.1668,0.8120948725710567,VLG12BR_219,fuel,38903.785931701066,0.0,True
69723.16882818569,866.7745,-27775.539642104068,-78801.60732106613,9950.779901475613,50.70323785814538,3.8844752828300653,32647.0,0.788685,459.4305,-0.0,199.1335,0.8119615233986527,VLG12BR_219,fuel,38896.99378894357,0.0,True
69702.89686766747,891.5395,-29694.055258803914,-84331.49613259309,9950.779901230106,50.6534116009127,3.8576823136503693,32647.0,0.788652,459.4117,-0.0,199.107,0.8117943825760165,VLG12BR_219,fuel,38887.46584686013,0.0,True
69682.6295616699,916.3045,-31609.93899005798,-89862.04417628606,9950.779900984502,50.60357343007144,3.8309834720491662,32647.0,0.788637,459.4024,-0.0,199.0948,0.8116380914596419,VLG12BR_219,fuel,38878.81599720008,0.0,True
69662.36648196995,941.0695,-33524.606532957776,-95392.88805441969,9950.779900738842,50.55372658101092,3.8043583645251657,32647.0,0.78864,459.4043,-0.0,199.0969,0.8114945970694538,VLG12BR_219,fuel,38871.199378076715,0.0,True
69642.107126739,965.8345,-35439.477801409594,-100923.68611675552,9950.77990049312,50.50387407468475,3.777786619485345,32647.0,0.788643,459.4061,-0.0,199.0989,0.8113510553598254,VLG12BR_219,fuel,38863.57756449203,0.0,True
71037.09172428469,0.0,34058.248551587225,101161.12164332316,30.48000030461819,52.32130050569873,4.779960154006127,100.0,0.3,198.3755,2269.0,183.0038,1.9002149907092185,VLG12BR_219,pop,116103.8583120401,0.1702905390259365,True
70989.61219247054,24.9627,33925.81586730873,98637.32677343968,318.16985606396895,52.298612273966896,4.777756941048864,1044.0,0.375853,247.7248,2568.0,183.0038,1.8347510080289233,VLG12BR_219,pop,108086.45813543214,0.10687018405668888,True
70943.81254310685,49.9255,33760.289834257295,95482.8656574141,643.8462000674475,52.27025446372321,4.775006405562451,2112.0,0.458067,300.7934,2868.0,179.4327,1.824580743316841,VLG12BR_219,pop,106947.05026837549,0.06994471002512069,True
70898.33838832377,74.8882,33798.29007707439,91645.37725407595,1007.5090323149238,52.2357417401489,4.7751800130753255,3305.0,0.539262,352.6337,3000.0,177.4963,1.8275818015467302,VLG12BR_219,pop,107280.71795443614,0.052033973807125294,True
70852.85962782362,99.8509,33994.9782075663,87147.06634506877,1387.9410227750416,52.19527653868194,4.777615391676281,4554.0,0.571923,372.3456,3000.0,177.9925,1.8216399356110689,VLG12BR_219,pop,106622.1021345513,0.04147652467654186,True
70807.55218578181,124.8136,34161.57744185667,82394.05216015413,1768.3730132351761,52.152522609978945,4.779579821153408,5802.0,0.584416,378.7905,3000.0,180.6905,1.8115224513121104,VLG12BR_219,pop,105518.98857876769,0.03378755161096031,True
70762.50157550084,149.7764,34103.265454189794,77555.73173396006,2148.8050036952995,52.109015367133715,4.77823882206767,7050.0,0.597256,385.3787,3000.0,183.9588,1.8012620550163039,VLG12BR_219,pop,104422.78903347832,0.03248852190155671,True
70717.71136172241,174.7391,33763.36786531247,72644.24029793068,2529.2369941553993,52.064867270002146,4.772774282579595,8298.0,0.610452,392.1131,3000.0,187.2705,1.790859429343519,VLG12BR_219,pop,103333.2871770754,0.03223222958630098,True
70673.18508463341,199.7018,33129.371387705454,67674.84816737343,2909.6689846154727,52.02021581120481,4.763017243160216,9546.0,0.624015,398.9969,3000.0,190.5983,1.78031527993631,VLG12BR_219,pop,102250.27613502229,0.03221962629743569,True
70628.92626240531,224.6646,32191.73507955637,62663.807088989095,3290.100975075517,51.975206625722834,4.748843079135902,10794.0,0.637956,406.033,3000.0,193.8946,1.7696300554412367,VLG12BR_219,pop,101173.52998893624,0.03250623513466576,True
70584.93839379489,249.6273,30945.8402707121,57627.33189486426,3670.5329655355276,51.92998419552731,4.730199487554996,12042.0,0.652285,413.2243,3000.0,197.0403,1.758804084390931,VLG12BR_219,pop,100102.81925637035,0.032992598714365266,True
70541.22496075636,274.59,29398.406090334218,52578.60603383606,4050.964955995497,51.88466460423367,4.7071992030555565,13291.0,0.667014,420.5738,3000.0,199.8295,1.7478260167310704,VLG12BR_219,pop,99036.79921494212,0.03389818342583215,True
70497.78943101017,299.5527,27575.14557330567,47522.47501317906,4431.396946455421,51.839287606689,4.680230121921493,14539.0,0.682155,428.0844,3000.0,202.0084,1.7367189627292998,VLG12BR_219,pop,97977.47017689601,0.034427020705568336,True
70454.63526050602,324.5155,25524.86977608217,42450.008743459664,4811.828936915295,51.79376793893622,4.650013344587357,15787.0,0.697718,435.759,3000.0,203.2855,1.7254715675929146,VLG12BR_219,pop,96923.4849850566,0.0307239006379506,True
70411.7658957098,349.4782,23323.142006903137,37334.09359496428,5192.260927375147,51.7478561151983,4.617654701511509,17035.0,0.713717,443.6003,3000.0,203.8028,1.714083668095399,VLG12BR_219,pop,95874.60344531095,0.025357662310815023,True
70369.1847756365,374.4409,21034.735692594044,32146.26944493107,5572.692917834968,51.701291983138276,4.58409968855986,18283.0,0.730163,451.6112,3000.0,203.8332,1.7025551497907008,VLG12BR_219,pop,94830.59932811512,0.02222674942770009,True
70326.89533354182,399.4037,18702.074272795526,26865.70983230666,5953.12490829476,51.653885792647294,4.549967225449577,19531.0,0.747069,459.7942,3000.0,203.4187,1.6908856425994985,VLG12BR_219,pop,93791.23249085873,0.019877901426191058,True
70284.90099817658,424.3664,16365.979007938064,21472.151656414484,6333.556898754448,51.605453601683905,4.515851117190066,20779.0,0.764447,468.1521,3000.0,203.2051,1.6790749323204666,VLG12BR_219,pop,92756.91754413115,0.004244518773990014,True
70243.20493004064,449.3291,14007.799815285052,15971.455205160966,6713.988889213848,51.55604856586759,4.481484045031538,22028.0,0.78231,476.6871,3000.0,203.168,1.6671092899344717,VLG12BR_219,pop,91756.31763814454,0.0,True
70201.80043297786,474.2918,11610.144963074421,10368.664534929158,7094.420879673121,51.505716159531374,4.446617858472097,23276.0,0.800671,485.4018,3000.0,203.1325,1.655014565789419,VLG12BR_219,pop,90928.69141997503,0.0,True
70160.63815112268,499.2546,9172.088210159467,4661.689133680608,7474.8528701323,51.45443712454288,4.411242850541556,24524.0,0.819544,494.2984,3000.0,203.0978,1.642776882188818,VLG12BR_219,pop,90562.06901150747,0.0,True
70119.57937338002,524.2173,6692.761029846428,-1151.6170309048875,7855.28486059143,51.402191680317074,4.375350278265905,25772.0,0.82,492.0145,3000.0,203.0647,1.6246400195876758,VLG12BR_219,pop,89171.9955352401,0.0,True
70078.92157408816,549.18,4228.347734247052,-6939.236557623075,8235.716851048892,51.3501661943227,4.339754629844593,27020.0,0.82,489.442,2700.0,203.0321,1.55408021393242,VLG12BR_219,pop,83748.16211752266,0.0,True
70039.94866907196,574.1428,1778.7011676967693,-12701.250933063913,8578.162353264526,51.298360195171405,4.304452254861145,28144.0,0.81928,486.687,2401.0,203.0003,1.481057592334049,VLG12BR_219,pop,78487.55030209366,0.0,True
70002.73728678291,599.1055,-655.2890712226066,-18435.299780212838,8882.621367236577,51.24679509190471,4.269455816849789,29142.0,0.816218,482.7994,2101.0,202.9697,1.4049424832691746,VLG12BR_219,pop,73213.9885759773,0.0,True
69967.40773597937,624.0682,-3068.047965661754,-24127.760512699122,9149.093892964656,51.19559360788229,4.234841192417974,30017.0,0.813038,479.1074,1802.0,202.9418,1.3268281368743156,VLG12BR_219,pop,68097.22502283733,0.0,True
69934.02173394077,649.0309,-5460.777986938346,-29780.635822298456,9377.579930448617,51.14473811436063,4.200589985682033,30766.0,0.809727,475.6043,1502.0,202.9177,1.2463878254129537,VLG12BR_219,pop,63082.81119778946,0.0,True
69902.63962497911,673.9937,-7834.759625651307,-35395.791232483454,9568.07947968841,51.09421210763186,4.166681868656756,31391.0,0.806108,472.1864,1203.0,202.8982,1.164054609444417,VLG12BR_219,pop,58164.655395733425,0.0,True
69873.32454988261,698.9564,-10190.806503149583,-40973.83621503129,9720.59254068403,51.044010363622355,4.1331033111711735,31892.0,0.802197,468.8637,903.0,202.8828,1.0793842233250588,VLG12BR_219,pop,53298.04368753389,0.0,True
69846.13688153532,723.9191,-12529.74324983694,-46515.502810931655,9835.119113435529,50.9941265389502,4.0998407207853225,32267.0,0.797976,465.6241,604.0,202.8709,0.9929421733737969,VLG12BR_219,pop,48497.58267280615,0.0,True
69821.1342759328,748.8819,-14852.23257628146,-52021.41484309518,9911.659197943036,50.94455525099271,4.066882904335678,32519.0,0.793154,462.2967,304.0,202.861,0.9040620660207621,VLG12BR_219,pop,43707.07305253843,0.0,True
69798.37750456814,773.8446,-17157.955953107834,-57490.21532146919,9950.212794206847,50.89530894653533,4.034232643377378,32645.0,0.787502,458.7452,4.0,202.8521,0.8129136630366235,VLG12BR_219,pop,38923.42704490199,0.0,True
69777.92754206213,798.8073,-19445.804425547045,-62918.96988546672,9950.779902227903,50.84641428659336,4.0019038615052835,32647.0,0.787421,458.6942,-0.0,202.8437,0.8115236172442554,VLG12BR_219,pop,38851.272189763935,0.0,True
69757.51627227636,823.77,-21732.610553787734,-68347.47869802866,9950.779901980266,50.79751295072711,3.9696576451411376,32647.0,0.787453,458.7133,-0.0,202.8355,0.8113977491817097,VLG12BR_219,pop,38845.121360323756,0.0,True
69737.10803153383,848.7328,-24018.734248151915,-73776.54111439342,9950.779901732552,50.74859778164666,3.93748863307757,32647.0,0.787415,458.6906,-0.0,202.8277,0.8112248606640111,VLG12BR_219,pop,38835.231467450896,0.0,True
69716.7046625244,873.6955,-26304.005804873224,-79205.64619910704,9950.779901484753,50.69967342401292,3.9053989316595414,32647.0,0.7874,458.682,-0.0,202.8205,0.8110679150247677,VLG12BR_219,pop,38826.608920748025,0.0,True
69696.30554282128,898.6582,-28588.5579008464,-84634.93379224348,9950.77990123689,50.65073865743739,3.8733863878813346,32647.0,0.78741,458.6878,-0.0,202.8147,0.8109272708223019,VLG12BR_219,pop,38819.27922170497,0.0,True
69675.91003352354,923.621,-30872.588653020124,-90064.52161939084,9950.77990098896,50.60179245464518,3.841447932181408,32647.0,0.787391,458.6766,-0.0,202.8106,0.81076750941166,VLG12BR_219,pop,38810.43227570569,0.0,True
69655.51888165678,948.5837,-33156.16913149091,-95494.1432460396,9950.77990074097,50.55283724713601,3.809582274352894,32647.0,0.787367,458.6627,-0.0,202.8084,0.8106047544685852,VLG12BR_219,pop,38801.34849812528,0.0,True
69635.13220374011,973.5464,-35439.47780139542,-100923.68611675328,9950.779900492924,50.50387407468477,3.7777866194855454,32647.0,0.787343,458.6489,-0.0,202.8063,0.8104421657984262,VLG12BR_219,pop,38792.278523244684,0.0,True
71002.4375572096,0.0,10796.0,30807.0,0.0,52.31629943847656,4.77508544921875,0.0,0.15597559922854112,103.1746092796091,64.0,183.3338506615366,1.715386220100898,VLG12BR_219,real,96484.15348577192,0.1823713933687491,True
70938.26838316087,31.0,10981.0,28478.0,198.12,52.29534084514036,4.7777186802455365,650.0,0.21266184501000268,140.356688476182,3264.0,184.08561677997488,1.8887818319376763,VLG12BR_219,real,208893.4405834549,0.1279550832819096,True
70901.18533774759,51.0,11064.0,26967.0,403.86,52.28174759169756,4.778895786830358,1325.0,0.2341454544374798,154.17522498767434,1536.0,172.92107839538778,1.8356107479589556,VLG12BR_219,real,117005.83496907196,0.08983291770094448,True
70836.6799148989,91.0,11916.0,23331.0,640.08,52.24900817871094,4.791259765625,2100.0,0.32615596129876306,214.1821654573508,1472.0,165.12027824799682,1.5879381420970933,VLG12BR_219,real,84267.69031652858,0.062226765997820024,True
70801.79854551963,111.0,12513.0,21053.0,807.72,52.228491831634,4.7999267578125,2650.0,0.3711532592463306,243.26323191144198,2176.0,165.96375653207352,1.7266277842755535,VLG12BR_219,real,97872.83691561726,0.050639166153174556,True
70726.53504452697,151.0,12670.0,16014.0,1447.8000000000002,52.18314995199947,4.802045549665179,4750.0,0.3811596152217534,247.97782158894776,3136.0,185.08983650928786,1.8524794111204232,VLG12BR_219,real,122507.4860758807,0.03886961188115652,True
70689.3989609445,171.0,12462.0,13427.0,1783.0800000000002,52.15987383309057,4.798906598772322,5850.0,0.3885496555014927,251.79555198613022,3008.0,184.5557753287536,1.8382361373342777,VLG12BR_219,real,117776.9784878692,0.03471092678289023,True
70617.82226391973,211.0,12051.0,8129.0,2354.58,52.112204341565146,4.792707170758929,7724.999999999999,0.41466455539209807,266.9082239272518,2304.0,184.7279878188422,1.7075895449824021,VLG12BR_219,real,95628.68336356706,0.03201690720423688,True
70582.32900747395,231.0,11823.0,5338.0,2621.28,52.08709716796875,4.789276123046875,8600.0,0.4285428826428678,274.96363395911106,2624.0,184.79825103687205,1.7569161940681597,VLG12BR_219,real,101862.4579813847,0.03150779233675924,True
70516.06531951914,271.0,11356.0,-344.0,3192.78,52.03596496582031,4.782257080078125,10475.0,0.447413879521229,285.0982286861846,1600.0,185.0306751409608,1.4653683690929653,VLG12BR_219,real,75314.60243928581,0.03035621537520244,True
70491.4117415351,291.0,11089.0,-3373.0,3307.0800000000004,52.00871871689618,4.7782679966517865,10850.0,0.48602325920366896,309.2701084812433,1024.0,185.1944289077348,1.2203521102112325,VLG12BR_219,real,60945.81126830302,0.030236530634678578,True
70427.21891048928,331.0,10513.0,-10057.0,3703.32,51.948577880859375,4.7696685791015625,12150.0,0.5278512869951365,334.26037755019667,1984.0,184.97716534638064,1.5362626697054569,VLG12BR_219,real,80277.20258803602,0.02985130005173555,True
70390.72810481697,351.0,9946.0,-13385.0,3970.02,51.91864013671875,4.761317661830358,13025.0,0.5211592904403554,328.93768406797057,3456.0,199.53665493812838,1.8062948807807648,VLG12BR_219,real,110121.3741523739,0.029854334418777204,True
70321.21288224893,391.0,7116.0,-19380.0,4617.72,51.86473264532574,4.720001220703125,15150.0,0.5107793813874676,319.7889929312765,2624.0,205.76376384697096,1.6852628656531832,VLG12BR_219,real,93196.56828233495,0.031464690582842375,True
70256.72978091953,431.0,4287.0,-25301.0,5097.780000000001,51.81147688526218,4.678802490234375,16725.0,0.5246737860442847,326.49655434629017,2176.0,205.7802265740861,1.5676997946570441,VLG12BR_219,real,82660.93447896882,0.030827093331270025,True
70227.4799731154,451.0,2822.0,-28349.0,5318.76,51.7840576171875,4.6575164794921875,17450.0,0.5348154263912941,331.86895003901765,1792.0,205.71571504570014,1.4478654863052463,VLG12BR_219,real,74165.64677041087,0.02855518354441464,True
70168.05522803847,501.0,-927.0,-36163.0,5844.54,51.7137451171875,4.603123020481419,19175.0,0.5522640786822601,340.37920030460145,1664.0,205.58637484015998,1.3910830652300727,VLG12BR_219,real,70595.64914418943,0.02276491753050232,True
70140.97420298815,521.0,-2460.0,-39357.0,6042.66,51.68499755859375,4.580927668391047,19825.0,0.5646016669875664,347.0864445638867,1536.0,205.60528897936518,1.3405107399922707,VLG12BR_219,real,67590.96029894709,0.020960343177188243,True
70082.41073747679,561.0,-5615.0,-45924.0,6393.18,51.625873113082626,4.535369873046875,20975.0,0.5869459861620456,359.1670920337775,1920.0,205.56622221881358,1.4459413687976803,VLG12BR_219,real,74041.34168441917,0.0004883885369930977,True
70056.57304754417,581.0,-7223.0,-49256.0,6568.4400000000005,51.59587097167969,4.512188885663007,21550.0,0.5963396223114157,364.07142156450567,1408.0,205.72045713165843,1.278965651666176,VLG12BR_219,real,64112.13967161534,0.0,True
70000.75271503074,621.0,-10490.0,-56060.0,6918.96,51.53458417472193,4.465179443359375,22700.0,0.6161009786374402,374.3861642742691,1856.0,205.46992473335314,1.4074774107711472,VLG12BR_219,real,71604.11989258675,0.0,True
69973.19372633591,641.0,-12159.0,-59536.0,7086.6,51.503265380859375,4.44122314453125,23250.0,0.6233722139412483,377.95502377928517,1728.0,205.54807314635883,1.3641699403959016,VLG12BR_219,real,68979.29000886582,0.0,True
69912.79953718894,681.0,-15542.0,-66572.0,7513.320000000001,51.43986511230469,4.392749683277027,24650.0,0.6232655626721145,375.71931012392747,3264.0,205.54202098841014,1.7101860476456945,VLG12BR_219,real,95926.87059997287,0.0,True
69886.61413942007,701.0,-17199.0,-70019.0,7787.64,51.40880002813824,4.369049072265625,25550.0,0.6122131703179925,367.6792080061096,1536.0,205.44994567495192,1.2961771895605165,VLG12BR_219,real,65066.075173410034,0.0,True
69849.13784069008,741.0,-20595.0,-77036.0,7909.56,51.345535536943856,4.3206024169921875,25950.0,0.6542536262871731,392.2715895906814,512.0,205.51986214301704,0.929913620997689,VLG12BR_219,real,46603.30253511932,0.0,True
69831.14436954696,761.0,-22347.0,-80672.0,7962.900000000001,51.312744140625,4.295654296875,26125.0,0.6733911199436133,403.45012083279886,384.0,205.5488246354071,0.8906768215854105,VLG12BR_219,real,44774.996843980836,0.0,True
69782.87319051554,801.0,-26004.0,-88274.0,8183.88,51.244171142578125,4.243691934121622,26850.0,0.693440205265668,414.19802027532677,1152.0,205.4514505676449,1.1529782624953246,VLG12BR_219,real,57448.22203090419,0.0,True
69735.64690758451,841.0,-29700.0,-96006.0,8427.720000000001,51.174407958984375,4.19135841163429,27650.000000000004,0.7100605746483497,422.6925596695546,1344.0,203.71475474341304,1.2074166070561858,VLG12BR_219,real,60264.06471021083,0.0,True
69711.727786763,861.0,-31338.0,-100147.0,8572.5,51.137054443359375,4.1682722761824325,28125.0,0.7165262554055134,425.68063145978346,1280.0,199.20111714279673,1.1839964806657584,VLG12BR_219,real,59041.978206095584,0.0,True
69664.4932289911,901.0,-34222.0,-108393.0,8823.960000000001,51.06268413996292,4.1278076171875,28950.0,0.7270404535287777,430.4056226398535,1280.0,198.98221001503063,1.1770077211355428,VLG12BR_219,real,58680.41472840049,0.0,True
69640.01631708835,921.0,-35683.0,-112536.0,8945.880000000001,51.02530269299523,4.10736083984375,29350.000000000004,0.7304431412227487,431.6769625541766,1408.0,199.06454743133227,1.211607139187554,VLG12BR_219,real,60484.264242808305,0.0,True
69594.40273438116,961.0,-38650.0,-120942.0,9182.1,50.94946909759004,4.0659332275390625,30125.0,0.7398669882291953,435.7843503385591,1216.0,199.01703395811242,1.1473001154345328,VLG12BR_219,real,57159.42605695444,0.0,True
69572.4848524353,981.0,-40112.0,-125102.0,9288.78,50.91192626953125,4.045566868137669,30475.0,0.7426001070612175,436.7298936413673,1024.0,198.97428490819053,1.0849351563214067,VLG12BR_219,real,54039.33672496186,0.0,True
69527.33377180259,1021.0,-43375.0,-133515.0,9532.62,50.83598327636719,4.000136916701858,31275.0,0.7430473562886555,435.4698611844452,960.0,202.26562952463834,1.0566099979679946,VLG12BR_219,real,52650.81678921338,0.0,True
69501.4218273166,1041.0,-45106.0,-137655.0,9677.4,50.79859329482256,3.9760589599609375,31749.999999999996,0.7407853690134881,433.240118179284,1728.0,202.24345987984464,1.2826412520572434,VLG12BR_219,real,64316.529333301376,0.0,True
69457.93777247402,1081.0,-48490.0,-145780.0,9944.1,50.72520446777344,3.929096943623311,32625.0,0.7385338826397115,430.25806209762067,960.0,201.97450799147197,1.0444454829617151,VLG12BR_219,real,52058.3761465309,0.0,True
69439.42179221779,1101.0,-50190.0,-149874.0,10035.54,50.68821793895656,3.9055633544921875,32925.0,0.7417554633355441,431.5599610714599,576.0,202.04794746356038,0.9165410226845457,VLG12BR_219,real,45981.91257136412,0.0,True
69410.0560019498,1141.0,-53612.0,-158106.0,10058.4,50.61383056640625,3.8582972476356905,33000.0,0.7560451264393498,439.7271881519268,0.0,201.89819280563898,0.7274147183344999,VLG12BR_219,real,37325.312771525154,0.0,True
69395.35214285381,1161.0,-55349.0,-162290.0,10050.78,50.576019287109375,3.834373072574013,32975.0,0.756603948797379,440.1011247429391,0.0,202.0189873500194,0.7278410252518301,VLG12BR_219,real,37346.03399370728,0.0,True
69366.54310685574,1201.0,-59446.0,-170262.0,10050.78,50.503875732421875,3.7777790270353617,32975.0,0.7495712053942758,436.0103209787585,0.0,209.09289487941786,0.7237805088577658,VLG12BR_219,real,37145.42447534303,0.0,True
77219.99990000404,0.0,-74454.49527436236,-1701.282999970544,30.480000304336038,52.321296954861445,4.779960377761679,100.0,0.3,198.3755,2282.0,183.0038,1.9770012487537851,EJU42KM_1219,fuel,127692.4082089155,0.1702930026610932,True
77183.43968128743,18.4801,-74552.57056836848,-3570.3248253521565,244.6785451831579,52.30447719754593,4.77893410185183,803.0,0.343429,226.5432,2503.0,183.0038,1.9429439717672474,EJU42KM_1219,fuel,122173.12964817879,0.1265866611418959,True
77147.51566195222,36.9603,-74664.61265092659,-5705.534723278972,479.69590514197125,52.285262149085305,4.777762553553424,1574.0,0.389666,256.3576,2725.0,155.2835,1.9228215224547038,EJU42KM_1219,fuel,119213.89667059065,0.08628650838763524,True
77111.97921929118,55.4404,-73652.6179888869,-7904.1033334640715,735.5320801809758,52.265629655554974,4.793121611404916,2413.0,0.436841,286.5539,2947.0,127.5633,1.9174682345985519,EJU42KM_1219,fuel,118458.29113498202,0.06743864920385857,True
77076.56008142055,73.9206,-71507.64038879577,-9553.770081529185,1012.1870702997708,52.2510799109209,4.82498983638061,3321.0,0.483303,316.0239,3000.0,99.8431,1.8953414665871058,EJU42KM_1219,fuel,115459.65390193718,0.057220095350515164,True
77041.5694252556,92.4007,-68565.18542690325,-10064.297572783735,1293.8245572100072,52.24686521392604,4.868314413754533,4245.0,0.530519,345.7684,3000.0,84.7459,1.8767580325297377,EJU42KM_1219,fuel,113079.64287120596,0.052298703252838356,True
77006.94334132288,110.8809,-65309.105454033386,-9764.871050689811,1575.4620441203976,52.24995542235464,4.916079014857158,5169.0,0.578038,375.5046,3000.0,84.7436,1.8700138688811585,EJU42KM_1219,fuel,112243.84916334486,0.050351053265718176,True
76972.46229697204,129.361,-61771.08455688502,-9439.374241614723,1857.0995310308342,52.25329263598988,4.967987002149255,6093.0,0.58738,380.3141,3000.0,84.7442,1.8628518423224214,EJU42KM_1219,fuel,111371.42066248244,0.04620254426773424,True
76938.11522759873,147.8412,-58187.50574751063,-9109.722354954087,2138.737017941245,52.25664928002445,5.020571333936903,7017.0,0.596912,385.2024,3000.0,84.7492,1.8556016363562415,EJU42KM_1219,fuel,110503.44047158948,0.0424398821655861,True
76903.90376245425,166.3213,-54557.59961923939,-8776.132584859932,2420.3745048516307,52.26002258035709,5.073843598853556,7941.0,0.606639,390.1709,3000.0,84.754,1.848263787935582,EJU42KM_1219,fuel,109639.83589982569,0.040488024219327075,True
76869.82952017842,184.8015,-50880.61296742389,-8438.520792459958,2702.0119917619886,52.26341243869104,5.12781509572203,8865.0,0.616566,395.2208,3000.0,84.7554,1.8408387715912418,EJU42KM_1219,fuel,108780.52734971044,0.038139257502793046,True
76835.894109038,203.2816,-47155.79830152227,-8096.614969293014,2983.649478672314,52.26682041309882,5.182497019753021,9789.0,0.626696,400.3532,3000.0,84.7552,1.8333270157542672,EJU42KM_1219,fuel,107925.4308558349,0.03640386404247551,True
76802.09912718231,221.7618,-43382.3882513504,-7750.234211558995,3265.286965582606,52.27024721088079,5.237900885238922,10713.0,0.637035,405.5694,3000.0,84.7562,1.8257289842662368,EJU42KM_1219,fuel,107074.46761871199,0.03463311550337671,True
76768.44616291013,240.2419,-39559.5866338738,-7399.386636509358,3546.924452492862,52.273691807244106,5.294038663582031,11637.0,0.647586,410.8705,3000.0,84.7604,1.818045067251992,EJU42KM_1219,fuel,106227.55178683126,0.03077989323276408,True
76734.93679494169,258.7221,-35686.57343344006,-7044.215885573989,3828.561939403082,52.2771519242769,5.350922693778133,12561.0,0.658354,416.2579,3000.0,84.7674,1.810275725940517,EJU42KM_1219,fuel,105384.60670988119,0.02697842793985281,True
76701.57259268864,277.2022,-31762.51870603409,-6684.850773153541,4110.1994263132565,52.28062538061291,5.408565455808447,13485.0,0.669344,421.7326,3000.0,84.7734,1.8024212863169804,EJU42KM_1219,fuel,104545.54247072109,0.0237768050983545,True
76668.35511651509,295.6824,-27786.606036177785,-6321.150034995135,4391.836913223383,52.28411238460587,5.466979205150118,14409.0,0.680561,427.2958,3000.0,84.7781,1.7944821179440402,EJU42KM_1219,fuel,103710.275658479,0.020900102002850033,True
76635.28591798074,314.1625,-23758.00853801404,-5952.964955612726,4673.474400133461,52.28761317330616,5.526176359960257,15333.0,0.692008,432.9487,3000.0,84.7859,1.7864585785243652,EJU42KM_1219,fuel,102878.72328135953,0.0194730809787618,True
76602.36654005756,332.6427,-19675.86059016807,-5580.450460298957,4955.111887043481,52.29112521459226,5.586169935491021,16257.0,0.703692,438.6925,3000.0,84.7971,1.7783510167301588,EJU42KM_1219,fuel,102050.80311496067,0.01816342766244407,True
76569.59851730969,351.1228,-15539.283902804245,-5203.782557528566,5236.749373953439,52.294645745194124,5.646973129255959,17181.0,0.715617,444.5283,3000.0,84.8076,1.7701597412272463,EJU42KM_1219,fuel,101226.43063878213,0.01694317264117943,True
76536.98337602665,369.603,-11347.41552184988,-4822.852613223364,5518.386860863327,52.29817451828771,5.708598897327677,18105.0,0.727788,450.4572,3000.0,84.8169,1.7618850567186346,EJU42KM_1219,fuel,100405.52283044302,0.015847317281688818,True
76504.52263429783,388.0831,-7099.385510089201,-4437.513379940411,5800.024347773137,52.301711591298854,5.771060306096413,19029.0,0.74021,456.4802,3000.0,84.8285,1.753527233627,EJU42KM_1219,fuel,99587.99519257409,0.014920167361248259,True
76472.2178020159,406.5633,-2794.2897498178886,-4047.8816444884624,6081.661834682856,52.30525460599774,5.834370941376935,19953.0,0.752887,462.5984,3000.0,84.8416,1.7450865834346998,EJU42KM_1219,fuel,98773.77145184489,0.01432309701053014,True
76440.07037931058,425.0434,1568.7796872334231,-3654.0070250373187,6363.299321592475,52.30880171190452,5.8985441600622766,20877.0,0.765826,468.8129,3000.0,84.8517,1.7365634313804468,EJU42KM_1219,fuel,97965.61138608592,0.001749474999223013,True
76408.08117994963,443.5236,5990.709762010989,-3255.599389312737,6644.936808501978,52.312354068802556,5.963593842187147,21801.0,0.779031,475.1247,3000.0,84.8608,1.727958080651157,EJU42KM_1219,fuel,97187.96215719258,0.0,True
76376.245763777,462.0037,10472.411005119606,-2852.52473787675,6926.574295410006,52.31591151903179,6.029533357155546,22725.0,0.792326,481.4241,3000.0,84.8724,1.719229985850261,EJU42KM_1219,fuel,96496.99612377805,0.0,True
76344.54774804664,480.4839,15013.780982590704,-2445.0109537893168,7208.211782318503,52.319470527051465,6.096361492793383,23649.0,0.803571,486.4145,3000.0,84.8833,1.7099101753345023,EJU42KM_1219,fuel,95887.8899956694,0.0,True
76312.97022098521,498.964,19602.41577232509,-2034.14123102592,7489.849269227265,52.32302029774363,6.163895957546314,24573.0,0.812739,490.0946,3000.0,84.8917,1.7000572853277647,EJU42KM_1219,fuel,95362.23677859784,0.0,True
76281.49569804309,517.4442,24225.88864372224,-1620.8311850752798,7771.48675613617,52.3265519460867,6.231954013548051,25497.0,0.819805,492.4623,2828.0,84.9013,1.6601440606297015,EJU42KM_1219,fuel,92317.94406830992,0.0,True
76250.65146292288,535.9243,28873.23236688917,-1206.169599854365,8036.983845025466,52.33005536440405,6.3003742749126195,26368.0,0.82,490.7875,2606.0,84.9125,1.6084599765744463,EJU42KM_1219,fuel,88157.67785850313,0.0,True
76220.71748459437,554.4045,33506.53938753497,-793.6766374982604,8281.662118836157,52.33350060013782,6.368598519890243,27171.0,0.82,489.1304,2385.0,84.9197,1.5551299884929748,EJU42KM_1219,fuel,84103.21103172527,0.0,True
76191.72849829374,572.8846,38125.87069502116,-383.01147685502195,8505.521577567135,52.33689106041694,6.436627431966389,27905.0,0.82,487.6093,2163.0,84.9244,1.4999170130832353,EJU42KM_1219,fuel,80128.12403302144,0.0,True
76163.71472409966,591.3648,42732.41850946073,26.1346179005946,8708.562221218055,52.34022977252552,6.504478362608545,28571.0,0.819409,485.8752,1941.0,84.932,1.442932636195482,EJU42KM_1219,fuel,76184.65828208847,0.0,True
76136.71879044741,609.8449,47324.106326080255,433.3506034784837,8890.784049788768,52.34351353304144,6.572120469818548,29169.0,0.816832,483.1068,1719.0,84.9392,1.3838264378824754,EJU42KM_1219,fuel,72144.93590976276,0.0,True
76110.81694214541,628.3251,51891.06054795799,837.7916627973823,9052.187063279218,52.346736047298315,6.639408035824293,29699.0,0.814228,480.4688,1498.0,84.9408,1.3233699927574534,EJU42KM_1219,fuel,68184.18159708765,0.0,True
76086.04152819236,646.8052,56434.39114357398,1240.0142618915618,9192.771261689413,52.34990281601706,6.706357198190012,30160.0,0.811507,477.9079,1276.0,84.9418,1.2611035436425233,EJU42KM_1219,fuel,64255.62476744628,0.0,True
76062.42618449277,665.2854,60954.73732666091,1640.1178175799575,9312.53664501942,52.3530152425481,6.7729771189830785,30553.0,0.808766,475.4812,1054.0,84.9473,1.1973159251857575,EJU42KM_1219,fuel,60373.41077619622,0.0,True
76040.00145793783,683.7655,65453.31083712781,2037.8641526850934,9411.483213269388,52.356071602164064,6.839285335372173,30878.0,0.805812,473.0749,832.0,84.9493,1.1319730761820406,EJU42KM_1219,fuel,56517.054560622375,0.0,True
76018.80111554355,702.2457,69930.18868679952,2433.5342039594684,9489.610966439703,52.3590749411784,6.9052827803627,31134.0,0.802739,470.7433,610.0,84.9458,1.0651562550184202,EJU42KM_1219,fuel,52688.66060697708,0.0,True
75998.8554208431,720.7258,74385.94575157651,2827.6086221762976,9546.919904531542,52.362030029057046,6.970977781724448,31322.0,0.799666,468.5553,389.0,84.9424,0.9972621623850695,EJU42KM_1219,fuel,48907.37372322191,0.0,True
77219.99990000596,0.0,-74454.4952742375,-1701.2830338998097,30.480000304526865,52.32129695455638,4.779960377771071,100.0,0.3,198.3755,1746.0,183.0038,1.8333854057506558,EJU42KM_1219,pop,107932.02396915061,0.17029300288098786,True
77185.902053024,18.5819,-74553.3998796242,-3586.129223323968,195.3236245599438,52.304334971623845,4.778925426873299,641.0,0.357773,236.1374,1969.0,183.0038,1.7789678525020178,EJU42KM_1219,pop,102113.36782326072,0.1380466907899603,True
77152.83472480689,37.1637,-74671.1623209667,-5830.35322031478,381.2158373035072,52.284138889911496,4.7776940970413015,1251.0,0.417366,274.8894,2192.0,155.131,1.7671042146185618,EJU42KM_1219,pop,100921.93765257353,0.09259377994367554,True
77120.01305374017,55.7456,-73570.78836343937,-8204.265323631329,588.1566385352355,52.26294158876274,4.794389788655904,1930.0,0.478513,314.4199,2415.0,127.2582,1.785910203799641,EJU42KM_1219,pop,102822.33939871931,0.070147054012691,True
77086.86975121206,74.3274,-71188.53350398575,-10016.31114672482,816.1460282551739,52.24696224266773,4.829775105929587,2678.0,0.537357,352.1634,2638.0,116.8932,1.8238622080377014,EJU42KM_1219,pop,106867.47147017549,0.0579121204369404,True
77053.04708861656,92.9093,-68198.65940333491,-11532.713859856374,1065.184006463185,52.23370666466143,4.87399584461333,3495.0,0.561587,366.9879,2861.0,102.6029,1.8599583304770557,EJU42KM_1219,pop,111023.22146025588,0.04631928341305612,True
77018.56130363031,111.4911,-64790.496650390734,-12294.712243490421,1335.2705731586525,52.22726791013764,4.924184552064062,4381.0,0.57022,371.4644,3000.0,90.7179,1.8759060256272455,EJU42KM_1219,pop,112973.26934878966,0.039980545722668286,True
76983.7800802999,130.073,-61256.93652641736,-12338.99184863202,1618.4579856439675,52.22727585872505,4.976068536829745,5310.0,0.579452,376.2338,3000.0,82.6171,1.8687798016082695,EJU42KM_1219,pop,112092.43004811817,0.03889735209511115,True
76949.13293415832,148.6548,-57707.155656463154,-11879.030133629973,1901.6453981292223,52.23179712494482,5.028104048632278,6239.0,0.588875,381.082,3000.0,78.1593,1.8615640885696676,EJU42KM_1219,pop,111216.15712496758,0.039384918291799,True
76914.62153028746,167.2367,-54158.48172931367,-11135.044212383107,2184.8328106143804,52.23884949712852,5.080088080236331,7168.0,0.598491,386.0101,3000.0,76.6993,1.854259369169739,EJU42KM_1219,pop,110344.36866029768,0.0401837531578322,True
76880.247522733,185.8185,-50584.05233143103,-10290.03838337282,2468.020223099441,52.24678984396026,5.132451668001107,8097.0,0.608304,391.0195,3000.0,76.6811,1.8468661817071539,EJU42KM_1219,pop,109476.98989746299,0.039252696731487714,True
76846.01255473153,204.4004,-46963.27929897117,-9432.862753970352,2751.2076355844215,52.25482043308002,5.185513079293456,9026.0,0.618321,396.1113,3000.0,76.658,1.839384972924836,EJU42KM_1219,pop,108613.93595310923,0.037342410233962474,True
76811.91825895973,222.9822,-43295.48204148666,-8562.991251619333,3034.3950480693247,52.26294512066925,5.239282978099874,9955.0,0.628544,401.2868,3000.0,76.5793,1.831816222080568,EJU42KM_1219,pop,107755.12674225899,0.0354554836261628,True
76777.96625780022,241.5641,-39580.75429724999,-7676.597579276204,3317.5824605541725,52.27119735428613,5.293760296861023,10884.0,0.638978,406.5472,3000.0,77.2289,1.8241603638212431,EJU42KM_1219,pop,106900.47818360254,0.031604404973383245,True
76744.15816361754,260.1459,-35807.172574229815,-6821.259497252158,3600.7698730390034,52.279149084221416,5.349126279924081,11814.0,0.649628,411.8938,3000.0,78.7699,1.8164080354653707,EJU42KM_1219,pop,106048.83970948413,0.02743243673210051,True
76710.49557903889,278.7278,-31961.824754491783,-6057.7631176086015,3883.9572855238225,52.28625317878602,5.405575939867545,12743.0,0.660498,417.3277,3000.0,80.4562,1.8085790497025058,EJU42KM_1219,pop,105202.25879915568,0.023879997241170042,True
76676.98009723092,297.3096,-28044.45744606677,-5399.139609312227,4167.144698008629,52.29239092025267,5.463111409169376,13672.0,0.671594,422.8502,3000.0,82.0656,1.800664183933631,EJU42KM_1219,pop,104359.58629927665,0.020737027783211702,True
76643.61330216548,315.8915,-24057.863898013853,-4843.514012563227,4450.332110493402,52.297577473219924,5.5216881987204545,14601.0,0.682919,428.4625,3000.0,83.2097,1.7926638060565756,EJU42KM_1219,pop,103520.73683068767,0.019393204710067932,True
76610.39676886583,334.4733,-20007.715542867332,-4361.256013825632,4733.519522978111,52.30207756219257,5.581217757079356,15530.0,0.69448,434.1657,3000.0,83.8187,1.7845782381251791,EJU42KM_1219,pop,102685.62204209145,0.0182529321816143,True
76577.33206362242,353.0552,-15898.490294259902,-3916.2100661742147,5016.706935462752,52.30621478033453,5.641630064468398,16459.0,0.70628,439.9609,3000.0,84.2671,1.7764077900065067,EJU42KM_1219,pop,101854.15432031621,0.017051865979272798,True
76544.42074416972,371.637,-11730.813771188292,-3497.8014426034347,5299.89434794732,52.310082870712385,5.702914349599441,17388.0,0.718324,445.8495,3000.0,84.7712,1.7681528673309779,EJU42KM_1219,pop,101026.25757305845,0.015928418297727214,True
76511.66435981127,390.2189,-7503.593851425124,-3110.948944321233,5583.081760431809,52.31363626562855,5.765085942238874,18317.0,0.730619,451.8323,3000.0,85.1662,1.7598136687424049,EJU42KM_1219,pop,100201.83677712613,0.014947366672283266,True
76479.06445148194,408.8007,-3216.8559002982065,-2748.436456136715,5866.269172916212,52.31693847172753,5.8281433351503455,19246.0,0.743168,457.9107,3000.0,85.524,1.7513906020998877,EJU42KM_1219,pop,99380.81966156076,0.01428767257553694,True
76446.62255173319,427.3826,1129.9465635527415,-2408.167420631218,6149.456585400481,52.32000690782517,5.892093578002304,20175.0,0.755978,464.0855,3000.0,85.7983,1.7428838728877711,EJU42KM_1219,pop,98563.16733990048,0.011623453422804277,True
76414.34016688513,445.9644,5537.148733436959,-2084.3946818136505,6432.643997884591,52.32289174876326,5.95694126721462,21104.0,0.769053,470.3579,3000.0,85.8466,1.7342938422281928,EJU42KM_1219,pop,97754.66879247851,0.0,True
76382.21744051274,464.5463,10004.370212533202,-1759.9912967814128,6715.831410367663,52.325745656469884,6.022680526987728,22034.0,0.782398,476.7289,3000.0,85.8566,1.7256092053796297,EJU42KM_1219,pop,96987.60588840899,0.0,True
76350.24738668729,483.1281,14532.332008313553,-1431.9779625078345,6999.018822848093,52.32859391902829,6.089322198411608,22963.0,0.795266,482.7418,3000.0,85.8675,1.7166848063594955,EJU42KM_1219,pop,96310.4959907268,0.0,True
76318.41267499578,501.71,19117.62030702557,-1100.6883293936485,7282.206235329387,52.33143213702034,6.156816227560383,23892.0,0.806056,487.4322,3000.0,85.8792,1.7071721069645385,EJU42KM_1219,pop,95720.62191771527,0.0,True
76286.69511284423,520.2918,23747.627095440424,-767.1138445790416,7565.393647811158,52.33425049048418,6.224977161465104,24821.0,0.814739,490.7968,3000.0,85.8911,1.6971462241789306,EJU42KM_1219,pop,95208.69441316664,0.0,True
76255.07818316003,538.8737,28409.711685769584,-432.2067132561688,7848.58106029319,52.3370399277046,6.2936189645644784,25750.0,0.82,492.0597,2803.0,85.9031,1.6523198305170415,EJU42KM_1219,pop,91689.84271873918,0.0,True
76224.20016691042,557.4555,33085.51691699723,-97.29390343468303,8113.1335929027555,52.3397887965972,6.362471321805783,26618.0,0.82,490.2724,2580.0,85.9148,1.6001244020202112,EJU42KM_1219,pop,87518.35173535549,0.0,True
76194.24934130063,576.0374,37746.1066024334,235.57349297109747,8356.637537028944,52.34248028973259,6.4311079763614485,27417.0,0.82,488.6215,2357.0,85.926,1.546131459815603,EJU42KM_1219,pop,83451.9666337843,0.0,True
76165.25741544268,594.6192,42392.700425942116,566.5281765251575,8579.092892669401,52.34511588694977,6.499546655919507,28147.0,0.82,487.1084,2134.0,85.9364,1.4904366380386134,EJU42KM_1219,pop,79478.22596933556,0.0,True
76137.25488985401,613.2011,47026.527523733115,895.7245671479787,8780.499659823401,52.347697220249856,6.567805244089802,28807.0,0.819425,485.3936,1911.0,85.9458,1.4329944102148164,EJU42KM_1219,pop,75536.70217400811,0.0,True
76110.2845328121,631.7829,51645.57728385859,1223.1099314770331,8960.85783849066,52.35022432254534,6.63585391119667,29399.0,0.816822,482.623,1688.0,85.9539,1.3734233683248758,EJU42KM_1219,pop,71493.4989778476,0.0,True
76084.42456437691,650.3648,56239.69663273171,1548.0731921843183,9120.167428671102,52.35269311110115,6.703542848164322,29922.0,0.814188,479.982,1465.0,85.9607,1.3122540039094324,EJU42KM_1219,pop,67512.22899770114,0.0,True
76059.70790669987,668.9466,60810.02639086748,1870.8158878023114,9258.428430364813,52.355105893465385,6.770888621120815,30375.0,0.811444,477.4243,1242.0,85.9658,1.2495071946167549,EJU42KM_1219,pop,63577.56586216209,0.0,True
76036.16852903028,687.5285,65357.26262693678,2191.5206300208524,9375.640843572108,52.357464819076206,6.837901262396047,30760.0,0.808642,474.98,1019.0,85.9692,1.1852102058731189,EJU42KM_1219,pop,59684.827522524385,0.0,True
76013.83831481804,706.1103,69882.38481869978,2510.3934193198556,9471.804668293758,52.35977218553192,6.904594998137088,31075.0,0.805707,472.6045,796.0,85.9709,1.1193946868011457,EJU42KM_1219,pop,55822.73443605955,0.0,True
75992.7496984393,724.6922,74385.94575158402,2827.6086223055927,9546.919904532262,52.36203002905821,6.970977781724588,31322.0,0.802772,470.3752,573.0,85.9727,1.0521419627380741,EJU42KM_1219,pop,51994.705046441224,0.0,True
,0.0,11053.0,29703.0,129.54000000000002,52.306365966796875,4.7788238525390625,425.00000000000006,0.0,0.0,0.0,0.0,,EJU42KM_1219,real,,0.15583175863899898,True
77969.09265817718,14.0,10996.0,28690.0,335.28000000000003,52.29724948689089,4.7779541015625,1100.0,0.21128335792378874,139.2300254973761,3008.0,183.2939649878451,1.8887820186263475,EJU42KM_1219,real,224185.30365289294,0.10458158780085901,True
77922.81365382134,34.0,10939.0,27170.0,563.88,52.2835693359375,4.777069091796875,1850.0,0.2389145216405074,157.0286598045083,1792.0,178.90530940814696,1.8816112928614084,EJU42KM_1219,real,141962.79115457606,0.07943171183157395,True
77880.39623823015,64.0,12199.0,24700.0,784.86,52.261322021484375,4.7954559326171875,2575.0,0.32478350260106187,212.92721761202816,2304.0,130.04674252215793,1.853674660229958,EJU42KM_1219,real,123006.13423439728,0.06469929562603399,True
77849.51881253334,74.0,13254.0,24231.0,952.5,52.25707490565413,4.8109130859375,3125.0,0.3501575219221212,229.12005586591496,3520.0000000000005,106.2201936956028,1.8869537925417472,EJU42KM_1219,real,154961.6965263269,0.06033800038799764,True
77803.49185941726,104.0,16985.0,24025.0,1470.66,52.255119711665785,4.8656093052455365,4825.0,0.38149368189102123,248.12899870833317,2752.0,91.8476102659946,1.854463732810746,EJU42KM_1219,real,123319.29780058502,0.05486255592188137,True
77776.11789518036,114.0,18304.0,23976.0,1577.3400000000001,52.254638671875,4.88494873046875,5175.0,0.40220737835280707,261.27571643763605,1792.0,92.63243486898659,1.6728533699952792,EJU42KM_1219,real,91929.41182765653,0.054129418107502894,True
77731.41863886749,144.0,22577.0,23801.0,1973.5800000000002,52.252899169921875,4.9475860595703125,6475.0,0.44889253857201394,290.2481696755382,3968.0,92.36950806425529,1.8823376613533147,EJU42KM_1219,real,143080.71289862532,0.04680300109055814,True
77685.68155868418,164.0,25663.0,23683.0,2346.96,52.251708984375,4.992828369140625,7700.0,0.4587106719652475,295.28630174798155,3392.0000000000005,92.52326623350297,1.8627931922886032,EJU42KM_1219,real,126995.73981573604,0.04174983845917502,True
77655.01681623247,184.0,28718.0,23542.0,2720.34,52.25028991699219,5.0376129150390625,8925.0,0.46575460460635526,298.4845054605012,3776.0000000000005,93.26501240910306,1.8756389698721476,EJU42KM_1219,real,135331.43112015724,0.0389511924198246,True
77609.77209677371,204.0,31776.0,23404.0,3055.6200000000003,52.2488817117982,5.082432338169643,10025.0,0.47671899067790385,304.27783356662707,3136.0,92.4486565838244,1.8392231958676462,EJU42KM_1219,real,118086.64917223118,0.037310990530750265,True
77584.70619533345,224.0,35017.0,23298.0,3268.98,52.24772644042969,5.1299285888671875,10725.0,0.509344758674166,324.2606975876047,1216.0,92.29767226120418,1.3876372892323259,EJU42KM_1219,real,70402.38241129045,0.036192869111017836,True
77559.0885549233,244.0,38525.0,23187.0,3421.38,52.246490478515625,5.1813507080078125,11225.0,0.5496668443464541,349.2806894175514,2240.0,92.29716637394222,1.6767562997108967,EJU42KM_1219,real,92343.99471504224,0.034973897741229526,True
77514.31316076872,264.0,42091.0,23078.0,3741.42,52.24525451660156,5.233612060546875,12275.0,0.5612414947615361,355.2379484233068,3392.0000000000005,92.09721818195175,1.8300852588706253,EJU42KM_1219,real,115568.97485602953,0.03321303370070199,True
77485.02237526671,284.0,45805.0,22976.0,4061.46,52.244040279065146,5.2880336216517865,13325.0,0.568222657530553,358.235955761004,2816.0,92.07965922477734,1.7627184240907607,EJU42KM_1219,real,102733.07698061442,0.03067916704795714,True
77442.9695772749,304.0,49558.0,22929.0,4320.54,52.24329544326006,5.343043736049108,14175.0,0.5872938326411525,369.0663896916109,2496.0,88.91321854700186,1.7028793519757564,EJU42KM_1219,real,95129.43303238072,0.02839117868299664,True
77401.10557050824,334.0,55322.0,23616.0,4709.16,52.24892826403602,5.427638462611608,15449.999999999998,0.6108928171669527,382.0274859221519,2624.0,82.78197110372537,1.7141804181972946,EJU42KM_1219,real,96417.89296980917,0.02396452623657185,True
77373.47394546864,344.0,57233.0,23876.0,4846.320000000001,52.251068115234375,5.4557037353515625,15900.000000000002,0.6149332311820073,383.8880045013129,2496.0,82.96754541146709,1.6885993079388038,EJU42KM_1219,real,93563.27811053871,0.02256828364146299,True
77332.5302332001,374.0,63263.0,24689.0,5212.08,52.25772663698358,5.54425048828125,17100.0,0.637362603149671,396.042926966257,3200.0,82.89292783451191,1.7817740220917828,EJU42KM_1219,real,105698.8011447576,0.019522296558451807,True
77304.40504375282,384.0,65229.0,24958.0,5364.4800000000005,52.25991459216102,5.5731288364955365,17600.0,0.6384102765470204,395.92044655460774,2752.0,83.03653147351196,1.7187615772957414,EJU42KM_1219,real,96942.63487472327,0.01864446669373964,True
77264.93745259807,414.0,71361.0,25792.0,5707.38,52.266664666644594,5.6632167271205365,18725.0,0.6575110453762019,405.96797903282965,2176.0,83.06754436045247,1.6006372234370378,EJU42KM_1219,real,85345.2284156736,0.01670069362051663,True
77225.00608090388,434.0,75563.0,26361.0,5935.9800000000005,52.27122678595074,5.7249755859375,19475.0,0.670754793260369,412.9176673381753,2368.0,83.18478058135582,1.6345572162979523,EJU42KM_1219,real,88282.63349400612,0.015708669348359162,True
77197.21004681429,454.0,79706.0,26928.0,6210.3,52.27574235301906,5.785871233258929,20375.0,0.6749775942800952,414.03019213579097,2816.0,83.063794703594,1.7074862005613887,EJU42KM_1219,real,95648.04782284601,0.009357934634125722,True
77157.85124180524,474.0,84003.0,27517.0,6454.14,52.280397576800844,5.849042619977679,21175.0,0.6820176255112869,417.00839320090427,2240.0,83.113572668568,1.593487597540245,EJU42KM_1219,real,84740.92320891222,0.0,True
77131.42611054098,494.0,88225.0,28092.0,6682.740000000001,52.28491314386917,5.911115373883929,21925.0,0.6887778602319833,419.86902719776793,2496.0,83.29813533349028,1.6394228477114625,EJU42KM_1219,real,88737.14528868278,0.0,True
77106.62952538517,514.0,92515.0,28677.0,6896.1,52.28947526317531,5.974208286830358,22625.0,0.7007333976623179,425.9448321085725,1984.0,83.25872949383972,1.5219007731519711,EJU42KM_1219,real,79246.94799653327,0.0,True
77068.52336161037,534.0,96600.0,29259.0,7117.08,52.29400634765625,6.0343170166015625,23350.0,0.7083209608217037,429.2842880889074,2048.0,82.90809302592368,1.5304971808000638,EJU42KM_1219,real,79871.60121880105,0.0,True
77045.12246088857,554.0,101334.0,29948.0,7292.34,52.29936218261719,6.103973388671875,23925.0,0.7216877900655791,436.3542139134215,1664.0,82.8912701144211,1.4291301240537941,EJU42KM_1219,real,72980.22314289743,0.0,True
77010.00295841235,574.0,105777.0,30593.0,7459.9800000000005,52.304325427039196,6.169372558593751,24475.0,0.7348423957751203,443.3012519720647,1984.0,83.00323364286567,1.506089257449941,EJU42KM_1219,real,78119.99098277469,0.0,True
76976.2332153765,604.0,112584.0,31580.0,7696.200000000001,52.311859130859375,6.2696075439453125,25250.0,0.7539164984263299,453.3486517019765,1472.0,83.03174325862147,1.369689862320525,EJU42KM_1219,real,69325.3241560925,0.0,True
76954.41245113776,614.0,114916.0,31919.0,7772.400000000001,52.314422607421875,6.3039398193359375,25500.0,0.7611135331264487,457.20017497809425,1344.0,83.21695114479883,1.333491147893759,EJU42KM_1219,real,67202.62734839412,0.0,True
76919.13341238972,644.0,121898.0,32920.0,8031.4800000000005,52.321929931640625,6.4067840576171875,26350.0,0.775634979847841,464.26931839181447,1792.0,83.19643669554267,1.445322474670366,EJU42KM_1219,real,74083.81655284217,0.0,True
76895.27178319113,654.0,124352.0,33276.0,8122.92,52.3245849609375,6.4429473876953125,26650.0,0.7799358372648483,466.2552948761011,1856.0,83.2255520160702,1.4582106732150595,EJU42KM_1219,real,74954.59354239421,0.0,True
76860.94083233853,684.0,131482.0,34308.0,8382.0,52.332210217492054,6.548008510044643,27500.0,0.7910771883468197,471.22075506072525,1600.0,83.2972665618463,1.3857428219425996,EJU42KM_1219,real,70562.72015457593,0.0,True
76824.50387165412,704.0,136273.0,35002.0,8572.5,52.337284411414196,6.618634905133929,28125.0,0.7965251810992405,473.2071428032337,2112.0,83.32553095288245,1.5029730516726796,EJU42KM_1219,real,78315.23305711831,0.0,True
76800.7300814625,724.0,141073.0,35700.0,8770.62,52.34235860533633,6.689418247767858,28775.0,0.7987409813699327,473.2071428032337,1856.0,83.32553095288245,1.4357021416686206,EJU42KM_1219,real,73922.50640867211,0.0,True
76765.13011708771,744.0,145830.0,36392.0,8968.74,52.34733581542969,6.7595672607421875,29424.999999999996,0.8007804079135479,473.0919572345317,1920.0,83.44581940960722,1.4441026250279296,EJU42KM_1219,real,74564.32792500152,0.0,True
76741.47224170125,764.0,150730.0,37103.0,9166.86,52.35241388870497,6.831848144531251,30075.0,0.8030331121554561,473.0919572345317,2112.0,83.44581940960722,1.4826691906546592,EJU42KM_1219,real,77266.23523641017,0.0,True
76716.38071428602,784.0,155506.0,37799.0,9395.460000000001,52.35734842591366,6.902317592075893,30825.0,0.8003870615544386,469.9978723356096,2560.0,83.5251849597405,1.572749271058013,EJU42KM_1219,real,83810.35023664852,0.0,True
76678.69288177846,804.0,160158.0,38468.0,9646.92,52.362030029296875,6.970977783203125,31650.0,0.7910128992182914,462.8185389545237,1984.0,83.67347940141195,1.4390184096238516,EJU42KM_1219,real,74106.45533037971,0.0,True
77219.99990000346,0.0,-76733.48437512909,57695.51775069084,30.480000304333206,52.32859813166715,4.708835482747309,100.0,0.3,198.3755,2425.0,3.1752,2.0053568002513322,TRA6875_1499,fuel,132929.49871138358,0.2806473296138536,True
77171.92165727621,23.9535,-76599.28876302959,60114.603367620504,325.5772426483797,52.350369074914845,4.710256597984181,1068.0,0.351455,231.6246,2713.0,3.1752,1.9722966127024784,TRA6875_1499,fuel,126885.56320449282,0.14799017489729968,True
77124.65546214796,47.907,-76442.54155239095,62940.21678982773,655.6515100014839,52.37579861079698,4.71191816306876,2151.0,0.406506,266.8996,3000.0,39.1054,1.9550439624460545,TRA6875_1499,fuel,124053.21605130658,0.11293669325341076,True
77077.8286327717,71.8605,-74385.07874322486,65471.435590604895,1020.7028023634518,52.398842045433696,4.741659751026529,3349.0,0.462,302.0644,3000.0,75.0357,1.9067808080023443,TRA6875_1499,fuel,116985.89545871202,0.08729160164454369,True
77032.19535321211,95.814,-70813.84818674838,66425.96130396369,1385.75409477919,52.407897992652934,4.794087516317894,4546.0,0.521627,339.6099,3000.0,110.9659,1.8763513438803183,TRA6875_1499,fuel,113028.83883294513,0.07655884730176425,True
76987.33569718439,119.7675,-66929.12689845891,64937.40626311128,1750.8053871952047,52.395000542921636,4.851648758866381,5744.0,0.582597,377.689,3000.0,129.9952,1.8654025843765898,TRA6875_1499,fuel,111680.38881250331,0.08430953406556049,True
76942.78268056981,143.721,-63382.17639672322,61961.66708097181,2115.8566796113655,52.36866308137731,4.904482391238626,6942.0,0.59613,384.8023,3000.0,129.996,1.856209018973557,TRA6875_1499,fuel,110575.58547691695,0.08081858932141198,True
76898.4543164564,167.6745,-59768.12896876838,58929.54668463536,2480.9079720274963,52.341802407611645,4.95825071495385,8139.0,0.608756,391.2494,3000.0,129.9986,1.8466965756478628,TRA6875_1499,fuel,109457.26285452885,0.0587158452432203,True
76854.35747158743,191.628,-56093.38519284152,55846.219571425456,2845.959264443592,52.31446309539498,5.012855154582487,9337.0,0.621718,397.8336,3000.0,130.0014,1.8370287852854799,TRA6875_1499,fuel,108345.06777443222,0.046172523959788436,True
76810.49564109453,215.5815,-52356.67136321804,52710.59226362799,3211.0105568596505,52.28663424209756,5.068311340447659,10535.0,0.635026,404.5575,3000.0,130.0028,1.8272155081406896,TRA6875_1499,fuel,107239.87944974846,0.03896558077967916,True
76766.8722903685,239.535,-48556.60953616105,49521.64537937889,3576.0618492756703,52.25830556966844,5.124636279561452,11732.0,0.64869,411.4239,3000.0,130.002,1.8172675134153198,TRA6875_1499,fuel,106142.5933337831,0.03514467062188154,True
76723.4908559511,263.4885,-44691.73869397328,46278.40866852988,3941.113141691644,52.22946719370657,5.181848044331254,12930.0,0.662719,418.4352,3000.0,129.9996,1.8071662636858672,TRA6875_1499,fuel,105050.88697444998,0.033478110012558196,True
76680.35474642395,287.442,-40760.61165435985,42979.84594935685,4306.164434107567,52.20010857740027,5.239964360103386,14128.0,0.677124,425.5941,3000.0,129.9961,1.7969221823873087,TRA6875_1499,fuel,103965.64781144154,0.032455213031899105,True
76637.46734324752,311.3955,-36761.7717560645,39624.8834414756,4671.21572652343,52.1702187870715,5.2990029371529195,15326.0,0.691916,432.9031,3000.0,129.9908,1.7865360287163903,TRA6875_1499,fuel,102886.69127867941,0.030966313458698783,True
76594.83200149999,335.349,-32693.699061081938,36212.47458758998,5036.267018939228,52.139787076656006,5.3589822463302506,16523.0,0.707104,440.3647,3000.0,129.9836,1.7760191930500733,TRA6875_1499,fuel,101814.91097584637,0.028763852174983204,True
76552.45205045652,359.3024,-28554.83393019241,32741.572836451694,5401.318311354958,52.108802638039435,5.41992117089401,17721.0,0.722699,447.9813,3000.0,129.9731,1.7653512342776438,TRA6875_1499,fuel,100747.97195018726,0.02524769283053704,True
76510.3307939464,383.2559,-24343.50669281745,29211.2165914062,5766.3696037706,52.077255365184214,5.481840023644022,18919.0,0.738712,455.7555,3000.0,129.9583,1.754543339227866,TRA6875_1499,fuel,99686.77765038658,0.022962441025254358,True
76468.47151041555,407.2094,-20057.948195698238,25620.51801914927,6131.420896186149,52.04513574737058,5.5447603890468615,20116.0,0.755154,463.6894,3000.0,129.9409,1.7436073704875048,TRA6875_1499,fuel,98632.25214162396,0.01927289955143699,True
76426.87743621014,431.1629,-15696.463237377966,21968.457593705945,6496.472188601581,52.012433011005655,5.608702594042814,21314.0,0.772037,471.7853,3000.0,129.9232,1.732521636267784,TRA6875_1499,fuel,97592.85824696641,0.0,True
76385.54848452393,455.1164,-11257.47242291677,18253.835433786848,6861.523481016878,51.97913468218629,5.673685089899117,22512.0,0.789371,480.0453,3000.0,129.9058,1.721297856621801,TRA6875_1499,fuel,96649.47598121206,0.0,True
76344.4623114903,479.0699,-6739.418513183172,14475.384639088725,7226.5747734317065,51.94522760963029,5.73972580669927,23709.0,0.80458,486.9051,2749.0,129.8892,1.666346384153041,TRA6875_1499,fuel,92082.43730628083,0.0,True
76304.59523576997,503.0234,-2153.250430323041,10642.222570563477,7561.1418998470235,51.910791904330175,5.806660084390875,24807.0,0.819799,493.8731,2462.0,129.8736,1.6031502872081507,TRA6875_1499,fuel,87595.51864335415,0.0,True
76266.01110494045,526.9769,2502.2242551564555,6753.283441328427,7860.732001253885,51.87581637462247,5.874500970600366,25790.0,0.82,491.9778,2175.0,129.8591,1.5322908313957928,TRA6875_1499,fuel,82278.27504980666,0.0,True
76229.0538166812,550.9304,7143.062174481512,2878.571017916335,8125.345077651265,51.84092999920203,5.9420235834498305,26658.0,0.817073,488.4398,1887.0,129.8469,1.457198238712322,TRA6875_1499,fuel,76831.31208338878,0.0,True
76193.88127387008,574.8839,11753.439368169198,-969.0477184585609,8354.98112903887,51.80624932980246,6.0089994287412205,27411.0,0.813596,484.8169,1600.0,129.8358,1.3793644411106332,TRA6875_1499,fuel,71500.63092273689,0.0,True
76160.5789000325,598.8374,16332.332006566981,-4788.8895414387225,8549.640155416584,51.771781425964356,6.075415990029009,28050.0,0.809965,481.3453,1312.0,129.8251,1.2986041331003049,TRA6875_1499,fuel,66268.29203956976,0.0,True
76129.21724895271,622.7909,20880.999360546426,-8582.067153558452,8709.322156784387,51.737517110028065,6.141293831088858,28574.0,0.80611,477.9841,1025.0,129.8137,1.2154932532763751,TRA6875_1499,fuel,61141.35166503617,0.0,True
76099.86514118777,646.7444,25400.36323377771,-12349.29461514297,8834.027133142308,51.703450752431756,6.206648497935261,28983.0,0.801941,474.679,737.0,129.8037,1.129574431959125,TRA6875_1499,fuel,56067.94157967152,0.0,True
76072.58978215489,670.6979,29890.705971981486,-16090.997094049177,8923.755084490465,51.66957931754292,6.271486187875452,29277.0,0.797317,471.3451,450.0,129.7933,1.0413841451545744,TRA6875_1499,fuel,51058.461112688325,0.0,True
76047.4575412234,694.6514,34351.60347185464,-19806.799331822374,8978.506010829158,51.635906993922745,6.335802886609514,29457.0,0.792028,467.8565,163.0,129.7818,0.9505597696248342,TRA6875_1499,fuel,46075.683244954496,0.0,True
76024.53517165297,718.6049,38781.49504951892,-23495.256450348865,8998.279912159349,51.6024476726143,6.399578260271706,29522.0,0.788621,465.7138,-0.0,129.7685,0.8974614390326306,TRA6875_1499,fuel,43235.472246290024,0.0,True
76002.8991583829,742.5584,43192.59395034408,-27166.332682091564,8998.279911921707,51.56911162335182,6.462989962731936,29522.0,0.788583,465.6912,-0.0,129.7551,0.897286320714677,TRA6875_1499,fuel,43225.29248004402,0.0,True
75981.26784785578,766.5119,47604.333311969436,-30836.202831366325,8998.279911683983,51.53575226924866,6.526318147920609,29522.0,0.788529,465.6596,-0.0,129.7406,0.89709868597874,TRA6875_1499,fuel,43214.17580306878,0.0,True
75959.64166859034,790.4654,52016.701739844626,-34504.70848787279,8998.279911446185,51.50237111128028,6.589562851471696,29522.0,0.78848,465.6303,-0.0,129.7266,0.896914298833286,TRA6875_1499,fuel,43203.30732439029,0.0,True
75938.02051066117,814.4189,56429.68629129128,-38171.90723967345,8998.279911208318,51.468967708274036,6.6527240600331154,29522.0,0.788438,465.6058,-0.0,129.7131,0.8967366507540578,TRA6875_1499,fuel,43192.947694362156,0.0,True
75916.40413854389,838.3724,60843.302933515275,-41837.87217626728,8998.27991097038,51.43554147673332,6.715802172107706,29522.0,0.788407,465.5874,-0.0,129.7013,0.8965675611337179,TRA6875_1499,fuel,43183.23149943139,0.0,True
75894.79225093505,862.3259,65257.500473566484,-45502.78384400694,8998.279910732384,51.402090873967026,6.778796593751456,29522.0,0.788378,465.5699,-0.0,129.6911,0.8963997723037054,TRA6875_1499,fuel,43173.61442070773,0.0,True
75873.18480657334,886.2794,69672.18547357051,-49166.770105188036,8998.279910494333,51.36861483769804,6.84170612616473,29522.0,0.788362,465.5607,-0.0,129.6844,0.8962436262577451,TRA6875_1499,fuel,43164.8688127548,0.0,True
75851.58140027341,910.2329,74087.21266523428,-52830.16700158805,8998.279910256233,51.33511044322205,6.9045287785669895,29522.0,0.788358,465.5582,-0.0,129.6815,0.8960968974171077,TRA6875_1499,fuel,43156.82677362286,0.0,True
75829.98171127657,934.1864,78502.40285380383,-56493.31803144842,8998.279910018086,51.301574707944226,6.96726206045067,29522.0,0.788353,465.5556,-0.0,129.6785,0.8959500847436082,TRA6875_1499,fuel,43148.778099278046,0.0,True
77219.99990000394,0.0,-76733.4843751228,57695.51775062618,30.48000030463888,52.32859813166658,4.708835482747416,100.0,0.3,198.3755,2132.0,3.1752,1.943005586462637,TRA6875_1499,pop,122182.50056001382,0.2806473296095674,True
77173.08392829173,24.1233,-76598.08889370695,60136.23288703809,291.695375451055,52.350563733126336,4.7102693102613715,957.0,0.361869,238.58,2421.0,3.1752,1.8947924726590755,TRA6875_1499,pop,115387.62967180327,0.16487927763023508,True
77127.35714571897,48.2467,-76435.1893271248,63072.75213948541,588.3855728720073,52.37699138225419,4.711996141960656,1930.0,0.428345,281.4545,2711.0,39.3602,1.8794551159691413,TRA6875_1499,pop,113417.90481020343,0.12171871328648401,True
77082.04609222409,72.37,-74234.20512200355,65756.07308233767,920.5505925634363,52.40142194642822,4.743819887542114,3020.0,0.494801,323.8845,3000.0,75.5452,1.8921894596326019,TRA6875_1499,pop,115047.60380421222,0.08890273754241351,True
77036.47205468072,96.4934,-70366.4634347452,66753.08239982594,1288.1904345145513,52.41089710253297,4.800613117003127,4226.0,0.557673,363.4901,3000.0,95.9978,1.8760557877411899,TRA6875_1499,pop,112991.95055079111,0.07794026226914093,True
76991.33462478868,120.6167,-65904.65443654741,66284.30120751626,1655.830276465978,52.40723621791705,4.866479636960164,5433.0,0.580685,376.8691,3000.0,104.9761,1.8679290025799575,TRA6875_1499,pop,111988.30571952612,0.08173997230089639,True
76946.40562980475,144.7401,-61410.19559218731,65082.02337295288,2023.4701184173032,52.39694668931173,4.9329514008127875,6639.0,0.592987,383.1921,3000.0,114.4194,1.8585302882580095,TRA6875_1499,pop,110852.25733248741,0.07081500196664588,True
76901.70699184638,168.8634,-57102.47540910966,63126.19195242895,2391.1099603686343,52.37982431129217,4.996769626576708,7845.0,0.605619,389.6509,3000.0,119.7594,1.8489819795071714,TRA6875_1499,pop,109723.71948042992,0.04944708512147533,True
76857.24231969145,192.9868,-52925.918437686,60738.1795854957,2758.7498023199887,52.358768634134066,5.058675290550813,9051.0,0.61859,396.248,3000.0,122.8808,1.8392850946843333,TRA6875_1499,pop,108602.51045495743,0.039341794062072596,True
76813.0151904049,217.1101,-48816.86934726291,58081.86974063805,3126.3896442713253,52.335262009298965,5.119567558846928,10257.0,0.63191,402.9863,3000.0,125.1463,1.8294407040288194,TRA6875_1499,pop,107488.4571271592,0.0337695830265502,True
76769.0291502077,241.2335,-44747.70466703377,55217.10062741667,3494.0294862226156,52.30984630902507,5.17983630337345,11463.0,0.645588,409.8684,3000.0,126.1171,1.819449747619693,TRA6875_1499,pop,106381.37457882654,0.034153333104828,True
76725.28771539404,265.3568,-40658.72454556153,52233.49714942059,3861.669328173843,52.28333283526225,5.240341586777195,12670.0,0.659634,416.8969,3000.0,126.8971,1.8093031461916236,TRA6875_1499,pop,105280.00516761148,0.032384049660689536,True
76681.79437325505,289.4802,-36541.04864844123,49142.188162327875,4229.3091701250205,52.25582185185768,5.301207808038632,13876.0,0.67406,424.0745,3000.0,128.2028,1.7990214716025044,TRA6875_1499,pop,104186.30325835214,0.02934082816861692,True
76638.5525829627,313.6035,-32424.958767271677,45902.823292339985,4596.949012076137,52.226948105420405,5.36198955866298,15082.0,0.688875,431.4038,3000.0,129.5382,1.7885957778439596,TRA6875_1499,pop,103099.01307445379,0.028026645588054257,True
76595.56577636024,337.7269,-28315.418947045982,42510.573799374426,4964.588854027188,52.19666799672407,5.42260905621615,16288.0,0.70409,438.8874,3000.0,130.6499,1.7780268244462767,TRA6875_1499,pop,102017.94843996037,0.025643264154801972,True
76552.8373586004,361.8502,-24202.095649090465,38978.80961513093,5332.228695978169,52.165102414078504,5.4832115012167355,17494.0,0.719715,446.5278,3000.0,131.6759,1.7673153145371199,TRA6875_1499,pop,100942.92266901239,0.023567796205467655,True
76510.37070856518,385.9736,-20081.949645461336,35311.001894654684,5699.868537929073,52.132282658597894,5.543836079571816,18700.0,0.735763,454.3274,3000.0,132.5002,1.7564619067108742,TRA6875_1499,pop,99873.75007770795,0.021588470812442355,True
76468.16917899402,410.0969,-15943.739732719194,31519.008089699888,6067.508379879894,52.09831560291664,5.604641714549323,19907.0,0.752244,462.2887,3000.0,133.0846,1.7454560513636506,TRA6875_1499,pop,98809.1767583459,0.020489550306461518,True
76426.23609488262,434.2203,-11772.38644169066,27617.62185106787,6435.14822183041,52.06333427588058,5.6658434592381655,21113.0,0.769169,470.4138,3000.0,133.174,1.7343206419026527,TRA6875_1499,pop,97757.35709805155,0.0,True
76384.57278641117,458.3436,-7533.716939009279,23640.862268781548,6802.788063780474,52.02764441211472,5.727935033786488,22319.0,0.786551,478.7051,3000.0,133.1677,1.723045367350969,TRA6875_1499,pop,96781.92959867857,0.0,True
76343.16223328616,482.467,-3219.7022429636622,19594.306475636433,7170.4279057304175,51.9912947529117,5.791028660631497,23525.0,0.802438,485.9763,2794.0,133.1652,1.6760938755960981,TRA6875_1499,pop,92857.0441353628,0.0,True
76302.80032299983,506.5903,1161.9883649150393,15484.625849245866,7512.849806595975,51.95434364108647,5.855007320316254,24648.0,0.817695,492.9294,2505.0,133.1602,1.6127422591082556,TRA6875_1499,pop,88228.19795042243,0.0,True
76263.75846452503,530.7137,5609.293584821752,11314.143167796292,7819.7968851898,51.9168104737652,5.919836332459565,25656.0,0.82,492.2538,2215.0,133.1442,1.5423330528381092,TRA6875_1499,pop,83009.89398708119,0.0,True
76226.30472445597,554.837,10053.87758535406,7148.5334696089985,8091.269141512535,51.879285640474286,5.984517538712806,26546.0,0.817195,488.7425,1926.0,133.1189,1.4673641484737343,TRA6875_1499,pop,77532.05133199961,0.0,True
76190.64716081897,578.9604,14470.629188821715,3012.6740601679317,8327.266575563746,51.84199370223209,6.04868695836387,27320.0,0.813663,485.0434,1636.0,133.0904,1.3890825274017973,TRA6875_1499,pop,72129.85703511933,0.0,True
76156.87818237086,603.0837,18857.92173235845,-1091.5028096189178,8527.789187343269,51.804952872790594,6.112323423176123,27978.0,0.809998,481.5121,1347.0,133.062,1.3082966629321688,TRA6875_1499,pop,66863.01772766215,0.0,True
76125.0696009894,627.2071,23217.100328341487,-5165.326523953902,8692.836976851062,51.76815194010189,6.175448888482329,28520.0,0.806119,478.0999,1057.0,133.0331,1.2246080647947484,TRA6875_1499,pop,61674.902242748605,0.0,True
76095.29180808223,651.3304,27549.10736200422,-9209.663770732037,8822.409944087176,51.731583816759276,6.238079333672277,28945.0,0.801921,474.7453,768.0,133.0026,1.1385849809163435,TRA6875_1499,pop,56573.90140152283,0.0,True
76067.6139145647,675.4538,31854.39179336027,-13224.775321930454,8916.508089051782,51.69524685419859,6.30022351829773,29254.0,0.797273,471.3674,478.0,132.9715,1.0496861169507719,TRA6875_1499,pop,51507.892306441914,0.0,True
76042.1039579836,699.5771,36132.60411331916,-17210.29793238421,8975.131411745297,51.65914504552184,6.361878632691723,29446.0,0.79199,467.8565,189.0,132.9413,0.9584200005345516,TRA6875_1499,pop,46488.438216141694,0.0,True
76018.82955317608,723.7005,40382.27973878741,-21165.0514740953,8998.27991216908,51.623289813116564,6.423025820179651,29522.0,0.788057,465.3806,-0.0,132.9121,0.8969595007018443,TRA6875_1499,pop,43198.6448566452,0.0,True
75997.05727035057,747.8238,44612.19285331951,-25097.400837836154,8998.27991193051,51.587605963682435,6.483793297278004,29522.0,0.788045,465.3734,-0.0,132.8839,0.8968047708858236,TRA6875_1499,pop,43190.038618535975,0.0,True
75975.28899003158,771.9472,48843.979920611695,-29027.602186219076,8998.279911691823,51.55190998347628,6.544492817063437,29522.0,0.788022,465.3598,-0.0,132.8574,0.8966411851147597,TRA6875_1499,pop,43180.77258096092,0.0,True
75953.52501891727,796.0705,53077.461035075736,-32955.73083967751,8998.279911453032,51.51620125872788,6.605121968542734,29522.0,0.788018,465.3574,-0.0,132.8336,0.896493243008661,TRA6875_1499,pop,43172.67251837685,0.0,True
75931.7648173113,820.1939,57312.551277144674,-36882.07989878082,8998.279911214142,51.480477212790994,6.665679680743266,29522.0,0.78799,465.3413,-0.0,132.8124,0.8963262717610722,TRA6875_1499,pop,43163.15581157894,0.0,True
75910.00904222022,844.3172,61548.945836274754,-40806.72775046469,8998.279910975165,51.44473722631911,6.726161737280749,29522.0,0.787954,465.3197,-0.0,132.7941,0.8961516818173373,TRA6875_1499,pop,43153.07413966552,0.0,True
75888.25795517174,868.4406,65786.40052129269,-44729.8371758595,8998.279910736104,51.408979922874494,6.786564789713073,29522.0,0.787915,465.297,-0.0,132.7797,0.8959756009724318,TRA6875_1499,pop,43142.88419288268,0.0,True
75866.51160978527,892.5639,70024.63326361288,-48651.69093874229,8998.279910496965,51.37320285891801,6.846884923251771,29522.0,0.787901,465.2886,-0.0,132.77,0.8958195020666258,TRA6875_1499,pop,43134.179685978124,0.0,True
75844.76931357817,916.6873,74263.44870638679,-52572.76157285486,8998.279910257756,51.337401881336675,6.907119430630831,29522.0,0.787867,465.2687,-0.0,132.7654,0.895647412020231,TRA6875_1499,pop,43124.28959246298,0.0,True
75823.03162032347,940.8106,78502.40285380933,-56493.31803145305,8998.279910018478,51.301574707944184,6.967262060450747,29522.0,0.787834,465.2487,-0.0,132.7607,0.8954752257615077,TRA6875_1499,pop,43114.39449232908,0.0,True
77982.46740187256,0.0,6386.0,34029.0,-30.48,52.345367431640625,4.71038818359375,-100.0,0.24227083794977589,160.31219541881399,512.0,3.576334374997351,1.4963165643465144,TRA6875_1499,real,77420.74400500284,0.44628235140313444,True
77916.88998368414,32.0,6548.0,36787.0,312.42,52.37017822265625,4.71282958984375,1025.0,0.257038609585623,169.42549985170473,2432.0,4.061522677310571,1.8873753508963786,TRA6875_1499,real,157220.61046038405,0.17503817945037167,True
77876.33804530549,52.0,6655.0,38502.0,487.68,52.38560485839844,4.7144317626953125,1600.0,0.2649422266304155,174.28711943227475,832.0,3.289242678491826,1.601753790218466,TRA6875_1499,real,85422.15323920938,0.15104789361850757,True
77824.68307851945,82.0,6843.0,41488.0,617.22,52.4124755859375,4.717254638671875,2025.0,0.3236664214507242,212.60291625469299,960.0,4.316027519865624,1.4740132374116424,TRA6875_1499,real,75902.71980949157,0.10046550395809839,True
77787.90663685743,112.0,8180.0,44817.0,762.0,52.442413330078125,4.7370147705078125,2500.0,0.3877632688004585,254.2833065696606,1600.0,29.18591581611006,1.628942545940355,TRA6875_1499,real,87780.02929590645,0.07181075584030201,True
77723.42158687387,142.0,10479.0,48224.0,1150.6200000000001,52.47303073689089,4.770969935825893,3775.0,0.41457032172647873,270.64737205448716,3072.0,48.5950096610091,1.8598869709773709,TRA6875_1499,real,125621.77098737322,0.05137857240080213,True
77679.7293427354,172.0,14342.0,49346.0,1661.16,52.483039468021715,4.82794189453125,5450.0,0.41115727390575785,266.82765973564284,3328.0,85.48601154199874,1.8732505836131133,TRA6875_1499,real,133373.2925299909,0.044519111992031984,True
77616.04814982419,202.0,18527.0,49562.0,2057.4,52.48485500529661,4.889622279575893,6750.0,0.4301418337617647,277.8488797889961,2560.0,96.61346048231476,1.8029720002354837,TRA6875_1499,real,109485.35701371054,0.040935698044004355,True
77573.11263338967,222.0,21125.0,48398.0,2346.96,52.47428764731197,4.927839006696429,7700.0,0.4312702423643668,277.62204523416364,2816.0,131.78779023989077,1.8323169433389745,TRA6875_1499,real,116147.20467100458,0.039369019777531544,True
77510.34070387472,262.0,24540.0,43840.0,2895.6000000000004,52.43313546908104,4.977826799665179,9500.0,0.4464450454219849,285.50656735003486,2496.0,144.69560992338242,1.7819715424807954,TRA6875_1499,real,105719.99143243821,0.04155544365993816,True
77470.46628131732,282.0,26245.0,41456.0,3147.06,52.41160583496094,5.00274658203125,10325.0,0.4569258389360065,291.3211286535874,1792.0,144.78240703180728,1.6144488548853404,TRA6875_1499,real,86508.91840336523,0.039808975638052475,True
77424.03174510339,322.0,30073.0,36182.0,3368.04,52.36395263671875,5.05859375,11050.0,0.5268404212693519,334.9940297975473,1024.0,141.1799242491831,1.310092891829461,TRA6875_1499,real,65860.72566396391,0.03677844210913137,True
77392.24685498996,342.0,32618.0,33705.0,3467.1000000000004,52.34152066505561,5.0957728794642865,11375.0,0.5609722386554314,356.2653505464712,1472.0,131.70031760413394,1.4731635589045151,TRA6875_1499,real,75852.44704335634,0.034439768871150724,True
77332.96558640839,382.0,38149.0,28846.0,3939.5400000000004,52.29743957519531,5.1764678955078125,12925.0,0.5776604321647346,364.73689147109866,2112.0,131.77703939504764,1.6326969242712241,TRA6875_1499,real,88120.82528790692,0.03300085067468326,True
77294.17243728267,402.0,40977.0,26355.0,4152.900000000001,52.27482604980469,5.2176666259765625,13625.000000000002,0.5859188648619288,368.9728987337688,2368.0,131.8140791201382,1.6808593076183758,TRA6875_1499,real,92760.11889604144,0.032005562832792225,True
77235.49645549437,442.0,46672.0,21349.0,4632.96,52.22932434082031,5.3005218505859375,15200.0,0.5927732840355997,371.0525569242179,2176.0,131.94130242590418,1.6294769649621377,TRA6875_1499,real,87831.3869913173,0.0293888750779756,True
77197.93373563037,462.0,49567.0,18796.0,4846.320000000001,52.206100205243644,5.342572893415179,15900.000000000002,0.5988970215964428,373.8769851167627,2048.0,131.96443087494444,1.59394592326109,TRA6875_1499,real,84784.4650968305,0.028567785390337948,True
77146.33571209804,492.0,53905.0,14981.0,5105.400000000001,52.17137145996094,5.4055023193359375,16750.0,0.6156845769126748,383.0939832469312,1472.0,131.9316287147352,1.428816939901232,TRA6875_1499,real,72956.67306163516,0.026603642009852897,True
77111.26133917387,522.0,58446.0,10988.0,5349.240000000001,52.134979248046875,5.4712677001953125,17550.0,0.631267620997016,391.56736329781114,1920.0,131.99808868769688,1.5478300754753445,TRA6875_1499,real,81154.55209222715,0.024225194814135806,True
77058.0416374796,552.0,62947.0,7029.0,5623.56,52.09886169433594,5.536346435546875,18450.0,0.6426401948478817,397.2165656162895,1792.0,132.0408200583112,1.5068907127068247,TRA6875_1499,real,78172.32206105188,0.022241374120603067,True
77023.6507998995,582.0,67566.0,2969.0,5867.400000000001,52.06178826800847,5.60302734375,19250.0,0.6549317056360403,403.53686324795655,1664.0,132.18773107498143,1.4657389627782276,TRA6875_1499,real,75356.06654837797,0.021494435991833604,True
76973.38068056192,612.0,72314.0,-1156.0,6111.240000000001,52.02406311035156,5.6714630126953125,20050.0,0.6667259812688138,409.49969474958095,1344.0,131.43600853293603,1.3661650847069475,TRA6875_1499,real,69110.31041627667,0.020068933556460933,True
76938.86683322708,632.0,75520.0,-3896.0,6278.88,51.99897766113281,5.717620849609375,20600.0,0.6717201241637223,411.66126852061274,1728.0,131.35613607578918,1.4713190738790907,TRA6875_1499,real,75728.51614116051,0.008631270710537889,True
76890.32078950755,672.0,82001.0,-9436.0,6568.4400000000005,51.948211669921875,5.8107757568359375,21550.0,0.6833965522047903,417.2205651690722,1472.0,131.59932609650068,1.391136514823598,TRA6875_1499,real,70612.89128079395,0.0,True
76859.36619030958,692.0,85248.0,-12223.0,6697.9800000000005,51.92264362917108,5.85736083984375,21975.0,0.6892044800602967,420.04404530953656,1216.0,131.6222115827611,1.3102096724835197,TRA6875_1499,real,65868.0906352889,0.0,True
76813.20371581642,732.0,91871.0,-17885.0,6941.820000000001,51.8706447795286,5.9522247314453125,22775.0,0.7019747424938634,426.4387412044079,1280.0,131.57774989021624,1.3245042077780438,TRA6875_1499,real,66681.24554210622,0.0,True
76783.14729777128,752.0,95243.0,-20771.0,7063.740000000001,51.84411000397245,6.0004425048828125,23175.0,0.7077773830926409,429.2621576612595,1088.0,131.60028584087675,1.2618075429151965,TRA6875_1499,real,63182.37407355942,0.0,True
76737.08194493903,792.0,101978.0,-26531.0,7307.58,51.791087005097985,6.0965728759765625,23975.0,0.7182105353628475,434.162412007304,1344.0,131.73217390164672,1.3338286449826957,TRA6875_1499,real,67216.95592529332,0.0,True
76707.72542850992,812.0,105335.0,-29401.0,7429.5,51.7646484375,6.144400931693412,24375.0,0.7240750835436733,436.9862698071874,960.0,131.75331369167705,1.2119691025060082,TRA6875_1499,real,60512.31215561234,0.0,True
76663.32258348005,852.0,112198.0,-35271.0,7658.1,51.71049499511719,6.242015941722973,25125.0,0.7355881966186015,442.5573409175358,1280.0,131.97758942242493,1.3058558190417249,TRA6875_1499,real,65622.27091774667,0.0,True
76633.24541083687,872.0,115723.0,-38289.0,7787.64,51.6826171875,6.292048273859797,25550.0,0.739369827913127,444.046168770771,1216.0,131.80498682788632,1.2822921082262275,TRA6875_1499,real,64306.78331406179,0.0,True
76588.54077710985,902.0,120896.0,-42711.0,7962.900000000001,51.64173889160156,6.365389437288852,26125.0,0.7446198760029346,446.12554286882073,1152.0,131.91084362466347,1.2569494196482238,TRA6875_1499,real,62918.11555233956,0.0,True
76559.66176124245,932.0,126157.0,-47212.0,8138.160000000001,51.60008317333156,6.4398193359375,26700.0,0.7499021436935174,448.20642565675024,1024.0,132.01571785640664,1.2116506998358507,TRA6875_1499,real,60496.995454558855,0.0,True
76515.82275408413,962.0,131358.0,-51659.0,8313.42,51.55888444286281,6.5132904052734375,27275.0,0.7552169547170287,450.2887962186046,1088.0,132.1196224471524,1.2258130773897737,TRA6875_1499,real,61251.35048025567,0.0,True
76488.58382057975,992.0,136622.0,-56164.0,8458.2,51.51708984375,6.587491422086149,27750.0,0.7614868169522654,453.1136722722015,768.0,132.13759477388825,1.1204612982501239,TRA6875_1499,real,55831.37164688117,0.0,True
76448.95152132517,1022.0,142003.0,-60769.0,8580.12,51.474334716796875,6.6632080078125,28150.0,0.7711661338248371,458.09278536121917,832.0,132.08017976700057,1.140391257497856,TRA6875_1499,real,56877.72457292211,0.0,True
76419.96824657376,1042.0,145570.0,-63822.0,8686.800000000001,51.44594871391684,6.7133331298828125,28500.000000000004,0.7734501777016792,458.76355565803175,1216.0,132.1728754218387,1.2547902720416622,TRA6875_1499,real,62882.29264735093,0.0,True
76382.06051970064,1082.0,152768.0,-69970.0,8846.82,51.38873601363877,6.81427001953125,29024.999999999996,0.7823525328257487,463.0010799123475,576.0,132.1987708422501,1.0507510229394645,TRA6875_1499,real,52554.83597961289,0.0,True
76357.17064247966,1102.0,156385.0,-73056.0,8907.78,51.3599853515625,6.864896207242399,29225.0,0.7889405177920756,466.4986602338746,640.0,132.30673631577469,1.0725656143661992,TRA6875_1499,real,53735.291193490426,0.0,True
76315.62395192143,1142.0,163712.0,-79318.0,9098.28,51.30157470703125,6.967262061866554,29850.0,0.7922129288830027,467.17234507192313,1024.0,132.3974377975002,1.185606187619988,TRA6875_1499,real,59533.815934154365,0.0,True
61162.170589699934,0.0,-77439.17757182903,-71614.37457724316,30.480000304269588,52.32859819667497,4.708845582447107,100.0,0.3,198.3755,2500.0,3.1752,1.8142141808759045,SAS62L_1257,fuel,105810.2678241854,0.2806313350351315,True
61117.68523975496,24.501,-77301.98908695525,-69141.33775146613,341.6432333389354,52.35085497065413,4.710290113689574,1121.0,0.378839,249.6269,2794.0,3.1752,1.7484955509216173,SAS62L_1257,fuel,99101.26357933629,0.1459178272054867,True
61074.873119307376,49.0021,-77129.11633442286,-66025.0362369518,689.4008241194505,52.37890096090956,4.712112302469324,2262.0,0.461201,302.6933,3000.0,39.9267,1.730715645055537,SAS62L_1257,fuel,97412.617841445,0.11231814089894193,True
61032.57559332801,73.5031,-74697.35982754527,-63119.443846315815,1062.7967037607789,52.405367905545134,4.747279625097978,3487.0,0.547139,357.5561,3000.0,48.0783,1.7277945884340131,SAS62L_1257,fuel,97139.67475060897,0.08267968161515342,True
60990.43101725498,98.0042,-71362.7661536924,-60125.2072737033,1436.1925834022402,52.432741092359215,4.795785355617997,4712.0,0.573489,373.1552,3000.0,48.0787,1.7245605282297367,SAS62L_1257,fuel,96838.90919962994,0.06497124929975859,True
60948.38341482533,122.5052,-67881.76362276525,-56999.5479429242,1809.5884630437008,52.461294555767054,4.84648507876331,5937.0,0.585791,379.4972,3000.0,48.0791,1.7141451747067011,SAS62L_1257,fuel,95880.22072038196,0.049386296935101236,True
60906.59525818047,147.0063,-64341.27951644165,-53820.51616576501,2182.9843426851266,52.49031333574867,4.898118606268292,7162.0,0.598427,385.9777,3000.0,48.0764,1.7036197330939378,SAS62L_1257,fuel,94926.27742585645,0.03886050823705918,True
60865.06923582594,171.5073,-60740.19311747099,-50586.7668497551,2556.3802223265166,52.51980846796121,4.950705791969666,8387.0,0.611408,392.5993,3000.0,48.0693,1.6929835582670765,SAS62L_1257,fuel,93976.8334225129,0.02959912921597102,True
60823.80804196241,196.0083,-57077.449420902485,-47296.82883282567,2929.776101967868,52.549792060733324,5.004265668935527,9612.0,0.624742,399.365,3000.0,48.0581,1.6822361739081801,SAS62L_1257,fuel,93031.66809296694,0.023790460909834305,True
60782.8143805124,220.5094,-53351.95696909682,-43949.21884392915,3303.1719816091763,52.580276280968505,5.058817988765467,10837.0,0.638442,406.2775,3000.0,48.0397,1.671376669383385,SAS62L_1257,fuel,92090.5324362531,0.019868283406461275,True
60742.09096915946,245.0104,-49562.804893387496,-40542.20038288499,3676.5678612504385,52.61127549960463,5.114379979127502,12062.0,0.652515,413.3396,3000.0,48.02,1.6604040550620784,SAS62L_1257,fuel,91153.18126982021,0.0176500661053443,True
60701.6405433575,269.5115,-45708.71480342247,-37074.39397211593,4049.9637408916506,52.642800854981495,5.170974562850706,13287.0,0.666975,420.5542,3000.0,47.9981,1.6493172760060044,SAS62L_1257,fuel,90219.37413618123,0.015329342540827974,True
60661.4658602646,294.0125,-41788.445559554144,-33544.3271269425,4423.359620532808,52.67486425352327,5.228624302634342,14512.0,0.68183,427.924,3000.0,47.9764,1.6381149529115058,SAS62L_1257,fuel,89288.85362582977,0.01355011714817937,True
60621.569702548106,318.5135,-37800.58627276681,-29950.6649067795,4796.755500173905,52.707476310252886,5.287354510022569,15737.0,0.697093,435.4517,3000.0,47.9565,1.6267955754086376,SAS62L_1257,fuel,88361.36225807469,0.01176939716074948,True
60581.95488200274,343.0146,-33743.59920536092,-26292.162648350968,5170.151379814934,52.74064676265205,5.3471926112226225,16962.0,0.712775,443.14,3000.0,47.9356,1.6153575206694766,SAS62L_1257,fuel,87436.64397093205,0.009307822992082333,True
60542.624242916485,367.5156,-29616.112846223317,-22567.34184332508,5543.547259455891,52.774387362057205,5.408163769453833,18187.0,0.728887,450.9914,3000.0,47.9159,1.603798891153978,SAS62L_1257,fuel,86514.43114868904,0.008084774138265244,True
60503.580665111695,392.0167,-25416.56779801509,-18774.88400573156,5916.943139096759,52.80870835219947,5.4702961963019865,19413.0,0.745441,459.0085,3000.0,47.8956,1.5921024979332004,SAS62L_1257,fuel,85593.27024308441,0.007486489617687219,True
60464.82706658139,416.5177,-21143.5189743945,-14913.297098700255,6290.339018737535,52.84362144714582,5.533616638869539,20638.0,0.762449,467.1937,3000.0,47.8741,1.580296659145042,SAS62L_1257,fuel,84675.29867411527,0.0026700658914751057,True
60426.36640137271,441.0188,-16795.537346882185,-10981.02615235352,6663.734898378201,52.87913884136187,5.598151862049747,21863.0,0.779922,475.5494,3000.0,47.8517,1.5683641852924464,SAS62L_1257,fuel,83767.62642373936,0.0,True
60388.198451302706,465.5198,-12371.158445664641,-6976.512047783263,7037.1307780187435,52.91527268018393,5.663929430607704,23088.0,0.797874,484.0779,3000.0,47.8295,1.5563028838038342,SAS62L_1257,fuel,82948.82814517444,0.0,True
60350.29596526306,490.0208,-7868.818503174079,-2898.263937208016,7410.526657659165,52.95203440544789,5.7309786767191255,24313.0,0.816316,492.7812,3000.0,47.8087,1.5441100757545432,SAS62L_1257,fuel,82426.91109466876,0.0,True
60312.561429796035,514.5219,-3286.8549097871305,1255.1393374052698,7783.922537299508,52.98943473576228,5.799330721908872,25538.0,0.81801,491.3004,3000.0,47.7893,1.5230002091579768,SAS62L_1257,fuel,80970.78795981684,0.0,True
60275.293667436505,539.0229,1279.76749642942,5397.455857493615,8157.318416939637,53.02669609003731,5.867571847881756,26763.0,0.819335,489.5756,3000.0,47.7702,1.5026256817371588,SAS62L_1257,fuel,79598.01577329397,0.0,True
60238.47223982097,563.524,5828.801854026137,9526.58379351704,8530.714296579523,53.06379987094401,5.935667454141717,27988.0,0.82,487.4378,3000.0,47.7508,1.4830338599895418,SAS62L_1257,fuel,78291.76902222249,0.0,True
60202.080887867225,588.025,10356.384489314767,13639.036361441309,8904.110176219132,53.100715172942714,6.0035585321666725,29213.0,0.82,484.8892,3000.0,47.7312,1.4644339239940414,SAS62L_1257,fuel,77057.57182452698,0.0,True
60166.10032594192,612.526,14858.68040300134,17731.334355103005,9277.506055858417,53.13741124871957,6.071186130638065,30438.0,0.82,482.3271,2844.0,47.7114,1.4194803526345103,SAS62L_1257,fuel,74070.94169263408,0.0,True
60131.1629892794,637.0271,19337.05083114899,21804.712337113422,9631.42805022167,53.17389968066063,6.138569155079249,31599.0,0.818562,479.0441,2550.0,47.6911,1.3489403552059915,SAS62L_1257,fuel,69480.21445139192,0.0,True
60097.90718441006,661.5281,23785.973204486465,25854.1799056429,9948.755686841505,53.210136331285575,6.205622815136295,32640.0,0.816131,475.4329,2256.0,47.6704,1.2773221282536213,SAS62L_1257,fuel,64987.866384548215,0.0,True
60066.38030064906,686.0292,28202.246632025046,29876.857864050475,10229.488965716302,53.246096111857355,6.27229684419933,33561.0,0.813544,471.9871,1962.0,47.6478,1.2048177610051551,SAS62L_1257,fuel,60619.30019687958,0.0,True
60036.61145293866,710.5302,32587.18303766799,33874.14947179877,10473.627886845568,53.28179227441288,6.338608980215062,34362.0,0.81076,468.6849,1667.0,47.6233,1.1311782577763718,SAS62L_1257,fuel,56335.98838836063,0.0,True
60008.63154013903,735.0313,36941.949789465856,37847.347577505316,10681.17245022913,53.31723704259346,6.4045749232691636,35043.0,0.807761,465.5181,1373.0,47.5989,1.056793664576521,SAS62L_1257,fuel,52141.456036688716,0.0,True
59982.4723598437,759.5323,41268.13763903476,41797.8482783901,10852.122655866953,53.352443495099536,6.470216902117555,35604.0,0.804495,462.4563,1079.0,47.5748,0.9814013969034316,SAS62L_1257,fuel,48003.922058755925,0.0,True
59958.16624340484,784.0333,45567.869284544155,45727.513953793634,10986.478503759115,53.38742880386058,6.53556539554802,36045.0,0.800914,459.473,785.0,47.5513,0.9049550672605158,SAS62L_1257,fuel,43907.85629173407,0.0,True
59935.744724630305,808.5344,49843.22194238616,49638.12029818002,11084.23999390588,53.42220929438027,6.6006503941592225,36366.0,0.796964,457.1146,491.0,47.5303,0.8272693880550884,SAS62L_1257,fuel,39832.940755401156,0.0,True
59915.239111045856,833.0354,54094.75386291169,53529.80350629938,11145.40712630785,53.45678663561259,6.66547886819377,36566.0,0.79247,454.5367,197.0,47.5124,0.7486510760572113,SAS62L_1257,fuel,35782.779896572305,0.0,True
59896.68319542392,857.5365,58320.73188605683,57400.51471146611,11169.979900966964,53.491143082683,6.7300227838416316,36647.0,0.789137,452.6254,-0.0,47.4975,0.695242526865394,SAS62L_1257,fuel,33069.06517075866,0.0,True
59879.45775892719,882.0375,62527.849631146186,61255.95949232576,11169.979900725757,53.52532967633015,6.794382936210233,36647.0,0.789129,452.6204,-0.0,47.4867,0.6951063581062377,SAS62L_1257,fuel,33061.75793010689,0.0,True
59862.23591887378,906.5385,66734.1896560171,65112.16067151548,11169.97990048436,53.559488566091346,6.858835382346612,36647.0,0.789106,452.6073,-0.0,47.4798,0.6949628940118224,SAS62L_1257,fuel,33053.82254236378,0.0,True
59845.01799237876,931.0396,70939.94249556717,68968.75727131279,11169.979900242786,53.593616399822764,6.923383122253391,36647.0,0.789113,452.6114,-0.0,47.4758,0.6948351016217661,SAS62L_1257,fuel,33047.232958400244,0.0,True
59827.80330729526,955.5406,75145.46396390023,72825.68273140241,11169.979900001053,53.62771244283883,6.988031722379831,36647.0,0.78912,452.6155,-0.0,47.4718,0.6947073741169201,SAS62L_1257,fuel,33040.64697597672,0.0,True
61162.17058970675,0.0,-77439.17757181718,-71614.37477721526,30.48000030460144,52.32859819487686,4.70884558249375,100.0,0.3,198.3755,2500.0,3.1752,1.8142141808760168,SAS62L_1257,pop,105810.26782419758,0.2806313225129215,True
61117.25228638041,24.7393,-77300.65742789187,-69117.33271607268,344.6690974497194,52.35107101049127,4.710304142087502,1131.0,0.379619,250.1318,2401.0,3.1752,1.6453437808602012,SAS62L_1257,pop,89887.84624326698,0.1456803790068625,True
61076.57767082511,49.4786,-77125.4235565353,-65958.46834505201,646.4791142568523,52.379500056231336,4.712151250116662,2121.0,0.461518,303.0503,2698.0,22.5634,1.6667292673786052,SAS62L_1257,pop,91691.88760239966,0.11573119392362266,True
61035.453843903175,74.2179,-75654.07656777691,-62417.41472091168,985.5986628621932,52.411547963033016,4.733018269369927,3234.0,0.54696,357.7581,2995.0,26.2396,1.7300063106560382,SAS62L_1257,pop,97346.2245724446,0.08222256532471794,True
60992.84673345719,98.9572,-73652.23253629169,-58356.22061968563,1362.0277432920066,52.44834166988788,4.761625769484867,4469.0,0.571084,371.9117,3000.0,33.2957,1.7265503249231828,SAS62L_1257,pop,97023.78292884066,0.058050136422322554,True
60950.34209009997,123.6965,-71067.75954623583,-54421.09835393758,1739.0546598595508,52.484071652973654,4.79891126644226,5706.0,0.583441,378.2887,3000.0,37.6072,1.7160539313290357,SAS62L_1257,pop,96054.79812648892,0.04441734827787068,True
60908.10147794368,148.4358,-68145.25068505292,-50627.1298475177,2116.0815764268423,52.518563359667276,4.84128190542661,6943.0,0.596129,384.8006,3000.0,43.3687,1.7054403503757591,SAS62L_1257,pop,95090.24268406726,0.03448710586650951,True
60866.1277757184,173.1751,-64799.74709477947,-47085.49100051523,2493.1084929946896,52.550821825110084,4.890024500400104,8179.0,0.609093,391.4088,3000.0,45.404,1.6946857545984204,SAS62L_1257,pop,94127.82497698902,0.02631987824077357,True
60824.4247115538,197.9144,-61270.7221293556,-43605.88293248202,2870.1354095608335,52.582523329453444,4.941566341359159,9416.0,0.62247,398.1986,3000.0,46.603,1.68383515560183,SAS62L_1257,pop,93171.40825668897,0.02325962691406499,True
60782.99436903588,222.6537,-57606.91144987687,-40141.55280162728,3247.162326121673,52.614079477894904,4.995181616257502,10653.0,0.636199,405.1266,3000.0,48.9902,1.6728603166759914,SAS62L_1257,pop,92218.31050964579,0.02022834518561871,True
60741.83977564446,247.393,-53735.502881435496,-36775.023535876586,3624.18924266649,52.64475266760053,5.051967035247293,11890.0,0.650313,412.2097,3000.0,48.0344,1.6617726912092792,SAS62L_1257,pop,91269.37297813082,0.018013565621980816,True
60700.964669119516,272.1323,-49853.824329247385,-33284.157500031964,4001.1861671529264,52.676517765528395,5.108965456186001,13127.0,0.664806,419.4405,2997.0,49.4687,1.650064195511618,SAS62L_1257,pop,90281.87632044652,0.016529920325359274,True
60660.383030802244,296.8716,-45816.07831865988,-29831.785777058063,4377.813597130872,52.70792264997487,5.168368615688685,14363.0,0.679684,426.8205,2998.0,50.1071,1.6389095537853402,SAS62L_1257,pop,89354.43730770086,0.014600132712990852,True
60620.08055669555,321.6109,-41668.15367177063,-26364.45772587493,4754.591271214078,52.739440877237534,5.229491881570868,15599.0,0.694901,434.3133,2999.0,51.6328,1.6275911571588506,SAS62L_1257,pop,88426.14306799002,0.011621010864855315,True
60580.062330977664,346.3502,-37354.724783903344,-22949.69047756337,5131.488737004489,52.7704665195008,5.2931696739062195,16836.0,0.710417,441.892,3000.0,52.5435,1.6160653825721396,SAS62L_1257,pop,87493.51642509039,0.009206447711910018,True
60540.334461895865,371.0895,-32911.11657295748,-19545.345034893424,5508.462970885993,52.80137231453356,5.358875664181202,18072.0,0.726254,449.5655,3000.0,52.6647,1.604202738722944,SAS62L_1257,pop,86546.45015039953,0.007901546675241901,True
60500.90227945563,395.8288,-28382.79340283193,-16091.277206174556,5885.489887336603,52.832693433025895,5.425931702846338,19309.0,0.742547,457.4135,3000.0,53.7551,1.5922071342998698,SAS62L_1257,pop,85601.45868707875,0.007374185178421072,True
60461.77037917381,420.5681,-23709.14506104617,-12665.052719237668,6262.516803851803,52.863732784753765,5.495251296745066,20546.0,0.759808,465.7456,2994.0,53.415,1.57940036684241,SAS62L_1257,pop,84606.07312835858,0.0032624270927655453,True
60422.95750157096,445.3074,-18970.859544478066,-9148.014963944597,6638.837232195917,52.89555072162606,5.565628272327042,21781.0,0.777105,473.9879,2998.0,52.7517,1.5678769175487042,SAS62L_1257,pop,83726.7945416799,0.0,True
60384.433442454094,470.0467,-14190.301190032904,-5513.017182058006,7015.588972070587,52.92838898167649,5.636734020164521,23017.0,0.793932,481.8255,2997.0,52.4061,1.5548830056307716,SAS62L_1257,pop,82807.01222040267,0.0,True
60346.2086760756,494.786,-9352.882680138211,-1788.5215648914227,7392.261173463225,52.96199062380486,5.70879396692083,24253.0,0.804731,485.9079,2997.0,51.7862,1.5385419904435602,SAS62L_1257,pop,81730.8033397418,0.0,True
60308.333832642806,519.5253,-4515.369322992917,2020.1094717435446,7768.920109135063,52.99630529119889,5.780966173100095,25489.0,0.808042,485.4132,2997.0,51.0245,1.5186807442521852,SAS62L_1257,pop,80365.26679880603,0.0,True
60270.90699921116,544.2646,266.06898737844983,5888.66009275817,8145.513090819715,53.03111506651282,5.852414678376416,26724.0,0.810135,484.1578,2996.0,50.3552,1.49890725905559,SAS62L_1257,pop,79025.99561846389,0.0,True
60233.92098137909,569.0039,4989.5738930699235,9802.511478584565,8522.056724801527,53.06628987009411,5.923112197622311,27960.0,0.811782,482.6112,2996.0,49.8203,1.4800726513206546,SAS62L_1257,pop,77781.44154354144,0.0,True
60197.353060651665,593.7432,9661.184062667757,13747.492212543206,8898.541455819555,53.10170361159203,5.993148808920394,29195.0,0.813115,480.8556,2999.0,49.198,1.4627509125296143,SAS62L_1257,pop,76667.90559027351,0.0,True
60161.16070729486,618.4825,14272.610625761532,17728.253135832954,9275.397559878158,53.13739959260071,6.062400124085493,30431.0,0.81257,477.971,2818.0,48.6866,1.413259738017319,SAS62L_1257,pop,73349.98659810168,0.0,True
60126.1433085809,643.2218,18822.399973136777,21727.23262551272,9629.57772962493,53.173221378879425,6.130842827192346,31593.0,0.811185,474.74,2531.0,48.3684,1.3438442035382594,SAS62L_1257,pop,68855.40050417234,0.0,True
60092.80078867558,667.9611,23321.767483074484,25726.390910544902,9947.674594012546,53.20900771447762,6.1986427031830305,32637.0,0.809822,471.765,2239.0,48.0355,1.2726188387144555,SAS62L_1257,pop,64451.88004726093,0.0,True
60061.17898957267,692.7004,27772.15340072556,29728.54673687731,10229.085681030605,53.24478504622606,6.265819982447759,33560.0,0.808184,468.8797,1946.0,47.7973,1.2002846792381348,SAS62L_1257,pop,60149.82550847806,0.0,True
60031.31504695748,717.4397,32181.026025449642,33726.64366982543,10473.634860872367,53.280490588960504,6.332484789517009,34362.0,0.806271,466.0899,1652.0,47.5506,1.1268097697344082,SAS62L_1257,pop,55926.424938379525,0.0,True
60003.243095994425,742.179,36548.74304042649,37721.83097163839,10681.25940174465,53.316135586414795,6.398641134302657,35044.0,0.804272,463.5064,1358.0,47.399,1.0524151641368191,SAS62L_1257,pop,51782.55531210412,0.0,True
59976.992293261996,766.9183,40884.26756546745,41708.69608042823,10851.945656117043,53.35167158965778,6.464421907409626,35603.0,0.80134,460.6441,1065.0,47.3693,0.9771278012020269,SAS62L_1257,pop,47677.36855053529,0.0,True
59952.60625355218,791.6576,45194.62893920652,45676.537401649686,10985.729090744522,53.387002454026394,6.5299302256612926,36042.0,0.794968,456.0671,771.0,47.5496,0.899530639944389,SAS62L_1257,pop,43468.50985045681,0.0,True
59930.17832213378,816.3969,49479.435825342196,49596.02617253756,11082.614094616518,53.42186499437896,6.595154040671641,36360.0,0.794272,455.5701,479.0,47.6439,0.8232043662644549,SAS62L_1257,pop,39559.67645320953,0.0,True
59909.60806098786,841.1362,53765.60986321209,53503.82155138334,11142.830054337936,53.456586663921925,6.6605034725363685,36558.0,0.794423,455.657,192.0,47.8425,0.7483334974042846,SAS62L_1257,pop,35810.97245311972,0.0,True
59890.86149459385,865.8755,58065.73725700809,57397.12591182222,11166.936471615392,53.49114078433547,6.72616799734948,36637.0,0.78977,452.9884,6.0,47.9406,0.6971832356413967,SAS62L_1257,pop,33176.46694207101,0.0,True
59873.41452128741,890.6148,62347.19903919011,61260.21884168301,11167.705865255863,53.52538941442855,6.791651148605875,36639.0,0.78829,452.1391,7.0,47.8638,0.6965217417833941,SAS62L_1257,pop,33115.381040388136,0.0,True
59855.998607034846,915.3541,66615.45485305376,65121.78377705686,11168.595734146706,53.55959015864463,6.857039956596871,36642.0,0.7865,451.1127,7.0,47.8812,0.6954413159538764,SAS62L_1257,pop,33030.25710549593,0.0,True
59838.62551496924,940.0934,70875.18247409524,68973.28212491614,11169.483007727484,53.59366583115345,6.92240299841025,36645.0,0.787657,451.7762,4.0,47.9451,0.6950903972536833,SAS62L_1257,pop,33032.769268783166,0.0,True
59821.25144483,964.8327,75145.46396409138,72825.68273161467,11169.979900009148,53.62771244284071,6.988031722382781,36647.0,0.788814,452.4397,1.0,48.0089,0.6947571295611118,SAS62L_1257,pop,33037.15822092476,0.0,True
,0.0,6340.0,33177.0,0.0,52.33769989013672,4.7097015380859375,0.0,0.0,0.0,0.0,0.0,,SAS62L_1257,real,,0.36444329808318465,True
61103.05478035941,37.0,6467.0,35795.0,160.02,52.36125183105469,4.71160888671875,525.0,0.21657869710753758,143.0034964607509,3200.0,0.40066325579215395,1.8884987731404292,SAS62L_1257,real,169603.78239136664,0.3380883670548592,True
61059.02676381992,57.0,6483.0,37296.0,373.38,52.37475896285752,4.711879185267858,1225.0,0.24004381627889393,158.11388300841898,1728.0,2.1747441146100024,1.7543745695544462,SAS62L_1257,real,101509.39051785144,0.16840030882735477,True
61001.12887857395,97.0,6755.0,41147.0,716.2800000000001,52.40940856933594,4.7159576416015625,2350.0,0.3320008354012182,217.83020910791964,2176.0,5.0039199522402935,1.656225241018158,SAS62L_1257,real,90295.4066561583,0.0974788679045958,True
60956.04209134669,117.0,6975.0,43544.0,1021.08,52.43096923828125,4.71923828125,3350.0,0.36238359558474975,236.93247983339052,3392.0000000000005,5.084960604721768,1.8297815871065366,SAS62L_1257,real,115467.85451519798,0.07158637469524486,True
60888.065958632535,157.0,7330.0,48418.0,1844.0400000000002,52.474822998046875,4.724578857421875,6050.0,0.37193964851058026,240.85887984460942,3008.0,8.836591132408383,1.7757342906433464,SAS62L_1257,real,104699.20667919266,0.04439639690668517,True
60842.17855992268,177.0,8528.0,50480.0,2209.8,52.49336242675781,4.742279052734375,7250.0,0.35715800063962677,230.28894893155424,4160.0,48.69704930357355,1.8763492277142821,SAS62L_1257,real,135940.61628240108,0.039366996208312896,True
60775.784350780894,217.0,12426.0,53542.0,2865.1200000000003,52.52083988512977,4.799848284040179,9400.0,0.38937056888511434,249.09837414162303,3712.0,51.519801751656935,1.839403782604982,SAS62L_1257,real,118139.819088114,0.032522775453735435,True
60736.527094418234,247.0,15424.0,55983.0,3337.56,52.54271943690413,4.8441859654017865,10950.0,0.4147011112202407,263.78779350076076,1600.0,49.30446896050794,1.3374581266844725,SAS62L_1257,real,67419.41170022775,0.02664480813500332,True
60688.2711111275,277.0,18667.0,58808.0,3581.4,52.56804385427701,4.8922119140625,11750.0,0.46828772370768196,296.98653168115214,1472.0,48.95926496890809,1.2497831715257663,SAS62L_1257,real,62525.155907029824,0.023648818307969346,True
60647.36919545183,307.0,22274.0,61986.0,3916.6800000000003,52.59649658203125,4.9456787109375,12850.0,0.49718673630934906,314.0143308831621,3520.0000000000005,49.00288588678604,1.7410330622344097,SAS62L_1257,real,99714.88123159073,0.0209102372166527,True
60588.78680971013,347.0,27135.0,66248.0,4472.9400000000005,52.63462829589844,5.017852783203125,14675.000000000002,0.518796291483684,325.39975414864716,2496.0,49.11222884471841,1.5237239504126663,SAS62L_1257,real,79368.22744815295,0.017546383530949325,True
60549.73471930956,367.0,29711.0,68497.0,4754.88,52.65472412109375,5.05615234375,15600.0,0.5251549179216911,328.2209621581169,2752.0,49.07682233959676,1.5754427120070886,SAS62L_1257,real,83282.06987660578,0.016352173084524645,True
60492.941356785646,407.0,34842.0,72982.0,5303.52,52.69477844238281,5.1325225830078125,17400.0,0.5380890874778562,333.965567087387,2496.0,49.249837149522975,1.498978952602194,SAS62L_1257,real,77611.38788398728,0.014345491644232053,True
60437.82965289772,437.0,38708.0,76357.0,5676.900000000001,52.724878343485166,5.190176827566964,18625.0,0.5477040826032784,338.3031185194721,2496.0,49.43544518933994,1.4873027450265501,SAS62L_1257,real,76804.77657291014,0.012085634099388716,True
60402.2755251173,467.0,42698.0,79836.0,6035.04,52.75588213387182,5.249738420758929,19800.0,0.5594330980199653,343.94330928221297,2176.0,49.3625680027939,1.3908683504796313,SAS62L_1257,real,70590.87413862167,0.009935185773405804,True
60353.43318289001,507.0,48055.0,84501.0,6446.52,52.79740673000529,5.329860142299108,21150.0,0.5764764005192621,352.51241112902676,1920.0,49.48685263854837,1.3033325891636256,SAS62L_1257,real,65475.35742716346,0.0,True
60321.91492439767,527.0,50864.0,86951.0,6637.02,52.81919317730402,5.371922084263393,21775.0,0.5861122716798407,357.5024475440693,1728.0,49.5377725079066,1.2394395563345597,SAS62L_1257,real,61968.61799917153,0.0,True
60275.182342900574,567.0,56409.0,91781.0,7025.64,52.862091064453125,5.4550933837890625,23050.0,0.599704323630636,363.90245945857527,1792.0,49.56948213544133,1.2465418865412483,SAS62L_1257,real,62350.45534438939,0.0,True
60243.20047976399,587.0,59236.0,94244.0,7216.14,52.88394734010858,5.49755859375,23675.0,0.6048288574460668,366.0737630587584,1984.0,49.65335158726834,1.2962306698846864,SAS62L_1257,real,65077.0661693223,0.0,True
60198.368018474575,627.0,64959.0,99230.0,7589.52,52.92814636230469,5.583648681640625,24900.0,0.6161821697534162,371.06468438804575,1472.0,49.700171158595545,1.1326213240032932,SAS62L_1257,real,56420.14131204531,0.0,True
60170.77404289162,647.0,67860.0,101751.0,7734.3,52.95047048795021,5.627354213169643,25375.0,0.6257044091388927,376.0558469163855,1472.0,49.745747943802236,1.128438454072789,SAS62L_1257,real,56209.47970558881,0.0,True
60130.026861604485,687.0,73726.0,106856.0,8023.860000000001,52.99562072753906,5.7158660888671875,26325.0,0.6412410475271948,383.8658619882732,1600.0,49.75487684766874,1.1586082007088465,SAS62L_1257,real,57739.51359602825,0.0,True
60102.26493631032,707.0,76707.0,109454.0,8183.88,53.018576411877646,5.760916573660714,26850.0,0.6473779528495636,386.6846260197061,1472.0,49.720136931043506,1.1157330264665963,SAS62L_1257,real,55571.99738440811,0.0,True
60061.7054268838,747.0,82733.0,114705.0,8473.44,53.06492614746094,5.8521270751953125,27800.0,0.6609464651143485,393.2047812527208,1408.0,49.95188879551671,1.0886015368411033,SAS62L_1257,real,54223.146681400394,0.0,True
60034.97088684692,777.0,87348.0,118721.0,8686.800000000001,53.1003221414857,5.922115550321691,28500.000000000004,0.6713386046137444,398.19718733311015,1472.0,49.99177587028712,1.101729219626125,SAS62L_1257,real,54873.725355499235,0.0,True
59995.57598072348,807.0,92002.0,122772.0,8900.16,53.13598115565413,5.992799646714154,29199.999999999996,0.6770351322369254,400.37232671602067,1216.0,50.0661686625644,1.0194247005681998,SAS62L_1257,real,50851.9197576561,0.0,True
59959.45511593299,847.0,98223.0,128194.0,9128.76,53.183650647179554,6.087475944967831,29950.0,0.6900901191171018,406.77389296757974,1024.0,50.086221709634586,0.9566666878697179,SAS62L_1257,real,47863.666096424255,0.0,True
59934.97744824659,867.0,101392.0,130959.0,9243.060000000001,53.20793151855469,6.135785784040179,30325.000000000004,0.6960006359501031,409.59125967237145,1152.0,50.05114498132605,0.9924195231801674,SAS62L_1257,real,49558.842961210044,0.0,True
59896.630738636704,907.0,107725.0,136471.0,9494.52,53.25627213817531,6.232479319852941,31150.0,0.7011262726746177,411.1265012134343,1344.0,50.230116090608455,1.0414672727707854,SAS62L_1257,real,51916.24474850406,0.0,True
59868.89078099699,937.0,112525.0,140649.0,9738.36,53.292862197100106,6.305909998276654,31950.0,0.696362813662493,406.90170803278767,2112.0,50.284573231582975,1.2490266409170472,SAS62L_1257,real,62483.62688702147,0.0,True
59831.167514572015,967.0,117206.0,144719.0,9974.58,53.328460693359375,6.377641950334822,32724.999999999996,0.6939163425437925,404.0853870161602,704.0,50.321510593065284,0.8340098076763911,SAS62L_1257,real,42161.12265073811,0.0,True
59807.77173524487,997.0,121933.0,148835.0,10134.6,53.36441298662606,6.450186336741727,33250.0,0.7006140553913006,407.03439658092776,960.0,50.48279780727121,0.9099256180535004,SAS62L_1257,real,45671.75046401464,0.0,True
59774.928073092946,1037.0,128215.0,154304.0,10309.86,53.4121290303893,6.5468013987821685,33825.0,0.7121342991958368,412.6657242854075,896.0,50.40775381531468,0.8871306262963237,SAS62L_1257,real,44612.05945472329,0.0,True
59755.23924065031,1057.0,131482.0,157157.0,10386.060000000001,53.436987925384,6.597128475413602,34075.0,0.7191294787137513,416.2523273208211,448.0,50.45878774932772,0.7501330752592721,SAS62L_1257,real,38330.58437417281,0.0,True
59719.59733020429,1097.0,137938.0,162774.0,10591.800000000001,53.485867775092686,6.6967324649586395,34750.0,0.7226559575827264,417.0239801258436,1664.0,50.54625610684183,1.1035199334497925,SAS62L_1257,real,54961.69194578156,0.0,True
59689.41536576137,1117.0,141162.0,165586.0,10797.54,53.510307699947035,6.746574850643382,35425.0,0.7126370890911656,409.9865851463923,2240.0,50.64176350584365,1.2589393081639304,SAS62L_1257,real,63019.710551179116,0.0,True
59652.98266586907,1157.0,147396.0,170995.0,11117.58,53.5572509765625,6.843069893973214,36475.0,0.697624409129312,400.13622680282276,704.0,50.78111718428054,0.8146967449309908,SAS62L_1257,real,41274.600509551885,0.0,True
59632.936241941185,1177.0,150425.0,173630.0,11193.78,53.58008950443591,6.89004337086397,36725.0,0.7025307741677094,402.95036915233123,576.0,50.74060663895186,0.7728426735413867,SAS62L_1257,real,39363.21830702892,0.0,True
59607.129187678736,1217.0,156733.0,179130.0,11269.980000000001,53.62771244372352,6.988031723920036,36975.0,0.7063345107604678,405.1320772291426,192.0,50.81009942771923,0.6509078860644502,SAS62L_1257,real,33829.88283275334,0.0,True
56672.51830691696,0.0,-37588.22565553479,100446.45605081298,30.48000030422943,52.321298675412976,4.77995233639316,100.0,0.3,198.3755,2500.0,183.0038,1.7358327739526738,ITY113_1804,fuel,97893.75433003409,0.17029848122499178,True
56629.126226260174,24.9818,-37720.55778217142,97924.57444946007,347.74891399422665,52.29861060618783,4.778288559636018,1141.0,0.380412,250.6459,2800.0,183.0038,1.6775524805667468,ITY113_1804,fuel,92624.07975247595,0.10452969206923003,True
56587.26530373036,49.9636,-37887.99427299229,94733.70148211456,703.0623926314662,52.26990393529677,4.776185772253869,2307.0,0.464491,304.805,3000.0,158.3246,1.6694114562077225,ITY113_1804,fuel,91921.66399385134,0.06853693082294891,True
56545.69495193309,74.9454,-36451.11769297297,91118.4761319639,1083.7850890592686,52.23748917978998,4.797692050118206,3556.0,0.552257,360.8137,3000.0,158.3476,1.6800493175879911,ITY113_1804,fuel,92841.04134695728,0.05131134994825654,True
56503.946865492944,99.9272,-34749.67486829726,86832.5714271741,1464.507785487249,52.19905581325579,4.82311811796436,4805.0,0.57441,373.6313,3000.0,158.375,1.6759179765064351,ITY113_1804,fuel,92482.44301834519,0.040248174966877534,True
56462.316363777114,124.909,-32989.54862335437,82392.65199482728,1845.2304819152203,52.15923543799025,4.849375505366329,6054.0,0.586982,380.1098,3000.0,158.3902,1.6652201392154113,ITY113_1804,fuel,91562.95722959188,0.03457849045726817,True
56420.957687555434,149.8908,-31199.94312228438,77874.8864393473,2225.953178343154,52.11871083177357,4.876024850119005,7303.0,0.599903,386.7324,3000.0,158.3908,1.6544193148585031,ITY113_1804,fuel,90647.47942048634,0.03289318022930366,True
56379.87339348745,174.8726,-29379.060151412028,73278.00819692771,2606.6758747710483,52.07747042212767,4.903090272413251,8552.0,0.613183,393.5022,3000.0,158.3848,1.6435144671370983,ITY113_1804,fuel,89735.76451575471,0.03316107438272587,True
56339.06606127516,199.8544,-27525.66152649635,68600.48757244693,2987.3985711989003,52.03550021502001,4.9305875739795235,9801.0,0.626833,400.4221,3000.0,158.3854,1.6325041316156432,ITY113_1804,fuel,88827.54249561927,0.0327002358963123,True
56298.53829867813,224.8362,-25639.574815052598,63840.33157371626,3368.1212676267046,51.99278198025247,4.9585168945326945,11050.0,0.640862,407.4951,3000.0,158.3983,1.6213867461295717,ITY113_1804,fuel,87922.54673795482,0.029662640767760658,True
56258.292746519815,249.818,-23721.128922740678,58995.307772825974,3748.843964054462,51.94929530674855,4.986870990002229,12299.0,0.655284,414.7241,3000.0,158.4169,1.6101604438156714,ITY113_1804,fuel,87020.49725018702,0.02696991981677862,True
56218.332083638365,274.7998,-21770.109889489813,54063.358628112466,4129.566660482163,51.90502137824735,5.015650454553793,13548.0,0.670108,422.1123,3000.0,158.4278,1.5988235055496534,ITY113_1804,fuel,86121.13714462044,0.023870640309242328,True
56178.659031728945,299.7816,-19785.1604658957,49042.838780581216,4510.289356909804,51.859945119147596,5.044872415640986,14798.0,0.685347,429.6624,3000.0,158.4225,1.5873578886201027,ITY113_1804,fuel,85222.94883332134,0.022736990512075828,True
56139.276360017764,324.7635,-17764.1090481589,43932.38471375248,4891.012053337379,51.81405399104533,5.074565682392862,16047.0,0.701012,437.3772,3000.0,158.4054,1.5757920914447492,ITY113_1804,fuel,84328.06532253225,0.021762022426978517,True
56100.18688970112,349.7453,-15705.095106020244,38730.471132924744,5271.734749764881,51.767333955888795,5.104754355105657,17296.0,0.717116,445.2597,3000.0,158.3915,1.564108372658193,ITY113_1804,fuel,83435.00102479225,0.02160301441866856,True
56061.39349807462,374.7271,-13607.569351294576,33435.01597725354,5652.4574461923,51.719765904239566,5.135443335187894,18545.0,0.733669,453.3125,3000.0,158.3932,1.5523038136784582,ITY113_1804,fuel,82543.45127745479,0.0221046957718837,True
56022.899122270166,399.7089,-11472.154228587307,28043.435401727413,6033.180142619627,51.671326176746575,5.166620425842014,19794.0,0.750686,461.5384,3000.0,158.4087,1.5403756472862389,ITY113_1804,fuel,81653.13428836112,0.022696620915057586,True
55984.70676250892,424.6907,-9299.361898523217,22553.153120618437,6413.902839046851,51.62199118861372,5.198274963239165,21043.0,0.768179,469.9398,3000.0,158.4242,1.5283206336431212,ITY113_1804,fuel,80763.81948919223,0.0,True
55946.81944178869,449.6725,-7088.423036218822,16962.065696350906,6794.625535473952,51.57174162714866,5.2304147455570655,22292.0,0.78616,478.5192,3000.0,158.4281,1.516135649111719,ITY113_1804,fuel,79891.47913721157,0.0,True
55909.23394708908,474.6543,-4837.403880899093,11268.496460787323,7175.348231900919,51.520562011162006,5.263064253440088,23541.0,0.804643,487.2791,3000.0,158.4228,1.5038175495532373,ITY113_1804,fuel,79144.09693960627,0.0,True
55871.90782423115,499.6361,-2544.553220366871,5470.6644122340995,7556.070928327763,51.46843588456403,5.296245123375017,24790.0,0.813235,489.9527,3000.0,158.4227,1.484870390887114,ITY113_1804,fuel,77980.48851623057,0.0,True
55834.980332722036,524.6179,-239.11989986300813,-358.9333238932276,7936.7936247544185,51.416014741747965,5.329531733757249,26039.0,0.815181,488.5764,3000.0,158.4374,1.4623765410090026,ITY113_1804,fuel,76491.73652804134,0.0,True
55798.56824639034,549.5997,2058.25727451377,-6172.527206312553,8317.516321180796,51.36372810444502,5.362625871468631,27288.0,0.816911,487.0453,3000.0,158.4545,1.4407014363338517,ITY113_1804,fuel,75095.23635145338,0.0,True
55762.64619780255,574.5815,4346.613663553367,-11968.35740027435,8698.239017606857,51.31159197804635,5.3955149823582165,28538.0,0.815718,483.7565,2768.0,158.4607,1.379839501664369,ITY113_1804,fuel,71055.50303374318,0.0,True
55728.20431733457,599.5633,6619.8795553342925,-17727.792151477974,9049.557648254224,51.25977414875499,5.428113242599252,29690.0,0.813571,480.0988,2469.0,158.4564,1.306861796137484,ITY113_1804,fuel,66402.85125821657,0.0,True
55695.55830601711,624.5451,8877.644615232588,-23446.68381661649,9362.83171395647,51.20831214103968,5.460416584828498,30718.0,0.811196,476.5677,2169.0,158.4569,1.2332635772754672,ITY113_1804,fuel,61911.05706830025,0.0,True
55664.72441616429,649.5269,11119.945550480521,-29126.564698228907,9638.061214712001,51.157192393263976,5.49242728231335,31621.0,0.808553,473.1416,1869.0,158.4667,1.1592569533968788,ITY113_1804,fuel,57563.227561176,0.0,True
55635.71899931347,674.5087,13346.30054420744,-34768.86543607969,9875.24615052034,51.10640226678989,5.524140121695505,32399.0,0.805604,469.802,1569.0,158.4802,1.0848357790381926,ITY113_1804,fuel,53334.81015097367,0.0,True
55608.55877088036,699.4905,15556.681685413032,-40374.57026933487,10074.386521381308,51.05593312976835,5.555556376128776,33052.0,0.802267,466.5015,1269.0,158.4923,1.0099464476481037,ITY113_1804,fuel,49202.49069860246,0.0,True
55583.26190419493,724.4723,17751.356430051394,-45943.88410453519,10235.482327294869,51.00578334738842,5.586681534685888,33581.0,0.798457,463.1932,970.0,158.5019,0.9347261605169616,ITY113_1804,fuel,45157.67391371377,0.0,True
55559.847697239486,749.4541,19930.462336427827,-51476.40515415098,10358.533568261102,50.95595673855306,5.617519222766501,33985.0,0.794005,459.7785,670.0,158.5084,0.8586141913006501,ITY113_1804,fuel,41157.20194992524,0.0,True
55538.33796904221,774.4359,22093.724848825994,-56970.52711199104,10443.540244280248,50.906467965581434,5.648067242190945,34264.0,0.788636,456.0981,370.0,158.5124,0.7815953547512191,ITY113_1804,fuel,37190.039403574745,0.0,True
55518.75866870249,799.4177,24240.051797157797,-62422.75134697061,10490.502355352895,50.85734874443177,5.6783119062537555,34418.0,0.781838,451.8529,70.0,158.5148,0.7032254544069788,ITY113_1804,fuel,33224.6851375843,0.0,True
55501.14448156579,824.3995,26366.837509897778,-67826.01420823962,10499.419901480913,50.808662933971,5.708218371093252,34447.0,0.779959,450.7076,-0.0,158.5159,0.6844262458024628,ITY113_1804,fuel,32283.17607100229,0.0,True
55484.00330191964,849.3813,28488.273867820568,-73215.98653697512,10499.419901234876,50.76008928127197,5.737987546726915,34447.0,0.779913,450.6813,-0.0,158.5133,0.6842803028280989,ITY113_1804,fuel,32275.52859449801,0.0,True
55466.86599579462,874.3631,30609.828685113327,-78605.54909387234,10499.41990098858,50.71151174474106,5.767696695694365,34447.0,0.779856,450.648,-0.0,158.5058,0.6841253718076167,ITY113_1804,fuel,32267.356523609615,0.0,True
55449.73283060747,899.3449,32731.940703366618,-83994.43192543359,10499.419900742054,50.66293275455368,5.797352292981147,34447.0,0.7798,450.6156,-0.0,158.4963,0.6839716373485037,ITY113_1804,fuel,32259.256937868173,0.0,True
55432.603770979906,924.3267,34854.78793478883,-89382.57676909052,10499.419900495324,50.614352846412,5.826957077470642,34447.0,0.779746,450.5847,-0.0,158.4895,0.6838198736103867,ITY113_1804,fuel,32251.274922270808,0.0,True
55415.47875339462,949.3086,36978.13278073256,-94770.0992797072,10499.419900248411,50.56577101590647,5.8565078764394745,34447.0,0.779706,450.5615,-0.0,158.487,0.6836780791848939,ITY113_1804,fuel,32243.877465613474,0.0,True
55398.35748264503,974.2904,39101.59698036126,-100157.25448161105,10499.419900001341,50.517185018119896,5.885999523512406,34447.0,0.779666,450.5383,-0.0,158.4846,0.6835363230856707,ITY113_1804,fuel,32236.48361495155,0.0,True
56672.5183077075,0.0,-37588.22585074451,100446.45605190618,30.480000274727775,52.321298675409494,4.779952333521069,100.0,0.3,198.3755,2126.0,183.0038,1.619995595550216,ITY113_1804,pop,87810.13100342113,0.17029848364930075,True
56631.55898746432,25.2692,-37722.399224117646,97889.4883756865,303.38056017171715,52.29829495468514,4.778265418488391,995.0,0.380299,250.6975,2429.0,183.0038,1.5807630789045597,ITY113_1804,pop,84711.34185367318,0.10824110534002584,True
56591.66437092649,50.5384,-37892.09360849247,94655.58998903929,615.2061369634329,52.26920120521165,4.7761343215278655,2018.0,0.463908,304.729,2732.0,167.139,1.6147943604489814,ITY113_1804,pop,87391.43042855102,0.07035037655448163,True
56550.99657315417,75.8077,-37015.56495690821,90816.45017714328,965.9567306642118,52.23473558100413,4.789436540162062,3169.0,0.551251,360.6463,3000.0,166.0206,1.6849391967368637,ITY113_1804,pop,93268.07162654397,0.05194446216406086,True
56508.648671638955,101.0769,-35889.337803048256,86292.46537525611,1351.0596966739201,52.19412593978869,4.806454420923675,4433.0,0.566285,368.8333,3000.0,167.6577,1.6760020911737719,ITY113_1804,pop,92489.72436662446,0.040712313007453045,True
56466.53395129159,126.3461,-34870.06088592602,81634.17108370927,1736.1626626962523,52.15229928484753,4.821887419288791,5696.0,0.573743,372.0131,3000.0,165.3221,1.6618612388738485,ITY113_1804,pop,91276.8973588829,0.03408695100785962,True
56424.77620965173,151.6153,-33651.33876587583,76981.35610800658,2121.265628717867,52.11053201728151,4.84021126800356,6960.0,0.588141,379.6206,3000.0,163.7124,1.651835356474393,ITY113_1804,pop,90430.3204434884,0.032862697970497616,True
56383.27779398554,176.8846,-32274.66623949622,72269.70762121567,2506.368594732052,52.068242015791306,4.860817025963098,8223.0,0.599844,385.4043,3000.0,162.4708,1.6397687532204461,ITY113_1804,pop,89425.42402439567,0.032088515712717085,True
56342.087495403575,202.1538,-30773.594502676067,67517.35399624152,2891.4715607383105,52.02558925459835,4.8832055385006665,9486.0,0.60707,388.2474,3000.0,163.136,1.6246133405836929,ITY113_1804,pop,88183.98368895124,0.02951498347985843,True
56301.278391638465,227.423,-29317.094989666006,62712.60813930036,3276.574526741764,51.98245873721929,4.904905010787903,10750.0,0.617427,393.0318,3000.0,157.5649,1.6111312122439905,ITY113_1804,pop,87098.04276382158,0.02736140127189542,True
56260.81061063693,252.6922,-27377.322576531787,58014.540102221865,3661.677492740021,51.940307539837036,4.933603769002933,12013.0,0.627198,397.375,3000.0,152.3638,1.5970677340781538,ITY113_1804,pop,85982.86331819199,0.026015563313783376,True
56220.698144280774,277.9615,-24993.50174371577,53461.72293020368,4046.7804587346873,51.89947569665441,4.9687095853528245,13277.0,0.638695,402.7389,3000.0,152.1025,1.5837023785150268,ITY113_1804,pop,84938.91982473903,0.02414098816554289,True
56180.92432527467,303.2307,-22556.36532724761,48858.28090208356,4431.883424725277,51.858180313968205,5.004531308782211,14540.0,0.650932,408.488,3000.0,153.2217,1.570468260022747,ITY113_1804,pop,83919.79064489272,0.02304695275918192,True
56141.486486730464,328.4999,-20175.979548508585,44141.49008935451,4816.9863907108975,51.8158526726625,5.039468379605539,15804.0,0.665417,415.558,3000.0,154.6108,1.558113023741324,ITY113_1804,pop,82980.87213656478,0.02203868701699552,True
56102.3639038011,353.7691,-17871.281392336852,39285.45265468693,5202.089356690046,51.772260025516,5.073247046437108,17067.0,0.683373,424.6873,3000.0,155.7112,1.5472975822028299,ITY113_1804,pop,82168.51600832725,0.021676712885959574,True
56063.521077891404,379.0383,-15611.508615678884,34277.99420118399,5587.192322661109,51.72729471417902,5.106315048649978,18331.0,0.704932,435.9239,3000.0,156.9806,1.5381495499660047,ITY113_1804,pop,81488.12304439807,0.02193491086656535,True
56024.91857473741,404.3076,-13406.161687348513,29087.406339487385,5972.2952886205485,51.680671927030886,5.138534962498994,19594.0,0.744224,457.9286,3000.0,157.5998,1.5397790371551217,ITY113_1804,pop,81608.87523731453,0.022522425814515416,True
55986.30113811639,429.5768,-11148.123900346682,23609.03987322731,6357.398254510663,51.6314533423327,5.171461237100886,20858.0,0.765552,468.6817,3000.0,157.9067,1.5300674445380182,ITY113_1804,pop,80891.99576190875,0.003246318471267909,True
55947.93646959781,454.846,-8866.969096731396,17989.34223371151,6742.501220042626,51.58095491167326,5.204654271582931,22121.0,0.783669,477.334,3000.0,157.9069,1.517767516952683,ITY113_1804,pop,80004.13485548194,0.0,True
55909.88244703312,480.1152,-6543.611439191731,12265.632246067704,7127.604185500602,51.52951222366356,5.238385635665586,23385.0,0.802297,486.1706,3000.0,157.9089,1.5053148031295989,ITY113_1804,pop,79219.84797718479,0.0,True
55872.103513262344,505.3845,-4177.347991615595,6435.630772747818,7512.707150908748,51.47710429895759,5.272661646442128,24648.0,0.814074,490.747,3000.0,157.9092,1.4880914977874846,ITY113_1804,pop,78225.69314204706,0.0,True
55834.66936063997,530.6537,-1788.8200131907438,550.6972698236794,7897.810116254969,51.42419245271106,5.307180366184767,25911.0,0.816023,489.3428,3000.0,157.9071,1.465163295106302,ITY113_1804,pop,76705.57053052122,0.0,True
55797.76620054878,555.9229,592.992061155649,-5317.0870258768955,8282.91308149904,51.3714247251211,5.341522279838701,27175.0,0.817629,487.7079,3000.0,157.905,1.4429906721060255,ITY113_1804,pop,75270.8738958459,0.0,True
55761.370903865274,581.1921,2966.960579321618,-11164.941949094726,8668.01604662327,51.31882619429704,5.375672401108599,28438.0,0.816771,484.5864,2791.0,157.9032,1.3858902287824286,ITY113_1804,pop,71480.18980687317,0.0,True
55726.37527591573,606.4614,5326.837434585418,-16977.548226935545,9026.31900575878,51.26653488466625,5.409542266235398,29614.0,0.814579,480.8522,2488.0,157.9016,1.3119555787907144,ITY113_1804,pop,66747.084127168,0.0,True
55693.21679715089,631.7306,7670.017995635706,-22748.55700538175,9345.696948943445,51.21460814271454,5.443096316848915,30662.0,0.81222,477.2859,2185.0,157.9011,1.2376193154828734,ITY113_1804,pop,62197.3546313255,0.0,True
55661.910823344515,656.9998,9997.13129292806,-28479.860440073127,9626.149875594092,51.16302918530041,5.4763454474592805,31582.0,0.809532,473.7958,1882.0,157.9025,1.1628582210627336,ITY113_1804,pop,57793.926794704224,0.0,True
55632.475539465886,682.269,12308.29155930825,-34172.26294613048,9867.67778553512,51.111791009371146,5.509293101461979,32374.0,0.806664,470.4716,1578.0,157.9044,1.0875477832914657,ITY113_1804,pop,53509.68642840913,0.0,True
55604.925168365146,707.5383,14604.170789755846,-39827.589011083975,10070.280678699848,51.06087741902419,5.541950610305083,33039.0,0.803273,467.1144,1275.0,157.9057,1.0119039524420699,ITY113_1804,pop,49328.92529928556,0.0,True
55579.28142726,732.8075,16884.596858394492,-45445.208422907745,10233.958555075273,51.010294305262185,5.574317244621823,33576.0,0.799525,463.8232,972.0,157.9055,0.9357957447642614,ITY113_1804,pop,45233.37577437055,0.0,True
55555.56135483743,758.0767,19149.950803037606,-51025.64355724277,10358.711414692001,50.960037175009056,5.606400116547889,33985.0,0.795121,460.4238,669.0,157.9036,0.8590231562141457,ITY113_1804,pop,41195.23213941284,0.0,True
55533.787511439004,783.3459,21399.782106696533,-56567.30624872344,10444.53925763928,50.91012053791087,5.638194545270985,34267.0,0.789825,456.7791,365.0,157.901,0.7811352641292112,ITY113_1804,pop,37181.061174413946,0.0,True
55513.985690520596,808.6151,23632.85428056066,-62066.98808778187,10491.442084131379,50.86057351113272,5.669684802386812,34421.0,0.783217,452.6437,62.0,157.8983,0.7022376994796088,ITY113_1804,pop,33187.12667032887,0.0,True
55496.18829290519,833.8844,25846.67861804447,-67518.51526573052,10499.419894859015,50.81145195205525,5.700837677454463,34447.0,0.781635,451.6763,0.0,157.8965,0.6856470832573505,ITY113_1804,pop,32355.6318281382,0.0,True
55478.81277305082,859.1536,28056.073306659164,-72958.65122807286,10499.419896008145,50.762424770166945,5.731862982219231,34447.0,0.781614,451.6642,0.0,157.8961,0.6855183174423812,ITY113_1804,pop,32348.967649420792,0.0,True
55461.440666385875,884.4228,30265.44627350533,-78398.62630386084,10499.41989705867,50.713390820112046,5.762823028700451,34447.0,0.781592,451.6514,0.0,157.8968,0.6853886865600457,ITY113_1804,pop,32342.25242620899,0.0,True
55444.071999304186,909.692,32474.69703766497,-83838.47142498058,10499.419898023436,50.66434986110697,5.793716630575336,34447.0,0.781565,451.6359,0.0,157.8979,0.685255590696021,ITY113_1804,pop,32335.33148169994,0.0,True
55426.706880221565,934.9613,34683.7646364096,-89278.17244435672,10499.419898913071,50.61530205674656,5.824543170016017,34447.0,0.78155,451.6268,0.0,157.8986,0.6851308575383196,ITY113_1804,pop,32328.908802097456,0.0,True
55409.34504838961,960.2305,36892.71585187942,-94717.79394702523,10499.419899736167,50.56624685518918,5.855303832706879,34447.0,0.781526,451.6133,0.0,157.8987,0.6850004484428949,ITY113_1804,pop,32322.148852244343,0.0,True
55391.986679333684,985.4997,39101.59699297441,-100157.25448701675,10499.419900500066,50.51718501807043,5.885999523690217,34447.0,0.781503,451.5998,0.0,157.8987,0.684870082923467,ITY113_1804,pop,32315.39207337392,0.0,True
56647.0312755755,0.0,11108.0,30738.0,0.0,52.31567253500728,4.779660906110491,0.0,0.15295729038452033,101.17806086301516,64.0,183.39971415912325,1.307370985763212,ITY113_1804,real,65662.81358075318,0.18125836703637666,True
56588.91006108418,35.0,10974.0,27948.0,190.5,52.29057312011719,4.7776031494140625,625.0,0.24257391979151405,160.11246047700348,2496.0,177.8524145717015,1.8347436148025968,ITY113_1804,real,116758.67041942253,0.12469805686272806,True
56562.630409552825,55.0,11339.0,26311.0,426.72,52.2758354574947,4.78289794921875,1400.0,0.25164717258808195,165.65627063289816,1088.0,166.38319105635904,1.3480235759571726,ITY113_1804,real,68013.48678095432,0.08524741947308331,True
56511.1092034145,95.0,12345.0,22411.0,662.94,52.24072265625,4.797515869140625,2175.0,0.3432195949591295,225.32864886649455,1536.0,165.34703353180086,1.328973341486448,ITY113_1804,real,66918.6423790129,0.05798629714912738,True
56481.34933032951,115.0,12987.0,20024.0,830.58,52.21922793630826,4.8068324497767865,2725.0,0.38723067166838837,253.73411280314676,2240.0,164.92312545597852,1.5265427126458349,ITY113_1804,real,79557.11331167347,0.0480307454976841,True
56411.596083105054,155.0,15802.0,15548.0,1508.76,52.17887878417969,4.847869873046875,4950.0,0.41336594247719627,268.73965096353015,3968.0,121.14657588455059,1.8140254063832204,ITY113_1804,real,111720.96332987896,0.03741430970548729,True
56381.950929437924,175.0,18236.0,14234.0,1828.8000000000002,52.16697692871094,4.8834228515625,6000.0,0.42277329947590236,273.82658746002005,2368.0,118.34327055873264,1.5206581414705818,ITY113_1804,real,79132.36763487774,0.03522194541846071,True
56318.69010265019,205.0,21401.0,11497.0,2247.9,52.142230534957626,4.9295654296875,7375.0,0.43388642364532476,279.6354770053328,3136.0,147.56023709684558,1.681634320333903,ITY113_1804,real,92812.65284022005,0.0368821857174531,True
56287.37236783028,225.0,22894.0,9009.0,2529.84,52.119781494140625,4.9512481689453125,8300.0,0.4429881975327135,284.5434940391363,2816.0,149.8305282837463,1.606453755006597,ITY113_1804,real,85805.3945227787,0.038582503626562376,True
56228.519238832334,265.0,25920.0,3862.0,3101.34,52.07333322298729,4.995091029575893,10175.0,0.46297312423651726,295.3404814785809,2048.0,149.70166975630787,1.3817207212188443,ITY113_1804,real,70025.68545109438,0.041825039654685786,True
56207.2651470443,285.0,27532.0,1123.0,3238.5,52.04861398470604,5.018397739955358,10625.0,0.5009323627512238,319.02351010544663,1152.0,149.8986954344003,1.0902357963781752,ITY113_1804,real,54299.934621169356,0.04010741700975145,True
56149.23782551541,325.0,31002.0,-4788.0,3695.7000000000003,51.99522399902344,5.068511962890625,12125.0,0.53704350675913,340.1132164441717,2496.0,149.81631934277766,1.4760921935936717,ITY113_1804,real,76034.16539997258,0.03194898608497061,True
56122.11089975627,345.0,32817.0,-7864.0,3931.92,51.967437744140625,5.0946807861328125,12900.0,0.5513785335860452,348.1752432324849,2176.0,149.82647997035568,1.3914847928225627,ITY113_1804,real,70621.68051210206,0.029015562497896774,True
56065.887609483456,385.0,35869.0,-14347.0,4427.22,51.90891071901483,5.138462611607143,14525.0,0.5649123427608022,354.52785504103906,2432.0,164.12120125565627,1.4375350804647922,ITY113_1804,real,73499.49883135356,0.02329133732903479,True
56036.37442418573,405.0,36876.0,-17883.0,4709.16,51.87702941894531,5.152736354518581,15449.999999999998,0.5671667060595145,354.682957019364,2816.0,164.63153667820387,1.5138887795171274,ITY113_1804,real,78651.40484123724,0.022279374034569543,True
55986.18728508405,445.0,38897.0,-25020.0,5135.88,51.81266784667969,5.1813156540329395,16850.0,0.5921040377226299,368.27842728023046,1856.0,164.56749554940995,1.269946157493791,ITY113_1804,real,63617.22082827665,0.021212594881656943,True
55960.218036057166,465.0,39939.0,-28699.0,5326.38,51.77947998046875,5.196013579497467,17475.0,0.6032993903358826,374.3287325333176,2112.0,164.66433433100713,1.3321013749509578,ITY113_1804,real,67106.31393111614,0.0216840354439396,True
55906.72200273608,505.0,42042.0,-36114.0,5806.4400000000005,51.71260070800781,5.225632126266892,19050.0,0.6137313897118722,378.4507894033252,2176.0,164.6784899251352,1.3298215772313706,ITY113_1804,real,66974.63993258377,0.02251322531448982,True
55883.8041236942,525.0,43105.0,-39866.0,6004.56,51.678756455243644,5.2405548095703125,19700.0,0.6251546198917469,384.50227567597045,1600.0,164.77101988067315,1.1755803239068094,ITY113_1804,real,58606.91886757356,0.022819952596967195,True
55831.44031689324,565.0,45292.0,-47582.0,6446.52,51.60914611816406,5.271210541596284,21150.0,0.6343862003451375,387.9239616213466,2432.0,164.60238700003046,1.3687195141728161,ITY113_1804,real,69249.25283669401,0.0,True
55806.34139457387,575.0,45828.0,-49475.0,6553.200000000001,51.592071533203125,5.278707968222128,21500.0,0.6368603012868733,388.8881587294733,2112.0,164.64150607395277,1.2874576733734535,ITY113_1804,real,64582.11689328991,0.0,True
55761.32785280762,615.0,48080.0,-57216.0,6896.1,51.522216796875,5.3101823136613175,22625.0,0.6597103365050686,401.00872808456427,1984.0,162.2879879455155,1.2477951903587443,ITY113_1804,real,62412.72137259258,0.0,True
55737.17844568661,635.0,49518.0,-61119.0,7117.08,51.486968994140625,5.330373403188345,23350.0,0.6639663598372254,402.40278329057315,1984.0,159.94390526342457,1.2387519714891115,ITY113_1804,real,61926.18224212942,0.0,True
55693.27084741559,675.0,52483.0,-69015.0,7414.26,51.41564320709745,5.3719329833984375,24325.0,0.6844679017192953,413.168246601793,1984.0,159.89841602183526,1.2324413997004648,ITY113_1804,real,61588.88422893443,0.0,True
55671.30927769481,695.0,53973.0,-72952.0,7612.38,51.38007729740466,5.39276123046875,24975.0,0.6863119960993636,413.168246601793,1600.0,159.89841602183526,1.1265261152082597,ITY113_1804,real,56109.309563023664,0.0,True
55628.81630326983,735.0,56997.0,-80978.0,7901.9400000000005,51.307548910884535,5.4349517822265625,25925.0,0.7048487244670266,422.6511563925976,1536.0,159.93582006210758,1.1051350484145785,ITY113_1804,real,55039.56200809107,0.0,True
55608.03038576222,755.0,58539.0,-85063.0,8061.96,51.2706298828125,5.4564192488386825,26450.0,0.7095427010861672,424.53032871633565,1408.0,160.0284241238516,1.0662206389882718,ITY113_1804,real,53119.11972484269,0.0,True
55566.22051696385,795.0,61635.0,-93277.0,8389.62,51.196380615234375,5.499399546030405,27525.0,0.7180771050409981,427.69147758635546,1216.0,160.039784319676,1.0033922647982771,ITY113_1804,real,50079.99504905041,0.0,True
55546.377009290394,815.0,63190.0,-97409.0,8526.78,51.159027099609375,5.520926810599662,27975.0,0.7263503082716736,431.7927743721518,1280.0,160.09625046269218,1.017879409153628,ITY113_1804,real,50774.65647081219,0.0,True
55507.97744961218,855.0,66338.0,-105753.0,8747.76,51.083587646484375,5.564426731418919,28700.0,0.7451803317066921,441.61748153803876,1152.0,160.00580897842923,0.9852189570532844,ITY113_1804,real,49213.52938420229,0.0,True
55488.53246199158,875.0,67938.0,-110000.0,8869.68,51.04518127441406,5.58647361961571,29100.0,0.7496379563326812,443.4974633523849,1216.0,160.09415608905883,0.9974371888266303,ITY113_1804,real,49795.61425511478,0.0,True
55448.873892832926,915.0,71199.0,-118649.0,9113.52,50.966949462890625,5.631309715477196,29900.0,0.7613576742478497,448.8797166279626,1664.0,160.0714193271831,1.101163411217423,ITY113_1804,real,54843.39131965184,0.0,True
55430.02549840711,935.0,72818.0,-122935.0,9265.92,50.92817687988281,5.6535050675675675,30400.0,0.762432696076583,448.5398533017997,1152.0,160.19150864648614,0.9668347399744853,ITY113_1804,real,48343.98295995637,0.0,True
55393.991269720544,965.0,75257.0,-129401.0,9418.32,50.86967856197034,5.6868743896484375,30899.999999999996,0.7716609392448885,452.98123581446504,1024.0,160.12495781528185,0.9318701583426016,ITY113_1804,real,46710.27824765141,0.0,True
55374.951398329344,985.0,76922.0,-133820.0,9525.0,50.82969018968485,5.7096099853515625,31250.0,0.7760524792069867,454.86261662176634,1216.0,160.21060499232104,0.976656615400806,ITY113_1804,real,48834.072444374135,0.0,True
55334.83060986079,1025.0,80194.0,-142488.0,9814.560000000001,50.75124966896186,5.7541656494140625,32200.000000000004,0.7760775656979538,452.98123581446504,1536.0,160.12495781528185,1.0396003000535767,ITY113_1804,real,51856.66993847991,0.0,True
55315.96706883417,1045.0,81844.0,-146857.0,9959.34,50.711700439453125,5.776581635346284,32675.0,0.7733165165551596,450.4220243282959,1280.0,160.27772223555294,0.9676116899641755,ITY113_1804,real,48406.06468121965,0.0,True
55277.91344288891,1085.0,85104.0,-155504.0,10203.18,50.63342595504502,5.820749643686655,33475.0,0.7760742541906906,450.4220243282959,1472.0,160.27772223555294,1.0048024614149833,ITY113_1804,real,50192.70824239274,0.0,True
55260.35575338379,1105.0,86739.0,-159832.0,10340.34,50.59423828125,5.842847322162829,33925.0,0.7738056452687851,448.20196340489184,1088.0,160.31177956035881,0.9006275963741317,ITY113_1804,real,45277.67153995032,0.0,True
55223.04571413154,1145.0,89940.0,-168341.0,10599.42,50.51718501721398,5.88599952491554,34775.0,0.7696610136095884,444.0990880422972,1408.0,160.2593905198089,0.96969308495001,ITY113_1804,real,48508.61704558968,0.0,True
