mass,ts,x,y,h,latitude,longitude,altitude,mach,tas,vertical_rate,heading,fuelflow,fid,obj,thrust,cost_grid,max_fuel
74259.57537702739,0.0,91408.76000865675,-41398.435441701025,30.480000008963763,52.32860183732799,4.7088398927291815,100.0,0.3,198.3755,2431.0,3.1752,1.9762249786712889,EIN611_1606,fuel,127558.18585982772,0.1771121972129314,False
74212.67311378143,23.7122,91541.60060299982,-39003.77309583982,323.30184971270546,52.35011078827169,4.71145173677005,1061.0,0.358039,235.9704,2715.0,3.1752,1.9318138333847497,EIN611_1606,fuel,120512.16578940873,0.1435780208622991,False
74166.84589610764,47.4243,91699.71854521638,-36153.44647464798,650.3994884777637,52.37571245117432,4.714564054180187,2134.0,0.420787,276.2927,3000.0,327.6069,1.9116999303572448,EIN611_1606,fuel,117657.79059648895,0.11234289322511128,False
74121.53572241789,71.1365,89908.17203840335,-33329.67076419952,1011.7729131624322,52.40140101426646,4.688940087208135,3319.0,0.484124,316.5622,3000.0,292.2873,1.866400923050005,EIN611_1606,fuel,111801.8380677097,0.0867122959682492,False
74077.34759427718,94.8487,86358.0869024192,-31874.59161941529,1373.1463422992235,52.41505958301813,4.636998670714472,4505.0,0.550622,358.5397,3000.0,292.3249,1.8476178021395409,EIN611_1606,fuel,109564.50285550066,0.06252382331765041,False
74033.65594342399,118.5608,82334.52957685637,-30222.36825167304,1734.519771923455,52.43053996643289,4.5780917605648535,5691.0,0.583291,378.2112,3000.0,292.3961,1.8410276469275906,EIN611_1606,fuel,108802.20995814056,0.04116229488853467,False
73990.14098066228,142.273,78090.99839781769,-28473.65269985731,2095.893201542534,52.44689037276728,4.5159209727525935,6876.0,0.595449,384.4537,3000.0,292.5336,1.8315256232300983,EIN611_1606,fuel,107722.43222674393,0.026193304645871378,False
73946.85499536156,165.9852,73781.36124433117,-26685.578762794168,2457.266631072557,52.46357106314738,4.452737182714726,8062.0,0.607928,390.8277,3000.0,292.6615,1.8218771785700723,EIN611_1606,fuel,106648.24320184959,0.015966619193737187,False
73903.80122690981,189.6973,69404.00257111572,-24857.94254976455,2818.6400605061203,52.48058248828264,4.388513950870938,9248.0,0.620736,397.336,3000.0,292.777,1.8120925505525063,EIN611_1606,fuel,105580.54964981729,0.012026777655707392,False
73860.98289021524,213.4095,64957.173634296014,-22990.766718391926,3180.0134898348224,52.497922996735205,4.323222729851735,10433.0,0.633882,403.9811,3000.0,292.8488,1.8021827173071117,EIN611_1606,fuel,104520.25744704565,0.009577559370851476,False
73818.40317712829,237.1217,60438.03551795983,-21086.566195312756,3541.3869190490677,52.515568559284695,4.256818317693269,11619.0,0.647376,410.7655,3000.0,292.8785,1.79212801638719,EIN611_1606,fuel,103465.00980687249,0.008217267817382,False
73776.06525789206,260.8338,55843.693703168916,-19147.87426333478,3902.760348137839,52.53349485905206,4.189254706446332,12804.0,0.661228,417.6917,3000.0,292.8907,1.7819497677107596,EIN611_1606,fuel,102416.79794518898,0.007063036430875875,False
73733.9722825841,284.546,51171.99889026517,-17175.365508885377,4264.133777088397,52.55169408898763,4.120497220559156,13990.0,0.675446,424.7622,3000.0,292.8801,1.7716272653956093,EIN611_1606,fuel,101373.25033030444,0.00621363820593947,False
73692.12738250686,308.2582,46420.55324474667,-15170.223159295372,4625.5072058859005,52.570153777360495,4.050507374965222,15176.0,0.690042,431.9796,3000.0,292.819,1.761171485984273,EIN611_1606,fuel,100335.2745044191,0.005539251760466896,False
73650.53367147995,331.9703,41585.91383751096,-13136.038526231712,4986.880634512907,52.5888397528345,3.9792308731468324,16361.0,0.705025,439.3462,3000.0,292.7612,1.7505941165466739,EIN611_1606,fuel,99303.77594406967,0.004962168331275418,False
73609.19424698052,355.6825,36666.46258881972,-11072.009614209339,5348.25406294875,52.60775706198322,3.906641012896377,17547.0,0.720406,446.8644,3000.0,292.7425,1.739872932462911,EIN611_1606,fuel,98276.36944307448,0.004503558950893863,False
73568.11219107403,379.3947,31661.872240432367,-8974.176385525729,5709.6274911686705,52.62693897208607,3.832730391290214,18732.0,0.736195,454.5367,3000.0,292.7588,1.7290312275054203,EIN611_1606,fuel,97255.07607496426,0.004097999002640536,False
73527.29057107029,403.1068,26571.700192652635,-6838.772179521227,6071.000919142672,52.646416959379515,3.757489587233312,19918.0,0.752403,462.3651,3000.0,292.7974,1.7180457138095386,EIN611_1606,fuel,96237.49792190228,0.0037503955047101666,False
73486.73243970459,426.819,21395.071866693113,-4662.994712958053,6432.374346833936,52.66621378110042,3.6809024154674437,21104.0,0.76904,470.3519,3000.0,292.8313,1.7069282354731172,EIN611_1606,fuel,95228.70306470353,0.0,False
73446.43946831464,450.5312,16130.090933328047,-2446.4107423854525,6793.74777419995,52.68633083806451,3.602937158433027,22289.0,0.786118,478.4992,3000.0,292.872,1.6956913872529547,EIN611_1606,fuel,94282.79680570809,0.0,False
73406.39790216782,474.2433,10775.27915502354,-187.5289468639231,7155.121201213377,52.70677891346677,3.523568198187422,23475.0,0.803648,486.8091,3000.0,292.9211,1.684310664959315,EIN611_1606,fuel,93554.59999038669,0.0,False
73366.54960082025,497.9555,5329.217163904138,2115.3390150491905,7516.494627616875,52.72757044914989,3.4427705843952237,24660.0,0.818827,493.5873,3000.0,292.9645,1.6720410493884668,EIN611_1606,fuel,93110.45167234441,0.0,False
73326.81496546205,521.6677,-191.05069446811302,4454.514992156053,7877.868054125525,52.74863351307441,3.360793427638923,25846.0,0.82,491.8622,3000.0,293.0116,1.6563220451436644,EIN611_1606,fuel,91917.34314921245,0.0,False
73287.39312621986,545.3798,-5689.900578901263,6789.953148719395,8239.24148022756,52.76960656230672,3.279055499347604,27032.0,0.82,489.4181,3000.0,293.0606,1.641361668562031,EIN611_1606,fuel,90760.71403523674,0.0,False
73248.27835876685,569.092,-11159.202271949847,9118.359982851825,8600.614905880164,52.79046076917401,3.1976785817710214,28217.0,0.82,486.9617,2718.0,293.1117,1.5759757354327693,EIN611_1606,fuel,85651.64417624619,0.0,False
73210.63891967683,592.8042,-16601.859118243476,11441.165048432467,8927.972455263458,52.81120971940365,3.1166204521350203,29291.0,0.82,484.7258,2433.0,293.1662,1.5074932293193088,EIN611_1606,fuel,80668.32740334174,0.0,False
73174.54035396781,616.5163,-22020.104477225,13759.644674106496,9221.054218339681,52.831865517266486,3.035848695751916,30253.0,0.819345,482.3299,2149.0,293.2174,1.4367256503979389,EIN611_1606,fuel,75791.99084021118,0.0,False
73140.05449635217,640.2285,-27412.143453953406,16072.61728569294,9479.860191656931,52.852418275517266,2.95539094537138,31102.0,0.816296,478.7607,1864.0,293.2563,1.3630976011898293,EIN611_1606,fuel,70837.61241898444,0.0,False
73107.30248168297,663.9407,-32765.19825268507,18373.164958788653,9704.390374166927,52.872807261084674,2.875439176124758,31839.0,0.813158,475.3814,1579.0,293.2963,1.287146201214632,EIN611_1606,fuel,65975.3363570666,0.0,False
73076.34727760042,687.6528,-38081.206078493655,20662.19571698393,9894.644765473813,52.893041583953355,2.795965901900362,32463.0,0.809957,472.2073,1295.0,293.3441,1.209163146976424,EIN611_1606,fuel,61200.875780642775,0.0,False
73047.25087869984,711.365,-43362.008445563995,22941.284086165197,10050.623365495883,52.9131362737056,2.7169448502321965,32974.0,0.806513,469.133,1010.0,293.3978,1.1286338223481807,EIN611_1606,fuel,56455.36337677521,0.0,False
73020.07912405363,735.0772,-48608.331544400025,25211.330820995023,10172.326174405902,52.93310032459509,2.6383663270078874,33374.0,0.80287,466.1842,726.0,293.4364,1.0460934468890712,EIN611_1606,fuel,51758.359433038786,0.0,False
72994.8949758586,758.7894,-53822.01662976234,27471.42775582018,10259.753192716154,52.95292631932832,2.560204208913443,33661.0,0.798906,463.2887,441.0,293.4507,0.9610167847590864,EIN611_1606,fuel,47063.16668483999,0.0,False
72971.76163200838,782.5015,-59004.442578128306,29719.50686901771,10312.904421655763,52.972596386740776,2.4824394915733317,33835.0,0.794596,460.43,157.0,293.4553,0.8740154485472013,EIN611_1606,fuel,42392.7496373008,0.0,False
72950.73850049729,806.2137,-64156.204855823,31954.78249250901,10331.779865194056,52.99210422549859,2.405064708267371,33897.0,0.792037,458.8194,0.0,293.4575,0.8247893975336398,EIN611_1606,fuel,39802.71564813738,0.0,False
72930.90597763321,829.9259,-69290.6037781913,34182.75667700228,10331.779872951103,53.01149840367945,2.3278811791376923,33897.0,0.792044,458.8236,0.0,293.4635,0.8246366333377347,EIN611_1606,fuel,39794.51912059341,0.0,False
72911.0772704963,853.638,-74424.81599370434,36411.29042260542,10331.779880529057,53.03084764304524,2.2506310117646984,33897.0,0.792067,458.8373,0.0,293.4565,0.8244921333948715,EIN611_1606,fuel,39787.234787118156,0.0,False
72891.2519580081,877.3502,-79559.45245336277,38639.26438308889,10331.779887935634,53.0501417128431,2.1733053894088297,33897.0,0.792082,458.8456,0.0,293.4397,0.8243430572393748,EIN611_1606,fuel,39779.43890388421,0.0,False
72871.43027575438,901.0624,-84694.83463557428,40865.77351948483,10331.779895187336,53.06937233238514,2.0958998287463597,33897.0,0.792047,458.8252,0.0,293.4253,0.824169267782199,EIN611_1606,fuel,39768.90448557718,0.0,False
72851.6134991766,924.7745,-89830.55038402209,43090.88787629854,10331.779902277805,53.08854010008165,2.018420608439997,33897.0,0.792011,458.8048,0.0,293.4108,0.8239955293342245,EIN611_1606,fuel,39758.37693595371,0.0,False
74259.57536402125,0.0,91408.75995059493,-41398.435559774334,30.480000304537246,52.328601836276086,4.708839891842571,100.0,0.3,198.3755,1933.0,3.1751,1.8509432831764128,EIN611_1606,pop,109953.49906682808,0.177112194510167,False
74215.2166083631,23.9415,91543.28806897668,-38973.35277961391,265.5565861459151,52.350384024346646,4.711484932333869,871.0,0.375513,247.6492,1646.0,3.1751,1.6027155434507732,EIN611_1606,pop,86428.6093468599,0.15808459208142378,False
74176.85462902028,47.8829,91711.67810685032,-35937.85517427862,465.69126703091024,52.37764889080531,4.714799614968838,1528.0,0.451979,297.4,1358.0,327.2629,1.453985649495977,EIN611_1606,pop,75488.7937547611,0.14250630420727242,False
74142.0987962434,71.8244,89734.69566101972,-32862.7661772946,630.8840429602757,52.40562779099334,4.686509575940264,2070.0,0.528888,347.3502,1646.0,306.366,1.5725981694003015,EIN611_1606,pop,84082.85792072015,0.11106153534091004,False
74104.56281987918,95.7659,86297.44286840658,-30331.755514893124,831.0187238319822,52.42894169889486,4.636505704499726,2726.0,0.554236,363.163,1933.0,301.1443,1.6536136016176195,EIN611_1606,pop,90579.6904900801,0.07688979259001061,False
74065.10621792922,119.7073,82479.67984934933,-28024.710231602134,1066.0953096592305,52.45027862867997,4.580778919861877,3498.0,0.561616,367.0029,2220.0,296.1391,1.7116992318698774,EIN611_1606,pop,95657.22993891398,0.04719753365783347,False
74024.2632479316,143.6488,78435.33763008725,-26039.9824344287,1336.1138004430734,52.46872394273674,4.521577196794527,4384.0,0.570247,371.4785,2507.0,294.6364,1.7630335075969354,EIN611_1606,pop,100518.762442644,0.028174236629886096,False
73982.19364467204,167.5903,74293.09926889137,-24140.332807793875,1641.0741961832641,52.48638809849096,4.460861167435576,5384.0,0.580198,376.6181,2795.0,295.9033,1.8081850417848249,EIN611_1606,pop,105160.00077224986,0.016405676682513026,False
73939.04813092285,191.5317,70139.9934494991,-22123.397046491176,1980.9764968775487,52.505077231754484,4.399960765261224,6499.0,0.591549,382.4544,3000.0,295.4254,1.833998364732802,EIN611_1606,pop,108001.28638994318,0.011712270405415837,False
73895.284864744,215.4732,65907.62084614068,-20111.423351084388,2345.844471243147,52.52370012850612,4.337836102454718,7696.0,0.604046,388.8482,3000.0,295.065,1.824299585221388,EIN611_1606,pop,106915.89741986216,0.009462048407046045,False
73851.75744899918,239.4147,61591.370232755624,-18092.76166897168,2710.7124456088645,52.54236018249827,4.274419840010302,8893.0,0.616876,395.3781,3000.0,294.4649,1.8144621153307225,EIN611_1606,pop,105837.17668565124,0.008031465148333913,False
73808.46919618889,263.3561,57181.05005099964,-16086.121152588654,3075.5804199745735,52.56088819037576,4.209556104809584,10090.0,0.630048,402.0465,3000.0,294.0657,1.8044866396675958,EIN611_1606,pop,104764.93057390777,0.0069197660049062325,False
73765.42339447264,287.2976,52681.90742112996,-14076.793083719404,3440.4483943402265,52.57941357167576,4.143323590854892,11288.0,0.643572,408.8563,3000.0,293.6341,1.7943635085533451,EIN611_1606,pop,103697.89219471076,0.006148961438960132,False
73722.62330919568,311.2391,48090.97761639314,-12067.814531104555,3805.3163687057818,52.59790702327873,4.07567617111554,12485.0,0.657457,415.8099,3000.0,293.1941,1.7841139124954337,EIN611_1606,pop,102638.04018960653,0.005470625375611614,False
73680.07218441744,335.1806,43406.10298969261,-10060.448992215406,4170.184343071207,52.61635497500587,4.006580006914232,13682.0,0.671714,422.91,3000.0,292.8103,1.773728213476277,EIN611_1606,pop,101584.09929735228,0.0049294057030023234,False
73637.77324439902,359.122,38627.36089115294,-8050.636983129668,4535.052317436474,52.63479143808236,3.936035033052396,14879.0,0.686353,430.1591,3000.0,292.5083,1.763206844030013,EIN611_1606,pop,100535.87300947309,0.0044785922051398495,False
73595.72969499996,383.0635,33755.70113941722,-6031.901995872558,4899.920291801557,52.65327205567148,3.8640541436993145,16076.0,0.701384,437.5597,3000.0,292.2367,1.7525501794521268,EIN611_1606,pop,99493.16580691471,0.00408470331361697,False
73553.94472492937,407.005,28790.260709874456,-4001.8305989428904,5264.788266166423,52.671816010774364,3.7906226313840983,17273.0,0.716818,445.1144,3000.0,291.9772,1.7417585950006602,EIN611_1606,pop,98455.78876239376,0.003756482033985442,False
73512.42150679082,430.9464,23729.5069309711,-1959.4990778951028,5629.6562405310515,52.6904290334377,3.7157155701124895,18470.0,0.732665,452.8254,3000.0,291.7353,1.7308322614290241,EIN611_1606,pop,97423.54004224317,0.0034624110532930773,False
73471.16319785302,454.8879,18572.08566866307,96.5689967937974,5994.5242148953985,52.709121705093615,3.6393106095535743,19667.0,0.748937,460.6952,3000.0,291.5548,1.719771468478512,EIN611_1606,pop,96396.23597719053,0.003201460972933534,False
73430.17294047178,478.8294,13318.205195308625,2171.9311119972094,6359.392189259152,52.72794116080249,3.561408627117204,20864.0,0.765645,468.726,3000.0,291.5055,1.708576381924589,EIN611_1606,pop,95375.37982778961,0.00040519474095150024,False
73389.45326252232,502.7708,7970.672479115342,4278.971205849296,6724.260163621125,52.74699583706221,3.482048897831813,22061.0,0.7828,476.9201,3000.0,291.5061,1.6972472415305209,EIN611_1606,pop,94399.16096112986,0.0,False
73348.99526741686,526.7123,2529.4383562980925,6423.00138587694,7089.128137982276,52.766330624299286,3.4012273981862595,23258.0,0.800413,485.2794,3000.0,291.5112,1.685784057675306,EIN611_1606,pop,93605.36753103489,0.0,False
73308.75061209848,550.6538,-3007.2086250291627,8605.189453208692,7453.996112341925,52.7859530526588,3.318915057353447,24455.0,0.816496,492.5993,3000.0,291.521,1.6736338088290876,EIN611_1606,pop,93116.62793616757,0.0,False
73268.63357507436,574.5952,-8627.159979945622,10821.330863733014,7818.86408670197,52.805822491740884,3.235288403061026,25652.0,0.82,492.2601,3000.0,291.5347,1.658226708668286,EIN611_1606,pop,92061.41148307154,0.0,False
73228.79477649828,598.5367,-14242.557047849266,13037.229510194993,8183.732061061312,52.82563106241753,3.15165322415894,26850.0,0.82,489.7943,3000.0,291.5518,1.6429128501244188,EIN611_1606,pop,90871.45127257606,0.0,False
73189.274517438,622.4782,-19828.926063705883,15243.592194158582,8548.600035419751,52.84529614702303,3.0683747055841977,28047.0,0.82,487.3161,2759.0,291.5713,1.5850020514622245,EIN611_1606,pop,86330.32772442637,0.0,False
73151.06711107453,646.4196,-25388.768580239324,17441.66586092249,8884.156594226293,52.864829656190125,2.985416658900434,29147.0,0.82,485.0257,2472.0,291.5925,1.516345299212543,EIN611_1606,pop,81289.25480715404,0.0,False
73114.42299921134,670.3611,-30924.564045898846,19632.6069703657,9184.77124808791,52.884242581390446,2.9027430764200832,30134.0,0.82,482.9646,2184.0,291.6156,1.4450157995452857,EIN611_1606,pop,76382.62191826459,0.0,False
73079.39840978855,694.3026,-36438.71906146926,21817.55484072309,9450.443996998092,52.90354566061232,2.8203188890118236,31005.0,0.817751,479.8162,1897.0,291.6399,1.3712450888344607,EIN611_1606,pop,71440.0510084748,0.0,False
73046.11165846438,718.244,-41918.597279680274,23991.61102328336,9681.174840954855,52.92269641092181,2.7383340498296547,31762.0,0.814574,476.3688,1610.0,291.6641,1.2950195371542195,EIN611_1606,pop,66529.33851848559,0.0,False
73014.64993669384,742.1855,-47360.63002397375,26153.311547968697,9876.963779957432,52.94168295113871,2.656843347815058,32405.0,0.811283,473.1016,1323.0,291.6869,1.2164786171978146,EIN611_1606,pop,61692.66489247362,0.0,False
72985.07817260984,766.127,-52766.76729419168,28303.244657013558,10037.81081400567,52.960511453177894,2.575819027640065,32932.0,0.807843,469.9946,1035.0,291.708,1.1353881643181247,EIN611_1606,pop,56894.96577812374,0.0,False
72957.4613852753,790.0684,-58138.73713062513,30441.876894300705,10163.715943099893,52.97918693514479,2.4952365705940007,33346.0,0.804204,467.0178,748.0,291.7271,1.0522555977964176,EIN611_1606,pop,52148.12663722689,0.0,False
72931.86424941287,814.0099,-63477.91922934038,32569.521722578924,10254.679167241062,52.99771300629949,2.415076607914198,33644.0,0.800315,464.1402,461.0,291.7434,0.9668821511280591,EIN611_1606,pop,47424.41757173027,0.0,False
72908.3498265345,837.9514,-68785.36542093489,34686.273251665814,10310.700486431497,53.01609128680996,2.3353246537529926,33828.0,0.79608,461.3046,173.0,291.7571,0.8789852126473517,EIN611_1606,pop,42695.91180417387,0.0,False
72886.97918585803,861.8928,-74061.45496298745,36791.98200174231,10331.779900678672,53.03432125465496,2.255976294636563,33897.0,0.793315,459.5601,-0.0,291.768,0.824929438139582,EIN611_1606,pop,39846.989101703075,0.0,False
72866.93406811683,885.8343,-79318.04527512452,38891.06485315489,10331.779900454192,53.052441726121145,2.1768542718548027,33897.0,0.793315,459.5598,-0.0,291.7751,0.824771770348742,EIN611_1606,pop,39838.27283899401,0.0,False
72846.89304702185,909.7758,-84574.37311903795,40990.79522239435,10331.77990022939,53.07051555947382,2.0976695527980946,33897.0,0.793314,459.5593,-0.0,291.7791,0.824613996541543,EIN611_1606,pop,39829.54140572634,0.0,False
72826.85612788824,933.7172,-89830.55032613731,43090.88779561812,10331.779900004289,53.08854009936597,2.0184206093292585,33897.0,0.793313,459.5589,-0.0,291.783,0.8244563786477677,EIN611_1606,pop,39820.82440148669,0.0,False
,0.0,6310.0,32679.0,0.0,52.333213806152344,4.7092437744140625,0.0,0.0,0.0,0.0,0.0,,EIN611_1606,real,,0.19409662074534578,False
74957.14371523674,25.0,6412.0,34575.0,251.46,52.35027248576536,4.710780552455358,825.0,0.23530353913246818,155.2063143045411,2688.0,2.9545798240596866,1.8886673634379634,EIN611_1606,real,175784.79003813682,0.16213050748090865,False
74915.11297698876,55.0,6481.0,36924.0,571.5,52.37141418457031,4.7118377685546875,1875.0,0.24983965820199736,164.19500601419034,1728.0,2.792702365713283,1.8603110326690802,EIN611_1606,real,125806.46626187403,0.12045860698906555,False
74857.45355796372,85.0,6640.0,39723.0,800.1,52.39659196239406,4.7142333984375,2625.0,0.3012998619401911,197.4968354176846,1152.0,4.064947307742707,1.5864046217240908,EIN611_1606,real,84160.20326368437,0.09924178666528966,False
74830.09969163593,105.0,6792.0,41891.0,883.9200000000001,52.41609735003972,4.716509137834822,2900.0,0.36217509565714845,237.17082451262846,512.0,2.1747441146100535,1.0952681046255524,EIN611_1606,real,54553.42465764091,0.08262281179657471,False
74774.48382700194,145.0,4148.0,46511.0,1272.54,52.45770263671875,4.6776580810546875,4175.0,0.43511203285644745,283.6564823867066,3968.0,313.4286893741386,1.8805431135487805,EIN611_1606,real,140494.31695539542,0.05411252808475938,False
74732.69687566519,165.0,2023.0,48499.0,1684.02,52.47560119628906,4.6463775634765625,5525.0,0.4339691759699946,281.55638866841576,3136.0,313.2730122495125,1.8446571506199354,EIN611_1606,real,119789.63930447999,0.04087462334895678,False
74670.98815489576,195.0,-1183.0,51592.0,2164.08,52.50342934818591,4.599112374441964,7099.999999999999,0.4537766273059564,292.7456233660889,3456.0,314.72321094782234,1.857807481686488,EIN611_1606,real,124698.5951264655,0.027888195169097293,False
74629.48970049444,215.0,-3191.0,53888.0,2506.98,52.524078369140625,4.5694732666015625,8225.0,0.46405379370605365,298.1559994365366,3264.0,326.629719550664,1.840863027100627,EIN611_1606,real,118593.50169362452,0.021560121522255,False
74567.98605117548,255.0,-6267.0,59304.0,3147.06,52.572784423828125,4.5240020751953125,10325.0,0.4811112012761105,306.7409330363328,3456.0,330.5099708737657,1.8472969994872714,EIN611_1606,real,120671.19996563872,0.014459250370553265,False
74534.07467270477,275.0,-8029.0,61921.0,3383.28,52.5963134765625,4.4979095458984375,11100.0,0.5016618285382279,318.92475601621146,1088.0,314.36481782395043,1.2972478359996613,EIN611_1606,real,65137.67502942009,0.012224353897867555,False
74485.11401232629,305.0,-12598.0,64292.0,3596.6400000000003,52.6175537109375,4.4303131103515625,11800.0,0.5455966111322527,345.950863563021,2176.0,291.8936731417285,1.6297426130968158,EIN611_1606,real,87855.17814988305,0.009160823730776231,False
74446.0371658156,335.0,-17586.0,66301.0,4008.1200000000003,52.635498046875,4.356471470424108,13150.0,0.5610359276818336,353.93926032583613,2752.0,292.0719541784614,1.7312565070525032,EIN611_1606,real,98472.36420821781,0.007632763145842461,False
74388.10169184711,365.0,-22659.0,68434.0,4434.84,52.65449523925781,4.28131103515625,14550.0,0.5748031833113607,360.70070695799865,2496.0,293.01087294154604,1.675159910378741,EIN611_1606,real,92175.70204725125,0.006497034173546974,False
74332.72119040156,395.0,-27792.0,70683.0,4800.6,52.67449951171875,4.205169677734375,15750.0,0.5907146745279593,368.982384403375,2368.0,293.64716040529174,1.63848456317877,EIN611_1606,real,88645.81224476741,0.005626707208926804,False
74296.44766001216,425.0,-33062.0,73025.0,5158.740000000001,52.69527112023305,4.126935686383929,16925.0,0.6071300997791331,377.5142381420865,2304.0,293.57723537024845,1.6142045719554086,EIN611_1606,real,86491.2684995511,0.004982527585000284,False
74242.22804538204,455.0,-38391.0,75397.0,5509.26,52.716266179488876,4.047755650111608,18075.0,0.620041549568478,383.8137569186389,2304.0,293.4926134861219,1.604125217640829,EIN611_1606,real,85632.53035838949,0.004458859133760954,False
74205.90285728051,475.0,-42063.0,77023.0,5753.1,52.730621337890625,3.9931488037109375,18875.0,0.6264597629654582,386.566941162847,2368.0,293.31536164174264,1.6114299475499139,EIN611_1606,real,86252.73297926871,0.0041511736672777515,False
74152.783135206,515.0,-49325.0,80230.0,6202.68,52.75886535644531,3.885040283203125,20350.0,0.6434122227177764,394.70748662775577,2112.0,293.12234866974217,1.539513062743421,EIN611_1606,real,80531.72178433878,0.0023752761027948078,False
74118.25668498679,535.0,-53025.0,81862.0,6431.280000000001,52.77319956634004,3.8299124581473216,21100.0,0.6496434908300915,397.3336129752931,1920.0,293.27432844641885,1.4840768175157595,EIN611_1606,real,76590.28116052928,0.0,False
74066.92385187671,565.0,-58722.0,84384.0,6743.700000000001,52.79530334472656,3.744964599609375,22125.0,0.6611762098055739,402.7170222376998,1984.0,293.2546346231102,1.4912898781575175,EIN611_1606,real,77084.56107982,0.0,False
74033.9585481937,585.0,-62484.0,86048.0,6941.820000000001,52.80986022949219,3.688812255859375,22775.0,0.6696260504450966,406.7874137679287,1920.0,293.16160163595083,1.468574068694796,EIN611_1606,real,75544.26199822332,0.0,False
73986.0729271655,625.0,-70165.0,89435.0,7330.4400000000005,52.839385986328125,3.574066162109375,24050.0,0.6829167556571348,412.69964865504795,1728.0,292.96160645824807,1.4048626147767616,EIN611_1606,real,71454.77830382585,0.0,False
73955.88462957676,645.0,-74046.0,91144.0,7490.46,52.854247012380824,3.516017368861607,24575.0,0.6933269639380668,418.08372367266344,1600.0,292.9466634584183,1.3639830952921472,EIN611_1606,real,68979.98371811779,0.0,False
73908.0434273818,675.0,-80026.0,93794.0,7772.400000000001,52.87724304199219,3.426513671875,25500.0,0.6997103774413287,420.31535779697606,1600.0,292.9659004047285,1.3551619547182496,EIN611_1606,real,68458.7889259956,0.0,False
73878.8239358411,705.0,-85978.0,96431.0,8008.620000000001,52.90005441439354,3.3373325892857144,26275.0,0.7140510903598871,427.5418108208833,1408.0,292.8466552622221,1.2925058214001823,EIN611_1606,real,64873.37623880004,0.0,False
73833.88140319906,735.0,-92065.0,98980.0,8252.460000000001,52.92198051840572,3.2460675920758932,27075.0,0.7154755508502488,426.9543301103761,1472.0,287.58618455136855,1.3033979637013653,EIN611_1606,real,65482.9830881748,0.0,False
73790.39682632261,765.0,-98303.0,100830.0,8465.82,52.93752896583686,3.1526838030133932,27774.999999999996,0.7223383608914588,429.7731959999367,1536.0,284.0039095100086,1.3158332535220103,EIN611_1606,real,66185.72108729085,0.0,False
73761.44747606956,795.0,-104817.0,102384.0,8702.04,52.950284278998936,3.055219377790179,28550.0,0.7262478184143565,430.6738905482894,1280.0,281.5186593448796,1.2317972513546382,EIN611_1606,real,61562.84102554346,0.0,False
73723.07872294345,825.0,-111239.0,103871.0,8862.060000000001,52.96238786083156,2.959089006696429,29075.000000000004,0.7312709026839954,432.67770915544054,960.0,282.14100063397103,1.125118458090009,EIN611_1606,real,56045.216504120115,0.0,False
73697.43986801083,845.0,-115550.0,104924.0,8968.74,52.97095347259004,2.8945050920758932,29424.999999999996,0.7318056535626121,432.3424568556736,1024.0,282.557556216279,1.142566052680687,EIN611_1606,real,56925.70269303083,0.0,False
73661.97519756247,885.0,-124306.0,107137.0,9136.380000000001,52.98892263638771,2.7632184709821432,29975.000000000004,0.74624960484213,439.82951242498496,256.0,282.7407516728167,0.8811378380080135,EIN611_1606,real,44340.26020514402,0.0,False
73643.95041504985,905.0,-128609.0,108233.0,9144.0,52.997772216796875,2.69866943359375,30000.0,0.7500153433543556,442.0011312202719,0.0,282.8100117310832,0.7930542168675245,EIN611_1606,real,40294.650313758546,0.0,False
73608.56277399135,935.0,-135376.0,109948.0,9250.68,53.01154702396716,2.597089494977679,30350.0,0.7677355688208107,451.7576784073515,768.0,282.5288077091516,1.0595264544008804,EIN611_1606,real,52858.5109442883,0.0,False
73583.66603589233,955.0,-139897.0,111090.0,9342.12,53.02067126257945,2.5292096819196432,30650.0,0.7774129794353024,456.8555570418291,896.0,282.51520472281817,1.1002680360853825,EIN611_1606,real,54948.14045676942,0.0,False
73546.58950152903,995.0,-148993.0,113399.0,9555.480000000001,53.03901284427966,2.3925083705357144,31350.000000000004,0.7905326254401847,463.146844963884,832.0,282.595898755201,1.0765033974257783,EIN611_1606,real,54016.0981008066,0.0,False
73520.30146484493,1015.0,-153590.0,114576.0,9654.54,53.048309326171875,2.3233795166015625,31675.0,0.7966662764410315,466.07510124442393,1216.0,282.51547380678284,1.1907639663797964,EIN611_1606,real,59971.35175395481,0.0,False
73470.50779083067,1045.0,-160450.0,116326.0,9997.44,53.06205620199947,2.220179966517857,32800.0,0.7773468641527164,452.5185079087926,2048.0,282.377740567688,1.409012130556561,EIN611_1606,real,71929.9517008701,0.0,False
73441.68870141376,1075.0,-167212.0,118049.0,10248.9,53.07550048828125,2.118377685546875,33625.0,0.7731034294057043,448.39714539680114,1536.0,282.3624924157144,1.2662513998086475,EIN611_1606,real,63620.2213771563,0.0,False
73402.85471035638,1105.0,-173848.0,119732.0,10431.78,53.08854442531779,2.0184238978794644,34225.0,0.7748177259791205,448.1841139531833,1088.0,282.2376167579321,1.1267181212284445,EIN611_1606,real,56373.595137077435,0.0,False
77219.99990000336,0.0,90635.72348944921,31514.738268086374,30.480000304334805,52.32860183627579,4.708839891842809,100.0,0.3,198.3755,2397.0,3.1751,2.000102152939164,EIN84T_1633,fuel,131905.2948489612,0.1767441430272007,False
77172.60986083021,23.6731,90768.3755321031,33906.001806680426,318.7291338695626,52.35008067492132,4.71144054544057,1046.0,0.351799,231.8694,2681.0,3.1751,1.9657325525296705,EIN84T_1633,fuel,125785.39188619409,0.1429784649286591,False
77126.05102087908,47.3463,90923.48439231358,36702.085112399734,641.1412871704858,52.37519561113414,4.714484828240521,2103.0,0.407257,267.4369,2965.0,327.6654,1.9481871284578058,EIN84T_1633,fuel,122977.82866473758,0.11161915849604757,False
77079.93549970808,71.0194,89195.37666155504,39432.03485581782,997.7164602069423,52.40002602252374,4.68976197136587,3273.0,0.463198,302.9283,3000.0,292.1557,1.9062569379196477,EIN84T_1633,fuel,116914.90805744784,0.08688493483097344,False
77034.84976594834,94.6925,85801.9456299135,40813.81175797733,1358.4949053076998,52.412992972008404,4.6401082386227825,4457.0,0.522374,340.2038,3000.0,256.646,1.8767384796643938,EIN84T_1633,fuel,113077.19910012439,0.06346771577353438,False
76990.506123591,118.3656,81794.49990957188,39862.50595164487,1719.2733504086993,52.405052979744674,4.5807982470966335,5641.0,0.582785,377.9507,3000.0,247.9221,1.866376005815561,EIN84T_1633,fuel,111798.80325363112,0.04679861341564553,False
76946.45063815215,142.0388,77551.25044460456,38141.40880423077,2080.0517955098007,52.39019496310809,4.5178556740811855,6824.0,0.59491,384.1773,3000.0,247.9244,1.8571336532096585,EIN84T_1633,fuel,110685.61129154847,0.03344982040052035,False
76902.61748278844,165.7119,73237.68026562588,36391.98548382923,2440.830240610871,52.3750582578233,4.4539134932921725,8008.0,0.607353,390.5349,3000.0,247.9289,1.8477384679087427,EIN84T_1633,fuel,109578.56616134418,0.021253441266221675,False
76859.01006382123,189.385,68852.24657874873,34613.819647418146,2801.608685711906,52.359637670110956,4.38895108397653,9192.0,0.620125,397.0263,3000.0,247.9369,1.8382001596646627,EIN84T_1633,fuel,108478.56155567458,0.01657177506982503,False
76815.63175836985,213.0581,64393.33638647272,32806.58618807844,3162.3871308129037,52.343928760905555,4.322946902052359,10375.0,0.633233,403.6538,3000.0,247.9484,1.82852915483277,EIN84T_1633,fuel,107386.48606052321,0.013707568961410012,False
76772.48591515605,236.7313,59859.301657332566,30969.9649010405,3523.165575913861,52.32792706105716,4.255878980216824,11559.0,0.646687,410.42,3000.0,247.9636,1.8187075260769543,EIN84T_1633,fuel,106300.04085595056,0.012329699798473282,False
76729.57585534733,260.4044,55248.454481711466,29103.653036215954,3883.9440210147723,52.31162818134969,4.187724861780473,12743.0,0.660498,417.3275,3000.0,247.9834,1.8087454633645499,EIN84T_1633,fuel,105220.11682137765,0.010947483723013386,False
76686.90487340272,284.0775,50559.04249318409,27207.426933666713,4244.722466115634,52.295028365379906,4.118461250914752,13926.0,0.674673,424.3787,3000.0,248.0056,1.7986539346777857,EIN84T_1633,fuel,104147.60781288325,0.009984990162706922,False
76644.47623787913,307.7506,45789.35303212692,25280.885528253737,4605.50091121644,52.27812216945945,4.048065507333175,15110.0,0.689224,431.5761,3000.0,248.0288,1.7884135331663238,EIN84T_1633,fuel,103080.19452906406,0.009089403442728308,False
76602.29319215186,331.4238,40937.6836165857,23323.523994145213,4966.279356317182,52.26090312659907,3.97651523574337,16294.0,0.704161,438.9222,3000.0,248.0532,1.7780349707103442,EIN84T_1633,fuel,102018.77377521194,0.008141570163191104,False
76560.35895499606,355.0969,36002.302982954236,21334.831342268164,5327.057801417854,52.24336462503102,3.9037877344089633,17477.0,0.719493,446.4192,3000.0,248.0739,1.767529694005137,EIN84T_1633,fuel,100964.24152905183,0.0073920654600712855,False
76518.67672097246,378.77,30981.618488126525,19313.87611016425,5687.836246518444,52.22549616941644,3.829862419163468,18661.0,0.735231,454.0696,3000.0,248.0905,1.756876953005832,EIN84T_1633,fuel,99914.27685651049,0.006678157444449433,False
76477.24966055209,402.4431,25874.033863315282,17259.660267350802,6048.614691618939,52.207286574329714,3.7547187943561156,19845.0,0.751386,461.8755,3000.0,248.1059,1.7460879486108976,EIN84T_1633,fuel,98869.7811406955,0.006034197954922564,False
76436.08091949565,426.1163,20677.828710665435,15171.421207838299,6409.393136719323,52.18872668243199,3.678334713089652,21028.0,0.767969,469.8392,3000.0,248.1197,1.7351747937492572,EIN84T_1633,fuel,97836.43015431115,0.0,False
76395.17211502821,449.7894,15391.27345252028,13048.348802185435,6770.171581819576,52.16980680861604,3.6006880394178933,22212.0,0.78499,477.9628,3000.0,248.138,1.724115450677841,EIN84T_1633,fuel,96867.6688221381,0.0,False
76354.50935190928,473.4625,10012.384985592435,10890.196988375032,7130.950026919076,52.15052224145498,3.5217530928189706,23396.0,0.800877,485.2883,3000.0,248.1633,1.712570422576727,EIN84T_1633,fuel,96054.47410452495,0.0,False
76314.05259709728,497.1356,4549.9026281826755,8701.305748250445,7491.728472018839,52.13090930608921,3.441661467903172,24579.0,0.813363,490.4583,2986.0,248.1885,1.6977714456016286,EIN84T_1633,fuel,95185.91586141278,0.0,False
76273.81643208064,520.8088,-971.9897138229242,6491.417177011779,7850.764610154576,52.11105323616822,3.3607704589042804,25757.0,0.82,492.045,2701.0,248.2095,1.6340773623986111,EIN84T_1633,fuel,90176.77400095438,0.0,False
76234.92830483799,544.4819,-6515.603321126799,4275.192474666711,8175.63772855511,52.091084593513585,3.2796337531709203,26823.0,0.82,489.8492,2417.0,248.2181,1.5660897154031335,EIN84T_1633,fuel,84899.98285416416,0.0,False
76197.57665827317,568.155,-12037.571504860476,2068.581130851379,8466.34782721952,52.071147229876786,3.1988861222647413,27777.0,0.82,487.8758,2133.0,248.2128,1.4952844482521654,EIN84T_1633,fuel,79784.62368709885,0.0,False
76161.82552330989,591.8282,-17539.72898882885,-130.69505848951633,8722.89490614755,52.05122136404093,3.1185000057982584,28618.0,0.817306,484.5304,1849.0,248.2041,1.4211026399898916,EIN84T_1633,fuel,74578.27483610381,0.0,False
76127.81491373167,615.5013,-23006.288677202792,-2316.703979011387,8945.278965339072,52.03136168339496,3.0387050900689054,29348.0,0.813958,481.0366,1565.0,248.197,1.3441022049225793,EIN84T_1633,fuel,69437.55080983849,0.0,False
76095.6306670948,639.1744,-28435.47721646616,-4488.555991408857,9133.500004794052,52.011577418758975,2.9595259471523034,29966.0,0.810484,477.7082,1281.0,248.1992,1.2645104883123075,EIN84T_1633,fuel,64386.985123349295,0.0,False
76065.34188416737,662.8475,-33829.35116535994,-6646.040928839599,9287.55802451249,51.99187151461689,2.8809311875692813,30471.0,0.806836,474.516,997.0,248.2084,1.182392315351722,EIN84T_1633,fuel,59405.7416122182,0.0,False
76037.01662920325,686.5207,-39189.53883452051,-8789.048207730906,9407.453024494444,51.97224595990261,2.802895731370416,30864.0,0.802957,471.4258,713.0,248.211,1.0977851867817774,EIN84T_1633,fuel,54475.82704548958,0.0,False
76010.72143535332,710.1938,-44516.756163476624,-10918.600699184952,9493.185004740048,51.95269255162277,2.7254080002616807,31146.0,0.798744,468.3767,429.0,248.2093,1.0107074013830812,EIN84T_1633,fuel,49580.277125964916,0.0,False
75986.52154607339,733.8669,-49811.12308330874,-13035.194992486095,9544.753965249596,51.933207837079344,2.648465118837456,31315.0,0.794068,465.2901,145.0,248.1981,0.921184238575818,EIN84T_1633,fuel,44704.98325844041,0.0,False
75964.48055210027,757.54,-55071.668545795,-15139.46176425164,9562.159906024042,51.91378725309987,2.5720801760261174,31372.0,0.791465,463.6487,-0.0,248.181,0.8742860311965683,EIN84T_1633,fuel,42207.9751727681,0.0,False
75943.56860111412,781.2132,-60313.71068936698,-17238.142121725377,9562.15990578922,51.894369546125,2.496029988225998,31372.0,0.791468,463.6504,-0.0,248.1745,0.874137122771732,EIN84T_1633,fuel,42199.85636478982,0.0,False
75922.66037743248,804.8863,-65555.53144162465,-19337.43015923248,9562.159905554341,51.87489745399367,2.420048904371114,31372.0,0.791468,463.6504,-0.0,248.1672,0.8739863427603639,EIN84T_1633,fuel,42191.566043224266,0.0,False
75901.75595826338,828.5594,-70797.08598863697,-21437.383062684294,9562.159905319408,51.8553705512862,2.3441376740799913,31372.0,0.791474,463.6538,-0.0,248.1646,0.8738394995703586,EIN84T_1633,fuel,42183.63100677989,0.0,False
75880.85518073593,852.2325,-76038.58526466599,-23537.58544941404,9562.159905084425,51.835792628688104,2.268293221961085,31372.0,0.791477,463.6559,-0.0,248.1638,0.8736912402489737,EIN84T_1633,fuel,42175.56573928,0.0,False
75859.95810590999,875.9057,-81280.07561903674,-25637.878316443814,9562.159904849397,51.81616518751379,2.1925149068547123,31372.0,0.791476,463.6552,-0.0,248.1521,0.8735398509728103,EIN84T_1633,fuel,42167.21529809899,0.0,False
75839.0648633107,899.5788,-86521.13127798765,-27739.2333526058,9562.159904614318,51.796479633983054,2.1168092267821126,31372.0,0.791474,463.6536,-0.0,248.1508,0.8733874959251999,EIN84T_1633,fuel,42158.77601720271,0.0,False
75818.17549345145,923.2519,-91762.12247351809,-29840.697708225012,9562.159904379198,51.77674456407934,2.0411706454412344,31372.0,0.791471,463.652,-0.0,248.1496,0.8732352016179218,EIN84T_1633,fuel,42150.34088258925,0.0,False
77219.9999000117,0.0,90635.72348945352,31514.738268082678,30.480000304533483,52.32860183627575,4.708839891842872,100.0,0.3,198.3755,1731.0,3.1751,1.8284380517693963,EIN84T_1633,pop,107376.30557212768,0.17674414302710337,False
77175.78577314591,24.1542,90771.5883092504,33963.91721210892,242.90456384317574,52.350600882653495,4.711503565038551,797.0,0.375657,247.8077,2021.0,3.1751,1.766745244289987,EIN84T_1633,pop,100886.27068235737,0.1638721227425822,False
77133.10744376986,48.3085,90941.35247105875,37024.18558160159,490.8948599532689,52.37808877144906,4.714835753640511,1611.0,0.453912,298.586,1731.0,326.9438,1.6101973513969414,EIN84T_1633,pop,87023.44388606914,0.13680659586759994,False
77094.26936950027,72.4627,88923.33028572451,40125.001581641955,703.3194234880688,52.40630107775788,4.685937699011507,2307.0,0.532991,349.7544,2021.0,295.1866,1.6944161063016856,EIN84T_1633,pop,94103.8821279378,0.10390649066925606,False
77053.45705268875,96.617,85002.46523314157,41968.900659473555,951.3097196030157,52.4235038924705,4.628617497696398,3121.0,0.557997,365.1214,2311.0,286.5604,1.7598989788269686,EIN84T_1633,pop,100210.2115030793,0.07044434440136563,False
77011.07996316483,120.7712,80669.2572973701,43257.422509327465,1234.865748303931,52.43574634005862,4.565035601275276,4051.0,0.566991,369.7921,2601.0,278.1166,1.8094824026302645,EIN84T_1633,pop,105299.26915899308,0.04441270021772079,False
76967.50756005953,144.9254,76139.6321227316,43903.426328825066,1553.9875095911516,52.442204782561426,4.498373540578285,5098.0,0.577334,375.1411,2891.0,270.8924,1.8524076729877064,EIN84T_1633,pop,110125.73827223014,0.026530256338468273,False
76922.89870057514,169.0797,71501.82914027569,43975.668679159484,1908.6750034627055,52.44348075698233,4.429972602142765,6262.0,0.589111,381.2033,3000.0,265.4174,1.861174067173774,EIN84T_1633,pop,111169.22704926215,0.015106674949875417,False
76878.07824540228,193.2339,66804.61997331769,43599.17423146504,2276.7856140805966,52.44068953589806,4.3606012219183725,7470.0,0.601655,387.6277,3000.0,261.3493,1.8516528658801987,EIN84T_1633,pop,110036.88645485691,0.012284039943505314,False
76833.49131554241,217.3882,62067.06471253243,42878.393952870334,2644.896224698728,52.4347664970751,4.29057931642668,8677.0,0.614536,394.19,3000.0,258.2097,1.8419915185594062,EIN84T_1633,pop,108913.002474415,0.010265983654262768,False
76789.14150922603,241.5424,57296.314749130215,41882.57332131627,3013.0068353168804,52.42633240794873,4.220039374051553,9885.0,0.627764,400.893,3000.0,255.5118,1.832172860608524,EIN84T_1633,pop,107795.2790240175,0.009031084971063464,False
76745.03239345903,265.6966,52497.13615466329,40642.47255664619,3381.1174459349927,52.41566247787006,4.149068784656536,11093.0,0.641348,407.7392,3000.0,253.2027,1.822206814878942,EIN84T_1633,pop,106684.58609086793,0.008182326563267945,False
76701.1675049433,289.8509,47670.43803381693,39185.4568166265,3749.228056553014,52.403001914233556,4.077695889037593,12301.0,0.655299,414.7315,3000.0,251.1903,1.8120943673182703,EIN84T_1633,pop,105580.74594178546,0.007432259454457041,False
76657.55035101704,314.0051,42815.7093548504,37531.85528989783,4117.338667170913,52.38853281643903,4.005925692165428,13508.0,0.669626,421.8725,3000.0,249.3604,1.8018464982198303,EIN84T_1633,pop,104484.64263574911,0.006838847969845709,False
76614.1844105702,338.1594,37933.3064680224,35692.82730347645,4485.449277788664,52.372354759006384,3.9337738390752777,14716.0,0.68434,429.1648,3000.0,247.6368,1.7914439779596631,EIN84T_1633,pop,103393.94457050422,0.006348782946794701,False
76571.0731348822,362.3136,33024.72464151748,33673.33903208533,4853.559888406244,52.35451157816946,3.8612715442872805,15924.0,0.699452,436.6109,3000.0,246.1388,1.780897445033767,EIN84T_1633,pop,102309.53093197431,0.005877946640113693,False
76528.21994832544,386.4678,28086.10065832928,31488.8439586273,5221.670499023627,52.33514176161687,3.7883717768014478,17131.0,0.714972,444.2135,3000.0,244.8437,1.7702184551668685,EIN84T_1633,pop,101232.29750749795,0.0054941086381302484,False
76485.6282488691,410.6221,23112.720001546517,29153.18266673549,5589.7811096407895,52.3143692000458,3.7150141150597444,18339.0,0.730913,451.975,3000.0,243.7375,1.7593863152873677,EIN84T_1633,pop,100159.90245169488,0.00512996588022452,False
76443.3014083124,434.7763,18098.998313921213,26679.330210290067,5957.8917202576995,52.29230986621957,3.6411246714212036,19547.0,0.747284,459.8979,3000.0,242.8106,1.7484122900419483,EIN84T_1633,pop,99093.24319051704,0.004791028076680425,False
76401.2427721678,458.9305,13038.52143681463,24079.784904447333,6326.002330873814,52.269075265992186,3.5666168014006066,20755.0,0.764098,467.9844,3000.0,242.5325,1.7372969943185206,EIN84T_1633,pop,98033.90230089205,0.0011102563775321408,False
76359.45504876354,483.0848,7901.721407648422,21409.438124906173,6694.112941487431,52.245158252468705,3.4910642980505657,21962.0,0.781365,476.2368,3000.0,242.562,1.7260527201858014,EIN84T_1633,pop,97022.45187166458,0.0,False
76317.92945846674,507.239,2672.703163733262,18694.576845170057,7062.223552096224,52.22079324757271,3.414239098904902,23170.0,0.798345,484.2004,3000.0,242.5969,1.7144883123202397,EIN84T_1633,pop,96168.69221167073,0.0,False
76276.6252418524,531.3933,-2645.6379717059726,15937.443453178626,7430.334162706723,52.195997885987154,3.3361879753845676,24378.0,0.811789,489.917,3000.0,242.6319,1.7019330941786504,EIN84T_1633,pop,95477.60846201875,0.0,False
76235.49677536426,555.5475,-8028.572038100991,13150.995310186414,7798.444773318051,52.170886558813876,3.2572774580746655,25585.0,0.82,492.3977,2742.0,242.6686,1.643333914899785,EIN84T_1633,pop,90924.84282404977,0.0,False
76195.61230776855,579.7017,-13443.318084072362,10352.471504546449,8134.862083185285,52.14561331530779,3.177990301073566,26689.0,0.82,490.1253,2452.0,242.692,1.5742991920349143,EIN84T_1633,pop,85513.207395679,0.0,False
76157.31871111714,603.856,-18837.008183230955,7567.628018514777,8435.71366047551,52.12041077700843,3.0991007953175687,27676.0,0.82,488.0842,2162.0,242.7005,1.5023076484714535,EIN84T_1633,pop,80273.4823643327,0.0,False
76120.6843044122,628.0102,-24211.310465986415,4793.802691730172,8700.999505182637,52.0952556627975,3.020583527973378,28547.0,0.818505,485.3904,1872.0,242.7029,1.4271329927054273,EIN84T_1633,pop,75050.21882262175,0.0,False
76085.81924229144,652.1645,-29558.574837174343,2034.216793541137,8930.71961730481,52.07017802527948,2.9425491273386455,29300.0,0.815048,481.7798,1582.0,242.7048,1.348711332181732,EIN84T_1633,pop,69786.63420958111,0.0,False
76052.8518918568,676.3187,-34868.4997620602,-705.8726297865156,9124.87399684129,52.04522667737153,2.865146334427631,29937.0,0.811503,478.3673,1292.0,242.7191,1.2676021200155962,EIN84T_1633,pop,64622.514010211,0.0,False
76021.85433694109,700.4729,-40143.688041331494,-3426.368493488709,9283.462643791927,52.02040347376146,2.788335265961049,30458.0,0.807763,475.0887,1003.0,242.7528,1.1841143148300302,EIN84T_1633,pop,59545.97310639784,0.0,False
75992.89922112755,724.6272,-45386.3414417915,-6126.193101387564,9406.48555815699,51.995719010144356,2.712081858218497,30861.0,0.804067,472.0842,713.0,242.7994,1.0979357379622199,EIN84T_1633,pop,54528.50504273704,0.0,False
75966.04876782719,748.7814,-50599.887716091835,-8805.663340962297,9493.942739937333,51.97117113559857,2.6363343774157078,31148.0,0.799422,468.769,423.0,242.8509,1.0089174522678868,EIN84T_1633,pop,49506.814836372425,0.0,False
75941.38966580025,772.9357,-55780.898957588804,-11462.525946581922,9545.834189135056,51.946781364879406,2.5611408308217287,31318.0,0.794925,465.7845,133.0,242.9035,0.9176973029108908,EIN84T_1633,pop,44547.6072477454,0.0,False
75918.97083554177,797.0899,-60932.842997420696,-14098.514500681658,9562.159905756906,51.92253472054137,2.486449155410664,31372.0,0.792602,464.3146,-0.0,242.9405,0.8747189067896818,EIN84T_1633,pop,42259.59651223532,0.0,False
75897.60973674936,821.2441,-66070.84986911407,-16723.18280039244,9562.159905529035,51.89834437888371,2.412039069781273,31372.0,0.792673,464.3562,-0.0,242.9596,0.8746131340151856,EIN84T_1633,pop,42255.539328299295,0.0,False
75876.25053726569,845.3984,-71210.19305642,-19346.370043107552,9562.159905300703,51.87412037601171,2.3376893196498374,31372.0,0.79256,464.2901,-0.0,242.9681,0.8743837631336508,EIN84T_1633,pop,42240.065978685845,0.0,False
75854.89858243235,869.5526,-76349.19114747063,-21968.42717829778,9562.159905071952,51.8498598410313,2.2634244245286443,31372.0,0.792537,464.2764,-0.0,242.9563,0.8742146159240604,EIN84T_1633,pop,42230.15570142706,0.0,False
75833.55126963765,893.7069,-81487.49785763091,-24591.463515907002,9562.159904842794,51.82554395826279,2.1892498619789125,31372.0,0.792682,464.3612,-0.0,242.9415,0.8741587822280644,EIN84T_1633,pop,42230.6872660239,0.0,False
75812.203702865,917.8611,-86626.06476052635,-27216.308720820034,9562.159904613252,51.80116522999394,2.11515202736258,31372.0,0.792346,464.1647,-0.0,242.9342,0.87377955970913,EIN84T_1633,pop,42201.454459753,0.0,False
75790.86983090187,942.0153,-91762.1224735681,-29840.697708318057,9562.159904383358,51.77674456407849,2.0411706454405323,31372.0,0.792011,463.9682,-0.0,242.9269,0.8734006644136577,EIN84T_1633,pop,42172.38929426638,0.0,False
77982.87222953516,0.0,6334.0,33074.0,0.0,52.3367723367982,4.7096034458705365,0.0,0.1953921311926749,129.24782396620841,64.0,3.5486819739044466,1.5005745805669675,EIN84T_1633,real,77711.79050147318,0.20224282038982316,False
77926.36817565057,25.0,6490.0,35894.0,129.54000000000002,52.362143306408896,4.711957659040179,425.00000000000006,0.24866583251131907,164.24676556937126,2944.0,3.141129835636104,1.8887522586855618,EIN84T_1633,real,184112.956426861,0.2184376388859266,False
77884.41191902617,55.0,6603.0,38395.0,502.92,52.3846435546875,4.7136688232421875,1650.0,0.2542000293096534,167.19150696132863,1216.0,2.742611357481598,1.787567575930629,EIN84T_1633,real,106656.45436925726,0.13894732541048882,False
77830.96133179426,85.0,6781.0,41264.0,655.32,52.41046142578125,4.716339111328125,2150.0,0.31599421306083725,207.4728897952694,1024.0,3.869184576365421,1.5282587733621666,EIN84T_1633,real,79697.09122977947,0.09970094694766586,False
77803.28507415672,105.0,6629.0,43608.0,723.9000000000001,52.43155269299523,4.714154924665179,2375.0,0.3779980033852487,247.98790293076797,896.0,342.88028443805285,1.3410849959654523,EIN84T_1633,real,67633.76949491164,0.08271165086845383,False
77742.6704245694,145.0,2603.0,47340.0,1104.9,52.46516340869968,4.6549072265625,3625.0,0.439140831517445,286.83967647450726,2816.0,289.1297919066231,1.8296435933249746,EIN84T_1633,real,115445.02388609128,0.052717320734604035,False
77700.36051203334,165.0,-299.0,47567.0,1417.3200000000002,52.46721170716366,4.612139020647322,4650.0,0.4379528756336781,285.02806879323305,3072.0,269.1959015039108,1.851065363324462,EIN84T_1633,real,122010.59616057425,0.04052335446271008,False
77637.30186665611,205.0,-5899.0,46473.0,2049.78,52.45734263274629,4.5296630859375,6725.0,0.43350205176852297,280.04463929880893,3328.0,232.10707216548826,1.8670155503848547,EIN84T_1633,real,129267.672915715,0.026577654916965503,False
77595.79287821261,225.0,-7644.0,44247.0,2346.96,52.437286376953125,4.5040130615234375,7700.0,0.43265570954766874,278.5139134765084,2688.0,210.893195262927,1.8177543795760733,EIN84T_1633,real,112576.69986103749,0.024395362680266312,False
77534.1630917201,255.0,-10837.0,41348.0,2743.2000000000003,52.41114807128906,4.45709228515625,9000.0,0.45797965168086086,293.4211989614929,2816.0,242.3869721769156,1.8171527565436063,EIN84T_1633,real,112442.44901543779,0.019279056882316327,False
77494.03734477914,285.0,-14866.0,39280.0,3200.4,52.392448813228285,4.397905622209822,10500.0,0.461186165711705,293.8468989116611,1984.0,242.6501242199302,1.6639716625835825,EIN84T_1633,real,91056.32120997879,0.015453039448226982,False
77449.13721586487,315.0,-19108.0,37059.0,3383.28,52.37232971191406,4.33563232421875,11100.0,0.5158458677524901,327.9420680547099,1024.0,241.79390879802156,1.3080678950011555,EIN84T_1633,real,65746.22350551099,0.013180298058512334,False
77419.1974043922,335.0,-22134.0,35437.0,3482.34,52.35762773934057,4.291259765625,11425.0,0.5496438096309146,349.0057306119772,1088.0,241.5991740823764,1.338258365353937,EIN84T_1633,real,67473.15284693259,0.012328216019090663,False
77361.17719112526,375.0,-28695.0,31958.0,3962.4,52.32601876986229,4.19512939453125,13000.0,0.5712518531865564,360.58840802222136,2432.0,241.87143238432725,1.6995013655141533,EIN84T_1633,real,94749.38496983107,0.010740959413394813,False
77322.35111292139,395.0,-31918.0,30105.0,4213.860000000001,52.30916685977224,4.147966657366072,13825.000000000002,0.5774319612415806,363.35244598048325,2432.0,235.6539025999386,1.6937289501560278,EIN84T_1633,real,94119.65671495908,0.010188223519419778,False
77268.76277352036,425.0,-36388.0,26711.0,4518.66,52.278350830078125,4.0827178955078125,14824.999999999998,0.5961905675999776,373.72851108792867,1920.0,231.62750624281628,1.5712039020976372,EIN84T_1633,real,82954.54539471841,0.00967773870673419,False
77232.33806813043,455.0,-41000.0,23105.0,4823.46,52.24557650291313,4.0155029296875,15825.0,0.6132391695568941,382.94124875756074,2048.0,231.57386002428595,1.5942177939143443,EIN84T_1633,real,84807.82057057365,0.009116201613613838,False
77179.5826181577,485.0,-45755.0,19432.0,5105.400000000001,52.21215199615995,3.9462890625000004,16750.0,0.6297886408653667,391.86987636203935,1984.0,232.04807488282492,1.5713134340226618,EIN84T_1633,real,82963.48402718393,0.008436064694917016,False
77144.55876066079,505.0,-48950.0,16996.0,5303.52,52.18995666503906,3.89984130859375,17400.0,0.6371785508992952,395.46554843627024,1728.0,232.0868954100738,1.5002902673533942,EIN84T_1633,real,77709.94250121072,0.007979121955129146,False
77094.06330702151,545.0,-55446.0,12037.0,5669.280000000001,52.14472961425781,3.8055419921875,18600.0,0.6525450406982367,403.10048375064,1024.0,231.85075666178003,1.2769590372964954,EIN84T_1633,real,64013.00971481291,0.007076025737891052,False
77065.16091266807,565.0,-58768.0,9491.0,5753.1,52.12147521972656,3.7574005126953125,18875.0,0.6717307315697938,414.5021109717054,1408.0,231.8583007237721,1.4037293216011226,EIN84T_1633,real,71386.49074880665,0.006600173119703065,False
77011.56627456786,595.0,-63870.0,5586.0,6065.52,52.08576965332031,3.6835479736328125,19900.0,0.6780322088789851,416.6929325054602,1728.0,231.92000180569562,1.4811932044179947,EIN84T_1633,real,76395.41292466402,0.006094181739882033,False
76977.28417490853,625.0,-69066.0,1603.0,6301.740000000001,52.049312268273304,3.6084594726562504,20675.0,0.6926040947770301,424.33241686206344,1856.0,231.69868108758783,1.5083413475657967,EIN84T_1633,real,78275.60915279959,0.0018248157853459276,False
76927.99681360989,655.0,-74196.0,-2331.0,6560.820000000001,52.01323428396451,3.5344587053571432,21525.0,0.7018771341275973,428.5463802203911,1408.0,231.63251461513858,1.3802015250772395,EIN84T_1633,real,69950.99059541803,0.0,False
76896.33365246272,675.0,-77764.0,-5067.0,6705.6,51.988128662109375,3.4830474853515625,22000.0,0.7114282491340908,433.54469204454574,1536.0,231.64978408323532,1.4134956078080245,EIN84T_1633,real,71992.7591954468,0.0,False
76847.58068269171,715.0,-84958.0,-10200.0,7086.6,51.94089210639565,3.3794730050223216,23250.0,0.7163064893122276,434.3017384261776,1280.0,234.37030551061622,1.3247466170288928,EIN84T_1633,real,66695.54425290073,0.0,False
76817.56568505967,735.0,-88781.0,-12684.0,7208.52,51.91794185315148,3.3244628906250004,23650.0,0.7274303686260459,440.3237445334966,1280.0,237.89806646043843,1.3240810772704634,EIN84T_1633,real,66657.57763330468,0.0,False
76772.3767875025,775.0,-96905.0,-16800.0,7475.22,51.879547119140625,3.207413956925676,24525.0,0.746610969632521,450.30767259730317,1664.0,245.88248336447577,1.4259864494466672,EIN84T_1633,real,72778.05449220056,0.0,False
76741.3245652563,795.0,-101202.0,-18440.0,7627.620000000001,51.86402893066406,3.1454302813555746,25025.0,0.7506181610525574,451.7875606963963,1280.0,249.800193378566,1.3148114322011082,EIN84T_1633,real,66130.03175295152,0.0,False
76698.08023528595,825.0,-107919.0,-20340.0,7802.88,51.845672607421875,3.0484091269003377,25600.0,0.7638204889327451,458.6349310726343,1280.0,255.99405572518427,1.3124735478141174,EIN84T_1633,real,66009.57950569225,0.0,False
76667.39335071307,855.0,-114974.0,-21505.0,8008.620000000001,51.8337754071769,2.946319580078125,26275.0,0.7716749051434414,462.0443701637322,1408.0,262.4135511078278,1.3418655383350322,EIN84T_1633,real,67724.03534404674,0.0,False
76623.85355311647,885.0,-122093.0,-22091.0,8191.5,51.826995849609375,2.8431577940244934,26875.0,0.779554295790391,465.5856526999087,1216.0,263.95878731205113,1.2821546332435956,EIN84T_1633,real,64400.17516294161,0.0,False
76595.28835916721,905.0,-126815.0,-22477.0,8305.800000000001,51.82246321338718,2.7747344970703125,27250.000000000004,0.7843029831066913,467.68044645890427,1024.0,263.8627440507381,1.2223608011807294,EIN84T_1633,real,61220.795521764754,0.0,False
76550.31344085,945.0,-136485.0,-23200.0,8564.880000000001,51.81367492675781,2.634640255489865,28100.000000000004,0.7914720860000937,470.2552498377876,1536.0,264.386394970477,1.3576914753534928,EIN84T_1633,real,68910.55425624215,0.0,False
76521.86098329756,965.0,-141319.0,-23538.0,8694.42,51.8094285867982,2.5646209716796875,28525.0,0.7945873585431286,471.25046419075284,1152.0,264.3982880691907,1.2453931723705733,EIN84T_1633,real,62683.12579741437,0.0,False
76478.24066851615,995.0,-148515.0,-24038.0,8884.92,51.80305480957031,2.4604178763724662,29150.0,0.7952043092891333,470.35412191241613,1024.0,264.2651649432729,1.198254091689845,EIN84T_1633,real,60231.19349783206,0.0,False
76449.71510618266,1025.0,-155736.0,-24539.0,9052.560000000001,51.796580169160485,2.3558807373046875,29700.000000000004,0.8004638852900029,472.34415419268186,1408.0,264.28940686250047,1.3038426720881908,EIN84T_1633,real,66141.87652280004,0.0,False
76408.22595575197,1055.0,-162957.0,-25023.0,9227.82,51.79015596034163,2.2513580322265625,30274.999999999996,0.8026304783025506,472.44470575930893,960.0,264.16873353732257,1.1658688321161734,EIN84T_1633,real,58872.83090791044,0.0,False
76380.36336600085,1075.0,-167844.0,-25357.0,9342.12,51.78570556640625,2.180637668918919,30650.0,0.8056332889328509,473.4395420748039,1216.0,264.18102909860556,1.2381418077319153,EIN84T_1633,real,62820.97602677145,0.0,False
76334.4007556759,1115.0,-177485.0,-26021.0,9662.16,51.776748915850106,2.041168212890625,31699.999999999996,0.7959171127662225,465.5856526999087,1600.0,263.95878731205113,1.3336435961934339,EIN84T_1633,real,67841.43832123079,0.0,False
60247.748375836796,0.0,-37671.68291648507,100736.57387606445,30.480000304261747,52.321298671245195,4.779952313842576,100.0,0.3,198.3755,2500.0,183.0038,1.798986076641101,EJU13CB_1081,fuel,104182.57558288063,0.17462789464287523,False
60202.763779519046,24.986,-37804.0373491199,98214.26718451918,347.802490893377,52.29860676139578,4.778288880600784,1141.0,0.380426,250.6548,2800.0,183.0038,1.7341327679599035,EJU13CB_1081,fuel,97733.48515420142,0.09050427808039611,False
60159.46924642693,49.972,-37971.50806127905,95022.74205379492,703.1823966136378,52.26989420271216,4.776186452265183,2307.0,0.46452,304.8235,3000.0,158.1213,1.7176290976876853,EJU13CB_1081,fuel,96199.2381807203,0.062173307454774965,False
60116.67107800113,74.9581,-36521.4777445779,91411.80860743458,1083.9693853203207,52.2375191327775,4.797886301117925,3556.0,0.552302,360.8423,3000.0,158.1251,1.719471785114422,EJU13CB_1081,fuel,96368.64109215992,0.047710369312983655,False
60073.913338366205,99.9441,-34802.9725458876,87131.48288112051,1464.7563740271482,52.1991372295548,4.82356303013407,4806.0,0.574418,373.6355,3000.0,158.1313,1.7142247111713753,EJU13CB_1081,fuel,95887.48538288602,0.03857264429687363,False
60031.30061610234,124.9301,-33023.6571185768,82698.2936603899,1845.5433627339648,52.159378693649266,4.850101789969213,6055.0,0.586993,380.1152,3000.0,158.1402,1.7035748780383388,EJU13CB_1081,fuel,94922.24318460599,0.034370277492917975,False
59988.95859911642,149.9161,-31214.025911202745,78187.55555930901,2226.330351440747,52.11891852294371,4.877044309184173,7304.0,0.599916,386.7391,3000.0,158.1515,1.6928130065657272,EJU13CB_1081,fuel,93961.72459402063,0.03298265899752492,False
59946.89007669295,174.9022,-29373.611880300767,73597.47256717432,2607.117340147492,52.077740302003136,4.904395236670392,8554.0,0.613199,393.5101,3000.0,158.1635,1.681924940875195,EJU13CB_1081,fuel,93004.50368627603,0.033280107840904426,False
59905.09784789961,199.8882,-27501.805346370245,68926.26474055456,2987.904328854196,52.03582775719427,4.932161211899203,9803.0,0.626851,400.4313,3000.0,158.1749,1.6709365754546024,EJU13CB_1081,fuel,92052.67773846933,0.03252689409385634,False
59863.58472615633,224.8742,-25597.87788123586,64172.158581556505,3368.691317560857,51.99316466644719,4.960350505726031,11052.0,0.640884,407.5058,3000.0,158.1874,1.6598338086701476,EJU13CB_1081,fuel,91104.82981139352,0.029655448854156115,False
59822.35354380775,249.8602,-23661.231135130372,59333.287509673995,3749.47830626747,51.9497339513236,4.988969386624173,12301.0,0.655308,414.7363,3000.0,158.2043,1.6486151676236735,EJU13CB_1081,fuel,90160.67478835653,0.027090164840211726,False
59781.40715665159,274.8462,-21691.541653431294,54407.63437213201,4130.265294974029,51.90551715642972,5.018020017801959,13551.0,0.670136,422.126,3000.0,158.2258,1.6372650362976078,EJU13CB_1081,fuel,89218.774275805,0.02413407716762585,False
59740.748448368635,299.8323,-19688.50219531968,49393.135618811626,4511.052283680532,51.860495400181456,5.047504231644731,14800.0,0.685378,429.6776,3000.0,158.2489,1.6258102448378504,EJU13CB_1081,fuel,88281.2152401068,0.022956580007768325,False
59700.3803347931,324.8183,-17651.560633750192,44287.78613888293,4891.839272386972,51.81465032610867,5.077427320962728,16049.0,0.701047,437.3942,3000.0,158.2728,1.6142350355887423,EJU13CB_1081,fuel,87346.55369284336,0.021948923141769005,False
59660.30576795546,349.8043,-15580.080278679541,39089.57563299645,5272.62626109334,51.767963521573286,5.107795694061279,17299.0,0.717154,445.2784,3000.0,158.2984,1.6025220869963885,EJU13CB_1081,fuel,86413.29481244119,0.02175006849126893,False
59620.52773982071,374.7903,-13473.507418756466,33796.42259756158,5653.413249799629,51.72041591828928,5.138614436630201,18548.0,0.733712,453.333,3000.0,158.3252,1.5906994249601452,EJU13CB_1081,fuel,85483.5609493399,0.022448505853443077,False
59581.04928563823,399.7764,-11331.235040716318,28406.229644175728,6034.2002385058295,51.67198829396413,5.169889288291579,19797.0,0.750733,461.5607,3000.0,158.3524,1.5787499000382097,EJU13CB_1081,fuel,84555.87835780894,0.02325537950474257,False
59541.8734868097,424.7624,-9152.58111503752,22916.893147194387,6414.987227211934,51.622661358223404,5.201626950264679,21047.0,0.76823,469.964,3000.0,158.3811,1.5666552169167838,EJU13CB_1081,fuel,83628.99340976891,0.0,False
59503.00335647541,449.7484,-6936.953511520489,17326.239021539168,6795.7742159179215,51.57241517135266,5.233832692129079,22296.0,0.786215,478.5454,3000.0,158.4113,1.5544444080414639,EJU13CB_1081,fuel,82727.30742113273,0.0,False
59464.433691450584,474.7344,-4683.764130646514,11632.05838853577,7176.56120462378,51.52122946734951,5.266511595224525,23545.0,0.804702,487.3073,3000.0,158.4405,1.542099271353697,EJU13CB_1081,fuel,81972.21516697026,0.0,False
59426.116298318564,499.7205,-2392.186038464534,5832.205199770415,7557.348193329528,51.46908453282769,5.29967205534471,24794.0,0.816352,491.8219,3000.0,158.4673,1.525572887525709,EJU13CB_1081,fuel,81056.0164242799,0.0,False
59388.10057166983,524.7065,-82.09754519101126,-22.50184984085694,7938.135182035134,51.41643695689658,5.333023737528179,26044.0,0.817888,490.1894,3000.0,158.4916,1.503995371556777,EJU13CB_1081,fuel,79587.8813744846,0.0,False
59350.57244381595,549.6925,2217.7592549521496,-5858.519880727787,8318.922170740505,51.363948001070526,5.366151193622641,27293.0,0.81927,488.4421,3000.0,158.5146,1.483350952519179,EJU13CB_1081,fuel,78223.46040986212,0.0,False
59313.50392963436,574.6785,4506.991562982629,-11674.415167114672,8699.709159445609,51.31163077517011,5.399050196788619,28542.0,0.82,486.286,3000.0,158.5368,1.4635651343268896,EJU13CB_1081,fuel,76930.54383505421,0.0,False
59276.87607325169,599.6645,6783.77431620437,-17465.26010573148,9080.49614815041,51.25952978531284,5.431695822898395,29792.0,0.819632,483.4637,2821.0,158.5584,1.4134008504558175,EJU13CB_1081,fuel,73575.06815028426,0.0,False
59241.44516328945,624.6506,9045.911756147598,-23225.244868403985,9438.604891545401,51.20769750196564,5.464058082110728,30967.0,0.817308,479.6374,2521.0,158.5803,1.3407392250258103,EJU13CB_1081,fuel,68827.34659991543,0.0,False
59207.79682693267,649.6366,11289.219246499759,-28943.715240579444,9758.656219811515,51.156230033730395,5.496078891138436,32017.0,0.814867,476.0067,2222.0,158.6011,1.2674608734598667,EJU13CB_1081,fuel,64257.761631794405,0.0,False
59175.95709030133,674.6226,13514.697053025026,-34622.78022855604,10040.650132947185,51.105108646071855,5.527774455743867,32942.0,0.81222,472.5215,1922.0,158.6199,1.1931763838580263,EJU13CB_1081,fuel,59808.47483878166,0.0,False
59145.95411778474,699.6086,15723.174657894915,-40263.91597378552,10284.586630951948,51.054320281665,5.559158425043139,33742.0,0.809317,469.1552,1622.0,158.6379,1.1180505990201788,EJU13CB_1081,fuel,55464.33728649953,0.0,False
59117.81761706892,724.5947,17915.249140118456,-45868.32815312284,10490.46571382562,51.00385430689562,5.590241028530271,34418.0,0.806189,465.9266,1322.0,158.6537,1.0420554196182858,EJU13CB_1081,fuel,51205.891562575765,0.0,False
59091.57688714325,749.5807,20091.750371420265,-51437.46421409291,10658.287381568178,50.95369789365602,5.621035717201669,34968.0,0.802704,462.7606,1022.0,158.666,0.9651382823545608,EJU13CB_1081,fuel,47010.418025901534,0.0,False
59067.263791281206,774.5667,22253.363005069354,-56972.01832866051,10788.05163417969,50.9038449785709,5.651553811189596,35394.0,0.798836,459.6427,723.0,158.6777,0.8874777738362978,EJU13CB_1081,fuel,42875.10599220993,0.0,False
59044.90923016275,799.5527,24400.508167618103,-62472.84673613684,10879.75847166042,50.85428803923015,5.681802787989881,35695.0,0.794481,456.5117,423.0,158.6912,0.8085491125658041,EJU13CB_1081,fuel,38760.608272595986,0.0,False
59024.54404527869,824.5387,26533.00885299188,-67939.95411333106,10933.407894010956,50.80502723042068,5.711781611763139,35871.0,0.789415,453.2365,123.0,158.704,0.7284787142507849,EJU13CB_1081,fuel,34661.92635202193,0.0,False
59006.201146983505,849.5248,28650.027255403405,-73370.9435055001,10948.999901233208,50.75608433802353,5.741480034278393,35922.0,0.787049,451.7726,-0.0,158.7143,0.6950355169750428,EJU13CB_1081,fuel,32969.51591493766,0.0,False
58988.70285144798,874.5108,30759.57820719591,-78785.65205816018,10948.999900987168,50.70728073250719,5.771011733234007,35922.0,0.787088,451.7949,-0.0,158.722,0.6949304802756591,EJU13CB_1081,fuel,32964.59628178274,0.0,False
58971.207034751904,899.4968,32868.507521029525,-84200.91062705053,10948.999900740917,50.65846477160886,5.80047314251328,35922.0,0.787028,451.7608,-0.0,158.7268,0.6947676699752023,EJU13CB_1081,fuel,32955.31951764345,0.0,False
58953.71590627093,924.4828,34976.82014903078,-89615.93776153449,10948.99990049448,50.609643517686095,5.829864649958627,35922.0,0.787022,451.757,-0.0,158.7291,0.6946359876620262,EJU13CB_1081,fuel,32948.38919230418,0.0,False
58936.22827206824,949.4689,37084.89692575833,-95031.00540387287,10948.99990024787,50.560814535545646,5.859191874160712,35922.0,0.787011,451.7509,-0.0,158.7313,0.6945020005477393,EJU13CB_1081,fuel,32941.28476672753,0.0,False
58918.74422418202,974.4549,39192.73694203168,-100446.08080858922,10948.999900001108,50.51197815032,5.888455038173493,35922.0,0.787,451.7448,-0.0,158.7335,0.6943680681109415,EJU13CB_1081,fuel,32934.183974067586,0.0,False
60247.74837573047,0.0,-37671.682916506994,100736.57387605507,30.48000030447082,52.32129867124511,4.779952313842254,100.0,0.3,198.3755,2434.0,183.0038,1.780778939113481,EJU13CB_1081,pop,102297.46394999794,0.17462789464250106,False
60203.19073855924,25.0009,-37804.17512600261,98211.64154158995,339.64335518115297,52.29858313981108,4.778287149871936,1114.0,0.380292,250.5895,2734.0,183.0038,1.7181912658976488,EJU13CB_1081,pop,96250.87023810719,0.0911042646627836,False
60160.267066979344,50.0019,-37971.756285360214,95018.01159519577,686.909535842186,52.26985164511144,4.776183338001741,2254.0,0.464179,304.6564,3000.0,168.119,1.7181001748680482,EJU13CB_1081,pop,96242.50108407678,0.06259003884597136,False
60117.43157227388,75.0028,-37170.60626172201,91210.01183321972,1067.92363708335,52.235661129066614,4.78837637850606,3504.0,0.55194,360.6725,3000.0,164.4409,1.7199710589070267,EJU13CB_1081,pop,96414.62118005546,0.04752644452350418,False
60074.635734579315,100.0037,-35933.252863274814,86766.07253594017,1448.9377383251926,52.19577888447866,4.8070184709284565,4754.0,0.573903,373.3694,3000.0,165.2342,1.7146550909700922,EJU13CB_1081,pop,95926.81002629959,0.038724828352706187,False
60031.986816096316,125.0046,-34715.90578056166,82147.45088269612,1829.9518395671007,52.15432153434026,4.82535173379898,6004.0,0.586471,379.8471,3000.0,163.6844,1.7040002499941518,EJU13CB_1081,pop,94960.51138212279,0.03404642437752599,False
59989.60881413029,150.0056,-33350.693072540926,77483.51218744842,2210.9659408089815,52.11246271106221,4.845820560236785,7254.0,0.599388,386.469,3000.0,163.1413,1.6932330867113468,EJU13CB_1081,pop,93998.94511966562,0.03295452872611746,False
59947.5045225734,175.0065,-31916.648626965576,72751.25389318405,2591.980042050764,52.06998990240281,4.867264336237874,8504.0,0.612664,393.2381,3000.0,162.7373,1.6823529772646417,EJU13CB_1081,pop,93041.86564385454,0.0322958537456569,False
59905.67674494074,200.0074,-30423.45141662065,67946.13624743902,2972.994143292479,52.0268612144776,4.8895383667763035,9754.0,0.626309,400.1575,3000.0,161.5062,1.6713591944519595,EJU13CB_1081,pop,92089.02891069758,0.02966111610509001,False
59864.12829895046,225.0083,-28799.156388805564,63089.872844887206,3354.00824453417,51.9832751671157,4.913687972076118,11004.0,0.640335,407.2301,3000.0,154.9254,1.6602506365496115,EJU13CB_1081,pop,91140.16936901148,0.02784370522690607,False
59822.86202110924,250.0093,-26590.499090561927,58369.43726856198,3735.022345775816,51.94093387860967,4.946304342295762,12254.0,0.654753,414.4589,3000.0,151.3416,1.6490261108751685,EJU13CB_1081,pop,90195.02522064644,0.026361329296364727,False
59781.88077126035,275.0102,-24046.54734404133,53714.79182841911,4116.036447017438,51.89918980532147,4.983741199456603,13504.0,0.669574,421.847,3000.0,151.6515,1.6376843486639532,EJU13CB_1081,pop,89253.33940107454,0.024338787659137502,False
59741.187437034394,300.0111,-21482.738549360613,48962.92512099921,4497.050548259027,51.856560327674146,5.02140377040517,14754.0,0.683985,428.8795,3000.0,152.9045,1.6257332252261183,EJU13CB_1081,pop,88274.95436545089,0.023142877485095997,False
59700.79641637906,325.012,-18982.310211282074,44075.71814876104,4878.064649500564,51.812699574037595,5.058080523137569,16004.0,0.698913,436.1388,3000.0,154.487,1.6137202185824333,EJU13CB_1081,pop,87305.27338071994,0.022108816213328827,False
59660.70928367532,350.013,-16577.650077889397,39037.18240201009,5259.078750742035,51.767463689024424,5.093301483979306,17254.0,0.716573,444.9947,3000.0,155.7225,1.6029378305661577,EJU13CB_1081,pop,86446.21027071828,0.021787379180419546,False
59620.89736037882,375.0139,-14235.419217305092,33844.28507167539,5640.09285198341,51.720827521196924,5.12755195545916,18504.0,0.733125,453.0483,3000.0,156.541,1.5911090053064039,EJU13CB_1081,pop,85515.56965398445,0.02238515900298751,False
59581.38525637011,400.0148,-11926.440114716937,28523.59355583528,6021.106953224623,51.67303143630755,5.1612540122218435,19754.0,0.75014,461.2749,3000.0,157.1395,1.57915292380524,EJU13CB_1081,pop,84586.97455016818,0.02322728530348038,False
59542.17606341096,425.0157,-9632.136142833757,23081.748386355655,6402.121054465232,51.624135918181615,5.194675769161535,21004.0,0.76763,469.6771,3000.0,157.5047,1.567067228917956,EJU13CB_1081,pop,83660.32455257908,0.0,False
59503.27282554277,450.0167,-7331.294520459569,17525.734237344543,6783.135155703389,51.57420427242194,5.228122561714383,22254.0,0.78561,478.2577,3000.0,157.7347,1.5548497566688577,EJU13CB_1081,pop,82755.77117026885,0.0,False
59464.67102501076,475.0176,-5011.0388219234055,11858.604554485744,7164.149256941134,51.523264028450185,5.261778149623206,23504.0,0.804092,487.0188,3000.0,157.9544,1.542497644504569,EJU13CB_1081,pop,81991.64757440866,0.0,False
59426.32458164722,500.0185,-2670.332713404975,6078.39530429416,7545.16335817848,51.471297324490045,5.295654634376118,24754.0,0.818531,493.2165,3000.0,158.1299,1.5274783578451065,EJU13CB_1081,pop,81268.62760759206,0.0,False
59388.21599061614,525.0194,-317.7372243154024,217.28031768475853,7926.177459415443,51.4185932851845,5.329625554217835,26005.0,0.819964,491.5143,3000.0,158.3455,1.5056493569964366,EJU13CB_1081,pop,79784.32165350858,0.0,False
59350.599341379915,550.0204,2004.6523956673561,-5632.154559655345,8307.19156065168,51.36598455223643,5.363082970755922,27255.0,0.82,488.9572,3000.0,158.5536,1.484260798127678,EJU13CB_1081,pop,78315.89067151016,0.0,False
59313.47714270709,575.0213,4293.710078370118,-11459.232223610492,8688.205661887027,51.313567621112924,5.395984287399613,28505.0,0.82,486.3645,3000.0,158.6981,1.4641283031644177,EJU13CB_1081,pop,76967.77796009931,0.0,False
59276.81462821572,600.0222,6555.892322646182,-17260.85776532322,9069.219763121346,51.26137070037555,5.428424737280023,29755.0,0.82,483.7579,2830.0,158.8143,1.4156369080116902,EJU13CB_1081,pop,73738.49338316085,0.0,False
59241.30385194885,625.0231,8794.939367691422,-23037.744256442358,9428.660492951089,51.20938767653903,5.460460089920186,30934.0,0.819157,480.7911,2530.0,158.8511,1.3434096400206097,EJU13CB_1081,pop,69075.85211247645,0.0,False
59207.54171456245,650.0241,11017.827212615046,-28783.893300164516,9749.998397002833,51.15767266702257,5.492192436193429,31988.0,0.816647,477.1061,2230.0,158.8347,1.2699311216652882,EJU13CB_1081,pop,64479.44103929453,0.0,False
59175.59155121398,675.025,13226.506679272283,-34488.45756955722,10033.233475271723,51.10632340110633,5.523651747426765,32917.0,0.813776,473.4782,1930.0,158.7965,1.1956056766957373,EJU13CB_1081,pop,60008.53815008045,0.0,False
59145.48523935293,700.0259,15423.303704096841,-40151.11642696273,10278.365727756307,51.055342896401875,5.55487302707909,33722.0,0.810754,470.0313,1630.0,158.7316,1.1204698460805786,EJU13CB_1081,pop,55650.53956513361,0.0,False
59117.249961111585,725.0268,17611.56255590967,-45772.86231732023,10485.395154456051,51.0047222925369,5.585905607421377,34401.0,0.807628,466.7934,1330.0,158.675,1.0445388205901358,EJU13CB_1081,pop,51387.1882356494,0.0,False
59090.912100326495,750.0278,19791.3135748648,-51356.42787243964,10654.32175537086,50.95443714169808,5.616751164187995,34955.0,0.804211,463.6566,1030.0,158.6145,0.9677150480761258,EJU13CB_1081,pop,47190.46087695718,0.0,False
59066.50206675421,775.0287,21963.36707079423,-56902.97813795866,10785.14553050101,50.9044770618827,5.647422508797239,35384.0,0.800579,460.6656,730.0,158.5519,0.8900114395021957,EJU13CB_1081,pop,43050.6247736415,0.0,False
59044.04687317577,800.0296,24128.65620505203,-62414.509260904044,10877.866479847287,50.854824178318516,5.6779340556164,35689.0,0.7964,457.6272,430.0,158.4834,0.8112778486357484,EJU13CB_1081,pop,38940.72509536882,0.0,False
59023.57887954698,825.0305,26287.49048448364,-67890.37037196766,10932.484603411536,50.80548443465394,5.7082914188857075,35868.0,0.791856,454.6446,130.0,158.4475,0.7316476840314304,EJU13CB_1081,pop,34863.38510357707,0.0,False
59005.12296268186,850.0315,28436.711460719744,-73331.86283355905,10948.99990119972,50.756446383802924,5.7384507461042595,35922.0,0.789811,453.3582,-0.0,158.3982,0.6966653795466385,EJU13CB_1081,pop,33095.24386307158,0.0,False
58987.55052879039,875.0324,30584.89069093076,-78757.04807137851,10948.999900961659,50.707547277066546,5.768533500732574,35922.0,0.789852,453.3819,-0.0,158.3771,0.6965625649440143,EJU13CB_1081,pop,33090.5150236375,0.0,False
58969.9804793629,900.0333,32735.17649660382,-84181.72623692757,10948.999900722954,50.65864488475277,5.798583487673646,35922.0,0.789716,453.3038,-0.0,158.359,0.6963537272403915,EJU13CB_1081,pop,33077.45709158811,0.0,False
58952.41702983735,925.0342,34886.81259056797,-89604.78815351482,10948.99990048366,50.60974923374697,5.828590239351789,35922.0,0.789534,453.1991,-0.0,158.3353,0.696117243272095,EJU13CB_1081,pop,33062.2558905434,0.0,False
58934.86126993238,950.0352,37040.191699814124,-95025.7076075701,10948.999900243829,50.56086504558314,5.858559563902385,35922.0,0.789424,453.1357,-0.0,158.3409,0.6959238357593227,EJU13CB_1081,pop,33050.4439829308,0.0,False
58917.31147954701,975.0361,39192.73694210368,-100446.0808086181,10948.999900003517,50.51197815031973,5.888455038174509,35922.0,0.789313,453.0723,-0.0,158.3466,0.6957304748466135,EJU13CB_1081,pop,33038.64847238166,0.0,False
,0.0,10847.0,30877.0,0.0,52.31692886352539,4.775829315185547,0.0,0.0,0.0,0.0,0.0,,EJU13CB_1081,real,,0.16666217845757375,False
60178.08454826693,34.0,10902.0,27888.0,335.28000000000003,52.29003389002913,4.776541573660714,1100.0,0.22823817587302447,150.4027925272666,1600.0,184.19418278839086,1.744360467009862,EJU13CB_1081,real,100116.41756447317,0.0889663867544577,False
60147.99933178855,54.0,10785.0,26218.0,480.06,52.27500915527344,4.7747802734375,1575.0,0.2726935773576167,179.4017837146554,1536.0,183.8353190971333,1.5675981217617228,EJU13CB_1081,real,82639.74668959153,0.07459988795886059,False
60098.20350582241,94.0,11879.0,21889.0,792.48,52.236033294160485,4.790666852678572,2600.0,0.3847577496961887,252.22410669878485,1920.0,159.33760542781684,1.488625855203396,EJU13CB_1081,real,76883.2050077023,0.052220348384423604,False
60063.90053007855,114.0,12844.0,19351.0,1074.42,52.21317614539195,4.804713657924108,3525.0,0.41127399872591897,268.7322087134328,3392.0000000000005,159.06964098874133,1.78736557822495,EJU13CB_1081,real,106604.89517425302,0.04290466892095674,False
59994.98787218767,144.0,15009.0,15877.0,1600.2,52.181854248046875,4.836273193359375,5250.0,0.43642136958930106,283.425475213503,3520.0000000000005,126.1016869355374,1.7845623396694639,EJU13CB_1081,real,106128.60484296849,0.03662686158162557,False
59961.6846317309,164.0,17645.0,14405.0,1882.14,52.16853254932468,4.874790736607143,6175.0,0.46021878394310645,297.89259809535383,3264.0,117.5972958686437,1.7352741080030498,EJU13CB_1081,real,98955.84832381779,0.034760704590512406,False
59893.873814681036,204.0,22097.0,10538.0,2621.28,52.13357181872352,4.939688546316964,8600.0,0.4543897128484429,291.547594742265,3392.0000000000005,149.03624346792648,1.7497428318715362,EJU13CB_1081,real,100862.13298120452,0.03554527804207965,False
59861.4202259535,224.0,23427.0,7846.0,2933.7000000000003,52.10929870605469,4.958953857421875,9625.0,0.4610670410259011,294.72190281687585,3072.0,158.9206163051658,1.6910027810591297,EJU13CB_1081,real,93801.90684138358,0.03650861067530077,False
59811.477728297454,264.0,25672.0,1926.0,3352.8,52.05592268604343,4.991324288504464,11000.0,0.5175062190147693,329.1200388915874,1408.0,159.3624530153122,1.2289533711311331,EJU13CB_1081,real,61403.74680955504,0.03722623898009862,False
59781.036654354895,284.0,26921.0,-1341.0,3581.4,52.02645511950477,5.009294782366072,11750.0,0.5388866683746086,341.76014981270123,2752.0,159.44395478041653,1.5861401685794008,EJU13CB_1081,real,84130.56580172636,0.034269647379101965,False
59721.95938792724,324.0,29435.0,-7944.0,4152.900000000001,51.966914807335804,5.045392717633929,13625.000000000002,0.5572064497823878,350.891721190455,2240.0,159.65417851171316,1.4506573266661538,EJU13CB_1081,real,74349.94092065512,0.027801795793606223,False
59690.38708302496,344.0,30727.0,-11376.0,4419.6,51.93595756918697,5.0639125279017865,14500.0,0.5670898000400024,355.92836357896516,3200.0,159.78309058675137,1.6450832554281056,EJU13CB_1081,real,89236.24914417406,0.025369171444268514,False
59629.156309635786,374.0,32638.0,-16470.0,4861.56,51.890010510460804,5.09124755859375,15950.0,0.5732639649276351,357.80581325629686,2880.0,159.8937652016407,1.5725355772228824,EJU13CB_1081,real,83042.25020072065,0.02271217679892024,False
59601.04409002877,394.0,33931.0,-19927.0,5135.88,51.85882051112288,5.109710693359375,16850.0,0.5809028771495437,361.3114999553709,2432.0,159.7594774255608,1.464794600569975,EJU13CB_1081,real,75279.3205070545,0.021848260048608813,False
59545.074637716476,434.0,36596.0,-27011.0,5631.18,51.79490661621094,5.147688582136825,18475.0,0.5984325710335762,369.8553771408495,2240.0,159.75218859535818,1.4013003399701587,EJU13CB_1081,real,71223.21117812328,0.021235767137785865,False
59518.942148822636,454.0,37927.0,-30545.0,5852.16,51.763016005693856,5.1666259765625,19200.0,0.6083233407083456,374.8933181586463,2112.0,159.87326260881352,1.3616402107787116,EJU13CB_1081,real,68830.33730443424,0.02152728609407749,False
59467.41911686507,494.0,40673.0,-37829.0,6301.740000000001,51.697265625,5.205589500633446,20675.0,0.6243216968970728,382.4983660095818,2176.0,159.81212944652938,1.3630839587395052,EJU13CB_1081,real,68915.6340419871,0.007399206387310125,False
59441.69287848048,514.0,42088.0,-41592.0,6507.4800000000005,51.663299560546875,5.225632126266892,21350.0,0.6348275989361836,387.88142518042804,2112.0,159.78973078484276,1.340472421086655,EJU13CB_1081,real,67590.30954604136,0.0,False
59391.273027783085,554.0,44920.0,-49106.0,6911.34,51.595458984375,5.265643145586993,22675.0,0.6517359454388231,396.0807998376089,2176.0,159.91802251581925,1.3433110911752453,EJU13CB_1081,real,67755.12255989974,0.0,False
59365.951583636364,574.0,46350.0,-52899.0,7132.320000000001,51.5612120547537,5.285797119140625,23400.0,0.6573357318898453,398.3026487484109,2112.0,159.88170420202658,1.3193805107975374,EJU13CB_1081,real,66377.6961055118,0.0,False
59319.083491029,604.0,48537.0,-58687.0,7406.64,51.508941650390625,5.316566261085304,24300.0,0.670244913355156,404.6245172996812,1600.0,159.9080122714098,1.1759765631427492,EJU13CB_1081,real,58627.3232850575,0.0,False
59296.89611241931,624.0,50033.0,-62640.0,7566.660000000001,51.473236083984375,5.337573902027027,24825.0,0.6821968226465921,410.94646853331153,1536.0,159.93351090565736,1.1560792012368082,EJU13CB_1081,real,57606.66064264608,0.0,False
59249.6073106017,664.0,53011.0,-70535.0,7932.42,51.40191650390625,5.3792922561233105,26025.0,0.6945963362673373,416.32919667013505,1792.0,159.9110733612732,1.2120496675187917,EJU13CB_1081,real,60507.67976041681,0.0,False
59228.416982288894,684.0,54519.0,-74517.0,8100.06,51.365936279296875,5.400374129011825,26575.0,0.7014873289719559,419.49016675006817,1408.0,159.92353994846752,1.104127633136142,EJU13CB_1081,real,54989.58958927222,0.0,False
59185.89733876519,724.0,57617.0,-82714.0,8389.62,51.29186080673993,5.443572998046875,27525.0,0.7186519804133834,428.033877163946,1600.0,159.9139670387937,1.1492294944663628,EJU13CB_1081,real,57257.53053709359,0.0,False
59164.90943588502,744.0,59187.0,-86892.0,8542.02,51.25410461425781,5.465401314400338,28025.0,0.7249231428606959,430.8526430231106,1408.0,160.0509778164429,1.0935802026992476,EJU13CB_1081,real,54466.13354336399,0.0,False
59123.62421553358,784.0,62321.0,-95199.0,8785.86,51.179018182269594,5.508880615234375,28825.0,0.7439932871443224,440.6778868969942,1536.0,159.96135280190128,1.1239549314724564,EJU13CB_1081,real,55980.688676431644,0.0,False
59102.75696263112,804.0,63969.0,-99549.0,8915.4,51.13968154131356,5.5316925048828125,29249.999999999996,0.7506992355009234,443.83893474998337,1408.0,159.9727773909467,1.08729370386032,EJU13CB_1081,real,54155.58219432591,0.0,False
59065.96299985845,834.0,66377.0,-105935.0,9083.04,51.081939697265625,5.564946355046453,29800.0,0.7642170334900374,450.7604685417744,1024.0,160.15806929809597,0.9848092496274288,EJU13CB_1081,real,49200.09635086381,0.0,False
59045.16116636533,854.0,68022.0,-110325.0,9189.720000000001,51.04224770756091,5.587615966796875,30150.000000000004,0.7723414562317286,454.86261662176634,1408.0,160.21060499232104,1.0838850083211367,EJU13CB_1081,real,54007.90492692667,0.0,False
59001.63491084633,894.0,71331.0,-119115.0,9494.52,50.962738037109375,5.633091282200169,31150.0,0.7762919389301502,455.20215289473316,2304.0,160.09216942138613,1.2857781546354339,EJU13CB_1081,real,64530.521608260184,0.0,False
58981.61903603644,914.0,72939.0,-123381.0,9677.4,50.92414855957031,5.65513817039696,31749.999999999996,0.7745401634068931,452.98123581446504,1344.0,160.12495781528185,1.0429324243003317,EJU13CB_1081,real,52023.674364521146,0.0,False
58941.83033166375,954.0,76281.0,-132216.0,9928.86,50.844214487884,5.700836181640625,32575.0,0.7827908665572861,456.1425215872776,1472.0,160.134940431249,1.066987922068697,EJU13CB_1081,real,53256.255097639485,0.0,False
58921.177615032226,974.0,77903.0,-136516.0,10081.26,50.805296817068324,5.72296142578125,33075.0,0.7823291858322705,454.86261662176634,1536.0,160.21060499232104,1.0761152350063106,EJU13CB_1081,real,53709.37240009259,0.0,False
58882.517386711566,1014.0,81211.0,-145276.0,10340.34,50.726018356064614,5.767974853515625,33925.0,0.7853050394732214,454.86261662176634,1856.0,160.21060499232104,1.1460065416550282,EJU13CB_1081,real,57246.58000385024,0.0,False
58861.57874842045,1034.0,82848.0,-149627.0,10507.980000000001,50.68663516287076,5.7901763916015625,34475.0,0.7817772457604205,451.7012286899384,1664.0,160.20112364547506,1.0910132583220276,EJU13CB_1081,real,54468.97082227831,0.0,False
58823.50108482444,1064.0,85286.0,-156081.0,10728.960000000001,50.628204345703125,5.823187577097039,35200.0,0.7782674862940352,448.20196340489184,1344.0,160.31177956035881,0.999012958048267,EJU13CB_1081,real,49985.83158818124,0.0,False
58805.08462633688,1084.0,86907.0,-160388.0,10866.12,50.589202880859375,5.8450879548725325,35650.0,0.7759982047001799,445.9820624195552,1216.0,160.3461759419467,0.9595944159266713,EJU13CB_1081,real,48105.74986970773,0.0,False
58773.8038099423,1124.0,90124.0,-168916.0,11049.0,50.51197814941406,5.888455039576479,36250.0,0.7820145469728033,448.5398533017997,576.0,160.19150864648614,0.778779579103501,EJU13CB_1081,real,39818.473475540115,0.0,False
63807.960356878546,0.0,93431.62751562028,29960.06854679102,30.480000279708012,52.304599761090074,4.777520178255885,100.0,0.3,198.3755,2500.0,237.9631,1.8561110795555378,EIN84T_1564,fuel,110563.94527144756,0.12921803968840156,False
63765.50774614126,22.8536,91472.9361825538,28734.388246817107,320.72087433709476,52.29390925180164,4.748382942999929,1052.0,0.373457,246.1389,2774.0,237.9631,1.789567301122573,EIN84T_1564,fuel,103199.43940829235,0.09360778861185892,False
63724.62185132003,45.7072,89039.3905895727,27211.560815025932,642.8004042802462,52.28061698955385,4.712201455038192,2109.0,0.449965,295.4763,3000.0,253.0905,1.7698032726016737,EIN84T_1564,fuel,101190.82412476913,0.07068439421414396,False
63684.24951409246,68.5608,85738.94156441044,26208.209961028027,991.0894531413213,52.27212058423092,4.663436887122721,3252.0,0.529676,346.4308,3000.0,253.0943,1.7532244623549782,EIN84T_1564,fuel,99558.59290985661,0.059020924601163594,False
63644.32161371316,91.4144,81864.03907970562,25030.50686376939,1339.378502005004,52.262122283470966,4.606208646222819,4394.0,0.570352,371.533,3000.0,253.1,1.7542035160924065,EIN84T_1564,fuel,99653.72262808093,0.0480862201953139,False
63604.399206337795,114.2681,77706.32909124899,23767.294712171933,1687.6675508694536,52.25136750850388,4.544832473487716,5537.0,0.581737,377.4114,3000.0,253.1106,1.7445946628758682,EIN84T_1564,fuel,98726.6601604155,0.04316998948764634,False
63564.69972316161,137.1217,73482.25510878622,22484.77604024619,2035.956599733124,52.24041619488332,4.482507335633712,6680.0,0.593411,383.4093,3000.0,253.1243,1.7348835286888702,EIN84T_1564,fuel,97804.21095048069,0.038151813130253814,False
63525.22549041373,159.9753,69190.40205100937,21182.803241396756,2384.24564859596,52.22926567607182,4.419213909989412,7822.0,0.60538,389.529,3000.0,253.1379,1.7250824456097156,EIN84T_1564,fuel,96887.34671629078,0.034146166193302456,False
63485.97883156043,182.8289,64829.402010288606,19860.981278448664,2732.534697457898,52.21791098837718,4.354933574347949,8965.0,0.617654,395.773,3000.0,253.1549,1.7151668840083374,EIN84T_1564,fuel,95973.60617758024,0.028366222531124856,False
63446.96206988309,205.6825,60397.77777316694,18519.183631697295,3080.8237463188693,52.20634952793234,4.28964622036474,10108.0,0.63024,402.1434,3000.0,253.1744,1.7051485521930176,EIN84T_1564,fuel,95063.93432436962,0.023881132432477647,False
63408.177531082365,228.5361,55894.040285511626,17157.23144249667,3429.1127951787935,52.19457814962349,4.223331616167804,11250.0,0.643146,408.6426,3000.0,253.1953,1.6950401895942353,EIN84T_1564,fuel,94159.3100498897,0.019764105881456166,False
63369.62754588447,251.3897,51316.705266274,15774.83879913673,3777.401844037579,52.18259267128665,4.1559696471155885,12393.0,0.656382,415.2728,3000.0,253.2153,1.6848153038713753,EIN84T_1564,fuel,93257.21703954053,0.016761919122841355,False
63331.31445262207,274.2433,46664.31095967023,14371.554017623523,4125.690892895122,52.17038734255722,4.087540577077617,13536.0,0.669955,422.0363,3000.0,253.2341,1.6744861091693526,EIN84T_1564,fuel,92358.6191616728,0.013645730306809371,False
63293.24059976003,297.097,41935.38201079339,12946.879595563618,4473.979941751303,52.15795592547855,4.018024547056765,14678.0,0.683875,428.9352,3000.0,253.259,1.6640654636293217,EIN84T_1564,fuel,91464.47945331584,0.011536092410638155,False
63255.408348331104,319.9506,37128.23587313851,11500.916579559202,4822.268990605989,52.145297499934784,3.947398814921532,15821.0,0.698152,435.9719,3000.0,253.2833,1.6535253838077137,EIN84T_1564,fuel,90572.27243961157,0.009686123879691673,False
63217.82007424495,342.8042,32241.327216667632,10033.222850848902,5170.558039459017,52.132406165311146,3.875642655724921,16964.0,0.712793,443.1484,3000.0,253.3019,1.6428782584184625,EIN84T_1564,fuel,89682.95285331605,0.00827706692186642,False
63180.47817042823,365.6578,27273.22110620066,8542.901026260077,5518.847088310204,52.119271836183714,3.8027370146156985,18106.0,0.727808,450.4669,3000.0,253.3174,1.6321374475676151,EIN84T_1564,fuel,88797.50252729548,0.007321401202082648,False
63143.385048750584,388.5114,22222.39740653425,7029.251103235138,5867.136137159326,52.105886122511365,3.7286617201162584,19249.0,0.743207,457.9294,3000.0,253.3306,1.621273148530773,EIN84T_1564,fuel,87913.36035096113,0.006492391307334803,False
63106.54314168604,411.365,17087.292691934173,5491.633777933354,6215.425186006119,52.09224109345525,3.653396081217147,20392.0,0.759,465.5379,3000.0,253.3395,1.6102982726696413,EIN84T_1564,fuel,87031.50198205396,0.0035634760897269896,False
63069.95490333788,434.2186,11866.379992470052,3929.2068002599362,6563.714234850264,52.078326900697085,3.57692004474429,21534.0,0.775195,473.2944,3000.0,253.3421,1.5992265569045365,EIN84T_1564,fuel,86157.26277935485,0.0,False
63033.6212935795,457.0722,6558.171705917073,2340.917873613796,6912.003283691405,52.0641317142679,3.4992142562045174,22677.0,0.791804,481.2006,3000.0,253.3415,1.5880266803646519,EIN84T_1564,fuel,85338.3653412307,0.0,False
62997.52753578734,479.9258,1161.079995701549,725.9747182991841,7260.2923325293905,52.04964595001014,3.4202580389045254,23820.0,0.808836,489.2583,3000.0,253.3396,1.5767119053320322,EIN84T_1564,fuel,84718.73210910978,0.0,False
62961.61508509752,502.7795,-4326.549893586828,-916.2624368543986,7608.581381364746,52.034861194071006,3.340029908534397,24963.0,0.819799,493.5549,3000.0,253.3346,1.5621971915903057,EIN84T_1564,fuel,84001.6988905248,0.0,False
62925.90905584369,525.6331,-9862.278256823567,-2573.4187346746853,7956.870430197211,52.01988693617382,3.2591524717308777,26105.0,0.82,491.3289,3000.0,253.3236,1.5431301127719652,EIN84T_1564,fuel,82629.13443348723,0.0,False
62890.60438973806,548.4867,-15372.506519245484,-4224.094816993516,8305.159479024122,52.00491632712136,3.1787015001785455,27248.0,0.82,488.971,3000.0,253.3095,1.5249641233722295,EIN84T_1564,fuel,81346.626479646,0.0,False
62855.67963358691,571.3403,-20855.660658807985,-5868.133848780272,8653.44852784474,51.98995166372168,3.0986994119731106,28391.0,0.82,486.6016,3000.0,253.2939,1.5078676153562711,EIN84T_1564,fuel,80170.74185024109,0.0,False
62821.107107321615,594.1939,-26311.574625726553,-7505.614560201069,9001.737576658361,51.97499311421674,3.0191480455267774,29533.0,0.82,484.2206,2932.0,253.2747,1.4798897889852547,EIN84T_1564,fuel,78253.8953119456,0.0,False
62787.12848689083,617.0475,-31740.776453750714,-9137.070793319177,9342.111067253947,51.96003671511581,2.9400391521299074,30650.0,0.82,481.8824,2658.0,253.2493,1.4146738854409941,EIN84T_1564,fuel,73873.31128638101,0.0,False
62754.577382093914,639.9011,-37145.8015417512,-10763.872246622455,9650.64590201702,51.945070825485814,2.861335330820385,31662.0,0.818309,478.7637,2383.0,253.2208,1.3478594195422102,EIN84T_1564,fuel,69516.82514764492,0.0,False
62723.5160101255,662.7547,-42517.65592847424,-12383.598658048164,9927.342080909979,51.930118668380025,2.783166989177803,32570.0,0.815873,475.4302,2109.0,253.1964,1.280063456237232,EIN84T_1564,fuel,65250.989628572206,0.0,False
62693.98779748212,685.6084,-47853.90654176308,-13995.077297668964,10172.199603921299,51.91519202191227,2.705568724866351,33373.0,0.813287,472.2342,1835.0,253.169,1.2112315717954931,EIN84T_1564,fuel,61081.67951057048,0.0,False
62666.02341273294,708.462,-53155.886876796525,-15598.970585061832,10385.218471046244,51.9002858847096,2.6285204040103247,34072.0,0.810559,469.18,1561.0,253.1445,1.1413412048052376,EIN84T_1564,fuel,56990.166547136905,0.0,False
62639.65387959679,731.3156,-58425.162626755104,-17195.42600097103,10566.39868228318,51.88539980247921,2.551998488786323,34667.0,0.807643,466.2432,1286.0,253.1207,1.070127414130444,EIN84T_1564,fuel,52945.24764913623,0.0,False
62614.911431444125,754.1692,-63663.06309750233,-18784.757331624663,10715.740237632624,51.8705317855081,2.4759829546266774,35157.0,0.804537,463.4215,1012.0,253.1035,0.9980437519696058,EIN84T_1564,fuel,48959.832936253675,0.0,False
62591.82805498072,777.0228,-68871.30687099377,-20366.79236964791,10833.243137097354,51.85568410888044,2.400448056837112,35542.0,0.801169,460.6742,738.0,253.0838,0.9248307752736443,EIN84T_1564,fuel,45006.98793883864,0.0,False
62570.43603929521,799.8764,-74051.10684668267,-21942.14028078829,10918.907380683637,51.84085201800716,2.3253756023959298,35823.0,0.797462,457.956,464.0,253.0689,0.8504530405896091,EIN84T_1564,fuel,41074.94452547036,0.0,False
62550.76742539085,822.73,-79203.10435746434,-23510.487960677034,10972.732968405753,51.82603908193088,2.250755561598099,36000.0,0.793327,455.2144,189.0,253.0541,0.7746288601871004,EIN84T_1564,fuel,37140.93565168706,0.0,False
62532.85386533822,845.5836,-84326.4733699805,-25071.57233850315,10994.719900308663,51.811248612658204,2.176599252196348,36072.0,0.790183,453.2608,-0.0,253.0468,0.7216787187852111,EIN84T_1564,fuel,34432.54703857057,0.0,False
62516.17298501073,868.4373,-89428.93600850317,-26626.993416367553,10994.719900168302,51.79646582026774,2.1027941615135473,36072.0,0.790183,453.2611,-0.0,253.0413,0.7215504672715377,EIN84T_1564,fuel,34425.75359247659,0.0,False
62499.495217883064,891.2909,-94531.2519415894,-28182.91109124534,10994.7199000245,51.78163241625184,2.0290397884554876,36072.0,0.790184,453.2615,-0.0,253.0357,0.7214223616621306,EIN84T_1564,fuel,34418.97172639035,0.0,False
63807.96035658527,0.0,93431.62751525683,29960.06854576685,30.4800003044576,52.304599761080944,4.7775201782502545,100.0,0.3,198.3755,-0.0,237.9631,0.7119350357716056,EIN84T_1564,pop,33558.355405304545,0.12921803968036677,False
63790.37830519788,24.6999,91294.81310385691,28622.925075063406,30.48000005844154,52.29293670218991,4.745733906050374,100.0,0.372705,246.4516,-0.0,237.9631,0.7298951049927157,EIN84T_1564,pop,34449.08278400493,0.12021126918005712,False
63772.35173528489,49.3998,88640.14372959257,26961.726141858722,30.479999814164394,52.27843520654893,4.706267604846094,100.0,0.433274,286.5029,-0.0,263.6066,0.8183324013535673,EIN84T_1564,pop,38883.82402666095,0.10546629692548291,False
63752.14044548761,74.0997,85022.27642617859,26556.33915631202,30.479999738653902,52.27536225032303,4.652993888694163,100.0,0.432528,286.0101,-0.0,273.1763,0.8168379268379155,EIN84T_1564,pop,38808.12745461905,0.09365160085288991,False
63731.96607245819,98.7995,81393.6128489688,26757.70502822745,30.47999969659846,52.27772273057686,4.599716064509316,100.0,0.460347,304.405,296.0,280.5512,0.9869403229576662,EIN84T_1564,pop,47633.371655179035,0.08145061555008509,False
63707.61214984544,123.4994,77592.00236459656,27465.808741568744,67.67075221371861,52.28464029089717,4.544007867657401,222.0,0.483449,319.5476,593.0,284.9377,1.1326137711621007,EIN84T_1564,pop,55618.19243632974,0.06636226221187887,False
63679.69513013918,148.1993,73671.12613499568,28511.836975282276,142.05225730027223,52.29458636495503,4.4866031708952425,466.0,0.501207,331.0064,889.0,284.8785,1.253646526594527,EIN84T_1564,pop,62661.54082567256,0.04521827682275461,False
63648.81470212922,172.8992,69610.1386039641,29590.74932819301,253.62451495671786,52.30481819762325,4.427119105307814,832.0,0.524871,346.1969,1186.0,275.0108,1.369771001358076,EIN84T_1564,pop,69883.40609364708,0.023351929610686648,False
63615.10204173191,197.5991,65234.133111007046,29974.4306262714,402.38752518313913,52.30880609719434,4.362838389744268,1320.0,0.541094,356.2946,1482.0,271.1117,1.4609077908332513,EIN84T_1564,pop,75965.94019931646,0.018244683141833064,False
63579.162222683175,222.299,60716.264752908486,30062.10081435668,588.3412879795071,52.31011306846703,4.2964058127899944,1930.0,0.546746,359.2534,1778.0,268.7119,1.5278805306940153,EIN84T_1564,pop,80731.4669543076,0.014631177836135757,False
63541.58290405924,246.9989,56163.76509452644,29959.733018497398,811.4858033457364,52.30967749122054,4.229428123044609,2662.0,0.553628,362.8463,2075.0,266.1797,1.5889569385908793,EIN84T_1564,pop,85347.54416852765,0.012402394327232209,False
63502.51208987845,271.6988,51577.642000357715,29653.48942120475,1071.8210712816804,52.30737390410994,4.161925875124103,3516.0,0.561797,367.0971,2371.0,263.2051,1.6437619243379957,EIN84T_1564,pop,89756.31708068916,0.010790174876963175,False
63462.09634589053,296.3986,46963.19316945603,29103.666824306365,1369.3470917870754,52.30284390981928,4.093979977342856,4493.0,0.571321,372.0342,2668.0,260.0834,1.692876391596347,EIN84T_1564,pop,93967.33932533071,0.00947719447357509,False
63420.47829815666,321.0985,42327.22576806313,28293.174183914623,1704.0638648613804,52.29593251158503,4.025698684324309,5591.0,0.58228,377.691,2964.0,257.4869,1.7361992041640055,EIN84T_1564,pop,97928.35584119926,0.00856220200691258,False
63377.794653350065,345.7984,37666.2830190089,27258.752216661847,2075.9713905029434,52.286969756291406,3.95704640474717,6811.0,0.594771,384.1061,3000.0,255.3102,1.7319211672063377,EIN84T_1564,pop,97525.62151215263,0.007696613969226466,False
63335.2210668892,370.4983,32969.63613640249,26027.501411782505,2452.3976739654695,52.27619933816525,3.8878778027718877,8046.0,0.607758,390.741,3000.0,253.4978,1.721296150457141,EIN84T_1564,pop,96536.82156351648,0.0069784301217400225,False
63292.91420051941,395.1982,28233.48662015864,24624.393148043197,2828.8239574279146,52.26384509467033,3.818147931734798,9281.0,0.621102,397.5214,3000.0,252.0266,1.7105520112729262,EIN84T_1564,pop,95552.91643447013,0.006377998091709411,False
63250.87697434833,419.8981,23453.023608234525,23073.580878190256,3205.2502408902574,52.25012342923017,3.747795676300255,10516.0,0.634813,404.4503,3000.0,250.7795,1.699688404238702,EIN84T_1564,pop,94573.67687930241,0.0058207058189526754,False
63209.112312773774,444.598,18624.37568960833,21390.128391512197,3581.676524352481,52.235168806657605,3.676772027396402,11751.0,0.648903,411.5306,3000.0,249.7147,1.6887047481049056,EIN84T_1564,pop,93598.8623105074,0.005396400833930369,False
63167.62314831607,469.2979,13743.535965597937,19586.072460310836,3958.1028078145655,52.219088336634705,3.60502517532954,12986.0,0.663381,418.7651,3000.0,248.8177,1.6776002288963847,EIN84T_1564,pop,92628.22200591199,0.0050041830101030405,False
63126.41242539239,493.9977,8805.910365308835,17672.648042635763,4334.529091276487,52.201981781213185,3.5324941597506907,14221.0,0.67826,426.1566,3000.0,248.0568,1.6663738883808623,EIN84T_1564,pop,91661.50348334012,0.004657561694930781,False
63085.483103978375,518.6976,3807.1151629131,15658.763566865664,4710.955374738223,52.1839278046212,3.459120623569676,15456.0,0.69355,433.7079,3000.0,247.3925,1.6550246386315584,EIN84T_1564,pop,90698.45390201887,0.004380788840750466,False
63044.83816309602,543.3975,-1256.4621455475472,13550.22564926101,5087.381658199747,52.16497700435394,3.3848572070478467,16691.0,0.709262,441.4218,3000.0,246.8165,1.643551279429618,EIN84T_1564,pop,89738.82156598379,0.004121941054277593,False
63004.48060405986,568.0974,-6388.559819997353,11352.352673512574,5463.807941661025,52.145175437838944,3.3096545701366487,17926.0,0.72541,449.3009,3000.0,246.2979,1.6319523542705412,EIN84T_1564,pop,88782.34407257917,0.0038971316281560114,False
62964.41345340508,592.7973,-11592.085104795304,9067.933805271256,5840.2342251220225,52.12454629143665,3.233475517109613,19161.0,0.742004,457.3478,3000.0,245.8436,1.6202263367570173,EIN84T_1564,pop,87828.76410860015,0.0037057955346039353,False
62924.639765414184,617.4972,-16870.47586023848,6700.554415490481,6216.660508582676,52.10311978337699,3.156275037272535,20396.0,0.759056,465.5652,3000.0,245.627,1.6083717416273269,EIN84T_1564,pop,86877.83802200134,0.002131641714718656,False
62885.16262377678,642.1971,-22234.822273273963,4270.23001040814,6593.086792042281,52.08107342886107,3.0778950219621937,21631.0,0.77658,473.9553,3000.0,245.657,1.5963866627640473,EIN84T_1564,pop,85935.07565724303,0.0,False
62845.9829575999,666.897,-27697.388988402014,1798.8531039231905,6969.513075501313,52.058601098016,2.9981591904131912,22866.0,0.794587,482.5206,3000.0,245.6929,1.584269445541931,EIN84T_1564,pop,85068.62820835438,0.0,False
62807.0784894919,691.5968,-33260.48840614147,-713.8177891540666,7345.939358959662,52.03569767961475,2.917037966881046,24101.0,0.813091,491.2632,3000.0,245.7276,1.572017933113567,EIN84T_1564,pop,84475.13641667357,0.0,False
62768.3615607648,716.2967,-38926.16571204801,-3268.6809505967476,7722.365642417463,52.0123520378793,2.8345059218709703,25336.0,0.82,492.9102,3000.0,245.7609,1.5539815792212373,EIN84T_1564,pop,83400.80558891434,0.0,False
62729.98020075857,740.9966,-44612.24298946141,-5828.7732441200915,8098.791925874425,51.988900185133815,2.7517627925858683,26571.0,0.82,490.3695,3000.0,245.7921,1.533580044221845,EIN84T_1564,pop,81938.90993008598,0.0,False
62692.06287246069,765.6965,-50270.141348889556,-8372.465532002088,8475.218209330025,51.96554052276077,2.6695152047097217,27806.0,0.82,487.8155,3000.0,245.821,1.514385864055268,EIN84T_1564,pop,80601.2348825458,0.0,False
62654.57580742227,790.3964,-55899.58395752057,-10899.95386128384,8851.644492783964,51.942272277183775,2.587765812151145,29041.0,0.82,485.2481,3000.0,245.8472,1.4964727377825215,EIN84T_1564,pop,79387.96047686643,0.0,False
62617.48301288708,815.0963,-61500.27843622575,-13411.463333361638,9228.07077623587,51.91909441876091,2.506517511587396,30276.0,0.82,482.667,3000.0,245.8701,1.479909143397442,EIN84T_1564,pop,78299.69802818423,0.0,False
62580.74631019628,839.7962,-67071.90739163545,-15907.269117236714,9604.4970596853,51.89600547467194,2.425773586058612,31511.0,0.82,480.0721,2809.0,245.8896,1.4297321439318835,EIN84T_1564,pop,74942.71731091567,0.0,False
62545.17754113147,864.496,-72616.42683720973,-18388.654993616077,9956.923132850026,51.87299461011812,2.3455044352500756,32667.0,0.82,477.6298,2512.0,245.905,1.3590755388576876,EIN84T_1564,pop,70401.90551090619,0.0,False
62511.267153611225,889.1959,-78136.53223008264,-20857.340103992883,10272.158453467888,51.85004688752161,2.2656699414129915,33701.0,0.82,475.4347,2216.0,245.9171,1.2874265483731762,EIN84T_1564,pop,66018.11685254269,0.0,False
62479.044018078195,913.8958,-83634.8076882462,-23314.863042142402,10550.203021531184,51.82714889813515,2.1862317585360063,34614.0,0.817436,472.0094,1920.0,245.9252,1.2143389795450465,EIN84T_1564,pop,61585.536142635494,0.0,False
62448.606482912306,938.5957,-89096.95325865455,-25755.320731159547,10791.056837040058,51.80435674477286,2.10739531424128,35404.0,0.815416,469.1615,1623.0,245.9289,1.139914185866094,EIN84T_1564,pop,57267.36543146884,0.0,False
62419.977099113195,963.2956,-94531.2519412548,-28182.911090243615,10994.719900002858,51.781632416260905,2.0290397884600755,36072.0,0.813396,466.5763,1327.0,245.9326,1.0645102968169684,EIN84T_1564,pop,53032.60169946065,0.0,False
63786.78583512557,0.0,8972.0,28259.0,-38.1,52.29341125488281,4.74822998046875,-125.0,0.21512025419637826,142.35870187663275,3008.0,238.2079284627791,1.8885473361629932,EIN84T_1564,real,170937.92087832972,0.12729349070266172,False
63723.25633693478,28.0,7368.0,27235.0,388.62,52.2842148603019,4.72467041015625,1275.0,0.19288291410664982,127.02755606560333,2688.0,236.56013079421774,1.888724957249721,EIN84T_1564,real,180197.06848146833,0.08620481708613813,False
63687.55977744775,58.0,5417.0,26022.0,579.12,52.27332163665254,4.696027483258929,1900.0,0.26358993783108503,173.216627377397,1088.0,233.9239884436314,1.4683229804215552,EIN84T_1564,real,75516.94202226578,0.07110374025395144,False
63642.802684128204,88.0,3236.0,23718.0,739.14,52.252605890823624,4.6640101841517865,2425.0,0.3633269486746916,238.32121181296472,1984.0,224.1499766189089,1.5903132881947126,EIN84T_1564,real,84480.08851953833,0.05667961280156867,False
63601.10079059951,108.0,1202.0,22346.0,1089.66,52.2402695478019,4.634190150669643,3575.0,0.36739498077524585,240.01874926763534,3712.0,251.79151552941912,1.8631385231304383,EIN84T_1564,real,127174.8338793575,0.047582741224561624,False
63539.60162220165,148.0,-3650.0,20856.0,1798.3200000000002,52.22685241699219,4.5630645751953125,5900.0,0.38849971627781,251.7180962902747,3776.0000000000005,251.70901011914995,1.8572049164046511,EIN84T_1564,real,124432.9598611946,0.04418849163574569,False
63499.27329319116,168.0,-6070.0,20011.0,2171.7000000000003,52.21922793630826,4.527622767857143,7125.000000000001,0.39323460918711706,253.66513359151273,2688.0,250.42214484401134,1.7271174791803046,EIN84T_1564,real,97951.29957794279,0.04262285239538512,False
63440.23108297297,198.0,-9934.0,18667.0,2598.42,52.20707780223781,4.471043178013393,8525.0,0.4203134140026949,269.75729832573575,3328.0,250.96054604016,1.799269474455044,EIN84T_1564,real,108770.89599750357,0.0401344467948974,False
63399.5214198509,218.0,-12535.0,17767.0,2964.1800000000003,52.19892883300781,4.4329833984375,9725.0,0.4212033672371086,269.14122686797725,3264.0,250.6898605747218,1.7905398293356873,EIN84T_1564,real,107178.88868881842,0.038116335260641294,False
63357.57059891561,258.0,-18206.0,15855.0,3268.98,52.18156717591366,4.35003662109375,10725.0,0.49821715529786453,317.1766069558094,2624.0,251.62217556444443,1.621536096093633,EIN84T_1564,real,87124.966213559,0.03234158964339115,False
63318.773096008495,278.0,-21316.0,14826.0,3611.88,52.17219543457031,4.3045806884765625,11850.0,0.5023057932375681,318.44151739369664,3008.0,251.50815369874724,1.6902590724283864,EIN84T_1564,real,93742.54139725177,0.029101443698762944,False
63264.05678354371,308.0,-26005.0,13267.0,4038.6000000000004,52.157958984375,4.2360687255859375,13250.0,0.5180157242301249,326.67568014775753,2624.0,251.06587502152794,1.5993263743379822,EIN84T_1564,real,85226.84356121288,0.024257690209558345,False
63226.187799558065,338.0,-30771.0,11634.0,4503.42,52.143021923000525,4.166486467633929,14775.0,0.5231347273601807,327.9954267973869,2880.0,250.40492877155168,1.6435339292256104,EIN84T_1564,real,89106.37078225333,0.020311130118588046,False
63176.371641133745,368.0,-35729.0,9903.0,4853.9400000000005,52.12715148925781,4.0941619873046875,15925.0,0.54420272181134,339.69986753014786,2560.0,250.39155872810971,1.5588946146130926,EIN84T_1564,real,81993.02763375065,0.015873393335495277,False
63122.87573391469,398.0,-40613.0,8212.0,5273.04,52.11159916247352,4.022957938058036,17300.0,0.5486321002589714,340.64204085814185,2624.0,250.44800482675942,1.5638703815088193,EIN84T_1564,real,82376.9288690885,0.013042501216231264,False
63090.91809548786,428.0,-45622.0,6492.0,5600.700000000001,52.095724849377646,3.9499773297991077,18375.0,0.5693387751357172,352.0127838587684,2112.0,250.58705110402278,1.4208192482961663,EIN84T_1564,real,72447.88949051211,0.01047236737879834,False
63042.2649989522,458.0,-50893.0,4691.0,5928.360000000001,52.079059148238876,3.8732299804687504,19450.0,0.5820337861090664,358.33643409511126,2432.0,250.6043117415388,1.4924717159352912,EIN84T_1564,real,77163.18470603155,0.008695263822109887,False
63009.34145122327,478.0,-54292.0,3529.0,6179.820000000001,52.06828308105469,3.8237762451171875,20275.0,0.5860279322768689,359.612291224869,2112.0,250.50693808884895,1.402387391017147,EIN84T_1564,real,71299.42110092819,0.005784960109845826,False
62964.024248322115,518.0,-61492.0,1084.0,6583.68,52.0455322265625,3.7191009521484375,21600.0,0.6067857597291155,370.37413516605073,2432.0,250.4398304200362,1.4701622839746318,EIN84T_1564,real,75647.5895279524,0.0,False
62933.03627117527,538.0,-65078.0,-146.0,6812.280000000001,52.03404313426906,3.667000906808036,22350.0,0.6122787652187633,372.5936123982804,1984.0,250.39789625603825,1.3457688623202464,EIN84T_1564,real,67906.54712352963,0.0,False
62887.599440020065,568.0,-70591.0,-2030.0,7117.08,52.01641845703125,3.5869598388671875,23350.0,0.6236601904844268,377.9748668893211,1984.0,250.3665695269595,1.3357515978150887,EIN84T_1564,real,67325.0434870749,0.0,False
62858.36472285813,588.0,-74298.0,-3289.0,7315.200000000001,52.004608154296875,3.533172607421875,24000.0,0.6305575666218836,381.13645850272576,1792.0,250.37651256786916,1.275019461494741,EIN84T_1564,real,63902.927814610885,0.0,False
62816.564883666884,628.0,-81136.0,-7175.0,7658.1,51.96868379237288,3.4344046456473216,25125.0,0.6568782223231945,395.2024797493052,1728.0,233.3330723839515,1.2462586735981172,EIN84T_1564,real,62337.32348662098,0.0,False
62788.925239360695,648.0,-84489.0,-9567.0,7825.740000000001,51.9466552734375,3.3861541748046875,25675.0,0.6637418437459706,398.41812207779907,1856.0,233.67658167125586,1.27677541794337,EIN84T_1564,real,63999.82032971665,0.0,False
62746.00645954108,678.0,-89439.0,-13032.0,8107.68,51.914703369140625,3.314971923828125,26600.0,0.668915312110405,399.96999887491563,1728.0,235.5947657123371,1.2318453821482618,EIN84T_1564,real,61564.034422403376,0.0,False
62719.7753470355,708.0,-94845.0,-16107.0,8359.140000000001,51.886138916015625,3.2371809675886825,27425.000000000004,0.6740317031417593,401.6279372752847,1472.0,242.7331425261087,1.1498313274867589,EIN84T_1564,real,57293.50282625368,0.0,False
62681.68565779849,738.0,-100585.0,-18493.0,8580.12,51.86366271972656,3.15441234691723,28150.0,0.681330881784385,404.7283039274619,1280.0,249.46052383128873,1.0858019909656729,EIN84T_1564,real,54086.20951417816,0.0,False
62642.96600429059,768.0,-106651.0,-20210.0,8801.1,51.84708934719279,3.0667877197265625,28875.0,0.6864355838350322,406.4984624817171,1664.0,256.3397974182523,1.1922150156044609,EIN84T_1564,real,59474.53733286692,0.0,False
62617.57901664799,798.0,-112776.0,-21178.0,9022.08,51.837173720537606,2.9781341552734375,29600.0,0.6929315847140726,409.0672316380279,1472.0,262.97922085479877,1.1301998498572077,EIN84T_1564,real,56299.389262420664,0.0,False
62580.57589969882,828.0,-119039.0,-21589.0,9243.060000000001,51.83216857910156,2.887325802364865,30325.000000000004,0.6968630238109225,410.0987685911773,1152.0,265.8048882917079,1.0278660124817232,EIN84T_1564,real,51259.50373933034,0.0,False
62558.660735148944,848.0,-123262.0,-21805.0,9342.12,51.829306392346396,2.826080322265625,30650.0,0.7048921253193701,414.23785437837523,1024.0,265.5694695531952,0.9868486395634208,EIN84T_1564,real,49294.37295391835,0.0,False
62523.217727171796,888.0,-131772.0,-22318.0,9593.58,51.82274252681409,2.7027130126953125,31474.999999999996,0.7134061385640783,417.73197148410844,1472.0,264.78073547201177,1.1138171832152204,EIN84T_1564,real,55477.16998527919,0.0,False
62496.08398208447,908.0,-136101.0,-22610.0,9776.460000000001,51.81907653808594,2.6399849556587838,32075.0,0.7103349330992578,414.8373175113348,1792.0,264.60549934495714,1.2002992498061047,EIN84T_1564,real,59895.994944868,0.0,False
62459.33316177337,938.0,-142424.0,-23034.0,10005.060000000001,51.81367492675781,2.5483827333192566,32825.0,0.7111499019418898,413.9371933035252,1344.0,264.4546826911379,1.065977438304723,EIN84T_1564,real,53110.92107246048,0.0,False
62434.84491193592,958.0,-146660.0,-23322.0,10142.220000000001,51.80998721365201,2.487030029296875,33275.0,0.7108616133236304,412.9418845309834,1536.0,264.44127483808126,1.1196966039422152,EIN84T_1564,real,55770.81710296182,0.0,False
62401.8744103455,998.0,-155121.0,-23894.0,10424.16,51.80255126953125,2.3645102011190877,34200.0,0.7122604448067344,412.0449004659565,768.0,264.28940686250036,0.8799695439984909,EIN84T_1564,real,44280.797462442875,0.0,False
62379.50393472315,1018.0,-159295.0,-24175.0,10523.220000000001,51.79884338378906,2.3040853964315877,34525.0,0.7167483437122789,414.03502267320334,1280.0,264.3169462881676,1.0360357597833163,EIN84T_1564,real,51653.377636338046,0.0,False
62344.31596943767,1048.0,-165689.0,-24603.0,10721.34,51.79313530356197,2.2115325927734375,35175.0,0.717304529407984,413.14041196668234,1536.0,264.1652110031587,1.108914709213848,EIN84T_1564,real,55231.32290464628,0.0,False
62319.672462153096,1078.0,-171984.0,-25027.0,10949.94,51.78740937831038,2.1204376220703125,35925.0,0.71282429378713,409.16133737194673,1536.0,264.10826808523325,1.1085833254876145,EIN84T_1564,real,55214.48198729953,0.0,False
62289.0440039729,1108.0,-178302.0,-25448.0,11094.720000000001,51.78163690082097,2.0290374755859375,36400.0,0.7150936739117432,410.1560678571024,832.0,264.1226073933569,0.8900780622996062,EIN84T_1564,real,44748.884526525006,0.0,False
73861.07036491811,0.0,-75072.67562405499,55078.757187512754,30.480000304330254,52.321296883159214,4.779955945891002,100.0,0.3,198.3755,2469.0,183.0038,1.979576371372668,AUA3NA_1248,fuel,128140.83388366782,0.17681588536544046,False
73817.23952479458,22.1231,-75189.91370937401,52844.525955211946,307.9645853205715,52.30119071924238,4.778732191553466,1010.0,0.353893,233.2784,2735.0,183.0038,1.9377225279726282,AUA3NA_1248,fuel,121386.168448957,0.09487503150076897,False
73774.35636880113,44.2462,-75327.87032418464,50215.45728120936,615.2849343663778,52.27753134328829,4.777293476193667,2019.0,0.412062,270.6725,3000.0,149.8191,1.9159979984275144,AUA3NA_1248,fuel,118252.93404751291,0.06570296518498968,False
73731.98163374256,66.3693,-73791.3799003289,47573.47804057587,952.4410474408041,52.25398285586018,4.800455119263982,3125.0,0.471119,308.2693,3000.0,124.1133,1.869150486026033,AUA3NA_1248,fuel,112137.86424991,0.053838298598930905,False
73690.68178077695,88.4924,-70905.63040170529,45618.70327918231,1289.5971605168659,52.236784561048594,4.84325652665068,4231.0,0.533522,347.7426,3000.0,124.1096,1.8460290841656677,AUA3NA_1248,fuel,109379.69969662011,0.0445503228236246,False
73649.93587304119,110.6155,-67647.0674780134,43411.69729716673,1626.75327359309,52.21734857531583,4.891547556987805,5337.0,0.579726,376.3747,3000.0,124.1044,1.8404057862845804,AUA3NA_1248,fuel,108730.85545760675,0.03691413894115916,False
73609.34273639496,132.7386,-64118.17597546536,41022.06126059955,1963.9093866693304,52.19628213237671,4.943797020962502,6443.0,0.590972,382.1586,3000.0,124.0957,1.831551169117565,AUA3NA_1248,fuel,107725.30551269374,0.03683464433362906,False
73568.9484027034,154.8617,-60534.40773821033,38596.06390869826,2301.0654997455435,52.17487167909862,4.996808161056435,7549.0,0.602494,388.0563,3000.0,124.0858,1.8225781467222326,AUA3NA_1248,fuel,106725.555674078,0.03864520576689091,False
73528.75549028837,176.9848,-56894.63833537972,36133.070880458356,2638.2216128217274,52.1531105768321,5.050595276412902,8656.0,0.6143,394.0698,3000.0,124.048,1.8134773234427066,AUA3NA_1248,fuel,105730.37424168433,0.04112657469314855,False
73488.7665993125,199.1079,-53196.54967908505,33634.171453173534,2975.37772589788,52.13100775836559,5.105189789375613,9762.0,0.626396,400.2012,3000.0,123.9939,1.8042691263042783,AUA3NA_1248,fuel,104741.78417518944,0.04279237682403422,False
73448.98431284,221.231,-49438.2688344592,31099.760205779916,3312.5338389739973,52.10856579289639,5.160616654222847,10868.0,0.63879,406.4527,3000.0,123.9502,1.7949443357903148,AUA3NA_1248,fuel,103758.56011512809,0.040355095915441765,False
73409.41119792685,243.3541,-45619.06518106596,28528.498838359355,3649.6899520500783,52.08577150539367,5.216884269778496,11974.0,0.65149,412.8262,3000.0,123.9281,1.7855033637131232,AUA3NA_1248,fuel,102780.54467907801,0.03599057643636061,False
73370.04980671947,265.4773,-41738.71529640663,25918.25007167325,3986.8460651261175,52.06260446083712,5.273993595730627,13080.0,0.664503,419.3239,3000.0,123.9092,1.775946687223785,AUA3NA_1248,fuel,101807.59180641023,0.03123863261454997,False
73330.90267753662,287.6004,-37796.173461899765,23268.054611029573,4324.002178202113,52.03905485102119,5.331957339461836,14186.0,0.677838,425.9477,3000.0,123.8971,1.7662746098027253,AUA3NA_1248,fuel,100839.54228055931,0.02651088400582268,False
73291.97233590817,309.7235,-33790.54940988196,20576.680387823762,4661.158291278062,52.01511035883247,5.39078584797211,15293.0,0.691503,432.6997,3000.0,123.9083,1.756476192564684,AUA3NA_1248,fuel,99875.14453847558,0.023956776493469972,False
73253.2612955402,331.8466,-29721.73217186901,17841.69456703696,4998.314404353957,51.99074778414503,5.4504780650077524,16399.0,0.705506,439.5817,3000.0,123.9348,1.7465739640261995,AUA3NA_1248,fuel,98916.43684718254,0.022510116905685777,False
73214.77205917386,353.9697,-25589.259930374126,15061.14795266844,5335.470517429791,51.96594827214091,5.511037855615603,17505.0,0.719855,446.5959,3000.0,123.9525,1.7365571683108212,AUA3NA_1248,fuel,97962.17718179262,0.02207970393211032,False
73176.5071193004,376.0928,-21391.504185031,12234.787704310344,5672.626630505555,51.94070823790083,5.572485843546985,18611.0,0.734559,453.744,3000.0,123.9534,1.726425881550876,AUA3NA_1248,fuel,97012.20430935704,0.021492746710247933,False
73138.46895869325,398.2159,-17126.39522212832,9362.976905618569,6009.782743581247,51.91502958278703,5.6348489426383415,19717.0,0.749627,461.0278,3000.0,123.9497,1.7161802145989393,AUA3NA_1248,fuel,96066.36560488242,0.021014247822321586,False
73100.66005071306,420.339,-12792.42227748945,6445.211044616684,6346.93885665685,51.888906311147394,5.698145856659852,20823.0,0.765067,468.4493,3000.0,123.9563,1.7058203791640603,AUA3NA_1248,fuel,95125.8663890565,0.0037667369274349957,False
73063.08242071817,442.4621,-8388.828847244537,3479.8295075005312,6684.094969732352,51.86232195266521,5.762384208472635,21929.0,0.780889,476.01,3000.0,123.9622,1.6953463753780345,AUA3NA_1248,fuel,94219.29998394755,0.0,False
73025.73017442471,464.5852,-3914.2760916347606,466.0021274065543,7021.251082807747,51.83526746565838,5.827579927580834,23036.0,0.797101,483.7117,3000.0,123.9618,1.6847456846145188,AUA3NA_1248,fuel,93446.36172628394,0.0,False
72988.57072485505,486.7083,632.8798003997691,-2596.681657513865,7358.407195882902,51.807737517327965,5.89375310257037,24142.0,0.812927,491.0818,3000.0,123.9697,1.6738194146128669,AUA3NA_1248,fuel,92952.63186218895,0.0,False
72951.53272075414,508.8314,5249.052919482384,-5706.775499517233,7695.563308958124,51.779743343680586,5.960847963144599,25248.0,0.82,493.0906,3000.0,123.9814,1.6603725275087802,AUA3NA_1248,fuel,92202.36520586666,0.0,False
72914.67749417268,530.9545,9883.441904833635,-8830.517126882802,8032.719422033268,51.75158796574075,6.028123779590381,26354.0,0.82,490.8164,3000.0,123.9751,1.645728485122601,AUA3NA_1248,fuel,91052.34457606307,0.0,False
72878.10819319432,553.0776,14496.619691685102,-11939.227436677978,8369.875535108267,51.72352995462853,6.095008396284177,27460.0,0.82,488.5316,3000.0,123.9678,1.6320481181624342,AUA3NA_1248,fuel,90012.95057251587,0.0,False
72841.79983410572,575.2007,19088.537980354176,-15032.75966333872,8707.031648183121,51.69557124060974,6.161502370771388,28566.0,0.82,486.236,3000.0,123.9724,1.619389026566696,AUA3NA_1248,fuel,89085.27003107415,0.0,False
72805.72578968175,597.3238,23658.449740183223,-18112.001112430367,9044.187761257826,51.66770448092959,6.227596060260441,29673.0,0.82,483.9296,2800.0,123.9715,1.5707034794216,AUA3NA_1248,fuel,85376.20669114008,0.0,False
72770.65977249254,619.4469,28208.372223719503,-21177.676143425953,9358.91132131211,51.63992367838755,6.293319865260579,30705.0,0.82,481.7667,2535.0,123.968,1.508128534049268,AUA3NA_1248,fuel,80854.0305047422,0.0,False
72736.90329361058,641.57,32740.315106703474,-24230.824876533847,9643.799117337896,51.612219926782345,6.358703930425552,31640.0,0.82,479.8004,2269.0,123.9851,1.4432966449713318,AUA3NA_1248,fuel,76435.2795716105,0.0,False
72704.49929230587,663.6931,37254.922448072706,-27274.26115556008,9898.851149333981,51.58456839125319,6.42375831514562,32477.0,0.818098,476.9243,2004.0,123.9976,1.3766538305220972,AUA3NA_1248,fuel,71987.92996373236,0.0,False
72673.53749650173,685.8162,41743.75926761935,-30301.74668070323,10124.067417299975,51.55702629389423,6.4883626694526235,33215.0,0.815223,473.6912,1738.0,123.9966,1.3077890219627908,AUA3NA_1248,fuel,67533.45539280016,0.0,False
72644.0904881883,707.9393,46204.06306247925,-33309.87387386616,10319.44792123573,51.529625195001636,6.552478876047082,33856.0,0.812245,470.6111,1473.0,124.0088,1.2371499458669877,AUA3NA_1248,fuel,63147.40609766751,0.0,False
72616.21124536337,730.0624,50636.477398834744,-36300.5655191617,10484.992661141194,51.50234849267812,6.616117510871374,34400.0,0.809191,467.6994,1208.0,124.0295,1.1644903780336047,AUA3NA_1248,fuel,58800.98282475372,0.0,False
72589.95276584406,752.1855,55042.07597873284,-39275.4813237138,10620.701637016375,51.47518188207969,6.679295272020321,34845.0,0.805972,464.9039,942.0,124.0318,1.0895303285916926,AUA3NA_1248,fuel,54460.592687707365,0.0,False
72565.37023599088,774.3087,59422.90251401638,-42233.92112751339,10726.574848861359,51.448132137558794,6.742043124253465,35192.0,0.802645,462.2574,677.0,124.0357,1.0128011525267233,AUA3NA_1248,fuel,50149.77610639058,0.0,False
72542.51663314187,796.4318,63780.31219887647,-45176.98088706871,10802.612296676347,51.42118989077177,6.804381732016381,35442.0,0.799103,459.6962,411.0,124.0567,0.9337486141472902,AUA3NA_1248,fuel,45824.69342294872,0.0,False
72521.4454900275,818.5549,68114.20071058012,-48106.46954386455,10848.813980461782,51.394339492051564,6.866310479091319,35593.0,0.79533,457.2108,146.0,124.0679,0.8530046384978581,AUA3NA_1248,fuel,41510.88468501894,0.0,False
72502.20746165102,840.678,72425.53248406306,-51021.9370505383,10865.179900219087,51.36758546634829,6.927844515862967,35647.0,0.793128,455.8334,-0.0,124.0613,0.8075414974180667,AUA3NA_1248,fuel,39123.701100378785,0.0,False
72483.9986337211,862.8011,76724.85828332919,-53928.57020687777,10865.17990000071,51.34088031407474,6.989135740769928,35647.0,0.790926,454.5678,-146.0,124.0548,0.7617340520122022,AUA3NA_1248,fuel,36744.63032388304,0.0,False
73861.07037570242,0.0,-75072.67567575186,55078.7571950154,30.480000096581225,52.32129688321962,4.7799559451287905,100.0,0.3,198.3755,2036.0,183.0038,1.875610590756648,AUA3NA_1248,pop,112936.43785362315,0.17681588541903495,False
73819.24988790002,22.2767,-75191.0425257302,52823.0152374101,260.8647780602084,52.300997141177774,4.7787204133850745,856.0,0.367956,242.6783,2303.0,183.0038,1.8150021380331818,AUA3NA_1248,pop,105895.83305388829,0.10071686676808297,False
73778.81142525563,44.5533,-75335.9247831616,50061.963582658,521.5009534706339,52.27615003042718,4.777209521299018,1711.0,0.440841,289.8872,2570.0,153.6402,1.8033667012345738,AUA3NA_1248,pop,104645.8582457698,0.0716589818204878,False
73738.67738995576,66.83,-73868.9579088592,47101.563219645876,812.388526138327,52.24972898630836,4.799419189762157,2665.0,0.513321,336.4252,2838.0,129.7618,1.829824316900987,AUA3NA_1248,pop,107531.42923315239,0.05552233720587501,False
73698.00554671018,89.1067,-70920.94409866606,44648.69663295549,1133.527495079537,52.228060182159815,4.843235948188447,3719.0,0.563756,368.114,3000.0,101.5745,1.8530446066395467,AUA3NA_1248,pop,110200.83534305659,0.04134407200475736,False
73656.84567015833,111.3833,-66809.58353161806,43806.661887982795,1473.0239045871854,52.22100236497739,4.903761290228791,4833.0,0.574687,373.7747,3000.0,98.3083,1.8443000189231589,AUA3NA_1248,pop,109179.32229825764,0.03736760974776701,False
73615.883496034,133.66,-62592.72631314392,43190.86483332052,1812.5203140542624,52.21596007690676,4.96577367642456,5947.0,0.585889,379.5476,3000.0,103.6668,1.8354341632467917,AUA3NA_1248,pop,108163.88655396666,0.03715218381474561,False
73575.1217257598,155.9367,-58387.517760316536,42168.328314166276,2152.0167234019473,52.207226559718784,5.027671441517378,7060.0,0.597366,385.4349,3000.0,111.2557,1.8264575245669217,AUA3NA_1248,pop,107155.47086125636,0.037918714928962385,False
73534.56304059063,178.2133,-54291.31015740912,40574.92975516796,2491.513132516667,52.19331650525142,5.088037497902837,8174.0,0.609128,391.4387,3000.0,117.0864,1.8173515743217603,AUA3NA_1248,pop,106151.77166261963,0.04001418509665148,False
73494.21010263676,200.49,-50316.92249457945,38542.319532284455,2831.009541304789,52.17541493340422,5.146644667700832,9288.0,0.62118,397.5612,3000.0,123.8962,1.8081264716456322,AUA3NA_1248,pop,105153.72182649522,0.040499769649789796,False
73454.06555593456,222.7667,-46553.364915726874,36013.67581448072,3170.5059498728106,52.15300593063658,5.202182544468875,10402.0,0.633532,403.8045,3000.0,129.5881,1.798782783729742,AUA3NA_1248,pop,104161.17035489385,0.03838833825841744,False
73414.13202756394,245.0433,-43004.03535976039,33078.660381234375,3510.002358315282,52.126899817651754,5.25457777328546,11516.0,0.64619,410.1707,3000.0,132.0046,1.7893210185809034,AUA3NA_1248,pop,103173.96410397439,0.03519743625380131,False
73374.41212878659,267.32,-39527.431193127086,29947.8053117372,3849.49876672837,52.099004149961104,5.305869745051465,12630.0,0.659163,416.6618,3000.0,134.107,1.7797415855035574,AUA3NA_1248,pop,102191.94417745317,0.03138479806953983,False
73334.90845617767,289.5967,-36114.645618223425,26639.775620511355,4188.995175201395,52.06948875992255,5.356182716659604,13743.0,0.672459,423.2801,3000.0,134.4725,1.7700559589748335,AUA3NA_1248,pop,101216.06187994908,0.027174252703982264,False
73295.62359272262,311.8733,-32668.95137884124,23256.948786570374,4528.491583725331,52.039281255308644,5.406917481508592,14857.0,0.686086,430.0274,3000.0,133.7804,1.7602425808225208,AUA3NA_1248,pop,100243.95446260228,0.02470668506624856,False
73256.56010884844,334.15,-29126.86844076113,19862.53480490305,4867.987992239634,52.008952848305704,5.458992911886458,15971.0,0.700052,436.9059,3000.0,132.1531,1.7503125830761843,AUA3NA_1248,pop,99276.56742457006,0.022961325544056693,False
73217.72056335892,356.4267,-25431.433155131435,16517.23224185624,5207.484400690811,51.97905021386744,5.513233074412967,17085.0,0.714367,443.9176,3000.0,129.5698,1.7402661949528175,AUA3NA_1248,pop,98313.7435727956,0.022462860371172594,False
73179.10750424069,378.7033,-21527.104545775775,13290.754556655873,5546.980809031133,51.95019943290383,5.570441241018938,18199.0,0.729037,451.0643,3000.0,126.9932,1.730103530088352,AUA3NA_1248,pop,97355.31994497521,0.02182894033249388,False
73140.72346929266,400.98,-17416.33858311337,10193.83596468012,5886.4772172704625,51.92249261139821,5.630579413737889,19313.0,0.744074,458.3481,3000.0,124.7126,1.719824825413981,AUA3NA_1248,pop,96401.1503930547,0.021230254605689863,False
73102.5709865296,423.2567,-13117.067416905078,7215.476945330688,6225.973625406024,51.895825886596214,5.69338591765835,20426.0,0.759484,465.7707,3000.0,123.8717,1.7094423363022442,AUA3NA_1248,pop,95452.32258605261,0.012181793884192889,False
73064.65251730276,445.5333,-8704.019800426144,4253.195255263479,6565.470030945077,51.86927214493671,5.7577745924958945,21540.0,0.775278,473.3338,3000.0,123.8812,1.6989319258553595,AUA3NA_1248,pop,94519.8126863561,0.0,False
73026.96667253035,467.81,-4219.615866217909,1241.9353195183164,6904.966432463303,51.84224336922872,5.82312651309602,22654.0,0.791465,481.0393,3000.0,123.923,1.6883057693161725,AUA3NA_1248,pop,93678.08863886277,0.0,False
72989.49235313197,490.0867,335.74697065940734,-1821.7971106397724,7244.462833270883,51.81470648612728,5.889432082626005,23768.0,0.808053,488.8888,3000.0,123.9707,1.677563765423809,AUA3NA_1248,pop,93090.13353247053,0.0,False
72952.16504306905,512.3633,4963.030899452878,-4939.500336638121,7583.959233512311,51.78664623684632,5.9567014153552895,24882.0,0.82,493.8411,3000.0,124.0205,1.6653068126908532,AUA3NA_1248,pop,92597.07114916472,0.0,False
72914.95714185007,534.64,9634.520431612722,-8092.89411750305,7923.455633412289,51.75822591378724,6.024528314710493,25996.0,0.82,491.5545,3000.0,124.0706,1.6502484057899094,AUA3NA_1248,pop,91402.30751117345,0.0,False
72878.04709923206,556.9167,14281.457197532662,-11235.62771036227,8262.952032394844,51.72986309802315,6.091913761153986,27109.0,0.82,489.2573,3000.0,124.12,1.6361592915171521,AUA3NA_1248,pop,90320.13896605982,0.0,False
72841.40995119627,579.1933,18903.79381138151,-14367.542287282877,8602.44843041693,51.70155991818536,6.158858256063658,28223.0,0.82,486.9492,3000.0,124.1683,1.62307588157401,AUA3NA_1248,pop,89350.15324007643,0.0,False
72805.01903805535,601.47,23501.515306587047,-17488.428490855622,8941.944827456477,51.673318951877725,6.225362779023414,29337.0,0.82,484.6302,2882.0,124.2147,1.5894758694761575,AUA3NA_1248,pop,86789.63318047192,0.0,False
72769.31880692611,623.7467,28075.731880341267,-20598.78283267387,9268.041327470506,51.64513636701231,6.291444565224829,30407.0,0.82,482.3921,2614.0,124.2591,1.5268715245176168,AUA3NA_1248,pop,82178.6725628681,0.0,False
72734.93312004884,646.0233,32628.649818765272,-23699.807594077676,9563.886445240209,51.61700187908308,6.357136587422732,31378.0,0.82,480.3526,2347.0,124.3009,1.4623607116413804,AUA3NA_1248,pop,77708.8172610478,0.0,False
72701.90595032998,668.3,37162.189163720715,-26792.484177302176,9829.480173415459,51.58890713293561,6.42246755199839,32249.0,0.818275,477.5078,2080.0,124.3404,1.3958038497396816,AUA3NA_1248,pop,73217.70670288466,0.0,False
72670.32277818375,690.5767,41668.76326596222,-29871.32447848649,10064.822509707392,51.560902593486944,6.487329296310757,33021.0,0.815297,474.1444,1812.0,124.3778,1.3269794077521426,AUA3NA_1248,pop,68706.59872759506,0.0,False
72640.26306591571,712.8534,46143.49193039237,-32932.69396403826,10269.913453166706,51.53302206934317,6.551653086171648,33694.0,0.812298,470.9843,1545.0,124.4098,1.2563535251257032,AUA3NA_1248,pop,64275.491597515735,0.0,False
72611.77866913071,735.13,50588.49829430525,-35977.36788015766,10444.753003458763,51.5052592279915,6.6154710792060065,34268.0,0.809118,467.9351,1278.0,124.4316,1.1836711539879265,AUA3NA_1248,pop,59882.20527419937,0.0,False
72584.92594887245,757.4067,55005.292059710126,-39005.188074580634,10589.341160670152,51.477616116205574,6.67880659685098,34742.0,0.806335,465.3298,1010.0,124.4506,1.1087016833692398,AUA3NA_1248,pop,55532.11473413078,0.0,False
72559.74815409741,779.6834,59398.190466555854,-42018.773687332236,10703.677925322732,51.45006945516405,6.741722946469386,35117.0,0.802681,462.4353,743.0,124.4784,1.031838886313461,AUA3NA_1248,pop,51168.5630611464,0.0,False
72536.31743380407,801.96,63764.043623884194,-45016.92338849103,10787.763298611957,51.422631028533026,6.804176155660288,35393.0,0.798745,459.5923,476.0,124.5052,0.952850926102234,AUA3NA_1248,pop,46805.5444611209,0.0,False
72514.69034767654,824.2367,68103.40747312766,-47999.86255092652,10841.597283253848,51.39529943275016,6.8661755461251825,35570.0,0.796301,457.8184,208.0,124.5154,0.871959964571112,AUA3NA_1248,pop,42517.72274058108,0.0,False
72494.87953319462,846.5134,72427.04132233688,-50973.127891392214,10865.179887829803,51.36802416998257,6.927876271880351,35647.0,0.791645,454.981,0.0,124.5148,0.8069586948764493,AUA3NA_1248,pop,39041.936099615785,0.0,False
72476.5802562891,868.79,76724.85833242166,-53928.57026709536,10865.179904468627,51.34088031352658,6.989135741463512,35647.0,0.786989,452.3048,-208.0,124.5142,0.7408147874250314,AUA3NA_1248,pop,35579.187973585555,0.0,False
74588.06331136965,0.0,11011.0,29202.0,129.54000000000002,52.30185815843485,4.778189522879464,425.00000000000006,0.21713830120889696,143.42245291445826,2816.0,184.3987053549955,1.8887786658735402,AUA3NA_1248,real,195871.24400613917,0.11803595046411869,False
74530.83026172918,24.0,10902.0,27521.0,495.3,52.28672790527344,4.7765350341796875,1625.0,0.21166864824383433,139.2300254973761,2112.0,183.2939649878451,1.8885079235936633,AUA3NA_1248,real,169855.61916863217,0.07645435755804472,False
74492.89652213367,44.0,11088.0,26005.0,693.4200000000001,52.27308654785156,4.779205322265625,2275.0,0.24672153730500315,161.91973320136123,1792.0,160.89364699422802,1.8682654830432177,AUA3NA_1248,real,129997.90777075439,0.06248548305684938,False
74438.93171854889,74.0,13178.0,24199.0,982.98,52.25679016113281,4.8097991943359375,3225.0,0.3310496273758953,216.54098919142305,3520.0000000000005,100.37584492005105,1.886916525391563,AUA3NA_1248,real,154807.6756596294,0.05524215461568044,False
74400.7845692466,94.0,15478.0,24079.0,1402.0800000000002,52.255645751953125,4.8435211181640625,4600.0,0.33502990366490665,218.08255317654368,4800.0,91.57655005518374,1.8887769562081285,AUA3NA_1248,real,193799.43118805636,0.0522362379753212,False
74346.43197797502,124.0,18971.0,23970.0,1859.2800000000002,52.25456108481197,4.8947230747767865,6100.0,0.38039861040031314,246.2925090212855,1856.0,92.7927023657133,1.6803412675385558,AUA3NA_1248,real,92703.49809087365,0.05100647896853664,False
74309.10770697112,144.0,21603.0,23852.0,2118.36,52.25340270996094,4.933319091796875,6950.0,0.414062441423024,267.2695268825086,3328.0,92.57335946317683,1.863658741275717,AUA3NA_1248,real,127448.04196920704,0.045843197601593874,False
74252.92551563946,174.0,25839.0,23691.0,2667.0,52.2517679505429,4.995404924665179,8750.0,0.43398658680533403,278.30379084734005,2816.0,92.67734862374213,1.810785331149767,AUA3NA_1248,real,111066.38327638301,0.03888240321469578,False
74216.32432030267,194.0,28739.0,23573.0,2941.32,52.25056457519531,5.0379180908203125,9650.0,0.4588664550135351,293.28825411188905,3392.0000000000005,92.54046740461034,1.850059618699201,AUA3NA_1248,real,121644.86977143065,0.03668083720607911,False
74168.65368899985,224.0,33441.0,23390.0,3314.7000000000003,52.24864895060911,5.106837681361608,10875.0,0.5051301591626538,321.39850653044425,1152.0,92.85350283657603,1.3195709491034016,AUA3NA_1248,real,66399.39153674782,0.034663106266737805,False
74135.79532736029,244.0,36854.0,23240.0,3497.5800000000004,52.24708557128906,5.1568603515625,11475.0,0.5425227138915117,344.41980198589044,2624.0,92.8291758376303,1.7192215025647184,AUA3NA_1248,real,97006.60224146885,0.03366523405715499,False
74080.3539113512,274.0,41933.0,22141.0,4030.98,52.23683166503906,5.231170654296875,13225.0,0.5379028820091944,339.24917096435183,3392.0000000000005,120.2685941290827,1.8168438283921282,AUA3NA_1248,real,112377.50241488102,0.03152335136610979,False
74044.3465560614,294.0,44861.0,20131.0,4358.64,52.21852111816406,5.2738189697265625,14300.0,0.5454615274074908,342.6149442158062,3072.0,126.33475122760923,1.7764921603947474,AUA3NA_1248,real,104834.28290029295,0.030215548082321988,False
73991.38665532916,324.0,49115.0,17053.0,4815.84,52.190460205078125,5.335693359375,15800.0,0.5575642785064103,348.20827101032506,2688.0,126.47498755596416,1.708213604979206,AUA3NA_1248,real,95725.14286720211,0.028377583112862446,False
73941.48468000839,354.0,53564.0,13829.0,5189.22,52.16103763903602,5.40032958984375,17025.0,0.582099510782273,361.809342057388,2624.0,126.45816060211223,1.681878365052023,AUA3NA_1248,real,92866.2747686244,0.02614609645031846,False
73908.40951411585,374.0,56577.0,11648.0,5440.68,52.14111328125,5.4440394810267865,17850.0,0.5952672549997071,368.80347069950415,2432.0,126.62132749378443,1.6349598047462424,AUA3NA_1248,real,88325.91177850585,0.024455977120120077,False
73858.97631485085,404.0,61234.0,8280.0,5814.06,52.11030578613281,5.5115509033203125,19075.0,0.6130631263651944,378.00132274900835,2368.0,126.71832186317573,1.6091934623409958,AUA3NA_1248,real,86062.85113064156,0.022075075633803398,False
73825.6397731563,424.0,64436.0,5960.0,6080.76,52.0890678793697,5.557904924665179,19950.0,0.6223624564003954,382.4042363782075,2560.0,126.600201930794,1.6421248223149862,AUA3NA_1248,real,88981.35500284901,0.021246440488157083,False
73778.09940886879,454.0,69213.0,2503.0,6431.280000000001,52.05738830566406,5.626983642578125,21100.0,0.6389617368054876,390.80046059338264,2048.0,126.78193080680474,1.5140974788388648,AUA3NA_1248,real,78683.66676945571,0.0,False
73745.94504801012,474.0,72541.0,93.0,6667.5,52.0352783203125,5.675048828125,21875.0,0.6481822247684782,395.2024797493052,2496.0,126.6669276160485,1.6110298144326016,AUA3NA_1248,real,86219.55132620547,0.0,False
73699.61321789441,514.0,78978.0,-4803.0,7124.700000000001,51.99033058295815,5.767822265625,23375.0,0.6638949064274796,402.318281960937,1984.0,129.14912366727071,1.477038677780319,AUA3NA_1248,real,76113.52638392689,0.0,False
73668.60263329223,534.0,82300.0,-7419.0,7345.68,51.96630962824417,5.81561279296875,24100.0,0.6718159921317451,405.90762495917716,2368.0,129.10070589617698,1.5638263386105238,AUA3NA_1248,real,82378.03176464923,0.0,False
73623.79082974175,564.0,87211.0,-11279.0,7673.34,51.93083682302701,5.886160714285714,25175.0,0.6841670679382825,411.5349316886721,1920.0,129.18165291625337,1.4436436374263804,AUA3NA_1248,real,73907.16993368886,0.0,False
73596.3297429982,584.0,90566.0,-13928.0,7833.360000000001,51.906463623046875,5.934295654296875,25700.0,0.6973868199404182,418.57018527362885,1728.0,129.2797757011332,1.3858147535366436,AUA3NA_1248,real,70289.61969755853,0.0,False
73552.93590089811,614.0,95608.0,-17887.0,8130.54,51.86999304819915,6.0065460205078125,26675.0,0.7086009098307761,423.5658154289602,1856.0,129.25133658271224,1.4119708841950331,AUA3NA_1248,real,71896.89036971884,0.0,False
73527.28003047148,634.0,99074.0,-20609.0,8282.94,51.84490139201536,6.0561370849609375,27175.0,0.7218930341914239,430.60190431534323,1152.0,129.3455791773593,1.2017550199107445,AUA3NA_1248,real,59975.64955524411,0.0,False
73488.06149910083,664.0,104403.0,-24800.0,8488.68,51.80621648238877,6.1322784423828125,27850.0,0.7394589495344456,439.8192810689409,1792.0,129.37189952916276,1.383573992454972,AUA3NA_1248,real,70154.19354617034,0.0,False
73450.24443353423,694.0,109795.0,-29041.0,8702.04,51.76701949814618,6.2091827392578125,28550.0,0.7572132068536306,449.036746825914,1408.0,129.39713932001922,1.2716574666510045,AUA3NA_1248,real,63731.23437194736,0.0,False
73425.52214166732,714.0,113400.0,-31874.0,8831.58,51.74081058825477,6.260528564453125,28975.0,0.7694099455311866,455.4393483220351,1280.0,129.38677330278355,1.232617606484271,AUA3NA_1248,real,61656.94737761788,0.0,False
73387.02847551559,744.0,118968.0,-36263.0,9060.18,51.70017048463983,6.3397216796875,29725.0,0.7825195309048566,461.70553386330556,1152.0,129.55134855864014,1.1896488609240667,AUA3NA_1248,real,59517.6279069131,0.0,False
73363.19330154141,764.0,122742.0,-39232.0,9159.24,51.672637939453125,6.393300649282095,30049.999999999996,0.796876398350279,469.51570793744486,1344.0,129.55557745857715,1.2456237673718382,AUA3NA_1248,real,62769.51779979402,0.0,False
73324.33456376237,794.0,128433.0,-43715.0,9380.220000000001,51.63102722167969,6.473990775443412,30775.000000000004,0.8063599298372036,473.60848809961163,1536.0,129.77459203093522,1.2914346971924127,AUA3NA_1248,real,65656.54938631128,0.0,False
73297.65483180055,814.0,132261.0,-46730.0,9540.24,51.60301208496094,6.528180096600507,31299.999999999996,0.8095245349920457,474.3774868182511,1792.0,129.69732008568704,1.352535114155173,AUA3NA_1248,real,69342.27195575692,0.0,False
73257.97751644657,844.0,138016.0,-51252.0,9814.560000000001,51.560943603515625,6.6095383102829395,32200.000000000004,0.8114175455355533,473.60848809961163,1280.0,129.77459203093522,1.2038717426689507,AUA3NA_1248,real,61322.366228776475,0.0,False
73233.16922712725,864.0,141829.0,-54250.0,9944.1,51.53302001953125,6.663356471706082,32625.0,0.8177793888489047,476.42523023030594,1472.0,129.8055710922652,1.2538272777335426,AUA3NA_1248,real,64442.33650438961,0.0,False
73188.13724515046,894.0,147547.0,-58745.0,10294.62,51.491104384600106,6.743927001953125,33775.0,0.8060745623149701,467.2065924192423,2752.0,129.78986931696272,1.550929272152373,AUA3NA_1248,real,82534.36894871795,0.0,False
73161.41074666992,914.0,151338.0,-61729.0,10492.74,51.4632568359375,6.797270903716217,34425.0,0.8033371887874536,464.2628565801921,1536.0,129.93198187339485,1.2538528457554596,AUA3NA_1248,real,63843.33108760137,0.0,False
73126.13326675726,944.0,156835.0,-66275.0,10683.24,51.42085705773305,6.8743896484375,35050.0,0.8073703121547815,465.2784112765173,1280.0,135.1741507692066,1.175198931599179,AUA3NA_1248,real,59989.412833421535,0.0,False
73102.06299873294,964.0,160095.0,-69637.0,10820.4,51.38969421386719,6.919753615920608,35500.0,0.8082095768787763,464.81178986768396,1344.0,138.6633273307545,1.190689800798117,AUA3NA_1248,real,60913.754691670605,0.0,False
73069.74789157452,994.0,165092.0,-74903.0,10965.18,51.340880313162074,6.9891357421875,35975.0,0.819235467623718,470.1340234443791,960.0,137.93125996780466,1.072045754386255,AUA3NA_1248,real,55830.24797656662,0.0,False
70779.51971987016,0.0,-77083.6897065114,48798.8274872586,30.480000302063218,52.32859812136131,4.708836178351966,100.0,0.3,198.3755,2500.0,3.1752,1.9509229601064444,AUA3NA_1264,fuel,123403.69641404241,0.17710267558553214,False
70735.15627160312,22.7204,-76956.45520413,51092.428223453244,319.02862871272947,52.349239810164335,4.7101809556318965,1047.0,0.362245,238.7541,2773.0,3.1752,1.897444152138339,AUA3NA_1264,fuel,115736.52439322788,0.14350508995827588,False
70692.03838188572,45.4407,-76803.17513621636,53855.540980061465,639.0457256350228,52.37410694273574,4.711802550870246,2097.0,0.42993,282.3326,3000.0,37.2557,1.8662889715716144,AUA3NA_1264,fuel,111788.20429813783,0.11299103745996958,False
70649.67018714691,68.1611,-74820.3328292907,56462.57137923761,985.3040797277569,52.39782340778929,4.7404235247048385,3233.0,0.499313,326.594,3000.0,71.3363,1.8269421167221558,AUA3NA_1264,fuel,107209.41923032227,0.0842546278681897,False
70608.24827416909,90.8815,-71225.77706038082,57676.72556370134,1331.562433821083,52.40922014666118,4.793137286563487,4369.0,0.5701,371.4025,3000.0,105.4168,1.8208555412318128,AUA3NA_1264,fuel,106535.76319531901,0.0706471070346905,False
70567.01559855274,113.6018,-67062.60866166672,56528.68199529344,1677.820787914639,52.39942210770396,4.854737343189472,5505.0,0.581412,377.2435,3000.0,125.6395,1.8116550231555095,AUA3NA_1264,fuel,105533.29784671284,0.08361726723639479,False
70525.99516933672,136.3222,-63497.4304129178,53972.54680880925,2024.0791420080711,52.376861207334734,4.9077666614513955,6641.0,0.593008,383.2027,3000.0,125.634,1.802336568490129,AUA3NA_1264,fuel,104536.56221511512,0.0858980460483925,False
70485.18966496,159.0425,-59875.40173444461,51376.17827348049,2370.3374961013756,52.353921027528145,4.9615860240586,7777.0,0.604897,389.2823,3000.0,125.6316,1.7929007083320727,AUA3NA_1264,fuel,103545.39465023152,0.060081460042906924,False
70444.60174734719,181.7629,-56195.52111355931,48738.57347523266,2716.5958501945415,52.3305915475196,5.0162077679267965,8913.0,0.617085,395.4845,3000.0,125.64,1.7833478883580725,AUA3NA_1264,fuel,102559.6295606712,0.04512642407929369,False
70404.23406353766,204.4833,-52457.13174481755,46058.20367528723,3062.854204287557,52.306857943458525,5.071639129521567,10049.0,0.629583,401.8116,3000.0,125.6478,1.7736785189614612,AUA3NA_1264,fuel,101579.10301171578,0.03922244785857279,False
70364.08924735946,227.2036,-48659.04003325621,43334.24426099571,3409.112558380409,52.28271173802138,5.127895004993606,11185.0,0.642396,408.2658,3000.0,125.6617,1.76389287975016,AUA3NA_1264,fuel,100603.64334744141,0.03394108852187563,False
70324.16992112425,249.924,-44800.35266976923,40565.40743847237,3755.370912473084,52.258140215809384,5.1849858243823155,12321.0,0.655535,414.8495,3000.0,125.6786,1.753991273493441,AUA3NA_1264,fuel,99633.08697895394,0.0328524420726625,False
70284.47869731655,272.6444,-40880.020009758475,37750.57946056144,4101.629266565569,52.23313219737474,5.2429241612370525,13457.0,0.669006,421.5647,3000.0,125.6867,1.7439737210176856,AUA3NA_1264,fuel,98667.24871908339,0.031641483737440565,False
70245.01818024735,295.3647,-36896.38299619847,34889.45141330979,4447.8876206578425,52.20768373590139,5.301731313504685,14593.0,0.68282,428.4137,3000.0,125.6986,1.733840327253211,AUA3NA_1264,fuel,97705.95810572297,0.030075735963459423,False
70205.79096763874,318.0851,-32848.39252537153,31980.821394003317,4794.145974749884,52.181782752969845,5.361419604876272,15729.0,0.696985,435.3986,3000.0,125.7164,1.7235910286182485,AUA3NA_1264,fuel,96749.03498093686,0.028299009132456084,False
70166.79965210211,340.8055,-28735.084101695826,29023.3274710546,5140.404328841667,52.1554156785371,5.42199999172749,16865.0,0.71151,442.5215,3000.0,125.7264,1.7132257064735128,AUA3NA_1264,fuel,95796.30070814933,0.02599256320399934,False
70128.04682247,363.5258,-24554.78075984619,26016.556897182083,5486.662682933162,52.12857746398912,5.483493649875531,18001.0,0.726404,449.7846,3000.0,125.7342,1.7027442560085098,AUA3NA_1264,fuel,94847.58435191218,0.023439446793329297,False
70089.53506493513,386.2462,-20306.064844074244,22959.69484123556,5832.921037024332,52.10125936623467,5.545917853195662,19137.0,0.741677,457.1899,3000.0,125.7501,1.6921464341330803,AUA3NA_1264,fuel,93902.70873956442,0.021797364537919035,False
70051.26696394832,408.9666,-15988.044069018462,19851.156439826747,6179.179391115137,52.07344563942828,5.609282081286136,20273.0,0.757338,464.7393,3000.0,125.746,1.6814319285799064,AUA3NA_1264,fuel,92961.50385862734,0.015368888589661837,False
70013.24509774709,431.6869,-11598.292678906097,16691.44844967104,6525.437745205525,52.04513933288008,5.673617997644645,21409.0,0.773396,472.4346,3000.0,125.7464,1.6706003764928128,AUA3NA_1264,fuel,92030.734923965,0.0,False
69975.46985009302,454.4073,-7135.674552490506,13479.248369033587,6871.696099295436,52.01632693056062,5.738938340751901,22545.0,0.789861,480.2779,3000.0,125.754,1.659651593990911,AUA3NA_1264,fuel,91169.45466040229,0.0,False
69937.92464315055,477.1276,-2599.2126194854336,10212.976837177604,7217.954453384852,51.98699254552451,5.805253359883246,23681.0,0.806743,488.2707,3000.0,125.7378,1.6485849413182168,AUA3NA_1264,fuel,90529.22904218295,0.0,False
69900.55013089896,499.848,2013.8696119204617,6893.519930460229,7564.212807473848,51.95714239201629,5.872599395473905,24817.0,0.82,493.9738,3000.0,125.7207,1.6360325422509991,AUA3NA_1264,fuel,90036.52505414409,0.0,False
69863.30318897942,522.5684,6681.933563415955,3536.6227685460144,7910.4711615625965,51.92691647936957,5.940656859271364,25953.0,0.82,491.6422,3000.0,125.7035,1.6194855350892146,AUA3NA_1264,fuel,88757.59074641396,0.0,False
69826.39548767895,545.2887,11328.780721501862,197.09531132734452,8256.729515650668,51.896808016158175,6.008313989486631,27089.0,0.82,489.2995,3000.0,125.6649,1.6039315072173421,AUA3NA_1264,fuel,87591.40706213689,0.0,False
69789.80090783263,568.0091,15955.53654857942,-3123.268413933265,8602.987869738028,51.86683375539449,6.0755887305958005,28225.0,0.82,486.9456,3000.0,125.6325,1.5894332857988234,AUA3NA_1264,fuel,86538.66199528109,0.0,False
69753.49155159063,590.7295,20561.709560977743,-6424.920667651563,8949.24622382464,51.83699024222626,6.142475382677667,29361.0,0.82,484.5802,3000.0,125.5988,1.5760499256370406,AUA3NA_1264,fuel,85600.41687351355,0.0,False
69717.43776373156,613.4498,25147.246805835726,-9707.699726102876,9295.504577910498,51.807279531815425,6.208974639991963,30497.0,0.82,482.2032,2774.0,125.5471,1.5215876697256088,AUA3NA_1264,fuel,81635.20950877832,0.0,False
69682.5512269335,636.1702,29715.154781466877,-12971.624515781523,9615.633767943109,51.77770188819029,6.275131647435146,31547.0,0.82,479.9951,2501.0,125.4979,1.4566324371270063,AUA3NA_1264,fuel,77150.393732458,0.0,False
69649.05988779083,658.8906,34267.19724702782,-16218.30930877542,9904.294489471833,51.74824320234167,6.3409732130411065,32494.0,0.82,477.9953,2228.0,125.4546,1.3898716842262953,AUA3NA_1264,fuel,72785.78390948672,0.0,False
69617.00283121892,681.6109,38804.87784971665,-19449.587525617393,10161.486742490668,51.71888735194381,6.406522184082803,33338.0,0.81741,474.7022,1956.0,125.4085,1.3214877536087766,AUA3NA_1264,fuel,68350.58483546093,0.0,False
69586.48448439433,704.3313,43315.91465128444,-22656.417323674606,10387.210526997744,51.6897170318546,6.4716026275723895,34079.0,0.814555,471.4795,1683.0,125.363,1.2511048250374173,AUA3NA_1264,fuel,63961.87053084414,0.0,False
69557.55742991091,727.0517,47800.815177027616,-25839.30864528469,10581.465842992293,51.6607283321533,6.536223622392677,34716.0,0.8116,468.4229,1410.0,125.3214,1.1789220583753022,AUA3NA_1264,fuel,59626.48457269251,0.0,False
69530.27147462085,749.772,52260.9452560161,-28999.75534554566,10744.252690474043,51.63190839180809,6.60040647415904,35250.0,0.808491,465.5018,1138.0,125.285,1.1051565191494102,AUA3NA_1264,fuel,55339.58704785209,0.0,False
69504.6784179394,772.4924,56697.67132477054,-32139.385831005726,10875.571069443078,51.60324309064995,6.664172334982717,35681.0,0.805215,462.7084,865.0,125.2538,1.0292772403233252,AUA3NA_1264,fuel,51059.0283901732,0.0,False
69480.83003376427,795.2127,61112.68391035073,-35260.04421828979,10975.42097989981,51.574716285239035,6.727546863834522,36009.0,0.801765,460.0374,592.0,125.2223,0.9515287303371229,AUA3NA_1264,fuel,46789.12664629267,0.0,False
69458.77650929848,817.9331,65507.645304077334,-38362.90821064964,11043.802421845234,51.546317770792335,6.790555271591583,36233.0,0.798107,457.7698,320.0,125.2062,0.8721645250142871,AUA3NA_1264,fuel,42533.14919249738,0.0,False
69438.5661281624,840.6535,69882.22558475233,-41449.54950655112,11080.715395281552,51.5180339920597,6.8531937727025705,36354.0,0.794179,455.517,47.0,125.1957,0.7908293571287599,AUA3NA_1264,fuel,38263.19921666927,0.0,False
69420.2454134511,863.3738,74235.48645410239,-44519.945500421636,11086.159900215813,51.48986581674297,6.915450060312975,36372.0,0.79343,455.0871,-0.0,125.1827,0.7764665288139553,AUA3NA_1264,fuel,37516.685034610906,0.0,False
69402.2609327452,886.0942,78585.28130054427,-47586.4256680717,11086.159900003435,51.46170044036556,6.977580301050384,36372.0,0.79268,454.6573,-47.0,125.1698,0.7621673822180092,AUA3NA_1264,fuel,36774.44041512209,0.0,False
70779.51971986234,0.0,-77083.68970647322,48798.82748719945,30.480000304537505,52.32859812136078,4.7088361783525405,100.0,0.3,198.3755,2187.0,3.1752,1.8752146344829717,AUA3NA_1264,pop,112887.11770575622,0.17710267558402648,False
70732.16493902868,25.2271,-76942.15648214627,51350.18503119585,310.7599114566883,52.35155953994256,4.710332155056467,1020.0,0.380335,250.7001,2490.0,3.1752,1.8062915945310343,AUA3NA_1264,pop,104957.38169810799,0.14678262720424343,False
70686.60665247282,50.4542,-76763.13505345376,54577.32604210476,629.835140287625,52.380602774684654,4.712226423496675,2066.0,0.46404,304.7646,2695.0,28.7952,1.783051281670407,AUA3NA_1264,pop,102529.2980438404,0.11667148495111346,False
70641.70574557164,75.6813,-74868.99650328452,58023.43673560588,975.2635848281528,52.41185201808595,4.7393560040160105,3200.0,0.551151,360.5421,2998.0,31.3641,1.82789391758713,AUA3NA_1264,pop,107315.54105667103,0.07831231855540029,False
70595.75134271367,100.9084,-72447.24300361678,61996.50796881151,1359.4873471174221,52.44790368374196,4.774192438760971,4460.0,0.571002,371.8692,3000.0,40.3896,1.8200409868751015,AUA3NA_1264,pop,106446.25199781315,0.053595120874387475,False
70550.007239587,126.1354,-69336.929452649,65652.46154859854,1743.9481895418241,52.481181434323126,4.819318896971265,5722.0,0.583604,378.3724,3000.0,51.2175,1.8098003504842453,AUA3NA_1264,pop,105333.45460079098,0.04200614826655009,False
70504.52569822568,151.3625,-65529.41859652267,68711.86854349515,2128.409031966801,52.509161968815114,4.874933084413804,6983.0,0.596559,385.0218,3000.0,62.7028,1.799424582948521,AUA3NA_1264,pop,104228.77536022836,0.03445620617537368,False
70459.31037918924,176.5896,-61112.32286080146,70991.43029950255,2512.8698743922882,52.53017256391116,4.939773752503968,8244.0,0.609877,391.8204,3000.0,75.4079,1.788904421517926,AUA3NA_1264,pop,103130.89800618478,0.027388565231391798,False
70414.36491787974,201.8167,-56216.69522490135,72265.92382458324,2897.3307168181045,52.54215940343254,5.011923860572022,9506.0,0.623569,398.7713,3000.0,86.4503,1.7782295263376842,AUA3NA_1264,pop,102038.48866355653,0.023076356544837896,False
70369.69292727289,227.0438,-51077.628337748036,72584.71851218471,3281.7915592441313,52.545531251979924,5.0878611722870515,10767.0,0.637647,405.8777,3000.0,96.0325,1.7674220809993921,AUA3NA_1264,pop,100953.53902017485,0.018467149361910982,False
70325.2980007139,252.2709,-45865.56193173163,72033.91740288393,3666.252401670343,52.54104088473927,5.165010081642111,12028.0,0.652122,413.1425,3000.0,105.3191,1.7564716464401633,AUA3NA_1264,pop,99874.70078173927,0.01576698008103503,False
70281.18371472688,277.498,-40719.851370573764,70624.36688947004,4050.7132440965784,52.52877309770792,5.241267704919095,13290.0,0.667004,420.5689,3000.0,114.4706,1.7453668345594135,AUA3NA_1264,pop,98800.62424548,0.01445723363259442,False
70237.3536317777,302.7251,-35776.20003249616,68374.48173990536,4435.174086522729,52.508886296646274,5.314587426679025,14551.0,0.682307,428.1598,3000.0,121.6218,1.7341308008722556,AUA3NA_1264,pop,97733.29995284854,0.014479802815338314,False
70193.81130292358,327.9522,-31067.31209000954,65475.08067069885,4819.634928948726,52.48310002414514,5.384434504950588,15812.0,0.698042,435.9182,3000.0,126.3061,1.7227520890409034,AUA3NA_1264,pop,96671.37056094734,0.014862081372095735,False
70150.56027027468,353.1792,-26529.907385272832,62141.27679117161,5204.095771374473,52.45335792201742,5.451703700525513,17074.0,0.714222,443.847,3000.0,129.3076,1.7112181512237377,AUA3NA_1264,pop,95613.46528676049,0.015217317339053937,False
70107.60406918231,378.4063,-22093.79165064818,58509.37789631327,5588.55661380001,52.420892961709626,5.51740824942656,18335.0,0.730859,451.9489,3000.0,132.5335,1.6995532192980014,AUA3NA_1264,pop,94561.58726134978,0.014708743187599802,False
70064.9462300615,403.6334,-17791.73006286952,54562.63710625871,5973.017456225346,52.38555600023231,5.5810576599397095,19597.0,0.747966,460.2269,3000.0,135.7402,1.6877320834123994,AUA3NA_1264,pop,93513.25310149125,0.01464087396125884,False
70022.59027974294,428.8605,-13642.333216702182,50304.62432480681,6357.478298649487,52.34738191276471,5.642370427647964,20858.0,0.765556,468.6835,3000.0,136.7192,1.6757797331223847,AUA3NA_1264,pop,92471.36925466772,0.002134040436502581,False
69980.53937463037,454.0876,-9491.197659225749,45896.58996735913,6741.9391410706085,52.3078270941075,5.703607330651374,22119.0,0.783642,477.3213,3000.0,136.7169,1.6636831293675225,AUA3NA_1264,pop,91469.42370524094,0.0,False
69938.7851279745,479.3147,-5263.184798652181,41407.2807632108,7126.399983490974,52.26751057384438,5.765866044752234,23381.0,0.802238,486.1427,3000.0,136.7159,1.6514282025935596,AUA3NA_1264,pop,90656.32575231856,0.0,False
69897.27183499577,504.5418,-956.7688307306715,36834.885934805025,7510.860825910623,52.2264143946177,5.829163096745776,24642.0,0.82,494.332,3000.0,136.7155,1.638575630079152,AUA3NA_1264,pop,90235.82023228568,0.0,False
69855.87881993552,529.7689,3422.371757430151,32185.339224538107,7895.3216683300225,52.18459022160811,5.8934091599879155,25903.0,0.82,491.7444,3000.0,136.7136,1.6200992089808408,AUA3NA_1264,pop,88803.52651692495,0.0,False
69814.90545042342,554.996,7778.541119447534,27560.493442209205,8279.782510748419,52.1429537763362,5.957198551888631,27165.0,0.82,489.1431,3000.0,136.7104,1.602830671441437,AUA3NA_1264,pop,87509.43772624635,0.0,False
69774.31594805258,580.2231,12111.711302918666,22960.569595071873,8664.243353165739,52.10150770141321,6.0205330673298985,28426.0,0.82,486.528,3000.0,136.7087,1.586881077616624,AUA3NA_1264,pop,86355.99973728367,0.0,False
69734.07183330071,605.4501,16421.638500990117,18385.589365047177,9048.70419558191,52.06025284824349,6.0834113232678435,29687.0,0.82,483.8986,2952.0,136.708,1.563597342563116,AUA3NA_1264,pop,84678.74753845771,0.0,False
69694.34726973205,630.6772,20708.564505560516,13835.148254025595,9427.028696007937,52.019186221683675,6.145839000200957,30929.0,0.82,481.2972,2649.0,136.7062,1.4926266779469246,AUA3NA_1264,pop,79597.42965524262,0.0,False
69656.31378211253,655.9043,24975.091971509384,9306.630729417711,9766.557878692514,51.978284826193686,6.207856037527863,32043.0,0.82,478.9506,2347.0,136.7042,1.419606189330139,AUA3NA_1264,pop,74696.17601469276,0.0,False
69620.02515040978,681.1314,29223.38328313627,4797.791213916193,10067.29174362917,51.937528932314045,6.269495705021991,33029.0,0.819648,476.6577,2044.0,136.7032,1.344214742466348,AUA3NA_1264,pop,69890.31530885714,0.0,False
69585.54474599437,706.3585,33453.70059399348,308.1812925424742,10329.23029081593,51.89691501463149,6.3307635184837165,33889.0,0.816509,473.0137,1741.0,136.7026,1.266548583637719,AUA3NA_1264,pop,64989.01338861185,0.0,False
69553.01016759197,731.5856,37653.8879316802,-4149.350543374537,10552.37352025203,51.856559951981346,6.3914855897806575,34621.0,0.813252,469.5785,1438.0,136.7019,1.1867007559772098,AUA3NA_1264,pop,60160.711687736446,0.0,False
69522.48902174749,756.8127,41825.80324681407,-8576.771481305159,10736.721431937318,51.81644668675987,6.451691328266618,35225.0,0.809862,466.3433,1136.0,136.7014,1.1048893057573899,AUA3NA_1264,pop,55395.91676178424,0.0,False
69494.05054328998,782.0398,45971.60261206853,-12976.404627124799,10882.274025872126,51.77655487195175,6.511414209679344,35703.0,0.806342,463.3092,833.0,136.7013,1.020571997656931,AUA3NA_1264,pop,50647.82708017603,0.0,False
69467.76341480514,807.2669,50093.917050276534,-17351.092279946388,10989.031302057427,51.7368593780516,6.570694285328688,36053.0,0.802581,460.4121,530.0,136.7014,0.9340010076617757,AUA3NA_1264,pop,45911.05533355864,0.0,False
69443.69652032254,832.4939,54194.39110105626,-21702.62100040088,11056.993260495567,51.69734458232405,6.629557169986399,36276.0,0.79858,458.0415,228.0,136.7015,0.84545200903306,AUA3NA_1264,pop,41189.14167499304,0.0,False
69421.91449902009,857.721,58273.46703264183,-26031.452696166078,11086.159901194129,51.65800684624924,6.688011087826724,36372.0,0.795348,456.1873,-0.0,136.701,0.7771760139730916,AUA3NA_1264,pop,37620.54025327216,0.0,False
69401.89390191349,882.9481,62335.82994346757,-30342.482680147168,11086.159900956702,51.61880217363494,6.746124857923654,36372.0,0.79535,456.1885,-0.0,136.701,0.7770072338380021,AUA3NA_1264,pop,37611.22957004154,0.0,False
69381.87794289528,908.1752,66398.20551451232,-34653.523247578945,11086.159900718967,51.57956885176146,6.80413860076289,36372.0,0.795336,456.1804,-0.0,136.7008,0.7768325814278121,AUA3NA_1264,pop,37601.029874038504,0.0,False
69361.86707310387,933.4023,70460.52147932824,-38964.474811101085,11086.159900480941,51.54030787428408,6.862051532157441,36372.0,0.795351,456.1891,-0.0,136.7006,0.776668773897099,AUA3NA_1264,pop,37592.45146171661,0.0,False
69341.86048031875,958.6294,74522.93588081436,-43275.4877451054,11086.159900242625,51.501017958340725,6.919866149255348,36372.0,0.795337,456.1812,-0.0,136.7005,0.7764944020051978,AUA3NA_1264,pop,37582.28206268199,0.0,False
69321.85895754298,983.8565,78585.28130055737,-47586.42566805606,11086.159900004037,51.46170044036569,6.977580301050577,36372.0,0.795323,456.1734,-0.0,136.7005,0.7763201683710634,AUA3NA_1264,pop,37572.12839989823,0.0,False
70761.5296129831,0.0,6334.0,33038.0,22.86,52.33644647113347,4.7096034458705365,75.0,0.16507423926639428,109.16501271011697,64.0,3.1507164132677414,1.619118618365164,AUA3NA_1264,real,86892.97110943712,0.1969563443760367,False
70707.3800704085,28.0,6448.0,35144.0,198.12,52.35539323192531,4.711329868861608,650.0,0.22608295141036416,149.21461054467824,2432.0,3.0733325110733523,1.887745631880603,AUA3NA_1264,real,159750.72165669818,0.18548983557125936,False
70665.83745725913,58.0,6542.0,37464.0,541.02,52.37626647949219,4.7127532958984375,1774.9999999999998,0.2406375003302995,158.2024020045208,1728.0,2.89857679928171,1.850284919146144,AUA3NA_1264,real,121711.08520792736,0.12835774253212512,False
70611.65533752282,88.0,6698.0,40162.0,739.14,52.40054890260858,4.7150966099330365,2425.0,0.3042413627787505,199.56452590578317,1344.0,4.310625824820529,1.588898217079722,AUA3NA_1264,real,84362.81414914376,0.10136064444111426,False
70574.39735290039,108.0,6988.0,42398.0,914.4000000000001,52.420659469345864,4.719412667410714,3000.0,0.36175431077528486,236.81216184985095,1984.0,15.679524122419252,1.689273209695029,AUA3NA_1264,real,93636.31575978725,0.07813632053534054,False
70513.93830576389,138.0,8841.0,45963.0,1341.1200000000001,52.45271301269531,4.7467803955078125,4400.0,0.4181509155621189,272.3820845797315,3968.0,29.953608167801498,1.8764105755640186,AUA3NA_1264,real,136011.3358470801,0.052853502580423525,False
70473.08736869086,168.0,11750.0,48941.0,1897.38,52.47945494570974,4.789725167410714,6225.0,0.4404991360354407,285.0771825313278,3584.0,67.30283372337207,1.8539552695619599,AUA3NA_1264,real,123109.58255803713,0.04153093943195991,False
70410.28349340963,198.0,16046.0,49492.0,2583.1800000000003,52.48429870605469,4.853057861328125,8475.0,0.4265446686732926,273.80650101851126,4544.0,85.60129464500447,1.8849506112236294,AUA3NA_1264,real,148227.45914376344,0.037686881232651855,False
70369.39607147724,218.0,18810.0,49471.0,2941.32,52.48402404785156,4.893798828125,9650.0,0.4329756752891505,276.739950133695,3136.0,100.61965527615514,1.8214166458705445,AUA3NA_1264,real,113415.48862157765,0.0363351072957733,False
70316.21802206904,258.0,23186.0,45842.0,3406.1400000000003,52.451202392578125,4.958038330078125,11175.0,0.4792497653052224,304.591529757477,1344.0,145.16208319400076,1.3449793976900373,AUA3NA_1264,real,67861.15447111087,0.037258677050218354,False
70283.75874316468,278.0,25070.0,43144.0,3558.54,52.426849365234375,4.9855804443359375,11675.0,0.5173353646215902,328.18439938546743,2240.0,145.050887266845,1.6063760647210108,AUA3NA_1264,real,85821.08119984143,0.038311973660215326,False
70226.21816796467,308.0,28043.0,38970.0,3970.02,52.38914360434322,5.02899169921875,13025.0,0.5350413684202017,337.69957062454193,3008.0,144.52149166669508,1.7429617788326255,AUA3NA_1264,real,99975.87247892801,0.036112667310914025,False
70187.88641069797,328.0,30470.0,36490.0,4282.4400000000005,52.36669921875,5.0644683837890625,14050.000000000002,0.5499585401155218,345.7687088213738,2816.0,128.6598082540901,1.7021214667033209,AUA3NA_1264,real,95037.41162881041,0.03275200163035508,False
70131.41693294146,368.0,36236.0,32106.0,4846.320000000001,52.326903262380824,5.14874267578125,15900.000000000002,0.5737998668951889,358.20943594495105,2816.0,127.28577260570117,1.6855408715485862,AUA3NA_1264,real,93246.15833728324,0.028534548475507557,False
70075.38222959523,398.0,40692.0,28759.0,5288.280000000001,52.296478271484375,5.213775634765625,17350.0,0.5828352786388751,361.80796011143815,3520.0000000000005,127.2499635770807,1.7789718991054813,AUA3NA_1264,real,105230.27762179288,0.02784717006902514,False
70039.99473388246,418.0,43686.0,26506.0,5570.22,52.27597511420815,5.257428850446429,18275.0,0.5901672575945691,365.0342449688796,2112.0,127.65472224883591,1.5121031902319726,AUA3NA_1264,real,78539.57884454812,0.026558967093237334,False
69989.54470812783,458.0,49770.0,21908.0,5989.320000000001,52.23408508300781,5.3459930419921875,19650.0,0.6187588271444596,380.64419081341566,1984.0,127.74296595958404,1.4637634590144115,AUA3NA_1264,real,75223.56597996132,0.024822329330374922,False
69956.76057967797,478.0,52946.0,19519.0,6195.06,52.21229165287341,5.392168317522322,20325.0,0.6324487706998118,388.0206180088888,2112.0,127.46055486049069,1.4902533226726637,AUA3NA_1264,real,77012.73791039122,0.016146439188101,False
69905.78394660412,508.0,57737.0,15925.0,6545.58,52.179473876953125,5.46173095703125,21475.0,0.6445595456138351,393.6292672045614,2240.0,127.56859202882748,1.5109035469045469,AUA3NA_1264,real,78454.79937805978,0.0,False
69871.98748258594,528.0,61035.0,13429.0,6781.8,52.156661728681144,5.509565080915179,22250.0,0.6510854436811221,396.36977684985015,2304.0,128.5469325539534,1.5190138008738245,AUA3NA_1264,real,79033.53572837307,0.0,False
69823.99675345607,568.0,67349.0,8290.0,7200.900000000001,52.109690520722985,5.600908551897322,23625.0,0.6660153988948199,403.18978161654843,1920.0,129.9693248590392,1.4089227825448618,AUA3NA_1264,real,71705.84629770293,0.0,False
69792.79391905267,588.0,70553.0,5691.0,7399.02,52.085906982421875,5.6472015380859375,24275.0,0.6739474546280096,406.90170803278767,1920.0,129.715426768417,1.4026703392013886,AUA3NA_1264,real,71318.77109635947,0.0,False
69746.63185508482,618.0,75449.0,1748.0,7680.96,52.04977779065148,5.71783447265625,25200.0,0.6848378826360636,411.895617845104,1856.0,129.6808990923869,1.3764817080983858,AUA3NA_1264,real,69725.10107112872,0.0,False
69717.13385243295,638.0,78820.0,-962.0,7863.84,52.024918895656775,5.766409737723214,25800.0,0.6925301924335626,415.4816482108446,1600.0,129.6290053044643,1.2989959478687008,AUA3NA_1264,real,65235.60464922418,0.0,False
69671.72250368477,678.0,85487.0,-6316.0,8229.6,51.97575973252118,5.8623046875,27000.0,0.702037551818184,419.068013572976,1792.0,129.57799968473856,1.3419286193648077,AUA3NA_1264,real,67684.43289119223,0.0,False
69643.8128847496,698.0,88936.0,-8868.0,8389.62,51.9522508524232,5.911900111607143,27525.0,0.709906519775778,422.82502291136933,1408.0,126.24655283226942,1.2266210591479365,AUA3NA_1264,real,61286.852948527034,0.0,False
69604.31069117517,728.0,94345.0,-12683.0,8580.12,51.91703796386719,5.9896087646484375,28150.0,0.7239228929258164,430.0290687848904,1344.0,126.20369767566088,1.2030924907953748,AUA3NA_1264,real,60044.49987199503,0.0,False
69564.57333066654,768.0,101618.0,-17796.0,8854.44,51.8697509765625,6.093923207875845,29050.0,0.7398894825437914,437.8241656190302,1408.0,126.26790840993037,1.2150386043421117,AUA3NA_1264,real,60673.13460850097,0.0,False
69538.27588244106,788.0,105304.0,-20388.0,8999.220000000001,51.84573933229608,6.146697998046875,29525.000000000004,0.7447746689256743,439.8147337231894,1216.0,126.40091128922253,1.1539156873025123,AUA3NA_1264,real,57503.50653234517,0.0,False
69501.37696103538,818.0,110910.0,-24325.0,9159.24,51.809234619140625,6.226872624577703,30049.999999999996,0.7563195219108892,445.6197930972097,1152.0,126.32987262762057,1.1316342937932546,AUA3NA_1264,real,56382.5365916275,0.0,False
69472.86472687962,838.0,114667.0,-26956.0,9319.26,51.78480245299258,6.280517578125,30575.0,0.758045929600016,445.6197930972097,1792.0,126.32987262762057,1.3075594116362441,AUA3NA_1264,real,65731.33922493411,0.0,False
69426.22254687916,878.0,122014.0,-32117.0,9738.36,51.73680709580243,6.3852691650390625,31950.0,0.7465259558974002,436.21325060112514,2112.0,126.42330960066191,1.3815819873293766,AUA3NA_1264,real,70036.28019058023,0.0,False
69398.92277949335,898.0,125674.0,-34692.0,9921.24,51.71283269332627,6.4373779296875,32549.999999999996,0.744727177661912,434.0103685397389,1280.0,126.47385017828913,1.1443216479369909,AUA3NA_1264,real,57019.45020432066,0.0,False
69369.36213182786,928.0,131202.0,-38571.0,10005.060000000001,51.67666160454184,6.515960693359375,32825.0,0.7652185652144321,445.4088009907303,576.0,126.50971338603456,0.9232216642476428,AUA3NA_1264,real,46357.77775811158,0.0,False
69348.13589953295,958.0,136878.0,-42565.0,10119.36,51.63937326204979,6.596527099609375,33200.0,0.779561247193284,453.0011037514147,704.0,126.7434171018167,0.9648623677454046,AUA3NA_1264,real,48455.2535015646,0.0,False
69313.58445860892,988.0,142575.0,-46567.0,10256.52,51.601945262844275,6.67724609375,33650.0,0.7921637503108625,459.4006965602033,960.0,126.77012277149124,1.0422022805478788,AUA3NA_1264,real,52419.09955968742,0.0,False
69291.7478397808,1008.0,146472.0,-49303.0,10340.34,51.576324462890625,6.732392182221284,33925.0,0.799355823165071,463.0010799123475,640.0,126.74614885443758,0.9438091387482938,AUA3NA_1264,real,47961.247252103654,0.0,False
69256.87352814697,1038.0,152367.0,-53449.0,10477.5,51.53746032714844,6.81568042652027,34375.0,0.8096233043153037,468.0010683748489,960.0,126.74747095286394,1.0385627110537263,AUA3NA_1264,real,52969.36255843708,0.0,False
69224.1629865178,1068.0,158207.0,-57539.0,10767.060000000001,51.499053955078125,6.89807788745777,35325.0,0.7978178313331441,459.2003919858954,2880.0,126.94476142664575,1.5203113279650757,AUA3NA_1264,real,79903.89569877868,0.0,False
69176.93898486502,1098.0,163853.0,-61511.0,11186.16,51.461700439453125,6.9775803024704395,36700.0,0.7681729389768884,440.6007262817437,1600.0,126.97392981388616,1.2118825055337887,AUA3NA_1264,real,60710.946543480444,0.0,False
76265.08523675453,0.0,-37416.24056255465,100999.32395679694,30.480000295043997,52.321298683590655,4.7799522930166285,100.0,0.3,198.3755,2188.0,183.0038,1.9453356146024328,EJU78CP_1097,fuel,122538.35127975803,0.17462792805970037,False
76216.29843804776,25.0517,-37549.210596773155,98465.2856167532,308.99428480909734,52.29850128104049,4.778279196737079,1014.0,0.364665,240.3761,2489.0,183.0038,1.895432331957891,EJU78CP_1097,fuel,115471.58532243925,0.09335935916409013,False
76168.79740366938,50.1035,-37710.409092076974,95393.29146515371,625.7664313369166,52.27086414519148,4.776253135388508,2053.0,0.434358,285.2836,2790.0,158.3915,1.8804573818902879,EJU78CP_1097,fuel,113544.20522159529,0.064422479291948,False
76121.72330641332,75.1552,-36365.47098715274,91997.83501245447,980.7964398764706,52.240419241014045,4.796384172106672,3218.0,0.503857,329.5835,3000.0,158.3968,1.879655773586778,EJU78CP_1097,fuel,113443.16451887782,0.049794382564203994,False
76074.72301259635,100.2069,-34811.35175764319,88073.22433521094,1362.584906591168,52.20522546059033,4.819611967886623,4470.0,0.571102,371.921,3000.0,158.4137,1.867499001858839,EJU78CP_1097,fuel,111935.76321986616,0.03964320324776635,False
76028.08213058184,125.2587,-33057.42402907372,83640.20316349961,1744.3733733070253,52.165466964805894,4.845782310167252,5723.0,0.583618,378.3797,3000.0,158.4408,1.8577682960193893,EJU78CP_1097,fuel,110761.26857174367,0.035055510025345474,False
75981.68899890006,150.3104,-31275.012869849677,79128.96512899459,2126.1618400225634,52.12500089132139,4.872330356773268,6976.0,0.596482,384.9825,3000.0,158.4677,1.8478778055194274,EJU78CP_1097,fuel,109594.81042053593,0.03318481086115674,False
75935.547616443,175.3622,-29463.50449313848,74537.76987701764,2507.950306737754,52.083811354973214,4.899262978183087,8228.0,0.609704,391.7324,3000.0,158.4865,1.8378380562433128,EJU78CP_1097,fuel,108437.25849473389,0.03299533453502051,False
75889.66194585059,200.4139,-27621.618669901993,69865.09817708048,2889.738773452566,52.04188448116168,4.926596673130696,9481.0,0.623295,398.6325,3000.0,158.5025,1.827631697279357,EJU78CP_1097,fuel,107286.2833320433,0.03284311941693432,False
75844.0359147421,225.4656,-25748.472511400654,65109.23205216755,3271.527240166963,51.999204569120586,4.954342020073259,10733.0,0.637266,405.6859,3000.0,158.5168,1.8172787479123436,EJU78CP_1097,fuel,106143.81990004689,0.03015747938446806,False
75798.67341703529,250.5174,-23843.251938951238,60268.38486054328,3653.315706880904,51.95575528216579,4.982508481395599,11986.0,0.651628,412.8954,3000.0,158.5225,1.806760676379077,EJU78CP_1097,fuel,105007.50828684776,0.027509184252078232,False
75753.57831430393,275.5691,-21904.523203751458,55340.97249053911,4035.10417359434,51.911522114490324,5.01111442345111,13239.0,0.666392,420.2642,3000.0,158.521,1.7960880410667959,EJU78CP_1097,fuel,103878.215683557,0.02446946128526478,False
75708.7544371173,300.6208,-19930.938517752347,50325.335983069206,4416.892640307213,51.86648986010546,5.040176814528414,14491.0,0.68157,427.7951,3000.0,158.5247,1.7852721450048852,EJU78CP_1097,fuel,102756.80541636203,0.02319376374861804,False
75664.20558629709,325.6726,-17922.182884242287,45219.36970706258,4798.681107019457,51.82063923951853,5.069697469224666,15744.0,0.697173,435.491,3000.0,158.5386,1.774292895515768,EJU78CP_1097,fuel,101640.90316875864,0.022075905406552413,False
75619.93553401924,350.7243,-15878.429830232157,40020.7363912631,5180.469573730993,51.7739488674034,5.0996710094002085,16996.0,0.713215,443.3547,3000.0,158.5537,1.7631722523065092,EJU78CP_1097,fuel,100532.4579513346,0.02180306397232759,False
75575.94802467986,375.776,-13799.049072848326,34727.37635053727,5562.258040441725,51.72639987308093,5.130103635624056,18249.0,0.729706,451.3892,3000.0,158.5657,1.7518891814264648,EJU78CP_1097,fuel,99429.09842316569,0.022335070068782298,False
75532.24677543416,400.8278,-11682.998937054186,29337.353557878298,5944.046507151529,51.6779744930287,5.161007386918626,19501.0,0.74666,459.5969,3000.0,158.5812,1.7404663603660717,EJU78CP_1097,fuel,98332.7754978979,0.023220659196566785,False
75488.83547630878,425.8795,-9529.846116223898,23848.45624296365,6325.834973860259,51.62865245355827,5.19238534728034,20754.0,0.76409,467.9807,3000.0,158.6004,1.728881849351767,EJU78CP_1097,fuel,97242.63407798688,0.005705988676684101,False
75445.71722934957,450.9313,-7339.180348383123,18258.428322587068,6707.623440567736,51.57841307121826,5.224240148171192,22007.0,0.782007,476.5429,3000.0,158.608,1.7171473693329318,EJU78CP_1097,fuel,96200.69562509573,0.0,False
75402.88256503102,475.983,-5109.08960277425,12565.568036432795,7089.411907273811,51.527240650663735,5.256596000040662,23259.0,0.800426,485.2859,3000.0,158.6113,1.7052754767456315,EJU78CP_1097,fuel,95365.59470309841,0.0,False
75360.27594577336,501.0347,-2838.324900801781,6767.880792910836,7471.2003739767615,51.47511682477055,5.289467334292881,24512.0,0.815021,491.5953,3000.0,158.6252,1.6922270152650933,EJU78CP_1097,fuel,94737.05381714122,0.0,False
75317.83590719078,526.0865,-539.4119838604872,894.1368006630275,7852.988840680525,51.4222998626815,5.322669700968175,25764.0,0.82,492.03,3000.0,158.6464,1.677175043455659,EJU78CP_1097,fuel,93772.98320291036,0.0,False
75275.65255441763,551.1382,1759.3027348589605,-4985.510413038999,8234.777307383078,51.36942041252245,5.3557923299364445,27017.0,0.82,489.4484,2845.0,158.6625,1.6346870769633577,EJU78CP_1097,fuel,90295.85862626234,0.0,False
75234.46394413174,576.1899,4044.943484631286,-10836.562438858033,8596.825945856046,51.316788888329555,5.388650710547686,28205.0,0.82,486.9876,2544.0,158.6826,1.5638527528214277,EJU78CP_1097,fuel,84820.47213045385,0.0,False
75194.95784794584,601.2417,6318.3244199663395,-16662.263956834428,8920.616722328148,51.264376310309686,5.421258023594635,29267.0,0.82,484.7762,2244.0,158.7098,1.490188330677493,EJU78CP_1097,fuel,79536.1411006508,0.0,False
75157.20648568113,626.2934,8579.845008889079,-22465.708341921003,9206.14963678846,51.212155037320684,5.453621314366683,30204.0,0.81741,481.2929,1943.0,158.7235,1.413042941052953,EJU78CP_1097,fuel,74176.48710462613,0.0,False
75121.35533715448,651.3451,10824.883987182246,-28230.914006620194,9453.424689233636,51.160269060378866,5.485676092396995,31015.0,0.814006,477.5984,1642.0,158.7225,1.332929437638898,EJU78CP_1097,fuel,68874.65744352352,0.0,False
75087.50553598219,676.3969,13053.857157758683,-33954.583509188844,9662.4418796624,51.10874825342272,5.517430231365698,31701.0,0.81048,474.1028,1342.0,158.7224,1.2502336115336832,EJU78CP_1097,fuel,63674.82737578366,0.0,False
75055.73833738128,701.4486,15267.533996274115,-39638.93736430065,9833.201208074479,51.05757284732407,5.548896460670467,32261.0,0.806779,470.7736,1041.0,158.7221,1.164490026973727,EJU78CP_1097,fuel,58521.19370996294,0.0,False
75026.13531024278,726.5004,17466.628994202696,-45285.75966048287,9965.702674470414,51.00672698486917,5.580086619128797,32696.0,0.802863,467.588,741.0,158.7201,1.0762430582454523,EJU78CP_1097,fuel,53424.938885919386,0.0,False
74998.7767787532,751.5521,19651.89643433927,-50896.49117021861,10059.946278851796,50.95619788150902,5.611013023220126,33005.0,0.798621,464.4794,440.0,158.7311,0.9849718987507248,EJU78CP_1097,fuel,48336.303319194754,0.0,False
74973.74230802998,776.6038,21822.341811418624,-56472.32415034351,10115.932021222505,50.90597504051508,5.641662963612155,33189.0,0.79396,461.3913,139.0,158.7575,0.8909753328993891,EJU78CP_1097,fuel,43257.40309947405,0.0,False
74951.1082599086,801.6556,23976.483780812145,-62013.84494345801,10133.65990159502,50.85605344704759,5.672016849826514,33247.0,0.791596,459.8985,-0.0,158.787,0.8464032574030818,EJU78CP_1097,fuel,40898.79130522203,0.0,False
74929.61751784335,826.7073,26121.09855536407,-67539.28208824412,10133.65990136991,50.80626907225693,5.702171392436693,33247.0,0.79158,459.8891,-0.0,158.8203,0.8462268237195884,EJU78CP_1097,fuel,40888.6026478807,0.0,False
74908.13176009587,851.759,28262.460748870068,-73065.85055710614,10133.659901144243,50.756466927020405,5.732215407168797,33247.0,0.791558,459.8762,-0.0,158.8591,0.8460473528605998,EJU78CP_1097,fuel,40878.08055022611,0.0,False
74886.65115009254,876.8108,30400.018586128557,-78593.7132585872,10133.659900918046,50.70664564140378,5.762141414415549,33247.0,0.791544,459.868,-0.0,158.8892,0.845872115540094,EJU78CP_1097,fuel,40868.01981914006,0.0,False
74865.1754595697,901.8625,32534.63634235816,-84122.59938783578,10133.65990069132,50.65680767359256,5.791962088024592,33247.0,0.791553,459.8735,-0.0,158.9054,0.8457091124942614,EJU78CP_1097,fuel,40859.29147212602,0.0,False
74843.70403857181,926.9142,34667.71736181445,-89652.15468699952,10133.659900464138,50.60695618692065,5.821697700401855,33247.0,0.791572,459.8844,-0.0,158.9162,0.845550993227517,EJU78CP_1097,fuel,40851.09137835782,0.0,False
74822.23663149646,951.966,36799.80686786145,-95182.24222931059,10133.659900236453,50.55709242427568,5.8513562773766905,33247.0,0.791577,459.8873,-0.0,158.9266,0.8453858446218087,EJU78CP_1097,fuel,40842.12095112861,0.0,False
74800.77361285036,977.0177,38930.90311905553,-100712.7527884917,10133.659900008277,50.50721740813302,5.880938076830416,33247.0,0.791582,459.8902,-0.0,158.937,0.8452207754791234,EJU78CP_1097,fuel,40833.155486773714,0.0,False
76265.0852367275,0.0,-37416.240562250365,100999.32395667267,30.48000030438739,52.32129868358956,4.77995229302112,100.0,0.3,198.3755,1854.0,183.0038,1.8545357506284608,EJU78CP_1097,pop,110377.0818598147,0.17462792805509098,False
76218.44503049452,25.1204,-37549.82863263508,98453.50756738034,267.104519648493,52.29839532010913,4.778271424165549,876.0,0.376747,248.4583,2156.0,183.0038,1.7923579141071997,EJU78CP_1097,pop,103488.91443298504,0.09809691862200094,False
76173.41946044816,50.2407,-37717.20294693789,95263.81951161673,542.1967895058584,52.269699352563464,4.776167798571158,1779.0,0.458735,301.5822,2457.0,167.7163,1.7935643970131978,EJU78CP_1097,pop,103614.5325766051,0.06902477021162277,False
76128.42694312385,75.3611,-36892.19059370003,91474.80512511233,855.7568098763429,52.23568077677497,4.78870623239112,2808.0,0.538864,352.9902,2759.0,164.5973,1.836946500913695,EJU78CP_1097,pop,108335.70320712039,0.05072319338672697,False
76082.41223985705,100.4814,-35686.647425673495,87098.92735711377,1207.7845807590388,52.19640791088706,4.8068708010349175,3963.0,0.566124,369.3427,3000.0,166.8721,1.8712965885055055,EJU78CP_1097,pop,112401.72934187637,0.04006539764440134,False
76035.54678807694,125.6018,-34608.45763799527,82475.89063369423,1590.6188900209074,52.15490162197202,4.8231617248419365,5219.0,0.578536,375.7615,3000.0,165.1166,1.8616068252029248,EJU78CP_1097,pop,111221.30215715374,0.03483340861690388,False
75988.92884789931,150.7222,-33367.85534714937,77807.90629905493,1973.4531992827608,52.1129986621432,4.8418049783178105,6475.0,0.591294,382.324,3000.0,164.1991,1.851756154569286,EJU78CP_1097,pop,110049.03590436587,0.03359080910585349,False
75942.56246536237,175.8425,-32029.57785548062,73078.81774641991,2356.2875085445103,52.07054888875806,4.86184789394773,7731.0,0.604408,389.0332,3000.0,163.6073,1.8417457729703561,EJU78CP_1097,pop,108884.73266129901,0.03292095367978685,False
75896.45164938887,200.9629,-30618.06853695893,68280.67095554594,2739.1218178061913,52.02747870757083,4.882929230485465,8987.0,0.617889,395.8923,3000.0,162.5863,1.8315768676866673,EJU78CP_1097,pop,107728.1961300101,0.030248625369934175,False
75850.60037298786,226.0833,-29094.778481849367,63423.917465972474,3121.956127067876,51.983883562522244,4.905607130016574,10243.0,0.631747,402.9042,3000.0,155.2603,1.8212504703429748,EJU78CP_1097,pop,106579.21591448692,0.02797705565949424,False
75805.01257456372,251.2036,-26926.727786739822,58718.820750661536,3504.790436329525,51.94167944514723,4.937634434229116,11499.0,0.645994,410.072,3000.0,150.932,1.810767599453133,EJU78CP_1097,pop,105437.58490815674,0.02664343228938915,False
75759.69215928543,276.324,-24364.80065363041,54109.8825780944,3887.62474559116,51.90034875764554,4.975335200928429,12755.0,0.66064,417.3987,3000.0,151.1245,1.800129173905487,EJU78CP_1097,pop,104303.0903328213,0.024672597337805812,False
75714.64300046026,301.4443,-21772.694543663227,49409.54368452982,4270.459054852768,51.85818525691164,5.013411907385513,14011.0,0.675699,424.8873,3000.0,152.572,1.7893360471281092,EJU78CP_1097,pop,103175.51831417342,0.023478360967930337,False
75669.86894085017,326.5647,-19255.62898019581,44559.4315628442,4653.293364114341,51.81465998717309,5.050334042692219,15267.0,0.69118,432.5407,3000.0,154.27,1.7783889797561272,EJU78CP_1097,pop,102054.65165348953,0.022381379566478166,False
75625.37379385998,351.6851,-16840.505413107687,39547.88460342983,5036.127673375863,51.76966831891044,5.085711267255334,16523.0,0.707098,440.3618,3000.0,155.5727,1.7672886841542876,EJU78CP_1097,pop,100940.27497490689,0.02198475877394613,False
75581.16134451817,376.8054,-14498.204457966236,34390.835886786925,5418.9619826373,51.72335565605226,5.119966873196629,17779.0,0.723463,448.3534,3000.0,156.6799,1.756035803305018,EJU78CP_1097,pop,99832.17285942462,0.022521834569021296,False
75537.23535016178,401.9258,-12215.167304885053,29094.80262716592,5801.7962918985895,51.67578185537613,5.153297756371782,19035.0,0.740289,456.5184,3000.0,157.2099,1.7446310046473308,EJU78CP_1097,pop,98730.13916687653,0.023440880617577143,False
75493.59954072704,427.0461,-9940.417924551719,23680.764316235185,6184.630601159682,51.62713725313507,5.1864419809497955,20291.0,0.757587,464.8593,3000.0,158.2088,1.7330748130662843,EJU78CP_1097,pop,97634.06329361646,0.016494459094865695,False
75450.25756647214,452.1665,-7720.452123358235,18127.99075224197,6567.464910417909,51.57723491599465,5.218725463034849,21547.0,0.775372,473.3787,3000.0,158.2922,1.7213678267933354,EJU78CP_1097,pop,96561.00756890667,0.0,False
75407.20753232151,477.2869,-5467.930681977547,12469.901877735403,6950.299219671744,51.52637693515811,5.251410363208045,22803.0,0.793656,482.0791,3000.0,158.2709,1.7095106250199859,EJU78CP_1097,pop,95620.07031043102,0.0,False
75364.41529572145,502.4072,-3171.765199642298,6708.421415565124,7333.1335289236395,51.47458031621265,5.284653421076283,24059.0,0.809753,489.3313,3000.0,158.2603,1.6968626488574499,EJU78CP_1097,pop,94906.06764270682,0.0,False
75321.81565894908,527.5276,-839.908923304578,860.5295526501365,7715.967838176051,51.42199725601241,5.318336006319573,25315.0,0.82,492.9533,3000.0,158.2633,1.6827519921968697,EJU78CP_1097,pop,94222.75910576138,0.0,False
75279.39588566142,552.6479,1508.8958896127012,-5030.768370393473,8098.802147427967,51.36901412579783,5.352184932572435,26571.0,0.82,490.3694,2951.0,158.284,1.6587292869567418,EJU78CP_1097,pop,92260.16165660167,0.0,False
75237.52069098745,577.7683,3843.4002042454563,-10892.356898349546,8475.392800133654,51.316288523324964,5.385750132440834,27806.0,0.82,487.8143,2650.0,158.326,1.5889788807703762,EJU78CP_1097,pop,86713.0234022913,0.0,False
75197.31103481428,602.8887,6162.786133543195,-16728.437423555453,8813.51570233823,51.26378291181899,5.419021415944744,28916.0,0.819378,485.1407,2348.0,158.3905,1.5158157240881793,EJU78CP_1097,pop,81290.55957363863,0.0,False
75158.8569842271,628.009,8464.192519985214,-22538.298148407768,9113.170854035827,51.211503959049395,5.45195927261656,29899.0,0.816036,481.119,2047.0,158.466,1.4395195356855643,EJU78CP_1097,pop,75833.56567098218,0.0,False
75122.30643839578,653.1294,10740.099036273174,-28305.98295262339,9374.358255224653,51.15959555896535,5.484458026733169,30756.0,0.812611,477.3202,1745.0,158.5453,1.3600849807498165,EJU78CP_1097,pop,70487.5266264675,0.0,False
75087.74104790155,678.2498,12991.221412957626,-34034.075139802255,9597.077905904029,51.10803480334937,5.516530160501626,31486.0,0.809028,473.6989,1444.0,158.6138,1.2780055639052086,EJU78CP_1097,pop,65249.096770885015,0.0,False
75055.24394559559,703.3701,15219.514783490904,-39724.0318479964,9781.329806073822,51.05680886199651,5.54820579452567,32091.0,0.805274,470.249,1142.0,158.6598,1.1927957373378948,EJU78CP_1097,pop,60063.116694650176,0.0,False
75024.89767149457,728.4905,17428.003104650168,-45376.799324337844,9927.1139557343,51.005909431364884,5.579530160322908,32569.0,0.801269,466.9216,841.0,158.6774,1.104997892346447,EJU78CP_1097,pop,54937.28468490959,0.0,False
74996.78510052,753.6108,19620.029872521714,-50992.5199489128,10034.430354886332,50.95533537580213,5.610552855368977,32921.0,0.796936,463.6722,540.0,158.6708,1.0143622389994407,EJU78CP_1097,pop,49837.96127848998,0.0,False
74970.9878726579,778.7312,21798.249944230327,-56570.97776174968,10103.27900353198,50.90508875450357,5.641313442891274,33147.0,0.792121,460.4074,238.0,158.6563,0.9205751492444406,EJU78CP_1097,pop,44731.41317387135,0.0,False
74947.58672837458,803.8516,23963.26281890181,-62111.45298596735,10133.6599016779,50.855176200955604,5.671822060015365,33247.0,0.787866,457.7315,-0.0,158.6492,0.8444869237375286,EJU78CP_1097,pop,40696.768146084534,0.0,False
74926.13632412125,828.9719,26116.882618297484,-67620.75335963143,10133.659901439656,50.805536586602415,5.70210554871714,33247.0,0.787825,457.7075,-0.0,158.6664,0.8442968665346814,EJU78CP_1097,pop,40685.403267609385,0.0,False
74904.69150219373,854.0923,28268.73290754615,-73130.41173402355,10133.659901201134,50.7558860164924,5.732299564939585,33247.0,0.787776,457.6789,-0.0,158.7141,0.8441029152115572,EJU78CP_1097,pop,40673.64145818709,0.0,False
74883.25245429014,879.2126,30415.865325438444,-78641.51450988356,10133.659900962339,50.70621492629937,5.7623624654594705,33247.0,0.787745,457.6611,-0.0,158.7891,0.8439182932312058,EJU78CP_1097,pop,40662.83757278496,0.0,False
74861.8187110285,904.333,32555.6901577926,-84155.21246869066,10133.659900723293,50.65651319536516,5.792257841119322,33247.0,0.787725,457.6495,-0.0,158.8759,0.8437390600434881,EJU78CP_1097,pop,40652.584933064136,0.0,False
74840.3900033008,929.4534,34687.10691388013,-89672.00543815574,10133.659900483995,50.60677650468876,5.8219705751714885,33247.0,0.787717,457.6446,-0.0,158.9522,0.8435656553771048,EJU78CP_1097,pop,40642.926465920624,0.0,False
74818.96603978823,954.5737,36811.15311349152,-95191.57234916405,10133.659900244458,50.55700779645095,5.851515949321613,33247.0,0.787712,457.6419,-0.0,158.9967,0.8433942161140998,EJU78CP_1097,pop,40633.466387353255,0.0,False
74797.54672404728,979.6941,38930.903118796145,-100712.7527886087,10133.659900004697,50.50721740813199,5.8809380768267365,33247.0,0.787707,457.6392,-0.0,159.0411,0.8432228502543577,EJU78CP_1097,pop,40624.01138179176,0.0,False
77007.8923308822,0.0,11088.0,30411.0,0.0,52.31272888183594,4.77935791015625,0.0,0.21033079091290346,139.12943613772032,448.0,182.4716647616334,1.6330496493616216,EJU78CP_1097,real,88120.0448517583,0.15358972781866004,False
76944.25396840839,27.0,11094.0,27892.0,373.38,52.290069580078125,4.77935791015625,1225.0,0.22479690074484102,148.07092894960846,1728.0,168.31063082456083,1.8837915787105564,EJU78CP_1097,real,145614.49654099531,0.0860313126591371,False
76913.20672906493,47.0,11498.0,26230.0,556.26,52.27510070800781,4.7852325439453125,1824.9999999999998,0.26682904666657015,175.3909917869216,1664.0,167.15229514128234,1.8405249670329635,EJU78CP_1097,real,118461.76043929503,0.07110384069182177,False
76852.63229509302,77.0,12186.0,23188.0,800.1,52.24771790585275,4.795218331473214,2625.0,0.3460172212138305,226.80828909014767,1984.0,167.0053832080835,1.7781852933117506,EJU78CP_1097,real,105084.92824529386,0.055636474473020996,False
76821.24061974014,97.0,12894.0,20753.0,1036.3200000000002,52.22579180184057,4.805498395647322,3400.0000000000005,0.3943224530223006,257.76927667974707,3008.0,157.4143312756002,1.860943628668549,EJU78CP_1097,real,126095.68131311677,0.04455208919642895,False
76757.7405684713,127.0,15176.0,17358.0,1645.92,52.19517517089844,4.8387908935546875,5400.0,0.4115830072403001,267.15164233071823,3520.0000000000005,145.06068979532301,1.8773918274378212,EJU78CP_1097,real,136928.4850804967,0.03731252152383937,False
76726.19755974812,147.0,16783.0,15038.0,1950.72,52.17425537109375,4.862213134765625,6400.0,0.43399604640284667,280.6920020235703,3456.0,145.74378707098091,1.8699148883454397,EJU78CP_1097,real,131020.26701753726,0.03491676532065006,False
76664.17220985112,187.0,20119.0,10136.0,2613.6600000000003,52.130035400390625,4.910736083984375,8575.0,0.4637782993899914,297.5987231155403,2880.0,146.09634248668578,1.8160193672641491,EJU78CP_1097,real,112177.48369958998,0.0333063624099404,False
76601.93507888139,217.0,22610.0,6250.0,3093.7200000000003,52.094970703125,4.9468994140625,10150.0,0.48089957732499783,306.80449801135575,3328.0,152.85031830221683,1.8474589118199136,EJU78CP_1097,real,120712.1590215893,0.03525608290347246,False
76580.0151980399,237.0,23825.0,3229.0,3291.84,52.06773376464844,4.964447021484375,10800.0,0.5110565655270886,325.25989608311687,1024.0,159.67074509459812,1.2994420378849787,EJU78CP_1097,real,65256.084875696484,0.03650292514101556,False
76525.04261150796,267.0,25690.0,-1792.0,3581.4,52.0224609375,4.991302490234375,11750.0,0.5612270773354122,355.92836357896516,3072.0,159.78309058675137,1.7953019099019238,EJU78CP_1097,real,108030.87629223535,0.03300081763521454,False
76494.70895916862,287.0,26964.0,-5173.0,3939.5400000000004,51.991973876953125,5.009613037109375,12925.0,0.5642589935707504,356.2751745491117,3136.0,159.63217939736214,1.7982225039150026,EJU78CP_1097,real,108570.44050740937,0.029691492853491826,False
76445.38209771585,317.0,28973.0,-10467.0,4236.72,51.94422912597656,5.0384521484375,13900.0,0.6041123191067372,380.0328933131973,896.0,159.5145377807605,1.260359326642606,EJU78CP_1097,real,63100.62575643964,0.02617495569117907,False
76418.55889839104,337.0,30416.0,-14274.0,4366.26,51.90989685058594,5.0591278076171875,14325.0,0.6367748661413334,399.93249430372623,1984.0,159.66193591591673,1.5901178043492146,EJU78CP_1097,real,84466.09564636112,0.02373752563005946,False
76361.87558645809,367.0,32606.0,-20023.0,4747.26,51.8580322265625,5.0904557511613175,15575.0,0.6525604378428562,407.8884651470301,2176.0,159.476836142381,1.6216995681572715,EJU78CP_1097,real,87138.02399698572,0.022336378333616912,False
76334.59441333117,387.0,34125.0,-23996.0,4968.240000000001,51.82218933105469,5.112131479624155,16300.000000000002,0.6665947757570239,415.4960890309318,2176.0,159.42781512464256,1.6172671495061584,EJU78CP_1097,real,86751.57657926899,0.02156260877365115,False
76278.79884398004,417.0,36419.0,-30018.0,5326.38,51.7678574384269,5.144805908203125,17475.0,0.6792705255984267,421.46648739846444,2496.0,159.58715415334697,1.6680785470023354,EJU78CP_1097,real,91459.21609537664,0.021820144694356607,False
76226.02183057556,457.0,39561.0,-38281.0,5760.72,51.69328075344279,5.1894378662109375,18900.0,0.699970748281114,431.88540146663905,1984.0,159.67686317033704,1.5549584713255689,EJU78CP_1097,real,81691.03172965611,0.02322663034640528,False
76200.07151354715,467.0,40347.0,-40349.0,5859.780000000001,51.67461330607786,5.2005767822265625,19225.0,0.7060003903879678,435.0459745819975,1920.0,159.6905856144735,1.5383720872837658,EJU78CP_1097,real,80443.55069183155,0.023532492288409135,False
76150.1515004547,507.0,43556.0,-48780.0,6217.92,51.59850039724576,5.2459716796875,20400.0,0.7304885079987798,448.03571286226725,1536.0,159.62356478616363,1.4403076709229523,EJU78CP_1097,real,73689.0823650416,0.01340050583751834,False
76124.82664089889,517.0,44371.0,-50912.0,6309.360000000001,51.579254150390625,5.257477631440034,20700.0,0.7365254879074971,451.1961879271588,1792.0,159.6371693874782,1.5012940694482149,EJU78CP_1097,real,77776.2197971759,0.006588193698983765,False
76074.84333220465,557.0,47741.0,-59756.0,6659.88,51.49939068293167,5.3049468994140625,21850.0,0.7576016475592147,461.96320199773487,1664.0,159.60363350930766,1.4641428444527644,EJU78CP_1097,real,75247.6644158719,0.0,False
76050.95941704833,567.0,48589.0,-61972.0,6743.700000000001,51.4793701171875,5.316863188872467,22125.0,0.7636346815720805,465.12363947664494,1472.0,159.61696617056305,1.415872814629368,EJU78CP_1097,real,72141.09865719991,0.0,False
76004.26136528514,607.0,52021.0,-70965.0,7033.26,51.398139565677965,5.364990234375,23075.0,0.7868579572000457,477.41910309496416,960.0,159.78106751403814,1.2802353632013004,EJU78CP_1097,real,64287.04391406688,0.0,False
75949.34778001497,637.0,54625.0,-77818.0,7406.64,51.33622508938029,5.4013824462890625,24300.0,0.7834642388386823,472.974629340729,3456.0,159.84094962150922,1.7521390874808773,EJU78CP_1097,real,101296.21116163762,0.0,False
75919.54194308304,657.0,56346.0,-82336.0,7810.5,51.29539489746094,5.425390295080237,25625.0,0.7598985213141234,456.23239692069217,3648.0000000000005,159.73792746764775,1.7669328481320317,EJU78CP_1097,real,103349.17294807942,0.0,False
75869.69442018443,687.0,58826.0,-88825.0,8168.64,51.23674295716366,5.45989990234375,26800.0,0.7599321195266325,454.00991178607546,1472.0,159.76890802458226,1.3395491279820546,EJU78CP_1097,real,67553.37008095221,0.0,False
75846.55566523108,707.0,60496.0,-93198.0,8321.04,51.197220107256356,5.48309326171875,27300.0,0.7727229011054478,460.677761564415,1600.0,159.67686317033704,1.3716986469907435,EJU78CP_1097,real,69490.21618416533,0.0,False
75803.34629390213,737.0,63056.0,-99918.0,8526.78,51.13646943690413,5.5185699462890625,27975.0,0.7903082533053056,469.81379290097476,1344.0,159.8293465881496,1.298680495496093,EJU78CP_1097,real,65478.022098030226,0.0,False
75782.09785623598,757.0,64755.0,-104361.0,8671.560000000001,51.096294855667374,5.5420684814453125,28450.000000000004,0.7994027028574152,474.2583684027094,1216.0,159.76917412300187,1.25963792157665,EJU78CP_1097,real,63558.28794696745,0.0,False
75735.18669518507,787.0,67420.0,-111319.0,8915.4,51.03337097167969,5.578827729096284,29249.999999999996,0.8096683081778386,478.7034572676491,1792.0,159.71011907867572,1.404934006623305,EJU78CP_1097,real,72400.70875361338,0.0,False
75713.85911691752,807.0,69156.0,-115849.0,9075.42,50.992401123046875,5.602730415962838,29775.0,0.814684620509585,480.57985808812253,1280.0,159.79280446083618,1.264329490163985,EJU78CP_1097,real,64581.448197897305,0.0,False
75673.92473061709,837.0,71839.0,-122890.0,9220.2,50.928706799523304,5.6395721435546875,30250.0,0.8350781150410186,491.5973962502243,1152.0,160.01689347810003,1.2307179632712617,EJU78CP_1097,real,64604.20443288893,0.0,False
75633.03091989232,877.0,75433.0,-132349.0,9441.18,50.84312438964844,5.688765242293075,30975.0,0.8560629045556368,502.3624189765791,1024.0,159.97791676335524,1.1944778668802796,EJU78CP_1097,real,66308.82028650068,0.0,False
75612.00443086946,887.0,76352.0,-134752.0,9494.52,50.821380615234375,5.701310441300675,31150.0,0.8605066544149717,504.5839870626099,1216.0,159.94898452639225,1.2464804869605712,EJU78CP_1097,real,70132.54476054429,0.0,False
75568.44059031575,927.0,80100.0,-144529.0,9822.18,50.73289489746094,5.7523820206925675,32225.0,0.8661920682629386,505.5234910466575,1088.0,159.987843736033,1.1963851457742005,EJU78CP_1097,real,69294.62802522045,0.0,False
75551.99887744377,937.0,81011.0,-146919.0,9852.66,50.711261296676376,5.7647705078125,32324.999999999996,0.8719936335615638,508.68457810317,320.0,159.9976473318595,0.9746883678425532,EJU78CP_1097,real,60106.41240922866,0.0,False
75514.31232237311,977.0,84791.0,-156880.0,9974.58,50.621089612023304,5.8159987990920605,32724.999999999996,0.8968675107469376,522.2690877316022,896.0,160.07313011586942,1.1526114132993066,EJU78CP_1097,real,79632.09144059829,0.0,False
75494.31518701075,997.0,86728.0,-161943.0,10081.26,50.57524108886719,5.84219681589227,33075.0,0.9042876241178518,525.7718136226018,1024.0,159.9796521576942,1.1854589226569219,EJU78CP_1097,real,85830.38713159933,0.0,False
75454.12804114811,1027.0,89601.0,-169455.0,10233.66,50.50721740722656,5.880938078227795,33575.0,0.9133750982535338,529.8726262036944,1088.0,160.02613175269153,1.198460215648021,EJU78CP_1097,real,92949.43757349749,0.0,False
71664.41913913253,0.0,93795.40381097022,-39585.461492410686,30.48000020426281,52.30459976282579,4.777520178346175,100.0,0.3,198.3755,2500.0,237.9631,1.9613463850595314,EIN611_1587,fuel,125066.00187387792,0.13234697945983148,False
71617.61059588921,23.8442,91751.96148442267,-40864.17599041819,333.30127441777864,52.293449853516414,4.747120304375277,1094.0,0.362893,239.142,2786.0,237.9631,1.9097275535269094,EIN611_1587,fuel,117387.22055838333,0.09257412381601988,False
71572.06274546092,47.6884,89286.36845306905,-42407.05758507757,670.781094706794,52.279986041228334,4.710460635507539,2201.0,0.431306,283.1333,3000.0,273.7294,1.8747613789137703,EIN611_1587,fuel,112830.72100207857,0.0687999762741456,False
71527.39664040538,71.5326,85846.74371062439,-42182.85354992019,1034.1666247488279,52.282553651702756,4.659965421201807,3393.0,0.501961,328.1408,3000.0,295.3599,1.8344133952460653,EIN611_1587,fuel,108048.23555812356,0.0604407748492764,False
71483.75038117224,95.3768,82231.89169840026,-40469.49151670662,1397.5521548490406,52.29851616693794,4.607254908782903,4585.0,0.572234,372.5067,3000.0,295.3407,1.8270733384767752,EIN611_1587,fuel,107224.03726538521,0.0499123905995992,False
71440.33408921224,119.221,78123.98189154085,-38524.1209476901,1760.9376849622777,52.316612227415916,4.5473082925615635,5777.0,0.584169,378.6631,3000.0,295.3186,1.817452459569175,EIN611_1587,fuel,106162.78905715764,0.038388458907159424,False
71397.15092545483,143.0652,73947.06902072519,-36548.04395837363,2124.3232150678186,52.334963392628566,4.486304033045406,6970.0,0.596419,384.9503,3000.0,295.3062,1.807689309444164,EIN611_1587,fuel,105106.87922048275,0.027860344684673854,False
71354.20403875202,166.9094,69700.02735431772,-34539.91638870689,2487.708745165047,52.353580288336154,4.424223412195461,8162.0,0.608994,391.3708,3000.0,295.3047,1.7978047567750906,EIN611_1587,fuel,104058.30739223005,0.018906398534637305,False
71311.49655638677,190.7536,65381.763095311275,-32498.25109788864,2851.0942752532565,52.37247475707143,4.361048075460814,9354.0,0.621903,397.9272,3000.0,295.3088,1.7877894004470836,EIN611_1587,fuel,103015.79464351086,0.014567346735968285,False
71269.03158598632,214.5978,60990.9805667164,-30421.913429755175,3214.479805331654,52.391655428472944,4.296756483275243,10546.0,0.635154,404.6221,3000.0,295.3155,1.777643738954368,EIN611_1587,fuel,101979.14984568508,0.011352612661960545,False
71226.81221748784,238.4419,56526.25610549608,-28309.965536793254,3577.865335399327,52.411129101271165,4.231325039058442,11738.0,0.648758,411.4581,3000.0,295.3208,1.7673681782962205,EIN611_1587,fuel,100948.17894608069,0.009522648300659752,False
71184.84152512145,262.2861,51985.98788912205,-26161.7727114385,3941.250865455225,52.430899784334066,4.16472733762701,12931.0,0.662725,418.4378,3000.0,295.3117,1.756951647431238,EIN611_1587,fuel,99921.573305334,0.00814020474412924,False
71143.12256937171,286.1303,47368.0521213853,-23977.730520682944,4304.636395498131,52.450962177671734,4.096928999181473,14123.0,0.677063,425.5638,3000.0,295.2849,1.7464169309934463,EIN611_1587,fuel,98901.3582043601,0.007006171155464378,False
71101.65839887258,309.9745,42670.14005083169,-21758.555138867017,4668.0219255266275,52.47130800224975,4.027892787125794,15315.0,0.691785,432.8385,3000.0,295.2538,1.7357529283396782,EIN611_1587,fuel,97886.21726101966,0.00617925039734736,False
71060.45205218716,333.8187,37890.414057477305,-19503.897529024714,5031.4074555390425,52.49193840498222,3.9575884727744715,16507.0,0.706899,440.2643,3000.0,295.2337,1.7249596288392415,EIN611_1587,fuel,96875.9450119549,0.00548536205799693,False
71019.50655941645,357.6629,33027.602988535415,-17212.137690897867,5394.792985533391,52.51286582081079,3.885994203936844,17699.0,0.722416,447.8438,3000.0,295.2275,1.7140370737096953,EIN611_1587,fuel,95870.34841369357,0.004916799858380885,False
70978.82494357688,381.5071,28080.555903846904,-14881.329372267572,5758.178515507288,52.534105522866085,3.813089750582301,18892.0,0.738348,455.5793,3000.0,295.2289,1.7029726188125316,EIN611_1587,fuel,94868.10143316744,0.004444608506754858,False
70938.41022167816,405.3513,23047.85636773027,-12510.02177167116,6121.564045457836,52.555668252326804,3.738850716229484,20084.0,0.754704,463.473,3000.0,295.2274,1.691790820752258,EIN611_1587,fuel,93871.24659273177,0.0036966921124558043,False
70898.26540491043,429.1955,17927.644195765293,-10097.640880155888,6484.949575381463,52.577556779784125,3.663245901028914,21276.0,0.771497,471.5272,3000.0,295.2095,1.680479238076933,EIN611_1587,fuel,92883.64652011031,0.0,False
70858.391752665,453.0397,12717.445466559204,-7644.853321287252,6848.335105274105,52.599762612788915,3.5862348175479157,22468.0,0.788737,479.744,3000.0,295.1727,1.6690376183525342,EIN611_1587,fuel,91964.30343292512,0.0,False
70818.77276627075,476.8839,7414.620280353952,-5152.622179313332,7211.72063513347,52.622274447067575,3.507774418029803,23661.0,0.806435,488.1255,3000.0,295.1337,1.6574522988211102,EIN611_1587,fuel,91280.12474678559,0.0,False
70779.34266438383,500.7281,2017.2051766573397,-2620.419449589559,7575.106164964558,52.645094227445085,3.427831607304111,24853.0,0.82,493.9006,3000.0,295.1085,1.644279509434307,EIN611_1587,fuel,90749.65890115217,0.0,False
70740.05464320119,524.5723,-3445.2929005167052,-60.60839412470265,7938.491694779214,52.6681079363214,3.346839996624225,26045.0,0.82,491.453,3000.0,295.1024,1.6273214906660443,EIN611_1587,fuel,89430.68962253287,0.0,False
70701.12891273627,548.4165,-8880.757809655988,2485.8327221039867,8301.877224549067,52.69094653857478,3.266164472495086,27237.0,0.82,488.9932,3000.0,295.1049,1.6114629400209062,EIN611_1587,fuel,88237.0522879404,0.0,False
70662.53495484008,572.2607,-14288.672800222279,5019.6480117926185,8665.26275427122,52.71361749676373,3.185814140883678,28429.0,0.82,486.521,2783.0,295.1044,1.5574079149858184,EIN611_1587,fuel,84137.40164494829,0.0,False
70625.16140818036,596.1049,-19671.422158156005,7541.61669749827,9002.355926564438,52.73612846112083,3.10575484456657,29535.0,0.82,484.2164,2497.0,295.0947,1.4888285400607035,EIN611_1587,fuel,79230.30551325908,0.0,False
70589.34513460853,619.9491,-25031.90627886266,10052.046716671053,9304.790552960401,52.75848272294172,3.025944666135036,30528.0,0.819405,481.7892,2211.0,295.0554,1.4180379340435456,EIN611_1587,fuel,74428.51303532592,0.0,False
70555.15000960216,643.7933,-30369.906148985334,12547.481760864523,9572.56663314092,52.780649781372844,2.946388305550718,31406.0,0.816427,478.1998,1925.0,295.0186,1.3448603367240966,EIN611_1587,fuel,69577.5308677208,0.0,False
70522.68912776854,667.6375,-35672.235371615534,15022.093186546335,9805.684167009344,52.80257867046821,2.8672838443136945,32171.0,0.813313,474.7761,1638.0,294.993,1.2694102048469116,EIN611_1587,fuel,64807.36697110599,0.0,False
70492.01972300181,691.4816,-40940.070152643595,17477.742502013352,10004.143154529185,52.82428700882836,2.7886154057772283,32822.0,0.810075,471.5248,1352.0,294.9987,1.1921732072887377,EIN611_1587,fuel,60126.322883635396,0.0,False
70463.1985982602,715.3258,-46173.81163574848,19918.134376220896,10167.94359569316,52.84580900685919,2.710378222774611,33359.0,0.806683,468.4288,1066.0,295.0073,1.112927664238057,EIN611_1587,fuel,55500.52479065571,0.0,False
70436.2827163947,739.17,-51374.89508108426,22344.246202530303,10297.085490517498,52.867154230547754,2.6325522915761583,33783.0,0.803091,465.4604,780.0,295.0124,1.0316691399889206,EIN611_1587,fuel,50912.946248037246,0.0,False
70411.32883681478,763.0142,-56544.71075632498,24756.335585969726,10391.568839049858,52.88832571881098,2.5551182904398,34093.0,0.799246,462.5885,494.0,294.9914,0.9484224646901233,EIN611_1587,fuel,46350.51845647175,0.0,False
70388.39250059296,786.8584,-61685.24392475497,27152.46408935283,10451.39364140479,52.90930663815671,2.478048379499107,34289.0,0.795012,459.7324,208.0,294.9659,0.8631872623647473,EIN611_1587,fuel,41798.81586654129,0.0,False
70367.52871795875,810.7026,-66796.64635869287,29532.247226342974,10476.55989795146,52.930094279468925,2.401341809593427,34372.0,0.791643,457.6141,0.0,294.9348,0.7998129815360474,EIN611_1587,fuel,38483.56014284361,0.0,False
70348.20566949836,834.5468,-71886.78211625025,31898.769365125885,10476.559898437945,52.95071608422555,2.3248819664746994,34372.0,0.791652,457.6193,0.0,294.9171,0.7996661743611981,EIN611_1587,fuel,38475.79615236061,0.0,False
70328.88627850583,858.391,-76977.70629016052,34263.74757894484,10476.559898906416,52.97127477559266,2.248337859539911,34372.0,0.791621,457.6014,0.0,294.9261,0.7994991033235351,EIN611_1587,fuel,38465.903217906474,0.0,False
70309.57155389739,882.2352,-82068.06033370628,36629.42984456497,10476.559899357453,52.99179066954405,2.1717293188456153,34372.0,0.791602,457.59,0.0,294.9459,0.7993378087597725,EIN611_1587,fuel,38456.615899051045,0.0,False
70290.2612071516,906.0794,-87157.46998914555,38996.81176041703,10476.559899791973,53.01227271146473,2.0950616968985583,34372.0,0.791538,457.5533,0.0,294.9708,0.799154276954212,EIN611_1587,fuel,38445.002426764266,0.0,False
70270.95633612873,929.9236,-92245.44072443321,41366.2183501951,10476.559900210423,53.03272385170494,2.0183422836621667,34372.0,0.791475,457.5166,0.0,294.9958,0.7989707897798946,EIN611_1587,fuel,38433.399691149534,0.0,False
71664.41913795228,0.0,93795.40380814094,-39585.461686504226,30.48000030440504,52.30459976108113,4.777520178250089,100.0,0.3,198.3755,-0.0,237.9631,0.8131174993325659,EIN611_1587,pop,38619.806420422996,0.13234697843254456,False
71643.95700826882,25.1693,91617.9794373578,-40948.017444650795,30.480000053730794,52.29271851281164,4.745127617587507,100.0,0.374086,247.3653,-0.0,237.9631,0.796335633578185,EIN611_1587,pop,37772.46361187373,0.12154007940135417,False
71623.91598418127,50.3386,88902.8298013609,-42647.062803193636,30.47999980460697,52.277890630128766,4.704760001407147,100.0,0.448168,296.3519,-0.0,266.6731,0.8912532084539849,EIN611_1587,pop,42613.92875318097,0.10490309062996273,False
71601.48542122167,75.5079,85072.07390092428,-42869.75017388242,30.47999971855565,52.27649860858377,4.6484046388117575,100.0,0.465399,307.7456,-0.0,276.7974,0.9236484489005674,EIN611_1587,pop,44296.13862953966,0.09263282663544622,False
71578.23940782876,100.6772,81115.33161250356,-42398.1211569164,30.47999969738378,52.281341512528854,4.590369692540101,100.0,0.49477,327.1675,302.0,284.3317,1.103270810052906,EIN611_1587,pop,53971.18322080939,0.07934920909940946,False
71550.50264509897,125.8465,77012.00382857838,-41349.77519114623,69.0977986330165,52.29136236787837,4.530300126406307,227.0,0.522621,345.4334,604.0,288.7721,1.2602770440058833,EIN611_1587,pop,63060.44664126169,0.0609360132906205,False
71518.8485759248,151.0158,72779.66480870338,-39911.270103380884,146.33339653061526,52.304878230631445,4.468391268911585,480.0,0.533433,352.2722,906.0,293.9633,1.369699400087604,EIN611_1587,pop,69878.78491296465,0.0357535248651126,False
71484.4696856461,176.1851,68615.61050829769,-38060.50684143329,262.18679339067006,52.322060177909535,4.407533870377674,860.0,0.536882,354.0848,1208.0,298.4277,1.456083609198077,EIN611_1587,pop,75633.12280925746,0.02078773893458904,False
71447.9383603162,201.3544,64589.51354568247,-35881.083842367356,416.65798921321897,52.34214988534922,4.348723307797829,1367.0,0.541526,356.5205,1510.0,299.6994,1.534960438491755,EIN611_1587,pop,81252.34355800302,0.01587163582320593,False
71409.43894207334,226.5238,60587.546494611044,-33598.45478968168,609.7469839982047,52.36313575416275,4.2902334180131145,2000.0,0.547402,359.596,1812.0,298.9694,1.606226404370352,EIN611_1587,pop,86707.11443096535,0.01228733695478393,False
71369.15912969095,251.6931,56524.44758553929,-31349.082619908575,841.453777745473,52.38380001174311,4.230781665788987,2761.0,0.554561,363.3323,2114.0,298.3994,1.6699270751249138,EIN611_1587,pop,91965.92831461676,0.010133867160582287,False
71327.28525960573,276.8624,52399.381025755356,-29118.723502866585,1111.7783704547244,52.40426940993089,4.170357870011271,3648.0,0.563064,367.7552,2416.0,298.0926,1.726325530635141,EIN611_1587,pop,97002.86893651116,0.008694638965394321,False
71283.99825867826,302.0317,48214.954367895254,-26885.141171841562,1420.7207621253153,52.424742226110645,4.109003104181599,4661.0,0.572986,372.8953,2718.0,297.8514,1.7757852078191614,EIN611_1587,pop,101791.29449689409,0.007544753550378372,False
71239.47041208083,327.201,43965.62974333312,-24639.852067768883,1768.280952755271,52.44529378652912,4.04663541776097,5801.0,0.584413,378.7889,3000.0,297.4953,1.8154514058790636,EIN611_1587,pop,105944.68050082622,0.0066523885426567845,False
71193.94763988242,352.3703,39638.07018192384,-22387.522557494263,2151.861182765402,52.46588153634509,3.9830555721079706,7060.0,0.597361,385.4322,3000.0,297.2244,1.8051281993007748,EIN611_1587,pop,104833.25843625377,0.005874460104630705,False
71148.68888510422,377.5396,35223.45852855871,-20116.34383727325,2535.441412775453,52.486610329132965,3.91813269147624,8318.0,0.610671,392.2242,3000.0,297.0273,1.7946693726147456,EIN611_1587,pop,103729.83169261605,0.005301639691666678,False
71103.69780848517,402.7089,30722.767197666766,-17820.428386372598,2919.0216427853966,52.507530887850734,3.8518791010607827,9577.0,0.624353,399.1681,3000.0,296.8155,1.7840548176589508,EIN611_1587,pop,102631.98732161333,0.0047861674261298805,False
71058.97804677507,427.8782,26133.439938296397,-15500.632463268295,3302.6018727952137,52.528633444839926,3.784254107973245,10835.0,0.63842,406.2668,3000.0,296.6119,1.773306339387171,EIN611_1587,pop,101541.69797806157,0.00435998805971487,False
71014.5332153379,453.0475,21453.792337252635,-13156.023095625484,3686.182102804886,52.549924153459706,3.7152299694193087,12094.0,0.652883,413.5235,3000.0,296.4357,1.7624026139057987,EIN611_1587,pop,100456.52764702386,0.0039882497745431095,False
70970.36691076796,478.2168,16682.90703002404,-10784.026626097213,4069.762332814389,52.5714237894359,3.644790239130941,13352.0,0.667752,420.9411,3000.0,296.2801,1.7513661966706997,EIN611_1587,pop,99378.4574360305,0.003663581043410912,False
70926.48271346044,503.3861,11819.579489756621,-8382.518131026378,4453.342562823697,52.5931490146793,3.572913989398566,14611.0,0.683041,428.5226,3000.0,296.1295,1.7401744796559473,EIN611_1587,pop,98305.02521804831,0.003388437863122698,False
70882.88419006972,528.5554,6861.932814014486,-5950.626183918687,4836.9227928327855,52.615105129618314,3.4995701030026276,15869.0,0.69876,436.271,3000.0,295.9858,1.7288508382089902,EIN611_1587,pop,97238.22872608276,0.003138733238100904,False
70839.57489578053,553.7247,1808.1444201445593,-3487.278442967065,5220.503022841625,52.63729911900295,3.424728110924006,17128.0,0.714923,444.1892,3000.0,295.8628,1.7173714928351105,EIN611_1587,pop,96175.59306585256,0.002919958788198878,False
70796.5583763092,578.894,-3343.0360577619745,-990.1303187519917,5604.083252850176,52.65974918394457,3.3483659423846808,18386.0,0.731541,452.2798,3000.0,295.7394,1.7057604174213445,EIN611_1587,pop,95119.11249114701,0.0027286556590523205,False
70753.83816954099,604.0633,-8593.791070729216,1541.3393881135041,5987.663482858397,52.682457161975144,3.2704471451741974,19645.0,0.748627,460.5458,3000.0,295.6252,1.6939928661685946,EIN611_1587,pop,94066.3196453898,0.002554054825137167,False
70711.4178067016,629.2327,-13945.914238705891,4108.5394520771615,6371.2437128659685,52.70543270586109,3.1909413200418633,20903.0,0.766195,468.9896,3000.0,295.5765,1.682093576997249,EIN611_1587,pop,93020.47160123003,0.00023248069160683696,False
70669.30031590251,654.402,-19398.649558812063,6718.30029863258,6754.823942872413,52.72873414806211,3.1098551936026677,22161.0,0.784257,477.6139,3000.0,295.5512,1.6700498782216333,EIN611_1587,pop,92019.34159932101,0.0,False
70627.47596668257,679.5713,-24953.077972706273,9373.727359570443,7138.404172878133,52.7523861987612,3.02716799148733,23420.0,0.802827,486.4211,3000.0,295.5263,1.6578480162827773,EIN611_1587,pop,91218.69773864403,0.0,False
70585.88610849799,704.7406,-30611.34615542754,12075.774050344104,7521.984402883165,52.776394039944776,2.9428429762504207,24678.0,0.82,494.2573,3000.0,295.5021,1.644883962003165,EIN611_1587,pop,90782.81827236628,0.0,False
70544.41927687624,729.9099,-36362.10939234618,14819.006247459445,7905.564632887944,52.80070615987698,2.8570445865150313,25937.0,0.82,491.6753,3000.0,295.479,1.6267586971907546,EIN611_1587,pop,89370.3669378151,0.0,False
70503.36134226462,755.0792,-42083.662658166846,17545.474349163695,8289.144862891722,52.82480785474513,2.771587219227338,27195.0,0.82,489.0796,3000.0,295.4579,1.6098638067736346,EIN611_1587,pop,88098.0303139552,0.0,False
70462.67660209343,780.2485,-47775.73933154979,20255.319864097983,8672.725092894407,52.848701240170634,2.686476480255364,28454.0,0.82,486.4701,2821.0,295.4398,1.5619081990583719,EIN611_1587,pop,84471.12532443058,0.0,False
70423.12747942412,805.4178,-53440.15978656992,22949.807764908808,9033.366740123,52.87239833737161,2.6016866870283657,29637.0,0.82,484.0038,2519.0,295.4271,1.4897115280079254,EIN611_1587,pop,79292.98123331222,0.0,False
70385.30669206017,830.5871,-59079.667084725246,25630.910441568096,9355.390588402059,52.895917348804474,2.5171781188181703,30694.0,0.82,481.7909,2217.0,295.4232,1.4151756984411559,EIN611_1587,pop,74282.837204757,0.0,False
70349.27057478389,855.7564,-64696.63457265019,28300.8337034978,9638.796637725844,52.919278502951165,2.432916290303565,31623.0,0.817657,478.4639,1915.0,295.4156,1.338086305178185,EIN611_1587,pop,69236.60429728783,0.0,False
70315.1423090939,880.9257,-70278.04310274367,30952.939249183553,9883.58488809275,52.94242441738498,2.349098094015589,32426.0,0.814475,474.9173,1612.0,295.3822,1.2584310004687653,EIN611_1587,pop,64227.783390493816,0.0,False
70283.00793913206,906.095,-75822.3161795918,33583.44786352752,10089.755339502448,52.965322348117084,2.2657497746357476,33103.0,0.811154,471.5636,1310.0,295.3529,1.1767933577139922,EIN611_1587,pop,59313.16498711273,0.0,False
70252.93388764154,931.2643,-81331.30870531089,36193.76515099571,10257.307991955437,52.98798571597716,2.1828453102840624,33653.0,0.807638,468.369,1008.0,295.3538,1.0929577281336826,EIN611_1587,pop,54454.76434348151,0.0,False
70224.98748065754,956.4336,-86805.29347151847,38787.60254424538,10386.242845453573,53.010448850302254,2.1003815331209945,34076.0,0.803894,465.3152,706.0,295.3608,1.006936629990622,EIN611_1587,pop,49635.12067309511,0.0,False
70199.23500300915,981.6029,-92245.4407216477,41366.21834431421,10476.559900003296,53.032723851652534,2.018342283705505,34372.0,0.80015,462.5317,404.0,295.3678,0.9188662705408789,EIN611_1587,pop,44856.266137402046,0.0,False
,0.0,8956.0,28239.0,30.48,52.29322814941406,4.7480010986328125,100.0,0.0,0.0,0.0,0.0,,EIN611_1587,real,,0.12222896665469105,False
71600.36117772701,24.0,7341.0,27157.0,335.28000000000003,52.28351657673464,4.724278041294643,1100.0,0.23527323255725377,155.03870484495155,2624.0,236.3099324740202,1.888191249148214,EIN611_1587,real,164192.33478691458,0.08874452093894176,False
71559.94851469586,54.0,5407.0,25794.0,647.7,52.27127333818856,4.6958705357142865,2125.0,0.25417876661244104,166.90116836020053,1472.0,225.97102193107918,1.7873595666578426,EIN611_1587,real,106619.42647282389,0.06650138489735799,False
71505.93478932066,84.0,3428.0,23694.0,853.44,52.25239562988281,4.6668243408203125,2800.0,0.314201779184439,205.8275977608445,960.0,223.6220167536951,1.3942433451538854,EIN611_1587,real,70795.59394725332,0.0533662187382585,False
71468.84652301444,104.0,1617.0,22340.0,1005.84,52.24021911621094,4.6402740478515625,3300.0,0.36466482409757417,238.4659304806454,1856.0,250.65325898483553,1.6609402430650708,EIN611_1587,real,90757.3615172595,0.047440360798967844,False
71409.77022513979,144.0,-3499.0,21522.0,1584.96,52.23284912109375,4.565277099609375,5200.0,0.40927616695190344,265.84393918237066,3200.0,284.820352079522,1.845566683875555,EIN611_1587,real,120085.98628582069,0.044670656503440334,False
71369.46251348508,164.0,-5873.0,22985.0,1889.76,52.24599547305349,4.530447823660714,6200.0,0.43631017728245597,282.39157211220027,2496.0,317.439698003528,1.7361158448373466,EIN611_1587,real,99083.92595961777,0.040568294794205484,False
71312.10526530791,194.0,-8336.0,26895.0,2240.28,52.28114318847656,4.4942474365234375,7350.0,0.47842786638377915,308.3699077406873,3328.0,329.60981942972717,1.8239798067427309,EIN611_1587,real,114027.94198775769,0.03193997221671277,False
71270.83569880278,224.0,-10709.0,30944.0,2766.06,52.317535400390625,4.4593048095703125,9075.0,0.4822360330959039,308.8769981724117,3136.0,329.44980937462014,1.800056310344483,EIN611_1587,real,108925.00191145427,0.0233903103882554,False
71214.07345451113,254.0,-13175.0,35074.0,3208.02,52.35464839612023,4.422938755580358,10525.0,0.4998824630356932,318.47291878588356,1536.0,329.00538952394436,1.4248612886741272,EIN611_1587,real,72704.27993665838,0.018310300942210568,False
71186.23172577747,274.0,-14912.0,37982.0,3314.7000000000003,52.38076420153602,4.39727783203125,10875.0,0.5409740951336588,344.2048808486016,960.0,328.6651250239426,1.2234531291086859,EIN611_1587,real,61119.6101413657,0.015846019949139763,False
71130.69154023183,314.0,-20454.0,42559.0,3779.52,52.42177672305349,4.315508161272322,12400.0,0.5617897888982848,355.4180636940109,2560.0,302.12499844038757,1.6699265171795454,EIN611_1587,real,91648.3303583134,0.01099776532189043,False
71093.3385208631,334.0,-23570.0,44519.0,4038.6000000000004,52.439280364472985,4.269522530691964,13250.0,0.5733420163541298,361.56603822815,2368.0,301.8878018848462,1.6234343251825725,EIN611_1587,real,87295.03630430979,0.009693518276760987,False
71034.63854881105,364.0,-28327.0,47537.0,4465.320000000001,52.466217041015625,4.19921875,14650.000000000002,0.5784511742411271,362.85120917533123,3840.0,302.5075244226389,1.8232737158960273,EIN611_1587,real,113859.22560702523,0.007967895775137674,False
70983.90783579374,404.0,-34575.0,51573.0,4937.76,52.50217243776483,4.106767926897322,16200.0,0.6019590791888774,375.3531670307312,1728.0,302.3775335601907,1.4368258594845769,EIN611_1587,real,73467.54191139239,0.00652810873696644,False
70947.75788736924,424.0,-37837.0,53682.0,5158.740000000001,52.5209329896054,4.058428083147322,16925.0,0.6103146582402204,379.49440048569886,2624.0,302.5175106150455,1.6442442198344835,EIN611_1587,real,89176.03594666443,0.005951140300745268,False
70894.51529600557,454.0,-42757.0,56880.0,5516.88,52.549346923828125,3.985443115234375,18100.0,0.6189479543749963,383.09920386239384,2112.0,302.5285454043382,1.5210528306659026,EIN611_1587,real,79180.8169987706,0.005202455382420051,False
70862.59927122942,484.0,-47771.0,60137.0,5836.92,52.57823181152344,3.910980224609375,19150.0,0.633710672831296,390.6161799004235,1600.0,302.347443499442,1.373453141446586,EIN611_1587,real,69544.34446638337,0.004642775927529122,False
70813.71883273781,514.0,-52874.0,63450.0,6118.860000000001,52.60756670418432,3.835091727120536,20075.0,0.6486562568820513,398.3616447400528,1856.0,302.4932545845263,1.437475388872737,EIN611_1587,real,73509.0975094243,0.0038447761832726525,False
70781.09847819117,534.0,-56268.0,65656.0,6309.360000000001,52.6270751953125,3.7845611572265625,20700.0,0.6566669617337931,402.2747817102136,1856.0,302.3073344548821,1.4317271753974499,EIN611_1587,real,73141.38831651918,0.0011644925989525432,False
70731.86548512235,574.0,-63316.0,70237.0,6690.360000000001,52.667525986493644,3.6794782366071432,21950.0,0.6709333421180456,408.9498746790369,2176.0,302.21329855081325,1.5006470401839342,EIN611_1587,real,77733.41434675275,0.0,False
70700.67130120829,594.0,-66859.0,72535.0,6888.4800000000005,52.68777620994438,3.6265869140625004,22600.0,0.6763665497532991,411.17514516322603,1536.0,302.18263176720484,1.3245068952819832,EIN611_1587,real,66680.74530990428,0.0,False
70654.84609843946,624.0,-72140.0,75963.0,7139.9400000000005,52.71794128417969,3.54766845703125,23425.0,0.6882711767172848,417.0047961354881,1600.0,302.1655895965257,1.335805084397951,EIN611_1587,real,67330.46378173027,0.0,False
70623.93306317969,654.0,-77573.0,79493.0,7399.02,52.74894585043697,3.4663434709821432,24275.0,0.6980532766367626,421.4558102577303,1728.0,302.10625595511783,1.3634289025832491,EIN611_1587,real,68946.9860510692,0.0,False
70578.84645532479,684.0,-83097.0,83077.0,7650.4800000000005,52.78038024902344,3.3835601806640625,25100.0,0.707840060258599,425.90726690208044,1600.0,302.04816252779443,1.320116302002846,EIN611_1587,real,66429.79694422922,0.0,False
70548.07901221058,704.0,-86625.0,85362.0,7810.5,52.800384521484375,3.3306121826171875,25625.0,0.7122148467235264,427.6037885706814,1856.0,301.9059607851686,1.384277080081225,EIN611_1587,real,70195.35476301496,0.0,False
70507.21077209884,744.0,-94110.0,90213.0,8107.68,52.8427734375,3.2181549072265625,26600.0,0.7263013770926414,434.28331766256,960.0,301.82358124715637,1.1160477987664557,EIN611_1587,real,55590.865026947205,0.0,False
70464.65303636563,774.0,-99997.0,93515.0,8305.800000000001,52.87142478813559,3.1296909877232144,27250.000000000004,0.7302683038063914,435.4595273960601,1536.0,288.89263957729844,1.2809710880296836,EIN611_1587,real,64232.85598560631,0.0,False
70435.57341771861,794.0,-104270.0,94699.0,8465.82,52.88127136230469,3.0657958984375,27774.999999999996,0.7305512131230769,434.6596369574704,1536.0,283.30090274569807,1.2748016666394817,EIN611_1587,real,63892.53706618224,0.0,False
70394.20702354523,834.0,-112869.0,96997.0,8755.380000000001,52.90022277832031,2.937164306640625,28725.000000000004,0.7387815569716283,437.77848279695064,1280.0,283.877529803208,1.1908892553233303,EIN611_1587,real,59407.15020807092,0.0,False
70366.49690404125,854.0,-117206.0,98183.0,8907.78,52.90997314453125,2.8722381591796875,29225.0,0.7420110194448685,438.7493589738907,1344.0,283.8462084118265,1.2048235912271266,EIN611_1587,real,60135.50309133775,0.0,False
70327.06766182667,884.0,-123736.0,99952.0,9090.66,52.9244384765625,2.7744293212890625,29824.999999999996,0.7484724968975156,441.42609800509075,1024.0,283.6269948598915,1.102506482307501,EIN611_1587,real,54917.397465126574,0.0,False
70302.41067214898,914.0,-130359.0,101738.0,9250.68,52.93894958496094,2.6751708984375,30350.0,0.7588361357261652,446.52099614687774,832.0,283.6005425166587,1.03997647322387,EIN611_1587,real,51862.88108163778,0.0,False
70263.43984430822,944.0,-137030.0,103533.0,9410.7,52.95344983117055,2.575116838727679,30875.0,0.7668014662830166,450.1777426750461,1408.0,283.3571227142989,1.209319407481179,EIN611_1587,real,60417.8600750136,0.0,False
70234.39088766927,964.0,-141528.0,104738.0,9563.1,52.96313269663665,2.50762939453125,31375.0,0.7651588633874619,448.23208274285764,1984.0,283.4161834818409,1.3607756744505526,EIN611_1587,real,68834.29392875393,0.0,False
70192.29964465987,1004.0,-150203.0,107084.0,9951.720000000001,52.98189324847722,2.377362932477679,32650.000000000004,0.7515788224841091,437.8093192247054,960.0,283.3379361349019,1.054540917596022,EIN611_1587,real,52570.12964510109,0.0,False
70168.70415374814,1024.0,-154624.0,108270.0,10043.16,52.99131774902344,2.310943603515625,32950.0,0.757599068488841,440.72894164100455,960.0,283.24796382569656,1.052596174047048,EIN611_1587,real,52494.2586947447,0.0,False
70129.28855648842,1054.0,-161121.0,110026.0,10233.66,53.005215919623936,2.2132742745535716,33575.0,0.7576406363781957,439.52701850967026,1408.0,283.1509486809447,1.185474396803462,EIN611_1587,real,59168.31004017609,0.0,False
70103.84584007676,1084.0,-167591.0,111774.0,10424.16,53.01896667480469,2.115936279296875,34200.0,0.756399888486688,437.5797070249031,1088.0,283.21052997837455,1.0839417991157871,EIN611_1587,real,54042.35664726443,0.0,False
70068.06160441453,1114.0,-174074.0,113532.0,10576.560000000001,53.032728292174255,2.018345424107143,34700.0,0.7610869434046097,439.30058046854435,1024.0,283.02394409502654,1.060396754138195,EIN611_1587,real,52920.978430379306,0.0,False
70705.34567240528,0.0,34846.73497054947,101865.65972952892,30.48000021864532,52.32130050571712,4.779960154089985,100.0,0.3,198.3755,2500.0,183.0038,1.9500329299665449,VLG139G_110,fuel,123264.69177036965,0.17463508060556895,False
70656.59854449022,24.9747,34714.44049239358,99344.49862281125,347.65810515576806,52.29863616950361,4.777753333660424,1141.0,0.368661,242.9034,2800.0,183.0038,1.893007974539265,VLG139G_110,fuel,115154.26408077788,0.09058062225879332,False
70609.31652014655,49.9493,34552.28557298758,96254.28139101088,702.8589998079109,52.27085616397491,4.7750515483152975,2306.0,0.443575,291.0803,3000.0,199.759,1.854772547073181,VLG139G_110,fuel,110405.12644276417,0.062443705783918384,False
70563.04837416518,74.924,33297.25744622549,92760.46831797293,1083.4727269914613,52.239513473995494,4.756262942972094,3555.0,0.52095,340.3602,3000.0,199.7611,1.8213450304197336,VLG139G_110,fuel,106589.62529097893,0.04782727453021561,False
70517.68567796714,99.8986,31827.60277500284,88669.62230967823,1464.0864542172483,52.20281107849325,4.734294985576756,4803.0,0.574396,373.6242,3000.0,199.7617,1.8166766729886037,VLG139G_110,fuel,106078.1256709394,0.04065363887509512,False
70472.48318908249,124.8733,30213.263497552798,84176.18917154081,1844.7001814486314,52.16249204796131,4.710206124701728,6052.0,0.586965,380.1007,3000.0,199.7578,1.8064993912577865,VLG139G_110,fuel,104979.58139330609,0.0391519981860209,False
70427.5390653577,149.8479,28571.1043628694,79604.3641317658,2225.3139086741185,52.121464572406595,4.685746804735757,7301.0,0.599881,386.7212,3000.0,199.7523,1.7961799656974549,VLG139G_110,fuel,103887.84416690536,0.03947872123934884,False
70382.85684708007,174.8226,26900.654231919983,74952.36313081997,2605.927635893217,52.079712390113706,4.660912150870269,8550.0,0.613157,393.4887,3000.0,199.7506,1.785719067681001,VLG139G_110,fuel,102802.70009237382,0.04025014871004851,False
70338.44005127439,199.7972,25200.97509999299,70218.52917354644,2986.5413631053652,52.03722039454764,4.635690560261891,9798.0,0.626801,400.4063,3000.0,199.7542,1.7751283200917483,VLG139G_110,fuel,101725.04615132502,0.042527420090280765,False
70294.29217433943,224.7719,23470.987424995852,65401.21553274542,3367.155090309925,51.993973562776105,4.610068476504051,11047.0,0.640826,407.4769,3000.0,199.7584,1.764386306635207,VLG139G_110,fuel,100652.43586874299,0.04632325020315636,False
70250.41669473467,249.7465,21709.960072767684,60498.610034983896,3747.768817506159,51.949955353534925,4.584037539491677,12296.0,0.655243,414.7035,3000.0,199.7591,1.7535041182353444,VLG139G_110,fuel,99585.74992473607,0.05091190183592616,False
70206.81707566621,274.7212,19917.51687574646,55508.732895438065,4128.382544693215,51.90514769275455,4.5575946629035515,13545.0,0.670061,422.089,3000.0,199.7578,1.7424819059555308,VLG139G_110,fuel,98524.75476247823,0.05460506582577283,False
70163.49676771607,299.6958,18093.14698499678,50429.612973675685,4508.996271870097,51.859532580116195,4.530734894051341,14793.0,0.685295,429.6364,3000.0,199.7584,1.7313317572950429,VLG139G_110,fuel,97470.34478694505,0.04485090475822802,False
70120.45921135001,324.6705,16235.987606075796,45259.36634185983,4889.609999035639,51.81309279959426,4.503448268459793,16042.0,0.700954,437.3485,3000.0,199.7603,1.720029838438609,VLG139G_110,fuel,96420.03668688689,0.03512383230631894,False
70077.70783923242,349.6452,14345.202632643037,39996.06092625577,5270.223726188447,51.76581068630877,4.475725332405886,17291.0,0.717051,445.2281,3000.0,199.7591,1.7085877241751397,VLG139G_110,fuel,95374.71522929176,0.02623663597937711,False
70035.24607826833,374.6198,12420.352291157593,34637.58450285296,5650.837453326859,51.717666931327905,4.447562505775099,18539.0,0.733598,453.2779,3000.0,199.7535,1.6970178071006716,VLG139G_110,fuel,94335.27332121384,0.0211679424376359,False
69993.07735128293,399.5945,10461.124798838651,29181.742061719502,6031.451180448853,51.66864146893528,4.4189581705790095,19788.0,0.750608,461.5006,3000.0,199.7474,1.685294634186968,VLG139G_110,fuel,93299.22265425469,0.017952393154628793,False
69951.20507824079,424.5691,8466.850620928051,23626.43139640896,6412.064907551936,51.618715065241844,4.389905633458922,21037.0,0.768093,469.8988,3000.0,199.7438,1.673430278105985,VLG139G_110,fuel,92269.40171126419,0.0,False
69909.63193427841,449.5438,6436.541938260229,17969.630061946395,6792.6786346331555,51.56786919393727,4.360393724081475,22286.0,0.786067,478.4749,3000.0,199.7411,1.6614242673401167,VLG139G_110,fuel,91290.83997512606,0.0,False
69868.34594264,474.5184,4369.359623862013,12209.229137685004,7173.292361690421,51.51608453158938,4.3304135676601465,23534.0,0.804542,487.2313,3000.0,199.7359,1.649289584238798,VLG139G_110,fuel,90529.19665258005,0.0,False
69827.28380066533,499.4931,2264.7850338820294,6342.973243957909,7553.906088726575,51.46334041989605,4.299961057514623,24783.0,0.82,494.043,3000.0,199.7287,1.6357983970873566,VLG139G_110,fuel,90012.86342726581,0.0,False
69786.36815152365,524.4677,131.48730359894503,394.2928073342444,7934.519815751493,51.40984718458439,4.269164693552603,26032.0,0.82,491.4798,3000.0,199.7216,1.6175965318897796,VLG139G_110,fuel,88607.8063343523,0.0,False
69745.86108320167,549.4424,-1989.913678261908,-5523.514332556149,8315.133542743139,51.35662354264531,4.2386116768903435,27281.0,0.82,488.9033,2734.0,199.7139,1.5531828105342498,VLG139G_110,fuel,83687.14145819223,0.0,False
69706.89047467215,574.417,-4100.459706026745,-11413.531315928887,8661.99273257584,51.303641971167636,4.20828541572756,28419.0,0.819988,486.5359,2434.0,199.7027,1.4804211523525597,VLG139G_110,fuel,78491.80149215648,0.0,False
69669.65694768434,599.3917,-6200.797473446329,-17278.660676695843,8970.829132783376,51.250876516906494,4.178175332683152,29432.0,0.816971,482.6432,2135.0,199.6888,1.404871325215237,VLG139G_110,fuel,73259.8448871757,0.0,False
69634.29615713579,624.3663,-8283.997650014899,-23100.390399622993,9241.642743152663,51.19849390827045,4.148379221015289,30320.0,0.813839,478.948,1835.0,199.6767,1.3269733486794528,VLG139G_110,fuel,68157.56734741361,0.0,False
69600.86896414662,649.341,-10351.050662728345,-28880.85326991197,9474.433563620105,51.14647516486868,4.1188810768366135,31084.0,0.81054,475.4215,1535.0,199.6665,1.2469658821540448,VLG139G_110,fuel,63167.54624662775,0.0,False
69569.4361412181,674.3157,-12402.829023964583,-34621.81963634506,9669.201594161566,51.09480455108584,4.089666710091206,31723.0,0.80704,472.0443,1235.0,199.6593,1.1648976409783476,VLG139G_110,fuel,58265.47527360628,0.0,False
69540.05785741146,699.2903,-14440.213933498064,-40324.782503505,9825.946834772245,51.04346881013696,4.0607219142132935,32237.0,0.803264,468.7718,936.0,199.6531,1.0810399315457022,VLG139G_110,fuel,53442.84925054884,0.0,False
69512.79425650116,724.265,-16463.69240489233,-45990.75587866635,9944.66928546299,50.99245898938094,4.032038203326387,32627.0,0.799147,465.5665,636.0,199.6429,0.994884599688324,VLG139G_110,fuel,48653.08493318292,0.0,False
69487.7041835253,749.2396,-18473.09786723819,-51620.46794933515,10025.368946265597,50.94176871858915,4.003616477932085,32892.0,0.794516,462.3252,336.0,199.6322,0.9066473998733879,VLG139G_110,fuel,43891.01564420731,0.0,False
69464.84686240896,774.2143,-20468.149545405737,-57213.266761438164,10068.045817256465,50.89140404347576,3.9754592133412925,33032.0,0.789208,458.9505,37.0,199.6192,0.8165607073564876,VLG139G_110,fuel,39155.92093366362,0.0,False
69444.28011202528,799.1889,-22447.976417774913,-62767.372497661716,10072.69989868199,50.84138117736948,3.9475772089021066,33047.0,0.788499,458.507,0.0,199.6019,0.8050585924067695,VLG139G_110,fuel,38559.90122137959,0.0,False
69424.0029235993,824.1636,-24424.281799356177,-68316.89856865235,10072.699898951241,50.79139301712616,3.919804716057396,33047.0,0.788494,458.5044,0.0,199.5918,0.8049074820321832,VLG139G_110,fuel,38551.7354757209,0.0,False
69403.72976822242,849.1382,-26399.596210361018,-73866.74104459271,10072.699899198993,50.741395477268334,3.8921056687829347,33047.0,0.788478,458.4951,0.0,199.5834,0.8047491545525842,VLG139G_110,fuel,38542.97091470833,0.0,False
69383.4609377444,874.1129,-28374.054965131156,-79416.7614744451,10072.699899426912,50.69138983199342,3.8644778708477383,33047.0,0.78848,458.4961,0.0,199.5771,0.8046020844023904,VLG139G_110,fuel,38535.137722910695,0.0,False
69363.19597195931,899.0875,-30347.907410834832,-84967.01160929991,10072.699899636582,50.64137563699377,3.836917531284069,33047.0,0.788468,458.489,0.0,199.5768,0.8044462687468735,VLG139G_110,fuel,38526.57976597805,0.0,False
69342.93523239094,924.0622,-32321.70552028887,-90517.18362333278,10072.699899829277,50.591355661193255,3.8094165581611823,33047.0,0.788451,458.4792,0.0,199.5785,0.8042875736453058,VLG139G_110,fuel,38517.783383436195,0.0,False
69322.67883510924,949.0368,-34295.61991890968,-96067.1806109452,10072.699900006119,50.541330791773106,3.781972303473061,33047.0,0.788443,458.4744,0.0,199.5793,0.8041343817139179,VLG139G_110,fuel,38509.44119745396,0.0,False
69302.42655476969,974.0115,-36269.59956061442,-101617.08923142149,10072.69990016826,50.49130027659979,3.754585279917555,33047.0,0.788434,458.4696,0.0,199.5802,0.8039812514937228,VLG139G_110,fuel,38501.103297467605,0.0,False
70705.34567325392,0.0,34846.7351500273,101865.65972832945,30.4800001994691,52.321300505695014,4.779960156730385,100.0,0.3,198.3755,2192.0,183.0038,1.875537982791156,VLG139G_110,pop,112927.39013188722,0.17463508107888612,False
70657.00634217027,25.7459,34710.08954607759,99261.57535448231,317.20259450885135,52.29789071824468,4.777680793461839,1041.0,0.382027,251.7971,2501.0,183.0038,1.8058810065158732,VLG139G_110,pop,104913.54360381461,0.09262159288174385,False
70610.52065533657,51.4919,34536.49126578331,95953.27595827519,644.3327664880276,52.26815022369064,4.774788571016093,2114.0,0.467576,307.0361,2810.0,168.1737,1.8049300682395408,VLG139G_110,pop,104812.14781550251,0.06336235874784417,False
70564.13827048818,77.2378,35364.78883621453,91997.52578331335,1011.8705158998914,52.23252399126442,4.786545143128358,3320.0,0.554058,362.2908,3000.0,166.71,1.8270013831760887,VLG139G_110,pop,107216.02098251184,0.0474944313658197,False
70517.2681108864,102.9838,36461.68366343328,87353.70644088405,1404.2387739281594,52.190691234702555,4.802149506421121,4607.0,0.572451,372.6188,3000.0,168.0179,1.8181915103771658,VLG139G_110,pop,106243.56778076853,0.038608157606230264,False
70470.635152921,128.7297,37480.70621074904,82552.22392300471,1796.6070319658172,52.14744388520579,4.81656614603392,5894.0,0.585357,379.2745,3000.0,166.8004,1.8077260117286371,VLG139G_110,pop,105110.81037689993,0.03365531306446892,False
70424.2763810336,154.4757,38621.640844556954,77687.6898884939,2188.975289996471,52.10361933113753,4.832732825624178,7182.0,0.598633,386.0828,3000.0,166.2716,1.7970991475843607,VLG139G_110,pop,103984.21455185604,0.03302766855670798,False
70378.19567629816,180.2216,39828.80557058221,72746.34241298086,2581.343548007005,52.059097096129555,4.849827795591879,8469.0,0.612288,393.0471,3000.0,166.5874,1.7863324837316998,VLG139G_110,pop,102865.75319815343,0.03205656279509369,False
70332.39689298373,205.9676,41030.09561706867,67708.75457248336,2973.711806006357,52.01370739801384,4.866791654686919,9756.0,0.626335,400.1707,3000.0,170.2566,1.775416388251915,VLG139G_110,pop,101754.08887113197,0.02963756919080531,False
70286.88386160105,231.7135,41922.493017995504,62511.705278758396,3366.080064002926,51.96690464253119,4.879193243437781,11044.0,0.640786,407.4567,3000.0,177.0787,1.7643399771851087,VLG139G_110,pop,100647.85282888389,0.027501040808559463,False
70241.66039201235,257.4595,42196.14904436117,57149.165227043035,3758.4483219940375,51.91865955151532,4.882527271934834,12331.0,0.655653,414.9086,3000.0,185.4902,1.7531259868346205,VLG139G_110,pop,99549.0330727124,0.026038377177463493,False
70196.7302765429,283.2054,41672.985760367155,51706.14414444037,4150.816579973332,51.869750656294144,4.8742393300793925,13618.0,0.670948,422.5294,3000.0,193.8701,1.7417634704058498,VLG139G_110,pop,98456.25335366165,0.02587143697166151,False
70152.0972930241,308.9514,40337.9931348442,46299.609819268575,4543.184837929112,51.82122844204136,4.854162892363106,14905.0,0.686684,430.3224,3000.0,201.8162,1.730252534538049,VLG139G_110,pop,97369.26272305628,0.02595323947620884,False
70107.76520768956,334.6973,38230.11398122103,41033.842402872484,4935.553095864525,51.77402200051588,4.822912892224347,16193.0,0.702873,438.2907,3000.0,208.0511,1.7185808264952316,VLG139G_110,pop,96286.67469069347,0.02489060992339402,False
70063.73777783224,360.4433,35513.2535713486,35935.15163220059,5327.92135378475,51.72834868113611,4.782903949055716,17480.0,0.71953,446.4374,3000.0,210.5928,1.7067724229090386,VLG139G_110,pop,95210.48253952312,0.02426845746612708,False
70020.01875412485,386.1892,32518.137148712714,30869.228612342988,5720.289611682047,51.68297264288297,4.738943001690025,18767.0,0.736667,454.7654,3000.0,209.9339,1.6948149545656088,VLG139G_110,pop,94139.30022088424,0.023338136612778067,False
69976.61188249335,411.9352,29526.529368619085,25673.779823705678,6112.657869563058,51.6364151825143,4.695110044304046,20055.0,0.754298,463.2776,3000.0,207.7374,1.682695077590669,VLG139G_110,pop,93071.742112512,0.021175882007228364,False
69933.52090529172,437.6811,26683.874672906615,20267.889608761576,6505.026127146457,51.58794184122939,4.653507104033048,21342.0,0.772438,471.9769,3000.0,207.4196,1.6704380745056568,VLG139G_110,pop,92015.46096388265,0.0,False
69890.74746029078,463.4271,23818.29472190045,14744.247155512732,6897.3943843186,51.53839579836608,4.611653481797062,22629.0,0.791099,480.8659,3000.0,207.3719,1.6580306794832749,VLG139G_110,pop,91043.33668360356,0.0,False
69848.26874056557,489.173,20903.301959090244,9113.893886523918,7289.762641386403,51.48787702596284,4.569170989955169,23917.0,0.810297,489.9471,3000.0,207.3386,1.6454585389938974,VLG139G_110,pop,90376.68249918977,0.0,False
69805.99054216464,514.919,17936.463908556736,3375.2487079917173,7682.1308983718345,51.436370659657264,4.526029180508001,25204.0,0.82,493.181,3000.0,207.3221,1.629458425361738,VLG139G_110,pop,89517.71779911891,0.0,False
69763.96558972345,540.6649,14951.725202020645,-2402.1082759683964,8074.4991552752645,51.38450078247839,4.482725067052608,26491.0,0.82,490.5338,2918.0,207.3031,1.5969763791906308,VLG139G_110,pop,86996.97870088145,0.0,False
69722.71899682484,566.4109,11984.542668135186,-8150.152357913413,8456.153325622878,51.33287819238652,4.439772783079932,27743.0,0.82,487.9452,2609.0,207.2726,1.523444215112053,VLG139G_110,pop,81518.96558852674,0.0,False
69683.28281321017,592.1568,9034.328494215659,-13872.79590506859,8797.399919609621,51.281468073096114,4.397161812474798,28863.0,0.819821,485.5129,2300.0,207.2449,1.4474087929669421,VLG139G_110,pop,76231.37259945717,0.0,False
69645.72211389062,617.9028,6099.917440862201,-19571.542575757074,9098.238936507292,51.23025724552199,4.354873601434268,29850.0,0.816664,481.5913,1991.0,207.2375,1.3683060018159392,VLG139G_110,pop,70890.92959592101,0.0,False
69610.18181520626,643.6487,3188.3968894306763,-25227.64581428444,9358.670376094049,51.17941456139471,4.313008301478344,30704.0,0.813396,477.8886,1682.0,207.2457,1.2869844418189722,VLG139G_110,pop,65691.00878384583,0.0,False
69576.72736923005,669.3947,296.9920443019239,-30842.690035641797,9578.69423828604,51.12892617999793,4.2715236710063405,31426.0,0.809979,474.3812,1373.0,207.2476,1.2034874723414652,VLG139G_110,pop,60600.41232080171,0.0,False
69545.42374988893,695.1406,-2574.7496794198914,-36419.09244044734,9758.310523066375,51.0787706011086,4.230413735112,32015.0,0.806357,471.038,1064.0,207.2365,1.1178631961668988,VLG139G_110,pop,55593.52378008423,0.0,False
69516.33542530044,720.8866,-5426.449689775697,-41959.220720233396,9897.51923047169,51.02892699668013,4.189676653265224,32472.0,0.802401,467.7824,755.0,207.2213,1.0301011139786533,VLG139G_110,pop,50644.483324951405,0.0,False
69489.52760003756,746.6325,-8258.14401320464,-47464.07821238168,9996.32036061029,50.9793867112702,4.149312171114667,32796.0,0.798046,464.5756,446.0,207.221,0.9402333324729806,VLG139G_110,pop,45737.288551404985,0.0,False
69465.0630572612,772.3785,-11071.45219282329,-52933.26215548501,10054.713913742498,50.93015368512762,4.109295110038273,32988.0,0.793075,461.2894,138.0,207.2431,0.8484808223349091,VLG139G_110,pop,40865.395129308454,0.0,False
69443.00471092085,798.1244,-13867.894623694507,-58364.4988029333,10072.699890710532,50.88124865123446,4.069601743417169,33047.0,0.790623,459.7422,0.0,207.2719,0.8063990143168979,VLG139G_110,pop,38673.25466693915,0.0,False
69422.0436751755,823.8704,-16658.06115079758,-63776.848177623964,10072.699892152252,50.83250018791581,4.030080231143372,33047.0,0.79062,459.7405,0.0,207.309,0.806244731383442,VLG139G_110,pop,38664.894308596944,0.0,False
69401.0868902063,849.6163,-19451.715764034772,-69187.37268284666,10072.699893526891,50.783754661066986,3.9905915981267834,33047.0,0.790623,459.7421,0.0,207.3519,0.8060941517931635,VLG139G_110,pop,38656.84977313693,0.0,False
69380.13419459104,875.3622,-22249.428503228737,-74595.82411238308,10072.699894841267,50.73501428118905,3.951127551492842,33047.0,0.790574,459.7137,0.0,207.3844,0.8059105873179335,VLG139G_110,pop,38645.98060861487,0.0,False
69359.18702658116,901.1082,-25050.03816232615,-80002.35252115858,10072.699896098118,50.68627774143381,3.911704426362299,33047.0,0.790538,459.6928,0.0,207.4029,0.8057353389473803,VLG139G_110,pop,38635.82558678693,0.0,False
69338.24502203551,926.8541,-27852.264255268565,-85407.73193734969,10072.699897301656,50.63753815157634,3.8723402330016374,33047.0,0.790518,459.681,0.0,207.4192,0.8055701787669464,VLG139G_110,pop,38626.53342515718,0.0,False
69317.30774460071,952.6001,-30655.961023004067,-90812.17226272989,10072.699898455952,50.58879365892001,3.8330368101907037,33047.0,0.790473,459.6549,0.0,207.4416,0.80538930196734,VLG139G_110,pop,38615.9014395996,0.0,False
69296.37587794986,978.346,-33461.61047113451,-96215.20881564992,10072.699899563995,50.54004844363791,3.793787051575256,33047.0,0.79048,459.6588,0.0,207.4662,0.8052415879611587,VLG139G_110,pop,38608.09657692143,0.0,False
69275.44797677705,1004.092,-36269.59958260629,-101617.08924114618,10072.699900627862,50.491300276510955,3.7545852796076544,33047.0,0.790486,459.6628,0.0,207.4907,0.805094059179799,VLG139G_110,pop,38600.30550129077,0.0,False
70670.9990910589,0.0,11048.0,29652.0,-22.86,52.305908203125,4.77874755859375,-75.0,0.22862244937402806,151.2679741386127,1536.0,183.41094495535572,1.8380115611278898,VLG139G_110,real,117699.41192368462,0.13657217692412507,False
70603.75066725226,36.0,11206.0,26743.0,381.0,52.27972412109375,4.7809600830078125,1250.0,0.2614390837809635,172.19175357722565,1344.0,168.95109432834528,1.7102147862005035,VLG139G_110,real,95919.7260326309,0.08296160544830776,False
70574.79417302345,56.0,11621.0,24892.0,510.54,52.2630615234375,4.7869873046875,1675.0,0.3064755463851503,201.55644370746373,1280.0,166.51532341136974,1.549563745206518,VLG139G_110,real,81262.51603784531,0.07117254496294247,False
70517.9725954615,86.0,12477.0,21445.0,784.86,52.232025146484375,4.7994232177734375,2575.0,0.36957622676316837,242.29321080046796,3264.0,165.90640341858378,1.8641354643120358,VLG139G_110,real,127663.99380902202,0.050652483265925065,False
70482.94872836067,106.0,12957.0,19233.0,1127.76,52.21210544392214,4.806361607142858,3700.0,0.3725034069692685,243.24884377936928,3520.0000000000005,177.408133294765,1.8742501853821334,VLG139G_110,real,134126.37332533265,0.0422488889941614,False
70417.77248341474,146.0,12559.0,13708.0,1653.5400000000002,52.16239929199219,4.8003387451171875,5425.0,0.4177879140038835,271.15493725912495,3648.0000000000005,185.29008120537125,1.8650306725086765,VLG139G_110,real,128139.14659758368,0.03518706234852754,False
70383.06566188413,166.0,12318.0,10918.0,2019.3000000000002,52.137295997748936,4.796709333147322,6625.0,0.42099132789784727,272.0606550017845,3520.0000000000005,185.06096144312733,1.857283962976115,VLG139G_110,real,124447.74615699149,0.03304632839476316,False
70315.61610944157,206.0,11844.0,5287.0,2659.38,52.086639404296875,4.789581298828125,8725.0,0.4414347601265029,283.10598722033416,2880.0,185.06616866256445,1.7841235139721956,VLG139G_110,real,106059.8375295036,0.03196100846936366,False
70281.75436870764,216.0,11717.0,3827.0,2811.78,52.07350158691406,4.7876739501953125,9225.0,0.4469124150082132,286.09439001839934,3136.0,185.01311375503585,1.8120607203432937,VLG139G_110,real,111311.71316212228,0.03174866592404449,False
70224.98315708389,256.0,11208.0,-2140.0,3291.84,52.019805908203125,4.7800445556640625,10800.0,0.48906263519061643,311.26194756185663,1280.0,185.16109803336025,1.319062838675348,VLG139G_110,real,66360.9654542357,0.030995060350566945,False
70200.78537450553,276.0,10905.0,-5489.0,3429.0,51.9896788516287,4.7755214146205365,11250.0,0.5262170942424267,334.34862045475825,1216.0,185.1478848241363,1.2949083649946855,VLG139G_110,real,65000.71258358636,0.031168836214917433,False
70139.21458459436,316.0,10155.0,-12645.0,3855.7200000000003,51.925297106726696,4.764378138950893,12650.0,0.5595024374698556,353.63823322712153,2688.0,193.40750843706317,1.6830025721903095,VLG139G_110,real,92968.37341289228,0.03125241023970699,False
70107.02468741786,336.0,8779.0,-15956.0,4145.280000000001,51.89552307128906,4.7442626953125,13600.000000000002,0.5560415951921167,350.191376250187,2944.0,205.90650799951436,1.722594497541348,VLG139G_110,real,97392.5637718006,0.0325794435924289,False
70048.80520718994,366.0,6425.0,-20819.0,4503.42,51.851791123212394,4.709930419921875,14775.0,0.5763669379985182,361.37100049671943,2176.0,205.9268820045987,1.555920826560695,VLG139G_110,real,81757.38421672751,0.03431056993486628,False
69987.14344561788,406.0,3151.0,-27626.0,5044.4400000000005,51.790557861328125,4.66228588207348,16550.0,0.5861057756342942,364.97260171141613,2560.0,205.65232798195123,1.6279216218735053,VLG139G_110,real,87679.22364785057,0.031173730073411142,False
69959.09692217608,426.0,1551.0,-30969.0,5280.66,51.76048278808594,4.63905128272804,17325.0,0.5950783675483329,369.44417710934357,2048.0,205.66337606407168,1.5008680112804227,VLG139G_110,real,77738.73754371934,0.02736142142436782,False
69901.97750585845,466.0,-1783.0,-37902.0,5737.860000000001,51.698089599609375,4.590726285367399,18825.0,0.6109211475340817,377.05304666585045,1984.0,205.61360730902896,1.470055152952999,VLG139G_110,real,75633.40377126692,0.022377818600591393,False
69874.92736722768,486.0,-3503.0,-41472.0,5913.12,51.66595458984375,4.5658585831925675,19400.0,0.6253724097443806,385.094793524919,1920.0,205.70002383645436,1.447547959150766,VLG139G_110,real,74150.4630922784,0.020429910519841353,False
69821.69698806365,516.0,-6106.0,-46875.0,6202.68,51.61730750132415,4.5282745361328125,20350.0,0.6401454456451348,392.7034504559388,1792.0,205.65152846505256,1.4039226750857052,VLG139G_110,real,71388.55920547993,0.012796993784711072,False
69793.71260294977,536.0,-7827.0,-50447.0,6416.04,51.585139904992054,4.50347900390625,21050.0,0.6455988760717584,394.93923583255184,2176.0,205.656700431157,1.4975427709477627,VLG139G_110,real,77507.16086156786,0.0,False
69741.17539258536,576.0,-11393.0,-57858.0,6789.42,51.51838399596133,4.45220947265625,22275.0,0.6613012484286152,402.54813376787627,1920.0,205.6102099232058,1.4204746600922311,VLG139G_110,real,72419.91431344509,0.0,False
69715.7345985435,596.0,-13201.0,-61614.0,6995.160000000001,51.48454051906779,4.42626953125,22950.0,0.666803798552812,404.7838929601819,1728.0,205.61548432064217,1.3614262757441846,VLG139G_110,real,68820.54778825594,0.0,False
69664.61750760634,636.0,-16704.0,-69162.0,7368.54,51.41652769961599,4.3761444091796875,24175.0,0.6778292466666631,409.41421567893804,1536.0,203.30884524512678,1.2943787239732187,VLG139G_110,real,64970.71629969335,0.0,False
69640.1231764418,646.0,-17527.0,-71072.0,7444.740000000001,51.39930725097656,4.36439307960304,24425.0,0.6818020487220176,411.389110210759,1600.0,202.88770041069142,1.310777721768104,VLG139G_110,real,65892.10431144063,0.0,False
69591.17108340035,686.0,-20868.0,-78917.0,7787.64,51.32859052237818,4.3167877197265625,25550.0,0.6930750182439119,416.24271765401494,1920.0,203.05399579345297,1.3886704906837715,VLG139G_110,real,70453.20458678523,0.0,False
69569.45023122054,706.0,-22563.0,-82853.0,7924.8,51.29310607910156,4.292685019003378,26000.0,0.7018259736091094,420.70654855849347,1152.0,203.09129517181808,1.1623591166405656,VLG139G_110,real,57929.20811302858,0.0,False
69525.72663675548,746.0,-26038.0,-90863.0,8168.64,51.22087097167969,4.24339500633446,26800.0,0.7213302198500177,430.9477926617098,1024.0,203.23350567051645,1.1200463902623006,VLG139G_110,real,55786.28184202405,0.0,False
69482.52512890508,776.0,-28715.0,-97009.0,8351.52,51.165435791015625,4.205536713471284,27400.0,0.7321950344636565,436.3312961500699,1024.0,203.21583269775397,1.1167136846780084,VLG139G_110,real,55619.41106922935,0.0,False
69461.29607371596,796.0,-30519.0,-101159.0,8450.58,51.12799072265625,4.180075155722128,27725.0,0.7415911847275778,441.3218779983607,1088.0,203.07925999395584,1.1360413317339033,VLG139G_110,real,56591.258321360154,0.0,False
69418.55201234955,836.0,-34166.0,-109588.0,8671.560000000001,51.05193057302701,4.12872314453125,28450.000000000004,0.7582733999954799,449.8577552960491,1216.0,203.03135286975078,1.1710064016415789,VLG139G_110,real,58379.798897803,0.0,False
69401.37414524161,856.0,-35975.0,-113759.0,8763.0,51.0142822265625,4.10331932274071,28750.0,0.7683342276442202,455.24169404833737,384.0,203.0168046873301,0.9192480236559786,VLG139G_110,real,46134.47888029245,0.0,False
69358.89514143045,896.0,-39765.0,-122480.0,8938.26,50.93554997848252,4.0502166748046875,29325.0,0.7853388088015628,464.1691502028113,1216.0,203.0851336728083,1.1704352874816997,VLG139G_110,real,58496.503209793256,0.0,False
69340.50927828616,916.0,-41670.0,-126860.0,9022.08,50.89599609375,4.023594211887669,29600.0,0.7931685156334368,468.2413907377262,576.0,203.0057843557948,0.9838921358226378,VLG139G_110,real,49429.85080529018,0.0,False
69295.63222890391,946.0,-44545.0,-133479.0,9204.960000000001,50.836212158203125,3.983508960620777,30200.0,0.7983582429089163,470.08297139973064,1536.0,202.91051360283652,1.249671928575811,VLG139G_110,real,62933.43378909775,0.0,False
69278.11372921316,966.0,-46455.0,-137883.0,9311.640000000001,50.79643249511719,3.9569339236697636,30550.000000000004,0.8049358396166553,473.23567067582724,448.0,202.88063717641768,0.9374764699309224,VLG139G_110,real,47591.77194480898,0.0,False
69232.64616947592,1006.0,-50397.0,-146977.0,9555.480000000001,50.714263916015625,3.902224978885135,31350.000000000004,0.8115617963672332,475.467138717283,1600.0,202.89795261803877,1.2542386514980808,VLG139G_110,real,63726.41036106174,0.0,False
69210.93970556642,1026.0,-52322.0,-151414.0,9700.26,50.674163818359375,3.875575709987331,31825.0,0.8110158197734434,474.157146946031,1280.0,202.83365417791754,1.1615891497436737,VLG139G_110,real,58869.67520143131,0.0,False
69170.42815587095,1066.0,-56182.0,-160317.0,9921.24,50.59368896484375,3.8223025673314144,32549.999999999996,0.8190261864687554,477.31017169132275,960.0,202.80454047132105,1.064297014281775,VLG139G_110,real,54534.744721628296,0.0,False
69150.5589864806,1076.0,-57142.0,-162530.0,9966.960000000001,50.57368469238281,3.80907560649671,32700.0,0.8218197183451427,478.61989093642984,960.0,202.86849502464966,1.0632690646653922,VLG139G_110,real,54696.05153485163,0.0,False
69110.69936717064,1116.0,-61107.0,-171640.0,10172.7,50.49130197298729,3.75457763671875,33375.0,0.8249617969739494,479.0093944798995,1024.0,202.97870647438916,1.0730110165074487,VLG139G_110,real,55513.585199818124,0.0,False
65944.45744955492,0.0,27986.143788555608,90591.7587100998,30.48000030429696,52.32860183626407,4.708839891861927,100.0,0.3,198.3755,2500.0,3.1751,1.8875729347026233,VLG49VA_328,fuel,114450.42679162757,0.17711219448844404,False
65897.68936062373,24.7546,28124.74901385591,93090.33781139107,344.8628439495125,52.351064604158125,4.711089038770402,1131.0,0.379669,250.1641,2797.0,3.1751,1.8165855031186602,VLG49VA_328,fuel,106068.18484853803,0.14145605066204053,False
65852.73529727354,49.5091,28299.78436719382,96245.62777170535,696.6012478891207,52.37943128206485,4.713932655214717,2285.0,0.428242,281.0386,3000.0,326.0433,1.8092463237467578,VLG49VA_328,fuel,105273.90010696507,0.11053847348738481,False
65808.00241149227,74.2637,26316.052786929013,99191.43092444999,1073.8606602630505,52.406021527869534,4.684940492833886,3523.0,0.502523,328.358,3000.0,288.9115,1.7719260771781682,VLG49VA_328,fuel,101403.19138373743,0.08211163002897816,False
65764.26381998911,99.0182,22384.862898032465,100538.25646890803,1451.1200726370462,52.41830777325633,4.627082080888783,4761.0,0.573974,373.4061,3000.0,251.7796,1.7722235436286518,VLG49VA_328,fuel,101433.01320459711,0.057545740881664004,False
65720.58051873566,123.7728,17892.15220312265,99059.35671503606,1828.3794850111217,52.40517242193932,4.560758312170604,5999.0,0.586419,379.82,3000.0,214.6478,1.7618673696723253,VLG49VA_328,fuel,100403.78057967644,0.04204380737988335,False
65677.1577856646,148.5273,15156.661315826443,95101.10105651103,2205.6388973851604,52.369657384619295,4.520256290862686,7236.0,0.599205,386.3754,3000.0,193.2896,1.751397064007139,VLG49VA_328,fuel,99381.44513181034,0.03345735205252901,False
65633.9987248832,173.2819,14031.440492535206,90337.2241301439,2582.8983097591604,52.326844854415945,4.503483749992357,8474.0,0.612343,393.075,3000.0,193.2824,1.7407894493389244,VLG49VA_328,fuel,98363.50792427405,0.02903620975322576,False
65591.10643115435,198.0364,12887.229094458684,85490.2170147464,2960.15772213312,52.28328279877811,4.486461246998028,9712.0,0.625843,399.9219,3000.0,193.2657,1.7300560942867411,VLG49VA_328,fuel,97350.88191362689,0.029206661571471754,False
65548.4839933677,222.791,11724.436999860307,80558.06968850725,3337.4171345070345,52.238953019555126,4.469196308623142,10950.0,0.639717,406.9189,3000.0,193.2407,1.719196754135231,VLG49VA_328,fuel,96343.32711720408,0.032195273743042686,False
65506.13449804045,247.5455,10543.404727455867,75538.75150634501,3714.676546880897,52.193837136773844,4.451695464888986,12187.0,0.653973,414.0689,3000.0,193.2161,1.7082238043108195,VLG49VA_328,fuel,95341.75620472169,0.03626319270483194,False
65464.061032800455,272.3001,9343.72878230243,70430.37006517677,4091.935959254707,52.14791802812841,4.43395437108391,13425.0,0.668625,421.3749,3000.0,193.1881,1.6971116960949453,VLG49VA_328,fuel,94343.63950976661,0.040389334616827414,False
65422.266689801414,297.0547,8125.349149619517,65230.91536997912,4469.195371628456,52.10117750416161,4.4159737768209375,14663.0,0.683682,428.8395,3000.0,193.1621,1.6858720812081611,VLG49VA_328,fuel,93349.86319414704,0.04450692228439096,False
65380.754569009965,321.8092,6887.706643336088,59938.45803908972,4846.454784002138,52.053598105005356,4.397747183177045,15900.0,0.699156,436.4657,3000.0,193.1564,1.6745177455099907,VLG49VA_328,fuel,92361.35243545487,0.04811303504743724,False
65339.5277813006,346.5638,5628.516383451755,54551.435524551096,5223.714196375742,52.00516568118406,4.37924296756583,17138.0,0.71506,444.2562,3000.0,193.1721,1.6630211370711834,VLG49VA_328,fuel,91375.53954184918,0.04574332530747542,False
65298.5894512847,371.3183,4345.27388551324,49068.300739725935,5600.973608749259,51.95586620179131,4.360426490422746,18376.0,0.731404,452.2135,3000.0,193.1963,1.6513942668867578,VLG49VA_328,fuel,90393.32115613497,0.041782458796926235,False
65257.94271979305,396.0729,3036.6159297916975,43487.206099439645,5978.233021122681,51.90568290223094,4.3412799524735926,19614.0,0.748201,460.3404,3000.0,193.2206,1.639636129423334,VLG49VA_328,fuel,89414.46185553857,0.03636514117061889,False
65217.590745922906,420.8274,1701.9687007170833,37806.08612882511,6355.4924334959915,51.85459704097102,4.321797189859395,20851.0,0.765464,468.6394,3000.0,193.242,1.627759802243741,VLG49VA_328,fuel,88440.1764352724,0.004413836108575635,False
65177.53657265899,445.582,341.03007457801357,32022.779105826492,6732.751845869168,51.80258900292876,4.301976086788999,22089.0,0.783204,477.1127,3000.0,193.2609,1.6157353807981505,VLG49VA_328,fuel,87490.8399681926,0.0,False
65137.77528430306,470.3365,-1046.5198559227103,26135.096155208634,7110.011258242195,51.74963892342116,4.281814350980059,23327.0,0.801435,485.7628,3000.0,193.2805,1.6035756941727197,VLG49VA_328,fuel,86688.15152771081,0.0,False
65098.26248371389,495.0911,-2461.3316828238726,20140.896602163804,7487.270670615074,51.695727363926395,4.261304976608389,24565.0,0.82,494.4904,3000.0,193.305,1.5912044819773599,VLG49VA_328,fuel,86284.46990934994,0.0,False
65058.87167496723,519.8456,-3904.2274454330636,14039.380143671578,7864.530082987887,51.640846928794275,4.240438567141864,25802.0,0.82,491.9522,3000.0,193.3353,1.5710130974709846,VLG49VA_328,fuel,84782.07937623459,0.0,False
65019.94112298593,544.6002,-5342.8619535630405,7970.217537765323,8241.789495360465,51.586253809301304,4.219683729893702,27040.0,0.82,489.4008,2996.0,193.3665,1.5512913760963571,VLG49VA_328,fuel,83355.25548858577,0.0,False
64981.45383337248,569.3548,-6777.268454179133,1933.5416474025103,8618.566424659288,51.53194923167258,4.199039180317756,28276.0,0.82,486.8394,2699.0,193.3954,1.480479279932185,VLG49VA_328,fuel,78293.67431812166,0.0,False
64944.64880902172,594.1093,-8208.00757640715,-4074.2142242328237,8957.987793665196,51.47790116841779,4.178496148807997,29390.0,0.819577,484.2702,2402.0,193.4179,1.4078968051534972,VLG49VA_328,fuel,73396.47183540062,0.0,False
64909.57571317742,618.8639,-9634.316842549782,-10052.950024941196,9260.05360237701,51.42411060540177,4.158064839902022,30381.0,0.816816,480.574,2105.0,193.443,1.333126375916725,VLG49VA_328,fuel,68500.80121588212,0.0,False
64876.3349634513,643.6184,-11053.06464525691,-15988.484342919886,9524.763850794365,51.37070518352248,4.137789100382359,31249.0,0.813903,477.0494,1808.0,193.4478,1.2568946471856268,VLG49VA_328,fuel,63739.78930313472,0.0,False
64844.97029853942,668.373,-12462.5951104645,-21883.26259304855,9752.118538917108,51.31766301281627,4.1176917420707495,31995.0,0.810811,473.6826,1511.0,193.461,1.1792236007865695,VLG49VA_328,fuel,59086.80689533366,0.0,False
64815.5251865711,693.1275,-13864.183843574865,-27738.836529714452,9942.117666745191,51.264970186776544,4.097753359480018,32618.0,0.807486,470.4422,1214.0,193.4634,1.1001314283334884,VLG49VA_328,fuel,54518.65134420168,0.0,False
64788.04344433952,717.8821,-15257.02941609381,-33556.83738264219,10094.761234278627,51.212612127688395,4.077984492562157,33119.0,0.803885,467.3035,917.0,193.4707,1.0196082149094672,VLG49VA_328,fuel,50016.07126831436,0.0,False
64762.56841057995,742.6366,-16641.882919943902,-39338.19130234326,10210.049241517501,51.16058056049173,4.058373371646082,33498.0,0.799916,464.2126,620.0,193.4875,0.9376341428832099,VLG49VA_328,fuel,45561.351962265166,0.0,False
64739.143333623695,767.3912,-18019.775942042485,-45083.0430487901,10287.981688462003,51.10887422047688,4.038904245606802,33753.0,0.795472,461.1059,323.0,193.5041,0.8542010174323348,VLG49VA_328,fuel,41140.362437825475,0.0,False
64717.81060442873,792.1457,-19390.562863969404,-50790.974701845196,10328.558575112585,51.057496932728476,4.0195782565041585,33886.0,0.790324,457.849,26.0,193.5341,0.7691886352386481,VLG49VA_328,fuel,36734.23217709226,0.0,False
64698.613367738064,816.9003,-20755.0441455679,-56459.56740256656,10331.779901470638,51.006470483259726,4.000382905534907,33897.0,0.789842,457.5484,-0.0,193.5627,0.7614879250584191,VLG49VA_328,fuel,36339.80812530958,0.0,False
64679.60681294779,841.6548,-22121.48512046371,-62123.892730169246,10331.779901225993,50.955479204937745,3.9812014475012854,33897.0,0.78982,457.5351,-0.0,193.5924,0.761337227728917,VLG49VA_328,fuel,36331.43893887196,0.0,False
64660.60439126687,866.4094,-23490.823377900113,-67787.34505927167,10331.779900981219,50.90449253194298,3.962020611815938,33897.0,0.789805,457.5269,-0.0,193.6292,0.7611923534831594,VLG49VA_328,fuel,36323.52974066107,0.0,False
64641.60587966054,891.164,-24863.7713647597,-73449.81564605035,10331.779900736325,50.853511403474876,3.942830203313172,33897.0,0.7898,457.524,-0.0,193.6726,0.7610535353962858,VLG49VA_328,fuel,36316.09790021566,0.0,False
64622.611040075644,915.9185,-26240.998898627455,-79111.20919807667,10331.77990049132,50.8025366330398,3.9236206775174205,33897.0,0.789784,457.5145,-0.0,193.7088,0.7609072979970231,VLG49VA_328,fuel,36308.08052811237,0.0,False
64603.62016658335,940.6731,-27621.77564574489,-84771.61265789733,10331.779900246214,50.7515674563441,3.904402445565533,33897.0,0.789778,457.5113,-0.0,193.7276,0.7607682551463065,VLG49VA_328,fuel,36300.629637839724,0.0,False
64584.632975547735,965.4276,-29004.39987827924,-90431.52327724117,10331.779900001018,50.70059947499684,3.885199698961068,33897.0,0.789773,457.5081,-0.0,193.7464,0.7606292705566722,VLG49VA_328,fuel,36293.18253373617,0.0,False
65944.45744955925,0.0,27986.143788525504,90591.75871010164,30.480000304549332,52.32860183626409,4.7088398918614836,100.0,0.3,198.3755,2500.0,3.1751,1.8875729347026848,VLG49VA_328,pop,114450.42679163552,0.17711219448831828,False
65894.02706591858,26.6911,28135.57078730065,93285.41744836423,369.4566414481147,52.352818410539534,4.711264741341594,1212.0,0.386012,254.2728,2820.0,3.1751,1.813915054398194,VLG49VA_328,pop,105777.82084406255,0.13945763484295207,False
65845.63345155669,53.3821,28327.382799201627,96743.13329754813,751.8620119493381,52.38390394825572,4.7143813565853785,2467.0,0.47623,312.3332,3000.0,323.1385,1.7842217859514045,VLG49VA_328,pop,102649.09095273899,0.1079374569359473,False
65798.13261766073,80.0732,25772.218766477836,100151.06211930282,1158.5962648557993,52.41467731736955,4.676998043039879,3801.0,0.564554,368.5282,3000.0,285.8725,1.7801657030246114,VLG49VA_328,pop,102235.06169490564,0.07513592212394304,False
65750.83187097775,106.7643,20932.040248277375,101527.31535819749,1565.3682342218633,52.42725974492377,4.605722442640595,5136.0,0.577707,375.3337,3000.0,274.1894,1.7690979019402375,VLG49VA_328,pop,101120.43193630502,0.04881236294020731,False
65703.83177449112,133.4554,15820.295016521617,101901.74688775555,1972.1402035905285,52.430798009062556,4.530352697448182,6470.0,0.59125,382.3012,3000.0,262.7229,1.7578949643078456,VLG49VA_328,pop,100013.79883325785,0.03125694956569982,False
65657.13622920804,160.1464,10641.29765359141,101240.40569339825,2378.9121729610183,52.424975149982366,4.453945960095392,7805.0,0.605195,389.4344,3000.0,251.1731,1.7465343748535727,VLG49VA_328,pop,98912.63504938572,0.018672114239878353,False
65610.74911985625,186.8375,5606.947845462972,99523.93762506245,2785.68414233235,52.40961301823439,4.379674555259709,9139.0,0.619554,396.7369,3000.0,242.7757,1.7350395716851053,VLG49VA_328,pop,97818.921504207,0.014254487644307942,False
65564.67431984164,213.5286,788.1618175568487,97044.83097127642,3192.456111703845,52.38734590342231,4.308629699686886,10474.0,0.634341,404.2124,3000.0,235.6401,1.7233865488555653,VLG49VA_328,pop,96730.09626147995,0.011859850073406083,False
65518.91569628615,240.2197,-3770.000382015631,93928.47683183281,3599.228081075358,52.359307513427176,4.241501720721109,11808.0,0.649569,411.8645,3000.0,228.5814,1.7115994056628427,VLG49VA_328,pop,95648.14605386116,0.011133796059832246,False
65473.47711507244,266.9107,-7989.354096762695,90206.1774188855,4006.0000504468303,52.325787059738495,4.179458949100452,13143.0,0.665252,419.6968,3000.0,222.1272,1.6996526083690349,VLG49VA_328,pop,94570.4754211092,0.01057846505132866,False
65428.36244581259,293.6018,-11835.592280777599,85953.52453778079,4412.772019818214,52.2874729740441,4.123014423108245,14478.0,0.681404,427.7129,3000.0,215.0765,1.687557795300754,VLG49VA_328,pop,93497.92521941013,0.010428507116847284,False
65383.57556664496,320.2929,-15193.896664720549,81170.96419089338,4819.543989189476,52.24438033546388,4.0738581547004875,15812.0,0.698038,435.9163,3000.0,208.5244,1.675327416436109,VLG49VA_328,pop,92431.3444386594,0.010435110113143919,False
65339.12036875268,346.984,-18038.253186557376,75937.63118977481,5226.315958560577,52.1972306309886,4.032362135894175,17147.0,0.715171,444.3105,3000.0,200.9993,1.662933829471606,VLG49VA_328,pop,91368.10943537211,0.010780847291857876,False
65295.00076048228,373.675,-20213.986691558468,70269.45549630244,5633.087927931473,52.14618074925364,4.000779086726506,18481.0,0.732816,452.8987,3000.0,192.1732,1.6504026687592974,VLG49VA_328,pop,90310.21894074997,0.011020071404218184,False
65251.220670928196,400.3661,-21519.07173163268,64219.50659676578,6039.8598973021435,52.09172367768337,3.982036876549473,19816.0,0.750989,461.6843,3000.0,183.5802,1.6377050324077813,VLG49VA_328,pop,89255.0448758848,0.011276462197196016,False
65207.784052831936,427.0572,-21913.0674167223,57922.31531627264,6446.631866672098,52.035076900675,3.9766753865063635,21150.0,0.769705,470.6703,3000.0,182.789,1.624867291284891,VLG49VA_328,pop,88206.0072432938,0.0,False
65164.694258526004,453.7483,-22226.06889094587,51497.30835944005,6853.4038360387085,51.97728367021492,3.972518054050389,22485.0,0.788981,479.8598,3000.0,182.7925,1.6118593393354603,VLG49VA_328,pop,87208.51928090132,0.0,False
65121.9369862728,480.4393,-22545.590409893884,44946.57683681441,7260.175805404562,51.91835938004423,3.96828438614153,23819.0,0.80883,489.2556,3000.0,182.7959,1.5987082474478513,VLG49VA_328,pop,86463.71318026047,0.0,False
65079.42784706462,507.1304,-22871.777821009182,38267.315082134286,7666.947774769754,51.8582787834119,3.963973042863751,25154.0,0.82,493.2831,3000.0,182.7966,1.5814498745888548,VLG49VA_328,pop,85553.13745539534,0.0,False
65037.215349721635,533.8215,-23200.732792412844,31533.080112622396,8073.719744134417,51.79770353812072,3.9596363880452814,26489.0,0.82,490.5391,3000.0,182.7969,1.5602985123997657,VLG49VA_328,pop,84003.0326104458,0.0,False
64995.517033994256,560.5126,-23527.874893718716,24836.654221017274,8480.49171349799,51.737468232431375,3.9553348667931405,27823.0,0.82,487.7796,2798.0,182.7929,1.5050816845617636,VLG49VA_328,pop,80012.09542787398,0.0,False
64955.219445390416,587.2036,-23852.842171269353,18175.344995957745,8859.9053185928,51.67754867004251,3.9510736758411356,29068.0,0.82,485.1916,2478.0,182.7845,1.4274188201365035,VLG49VA_328,pop,74699.65352122462,0.0,False
64916.90971264003,613.8947,-24175.31380779255,11545.26345237169,9195.890194330656,51.61790989299454,3.9468574854486898,30170.0,0.819415,482.5436,2158.0,182.7722,1.347843993162234,VLG49VA_328,pop,69547.86461886583,0.0,False
64880.650943909015,640.5858,-24494.79595516403,4947.432214675073,9488.446340705681,51.558561123949374,3.942693117333405,31130.0,0.816814,479.0053,1837.0,182.7566,1.2658074274522917,VLG49VA_328,pop,64405.98938871392,0.0,False
64846.5512003369,667.2768,-24810.326726717878,-1605.73547634444,9737.57375771614,51.49961404756392,3.938593310519051,31947.0,0.813097,475.1178,1517.0,182.7388,1.1820490010835372,VLG49VA_328,pop,59344.71329715949,0.0,False
64814.69246437169,693.9679,-25121.439493746464,-8109.217255822048,9943.272445361472,51.44111386363668,3.9345640770006796,32622.0,0.810431,472.1498,1197.0,182.7212,1.097167476663238,VLG49VA_328,pop,54470.62116996215,0.0,False
64785.08987582217,720.659,-25428.77243682844,-14575.350622843373,10105.542403641764,51.38294960249472,3.930596709798114,33155.0,0.805672,468.2685,876.0,182.7053,1.0097121501786606,VLG49VA_328,pop,49547.68588607582,0.0,False
64757.850798871725,747.3501,-25731.936418413065,-20991.334340922476,10224.383632557745,51.32523641124424,3.9266955404933808,33545.0,0.801848,465.2363,556.0,182.6932,0.9214741741924959,VLG49VA_328,pop,44777.80919628966,0.0,False
64732.98808957912,774.0411,-26031.91195383437,-27368.500627283665,10299.796132111405,51.267872338321105,3.922846931403445,33792.0,0.796895,461.8509,236.0,182.6865,0.8313162379021759,VLG49VA_328,pop,40011.66599473015,0.0,False
64710.57066825166,800.7322,-26329.08596107721,-33701.67448461629,10331.779902309374,51.2109039080244,3.9190446523555718,33897.0,0.793354,459.5828,-0.0,182.6843,0.7638957996406183,VLG49VA_328,pop,36533.08542940991,0.0,False
64689.97439019194,827.4233,-26624.627042501616,-40005.322279804546,10331.779902055403,51.154200971188345,3.9152727512679664,33897.0,0.793417,459.6192,-0.0,182.6856,0.7637921439757016,VLG49VA_328,pop,36528.80570873967,0.0,False
64669.38039137873,854.1144,-26920.335755457563,-46309.46202814659,10331.77990180078,51.097493490105165,3.9115075172255547,33897.0,0.793234,459.5128,-0.0,182.6894,0.7635238039189904,VLG49VA_328,pop,36510.78439862542,0.0,False
64648.79598840303,880.8054,-27216.397012691472,-52612.123320680184,10331.779901545553,51.040799175557076,3.9077461243600764,33897.0,0.793566,459.7054,-0.0,182.6944,0.7636007380917698,VLG49VA_328,pop,36521.56894523185,0.0,False
64628.205835627254,907.4965,-27513.127758422823,-58917.40099925579,10331.779901289807,50.984081186631386,3.9039843327266452,33897.0,0.793112,459.4427,-0.0,182.7,0.763151836988724,VLG49VA_328,pop,36488.50936499828,0.0,False
64607.63329881976,934.1876,-27810.30440919714,-65219.04531082188,10331.77990103354,50.92739573786798,3.90022485055726,33897.0,0.793395,459.6064,-0.0,182.7056,0.7631955795108821,VLG49VA_328,pop,36496.46874390209,0.0,False
64587.056517834724,960.8787,-28108.199645063098,-71522.90608374952,10331.779900776843,50.870690207671366,3.8964642223375323,33897.0,0.79331,459.5573,-0.0,182.7104,0.7629934983490764,VLG49VA_328,pop,36483.97669653792,0.0,False
64566.48639121505,987.5697,-28406.596440354933,-77826.0679400224,10331.779900519721,50.81399082430965,3.8927053104786054,33897.0,0.793235,459.5134,-0.0,182.7141,0.7627974810557548,VLG49VA_328,pop,36471.99810925113,0.0,False
64545.92264375442,1014.2608,-28705.371943647868,-84128.60866803837,10331.779900262218,50.757296894054896,3.8889498524586568,33897.0,0.793283,459.5414,-0.0,182.7162,0.7626847194881672,VLG49VA_328,pop,36466.93311743666,0.0,False
64525.36158904396,1040.9519,-29004.399879113273,-90431.52327727183,10331.779900004358,50.70059947499654,3.885199698949229,33897.0,0.793331,459.5695,-0.0,182.7184,0.7625721804054763,VLG49VA_328,pop,36461.88411109964,0.0,False
65907.2840514266,0.0,6457.0,34950.0,220.98000000000002,52.35365295410156,4.711456298828125,725.0,0.24154771198922603,159.38004893963358,2944.0,3.9575531141278533,1.8872699048738857,VLG49VA_328,real,156559.6635764215,0.17578020327840083,False
65872.57170918935,16.0,6539.0,36243.0,457.20000000000005,52.36528015136719,4.712677001953125,1500.0,0.23754726708081572,156.32018423735306,1472.0,3.667788055531428,1.762318913670866,VLG49VA_328,real,102622.5937168173,0.13555528170968215,False
65812.84431370701,56.0,6736.0,40013.0,693.4200000000001,52.399200439453125,4.7156524658203125,2275.0,0.3288569502915021,215.82400237230334,1344.0,7.454298812748466,1.4434120525631604,VLG49VA_328,real,73870.98290045667,0.10546367079917193,False
65775.87600186192,76.0,7954.0,42084.0,990.6,52.41781978283898,4.733616420200893,3250.0,0.38003065390298724,248.55784035109414,4032.0000000000005,48.09845696712445,1.8768527552094072,VLG49VA_328,real,136388.717049003,0.07563709979907039,False
65705.09274537033,116.0,12898.0,41749.0,1691.64,52.41471862792969,4.806365966796875,5550.0,0.41020221029140824,266.11275805567834,2944.0,132.56335175318986,1.77755869698797,VLG49VA_328,real,104975.78219766353,0.06555143233053516,False
65669.22366939503,136.0,13864.0,39360.0,1965.96,52.393193649033364,4.820486886160714,6450.0,0.39493676334559796,255.38402455909414,3200.0,176.85750422292725,1.8210453956664983,VLG49VA_328,real,113300.59897577405,0.07317288739080781,False
65599.34517273071,176.0,14014.0,34060.0,2590.8,52.34550476074219,4.8224639892578125,8500.0,0.4203096976694887,269.77953962448674,3072.0,170.39801742381488,1.7859657220296923,VLG49VA_328,real,106364.76301104005,0.061835363274955646,False
65571.79303923396,196.0,14501.0,31343.0,2842.26,52.321037680415785,4.829511369977679,9325.0,0.4395852701155265,281.30055101261354,1600.0,169.96842226763883,1.3988006236785384,VLG49VA_328,real,71066.47008446381,0.05746156950823562,False
65540.50774850276,216.0,15034.0,28364.0,3009.9,52.29422359143273,4.837201799665179,9875.0,0.4783042036257557,305.45867150892934,2304.0,170.19847100444173,1.5883301448125855,VLG49VA_328,real,84306.69853089261,0.05226767997266315,False
65492.32607318655,256.0,13977.0,22055.0,3337.56,52.23747641353284,4.821428571428572,10950.0,0.5196620939676052,330.55256768024054,1216.0,199.8053998407216,1.2375156117926456,VLG49VA_328,real,61861.64694283401,0.03672942115084558,False
65459.97195553751,276.0,12802.0,18762.0,3543.3,52.20786919028072,4.8040858677455365,11625.0,0.5423849317065738,344.13950659579905,2688.0,199.6986213745803,1.6425936652562403,VLG49VA_328,real,89007.38358471752,0.033101257628811324,False
65396.162757628605,316.0,10443.0,12046.0,4130.04,52.14749093783104,4.769321986607143,13550.0,0.5543381713696596,349.1847648452034,2368.0,199.57656144709452,1.5570160377912874,VLG49VA_328,real,81837.96022704232,0.029401813472778524,False
65365.28371429899,326.0,9851.0,10369.0,4251.96,52.13240801277807,4.760611397879464,13950.0,0.5602075045921246,352.3464204444257,2432.0,199.56631625360447,1.5677052767317579,VLG49VA_328,real,82664.93732101432,0.02965290715654694,False
65304.86185077973,366.0,7381.0,3371.0,4732.02,52.06947326660156,4.7243499755859375,15525.0,0.5853297696319129,365.9357867167408,2368.0,199.4747753299143,1.5377456466951598,VLG49VA_328,real,80387.483287643,0.030947306458781552,False
65275.010489234846,386.0,6132.0,-186.0,4968.240000000001,52.0374755859375,4.7060394287109375,16300.000000000002,0.5972285258559928,372.2593182178251,2304.0,199.45711001155178,1.5155306630455492,VLG49VA_328,real,78772.5484591563,0.03188790272676153,False
65215.45273169115,426.0,3558.0,-7486.0,5440.68,51.97180279230667,4.6684047154017865,17850.0,0.6161550128340679,381.74467907228257,2432.0,199.4317093734959,1.5302392679573202,VLG49VA_328,real,79835.29229101707,0.034278747593094176,False
65187.59518085339,446.0,2235.0,-11237.0,5669.280000000001,51.93805241988877,4.649100167410714,18600.0,0.6251581184687459,386.18259929727543,1984.0,199.51410287304367,1.4143064271458345,VLG49VA_328,real,72031.93468191243,0.03589992954533774,False
65156.91575258953,466.0,911.0,-14992.0,5890.26,51.904266357421875,4.62982177734375,19325.0,0.6336158975504559,390.287073831558,2624.0,199.45632129149908,1.55757097339324,VLG49VA_328,real,81881.00289864805,0.03730325808420322,False
65103.4657615197,506.0,-1760.0,-22566.0,6347.46,51.83610301906779,4.5909881591796875,20825.0,0.646205665199075,395.6677899450497,1280.0,199.48822978065047,1.1922899994373064,VLG49VA_328,real,59474.198292270914,0.005979475881598243,False
65077.4718175225,526.0,-3128.0,-26435.0,6515.1,51.80128194518008,4.5711517333984375,21375.0,0.6579868514899166,401.99129343805447,1728.0,199.47165937554456,1.3196925413942044,VLG49VA_328,real,66397.42748400384,0.0,False
65026.001914727836,566.0,-5921.0,-34333.0,6850.38,51.73017883300781,4.530746872360642,22475.0,0.6796198518701304,413.36303656713187,1792.0,199.3554597990714,1.3294606194921936,VLG49VA_328,real,66956.57198742082,0.0,False
65003.30206118186,586.0,-7345.0,-38375.0,6979.92,51.69379282805879,4.51019287109375,22900.0,0.6948660671762729,421.9052026225797,1152.0,199.37977108020397,1.1524541031017876,VLG49VA_328,real,57423.78876359931,0.0,False
64947.805526197815,626.0,-10243.0,-46600.0,7414.26,51.619720458984375,4.468466269003378,24325.0,0.6968300779140824,420.63047916193614,1664.0,199.2964745574893,1.2754802732939008,VLG49VA_328,real,63922.64895142727,0.0,False
64925.52248265329,646.0,-11694.0,-50704.0,7536.18,51.582765740863344,4.4476318359375,24725.0,0.7090269778394096,427.28561876103436,1152.0,199.41028238140836,1.1312929799511076,VLG49VA_328,real,56351.21047399314,0.0,False
64900.778396723545,666.0,-13136.0,-54792.0,7658.1,51.54594292074947,4.4269561767578125,25125.0,0.7201650531970076,433.27820162108316,1600.0,199.27132414834443,1.256238208802575,VLG49VA_328,real,62871.85735814016,0.0,False
64855.52442878418,706.0,-16129.0,-63269.0,7955.280000000001,51.469573974609375,4.384138777449325,26100.0,0.7336548506821684,439.6020928066653,832.0,199.2592916437672,1.0315996682920547,VLG49VA_328,real,51437.65699240182,0.0,False
64829.087761353985,726.0,-17652.0,-67581.0,8084.820000000001,51.43072613215042,4.3624114990234375,26525.0,0.7439593218352479,444.9820221087589,1984.0,199.29004621918875,1.342169269531012,VLG49VA_328,real,67690.87061771116,0.0,False
64784.45869245477,766.0,-20617.0,-76005.0,8503.92,51.35481262207031,4.320225071262669,27900.0,0.7376636601483199,438.65818127558043,320.0,199.30237452013094,0.8473166946956991,VLG49VA_328,real,42772.61732305609,0.0,False
64766.7289866828,786.0,-22304.0,-80311.0,8526.78,51.31599426269531,4.296248152449325,27975.0,0.7538783422333845,448.1573384426501,448.0,202.84605720391994,0.9001235238062347,VLG49VA_328,real,45216.07733820838,0.0,False
64721.7526878686,826.0,-25986.0,-88893.0,8717.28,51.238605046676376,4.2440032958984375,28600.0,0.7762642881959112,460.23580912397506,1664.0,202.88800302498302,1.2435993222960384,VLG49VA_328,real,62228.8126765525,0.0,False
64700.44351272093,846.0,-27840.0,-93218.0,8884.92,51.19959427138506,4.2177581787109375,29150.0,0.7765405196910903,459.31470692761405,1088.0,202.9365190216416,1.081850430572401,VLG49VA_328,real,53934.52922902694,0.0,False
64658.18655827526,886.0,-31629.0,-101995.0,9067.800000000001,51.12040891485699,4.164276123046875,29750.000000000004,0.7936825381133638,468.2413907377262,1024.0,203.0057843557948,1.0650075760190847,VLG49VA_328,real,53282.42611724198,0.0,False
64635.90251715665,906.0,-33496.0,-106359.0,9189.720000000001,51.081024169921875,4.137985641891892,30150.000000000004,0.8013142395970264,471.9258416319242,1280.0,202.81598665473,1.131343626019956,VLG49VA_328,real,56739.3267144471,0.0,False
64615.69156794417,926.0,-35408.0,-110813.0,9288.78,51.04083251953125,4.111113677153717,30475.0,0.8069014486851392,474.54609891979936,896.0,202.94493072315123,1.0260943446318693,VLG49VA_328,real,51728.38162472512,0.0,False
64569.965183303895,966.0,-39311.0,-119897.0,9563.1,50.958826097391416,4.056396484375,31375.0,0.8087535860256927,473.7699863857988,1664.0,202.7221953433181,1.213042332638822,VLG49VA_328,real,61234.1421201706,0.0,False
64547.13679678843,976.0,-40245.0,-122080.0,9646.92,50.939117431640625,4.043339909733953,31650.0,0.8065783817747647,471.9258416319242,1472.0,202.81598665473,1.158979623091204,VLG49VA_328,real,58369.64482706666,0.0,False
64504.596479754415,1016.0,-44065.0,-130954.0,9890.76,50.85897154727224,3.990020751953125,32450.0,0.8071831573644932,470.6166167912051,1600.0,202.75097634278765,1.1802075792558335,VLG49VA_328,real,59534.25393708246,0.0,False
64480.578648211165,1036.0,-45944.0,-135314.0,10081.26,50.81958835407839,3.9638519287109375,33075.0,0.8008310977896653,465.62001675185746,1792.0,202.87543669541893,1.2193668321938458,VLG49VA_328,real,61418.288763880984,0.0,False
64442.013776193584,1076.0,-49757.0,-144172.0,10309.86,50.739565057269594,3.9109039306640625,33825.0,0.8060315904179679,467.07708143303284,1216.0,202.6670452564749,1.0592717902176263,VLG49VA_328,real,53528.4006175144,0.0,False
64421.59913545933,1096.0,-51614.0,-148483.0,10431.78,50.7006008342161,3.88519287109375,34225.0,0.8058847771457672,466.1544808322666,1152.0,202.71441235316723,1.0364356065068439,VLG49VA_328,real,52445.79676172964,0.0,False
70779.51971987016,0.0,-77083.6897065114,48798.8274872586,30.480000302063218,52.32859812136131,4.708836178351966,100.0,0.3,198.3755,2500.0,3.1752,1.9509229601064444,AUA3NA_1264,fuel,123403.69641404241,0.17710267558553214,True
70735.15627160312,22.7204,-76956.45520413,51092.428223453244,319.02862871272947,52.349239810164335,4.7101809556318965,1047.0,0.362245,238.7541,2773.0,3.1752,1.897444152138339,AUA3NA_1264,fuel,115736.52439322788,0.14350508995827588,True
70692.03838188572,45.4407,-76803.17513621636,53855.540980061465,639.0457256350228,52.37410694273574,4.711802550870246,2097.0,0.42993,282.3326,3000.0,37.2557,1.8662889715716144,AUA3NA_1264,fuel,111788.20429813783,0.11299103745996958,True
70649.67018714691,68.1611,-74820.3328292907,56462.57137923761,985.3040797277569,52.39782340778929,4.7404235247048385,3233.0,0.499313,326.594,3000.0,71.3363,1.8269421167221558,AUA3NA_1264,fuel,107209.41923032227,0.0842546278681897,True
70608.24827416909,90.8815,-71225.77706038082,57676.72556370134,1331.562433821083,52.40922014666118,4.793137286563487,4369.0,0.5701,371.4025,3000.0,105.4168,1.8208555412318128,AUA3NA_1264,fuel,106535.76319531901,0.0706471070346905,True
70567.01559855274,113.6018,-67062.60866166672,56528.68199529344,1677.820787914639,52.39942210770396,4.854737343189472,5505.0,0.581412,377.2435,3000.0,125.6395,1.8116550231555095,AUA3NA_1264,fuel,105533.29784671284,0.08361726723639479,True
70525.99516933672,136.3222,-63497.4304129178,53972.54680880925,2024.0791420080711,52.376861207334734,4.9077666614513955,6641.0,0.593008,383.2027,3000.0,125.634,1.802336568490129,AUA3NA_1264,fuel,104536.56221511512,0.0858980460483925,True
70485.18966496,159.0425,-59875.40173444461,51376.17827348049,2370.3374961013756,52.353921027528145,4.9615860240586,7777.0,0.604897,389.2823,3000.0,125.6316,1.7929007083320727,AUA3NA_1264,fuel,103545.39465023152,0.060081460042906924,True
70444.60174734719,181.7629,-56195.52111355931,48738.57347523266,2716.5958501945415,52.3305915475196,5.0162077679267965,8913.0,0.617085,395.4845,3000.0,125.64,1.7833478883580725,AUA3NA_1264,fuel,102559.6295606712,0.04512642407929369,True
70404.23406353766,204.4833,-52457.13174481755,46058.20367528723,3062.854204287557,52.306857943458525,5.071639129521567,10049.0,0.629583,401.8116,3000.0,125.6478,1.7736785189614612,AUA3NA_1264,fuel,101579.10301171578,0.03922244785857279,True
70364.08924735946,227.2036,-48659.04003325621,43334.24426099571,3409.112558380409,52.28271173802138,5.127895004993606,11185.0,0.642396,408.2658,3000.0,125.6617,1.76389287975016,AUA3NA_1264,fuel,100603.64334744141,0.03394108852187563,True
70324.16992112425,249.924,-44800.35266976923,40565.40743847237,3755.370912473084,52.258140215809384,5.1849858243823155,12321.0,0.655535,414.8495,3000.0,125.6786,1.753991273493441,AUA3NA_1264,fuel,99633.08697895394,0.0328524420726625,True
70284.47869731655,272.6444,-40880.020009758475,37750.57946056144,4101.629266565569,52.23313219737474,5.2429241612370525,13457.0,0.669006,421.5647,3000.0,125.6867,1.7439737210176856,AUA3NA_1264,fuel,98667.24871908339,0.031641483737440565,True
70245.01818024735,295.3647,-36896.38299619847,34889.45141330979,4447.8876206578425,52.20768373590139,5.301731313504685,14593.0,0.68282,428.4137,3000.0,125.6986,1.733840327253211,AUA3NA_1264,fuel,97705.95810572297,0.030075735963459423,True
70205.79096763874,318.0851,-32848.39252537153,31980.821394003317,4794.145974749884,52.181782752969845,5.361419604876272,15729.0,0.696985,435.3986,3000.0,125.7164,1.7235910286182485,AUA3NA_1264,fuel,96749.03498093686,0.028299009132456084,True
70166.79965210211,340.8055,-28735.084101695826,29023.3274710546,5140.404328841667,52.1554156785371,5.42199999172749,16865.0,0.71151,442.5215,3000.0,125.7264,1.7132257064735128,AUA3NA_1264,fuel,95796.30070814933,0.02599256320399934,True
70128.04682247,363.5258,-24554.78075984619,26016.556897182083,5486.662682933162,52.12857746398912,5.483493649875531,18001.0,0.726404,449.7846,3000.0,125.7342,1.7027442560085098,AUA3NA_1264,fuel,94847.58435191218,0.023439446793329297,True
70089.53506493513,386.2462,-20306.064844074244,22959.69484123556,5832.921037024332,52.10125936623467,5.545917853195662,19137.0,0.741677,457.1899,3000.0,125.7501,1.6921464341330803,AUA3NA_1264,fuel,93902.70873956442,0.021797364537919035,True
70051.26696394832,408.9666,-15988.044069018462,19851.156439826747,6179.179391115137,52.07344563942828,5.609282081286136,20273.0,0.757338,464.7393,3000.0,125.746,1.6814319285799064,AUA3NA_1264,fuel,92961.50385862734,0.015368888589661837,True
70013.24509774709,431.6869,-11598.292678906097,16691.44844967104,6525.437745205525,52.04513933288008,5.673617997644645,21409.0,0.773396,472.4346,3000.0,125.7464,1.6706003764928128,AUA3NA_1264,fuel,92030.734923965,0.0,True
69975.46985009302,454.4073,-7135.674552490506,13479.248369033587,6871.696099295436,52.01632693056062,5.738938340751901,22545.0,0.789861,480.2779,3000.0,125.754,1.659651593990911,AUA3NA_1264,fuel,91169.45466040229,0.0,True
69937.92464315055,477.1276,-2599.2126194854336,10212.976837177604,7217.954453384852,51.98699254552451,5.805253359883246,23681.0,0.806743,488.2707,3000.0,125.7378,1.6485849413182168,AUA3NA_1264,fuel,90529.22904218295,0.0,True
69900.55013089896,499.848,2013.8696119204617,6893.519930460229,7564.212807473848,51.95714239201629,5.872599395473905,24817.0,0.82,493.9738,3000.0,125.7207,1.6360325422509991,AUA3NA_1264,fuel,90036.52505414409,0.0,True
69863.30318897942,522.5684,6681.933563415955,3536.6227685460144,7910.4711615625965,51.92691647936957,5.940656859271364,25953.0,0.82,491.6422,3000.0,125.7035,1.6194855350892146,AUA3NA_1264,fuel,88757.59074641396,0.0,True
69826.39548767895,545.2887,11328.780721501862,197.09531132734452,8256.729515650668,51.896808016158175,6.008313989486631,27089.0,0.82,489.2995,3000.0,125.6649,1.6039315072173421,AUA3NA_1264,fuel,87591.40706213689,0.0,True
69789.80090783263,568.0091,15955.53654857942,-3123.268413933265,8602.987869738028,51.86683375539449,6.0755887305958005,28225.0,0.82,486.9456,3000.0,125.6325,1.5894332857988234,AUA3NA_1264,fuel,86538.66199528109,0.0,True
69753.49155159063,590.7295,20561.709560977743,-6424.920667651563,8949.24622382464,51.83699024222626,6.142475382677667,29361.0,0.82,484.5802,3000.0,125.5988,1.5760499256370406,AUA3NA_1264,fuel,85600.41687351355,0.0,True
69717.43776373156,613.4498,25147.246805835726,-9707.699726102876,9295.504577910498,51.807279531815425,6.208974639991963,30497.0,0.82,482.2032,2774.0,125.5471,1.5215876697256088,AUA3NA_1264,fuel,81635.20950877832,0.0,True
69682.5512269335,636.1702,29715.154781466877,-12971.624515781523,9615.633767943109,51.77770188819029,6.275131647435146,31547.0,0.82,479.9951,2501.0,125.4979,1.4566324371270063,AUA3NA_1264,fuel,77150.393732458,0.0,True
69649.05988779083,658.8906,34267.19724702782,-16218.30930877542,9904.294489471833,51.74824320234167,6.3409732130411065,32494.0,0.82,477.9953,2228.0,125.4546,1.3898716842262953,AUA3NA_1264,fuel,72785.78390948672,0.0,True
69617.00283121892,681.6109,38804.87784971665,-19449.587525617393,10161.486742490668,51.71888735194381,6.406522184082803,33338.0,0.81741,474.7022,1956.0,125.4085,1.3214877536087766,AUA3NA_1264,fuel,68350.58483546093,0.0,True
69586.48448439433,704.3313,43315.91465128444,-22656.417323674606,10387.210526997744,51.6897170318546,6.4716026275723895,34079.0,0.814555,471.4795,1683.0,125.363,1.2511048250374173,AUA3NA_1264,fuel,63961.87053084414,0.0,True
69557.55742991091,727.0517,47800.815177027616,-25839.30864528469,10581.465842992293,51.6607283321533,6.536223622392677,34716.0,0.8116,468.4229,1410.0,125.3214,1.1789220583753022,AUA3NA_1264,fuel,59626.48457269251,0.0,True
69530.27147462085,749.772,52260.9452560161,-28999.75534554566,10744.252690474043,51.63190839180809,6.60040647415904,35250.0,0.808491,465.5018,1138.0,125.285,1.1051565191494102,AUA3NA_1264,fuel,55339.58704785209,0.0,True
69504.6784179394,772.4924,56697.67132477054,-32139.385831005726,10875.571069443078,51.60324309064995,6.664172334982717,35681.0,0.805215,462.7084,865.0,125.2538,1.0292772403233252,AUA3NA_1264,fuel,51059.0283901732,0.0,True
69480.83003376427,795.2127,61112.68391035073,-35260.04421828979,10975.42097989981,51.574716285239035,6.727546863834522,36009.0,0.801765,460.0374,592.0,125.2223,0.9515287303371229,AUA3NA_1264,fuel,46789.12664629267,0.0,True
69458.77650929848,817.9331,65507.645304077334,-38362.90821064964,11043.802421845234,51.546317770792335,6.790555271591583,36233.0,0.798107,457.7698,320.0,125.2062,0.8721645250142871,AUA3NA_1264,fuel,42533.14919249738,0.0,True
69438.5661281624,840.6535,69882.22558475233,-41449.54950655112,11080.715395281552,51.5180339920597,6.8531937727025705,36354.0,0.794179,455.517,47.0,125.1957,0.7908293571287599,AUA3NA_1264,fuel,38263.19921666927,0.0,True
69420.2454134511,863.3738,74235.48645410239,-44519.945500421636,11086.159900215813,51.48986581674297,6.915450060312975,36372.0,0.79343,455.0871,-0.0,125.1827,0.7764665288139553,AUA3NA_1264,fuel,37516.685034610906,0.0,True
69402.2609327452,886.0942,78585.28130054427,-47586.4256680717,11086.159900003435,51.46170044036556,6.977580301050384,36372.0,0.79268,454.6573,-47.0,125.1698,0.7621673822180092,AUA3NA_1264,fuel,36774.44041512209,0.0,True
70779.51971985691,0.0,-77083.6897064628,48798.82748720343,30.480000304617555,52.32859812136082,4.708836178352693,100.0,0.3,198.3755,2284.0,3.1752,1.9005873405320384,AUA3NA_1264,pop,116153.4393223327,0.17710267558415252,True
70734.66216454115,23.581,-76951.45677195108,51182.532773549836,304.04341230608145,52.35005072264699,4.710233809050739,998.0,0.371847,245.1243,2567.0,3.1752,1.8368004641045885,AUA3NA_1264,pop,108319.08728127583,0.14643893771706418,True
70691.35013408579,47.162,-76787.9148002809,54130.63238163343,611.5044148879838,52.37658267646909,4.711964086424912,2006.0,0.44965,295.3757,2850.0,38.5466,1.8229546967859322,AUA3NA_1264,pop,106767.13318886768,0.11625150005723253,True
70648.42261781676,70.7429,-74569.4667131631,56914.948451873905,952.863008050119,52.401925365647976,4.744019392506428,3126.0,0.526997,344.8304,3000.0,51.7434,1.8257028892986913,AUA3NA_1264,pop,107071.5685269376,0.08313410537853248,True
70605.48954372032,94.3239,-71303.54281346138,59490.20510311671,1312.2371884159638,52.425516995741965,4.791603002746763,4305.0,0.569477,371.0799,3000.0,64.0408,1.8213255953980023,AUA3NA_1264,pop,106587.48567626519,0.06396328670341761,True
70562.68926977749,117.9049,-67277.44919158654,61450.3128542469,1671.6113687818374,52.44365211454515,4.850577436865457,5484.0,0.581206,377.1378,3000.0,80.0868,1.811781280648438,AUA3NA_1264,pop,105546.92908726302,0.057944466243806475,True
70520.11765695325,141.4859,-62794.0362738615,62233.85703857961,2030.9855491476524,52.45123072324044,4.916571794356109,6663.0,0.593242,383.3228,3000.0,94.605,1.8021098616024007,AUA3NA_1264,pop,104512.53807005397,0.049780892100189614,True
70477.77769962123,165.0669,-58182.59033943488,61862.422955173206,2390.359729513479,52.448400337140775,4.984680255196503,7842.0,0.605593,389.6376,3000.0,103.1451,1.7923120384425875,AUA3NA_1264,pop,103484.14348863566,0.03912293670767424,True
70435.67237282844,188.6479,-53602.861181038505,60792.889947296266,2749.7339098793263,52.43925020029386,5.052424410223705,9021.0,0.618268,396.0846,3000.0,108.5029,1.7823882781775948,AUA3NA_1264,pop,102461.5571211086,0.03133081761829589,True
70393.80463424788,212.2288,-49068.87931851735,59275.583275121724,3109.1080902451813,52.4260307384183,5.119531682074443,10200.0,0.631276,402.6664,3000.0,112.3536,1.7723390461379078,AUA3NA_1264,pop,101444.59683732397,0.02483886275546739,True
70352.17742618563,235.8098,-44573.22933632225,57426.86928833363,3468.4822706110194,52.409790053089516,5.186077910190397,11380.0,0.644626,409.3854,3000.0,115.5845,1.762153300813282,AUA3NA_1264,pop,100431.95245499673,0.025548475973299196,True
70310.79367761084,259.3908,-40115.45607020911,55292.54116044568,3827.8564509767953,52.39094089284172,5.252051326362683,12559.0,0.658327,416.2443,3000.0,119.6917,1.7518537725965013,AUA3NA_1264,pop,99425.66838420625,0.02610065001743453,True
70269.65630617326,282.9718,-35749.77478982775,52803.24243996558,4187.230631342532,52.368856920878436,5.316649945774234,13738.0,0.672389,423.2453,3000.0,122.8391,1.7414293654985715,AUA3NA_1264,pop,98424.4239205868,0.022532971325793974,True
70228.76822016994,306.5528,-31456.06692170682,50031.98380478485,4546.6048117082455,52.344198070794434,5.380151007485838,14917.0,0.686823,430.3911,3000.0,125.2727,1.7308802483289958,AUA3NA_1264,pop,97428.03503184092,0.02024623247922471,True
70188.13232041549,330.1338,-27213.204011335434,47030.9087121003,4905.97899207392,52.31743603081092,5.4428519294817885,16096.0,0.701637,437.6839,3000.0,127.3204,1.7202062530702733,AUA3NA_1264,pop,96436.29308533744,0.019078643948800374,True
70147.75150196797,353.7147,-23010.01591957062,43826.566614147116,5265.353172439549,52.28881124881823,5.50490770875288,17275.0,0.716842,445.1262,3000.0,128.9786,1.7094073142691721,AUA3NA_1264,pop,95449.00679810559,0.018895188633063022,True
70107.6286556552,377.2957,-18831.217017463427,40445.225526165064,5624.7273528051155,52.258561441529956,5.56653495732843,18454.0,0.732448,452.7202,3000.0,130.3908,1.698483157797353,AUA3NA_1264,pop,94465.97321691041,0.018378532272811155,True
70067.76666934189,400.8767,-14666.957104459132,36902.31141932233,5984.101533170625,52.22682621578049,5.627871808250735,19633.0,0.748466,460.4682,3000.0,131.5684,1.687433537975289,AUA3NA_1264,pop,93486.9995708052,0.017402879094383213,True
70028.1684288712,424.4577,-10506.175431566695,33212.295053222246,6343.475713535991,52.19373631818206,5.689074635292562,20812.0,0.764907,468.3723,3000.0,131.9616,1.6762580912200016,AUA3NA_1264,pop,92512.59946421432,0.003124917251635657,True
69988.83654617683,448.0387,-6299.629551841043,29429.807917073667,6702.84989390089,52.159783778301886,5.750859088000607,21991.0,0.78178,476.4347,3000.0,131.9873,1.6649565270703588,AUA3NA_1264,pop,91569.4647456873,0.0,True
69949.76532721755,471.6197,-2022.2099701877364,25580.12136359877,7062.22407426562,52.125194992193556,5.8135879965921475,23170.0,0.799098,484.6573,3000.0,132.0082,1.653528349460893,AUA3NA_1264,pop,90771.6109126349,0.0,True
69910.91551242622,495.2006,2327.7840973017437,21662.242514685735,7421.598254630216,52.08995946147604,5.8772814581166575,24349.0,0.816871,493.042,3000.0,132.0316,1.6419728073636664,AUA3NA_1264,pop,90353.31308508849,0.0,True
69872.17926334692,518.7816,6751.5811749150525,17674.620048713245,7780.972434994734,52.054061596508575,5.941952451312834,25528.0,0.82,492.5155,3000.0,132.0593,1.6255117918505653,AUA3NA_1264,pop,89218.50326980141,0.0,True
69833.75272446788,542.3626,11168.601250888396,13689.228853085948,8140.346615359088,52.01814864048843,6.006420676558061,26707.0,0.82,490.0882,3000.0,132.0872,1.6089935427765865,AUA3NA_1264,pop,87966.4548802884,0.0,True
69795.67318830751,565.9436,15561.73384024855,9721.508637213687,8499.720795723231,51.98236018984893,6.07043750792965,27886.0,0.82,487.6488,3000.0,132.115,1.5935902155375805,AUA3NA_1264,pop,86836.28898928738,0.0,True
69757.91009342129,589.5246,19930.896466241385,5771.591674683072,8859.09497608716,51.946698110848885,6.134003458909543,29065.0,0.82,485.1971,3000.0,132.1447,1.579369153498081,AUA3NA_1264,pop,85829.0617251895,0.0,True
69720.43083377714,613.1056,24275.859543662446,1839.4509848301666,9218.46915645087,51.91116284043186,6.197116897627264,30244.0,0.82,482.7331,2832.0,132.1745,1.5352689726462816,AUA3NA_1264,pop,82612.6350778667,0.0,True
69683.91964205889,636.6865,28598.04078636614,-2076.1530098618036,9557.74717698829,51.87574382224575,6.259800086273998,31357.0,0.82,480.3951,2549.0,132.2025,1.4682605562003717,AUA3NA_1264,pop,77932.97633860311,0.0,True
69648.90298348607,660.2675,32899.652484196034,-5976.955794240559,9863.127606947399,51.840425940637225,6.3220866628698325,32359.0,0.819628,478.064,2266.0,132.231,1.399291875061403,AUA3NA_1264,pop,73361.64746294393,0.0,True
69615.43368172715,683.8485,37180.62478186098,-9862.923962248145,10134.610446326582,51.80521006579698,6.383977064658212,33250.0,0.816756,474.5094,1983.0,132.2588,1.3283468876513775,AUA3NA_1264,pop,68726.28984895466,0.0,True
69583.62034061989,707.4295,41429.927226198204,-13723.908997899563,10372.195695125347,51.77018884322799,6.4453136532076245,34030.0,0.813778,471.1337,1700.0,132.282,1.255491298837445,AUA3NA_1264,pop,64171.13409689702,0.0,True
69553.51717639425,731.0105,45649.40363387202,-17560.913617572307,10575.88335334349,51.735353907243486,6.506125242438068,34698.0,0.810676,467.928,1417.0,132.3014,1.1806977181492144,AUA3NA_1264,pop,59673.81008037359,0.0,True
69525.18016696793,754.5914,49840.88094553698,-21375.04534502893,10745.673420980933,51.7006958873919,6.566440234493177,35255.0,0.807437,464.8848,1134.0,132.321,1.1039210233397154,AUA3NA_1264,pop,55215.42783116948,0.0,True
69498.66650047957,778.1724,54006.204825774425,-25167.990586471864,10881.56589803771,51.666200143888005,6.626287059824445,35701.0,0.804023,461.9821,851.0,132.3406,1.0251326752442813,AUA3NA_1264,pop,50779.4974195712,0.0,True
69474.03390994777,801.7534,58147.44964829198,-28941.59528374613,10983.560784513926,51.63185051763327,6.685697257600719,36035.0,0.8004,459.1987,568.0,132.3564,0.9443287746752398,AUA3NA_1264,pop,46353.40020110826,0.0,True
69451.33888667227,825.3344,62266.40026295596,-32696.966708146996,11051.65808040985,51.59763745788779,6.744698115483751,36259.0,0.7965,456.848,285.0,132.3675,0.8614449890302514,AUA3NA_1264,pop,41922.96047822907,0.0,True
69430.63645693385,848.9154,66363.51988213032,-36433.88821131189,11085.857785726084,51.56356341852559,6.803297912347326,36371.0,0.792266,454.4195,3.0,132.3757,0.7770327234346682,AUA3NA_1264,pop,37506.309062701366,0.0,True
69411.979142008,872.4964,70438.06763654732,-40151.28764273066,11086.159900464529,51.529638678748306,6.8614876726322205,36372.0,0.79219,454.3761,-0.0,132.3818,0.7759547470391905,AUA3NA_1264,pop,37449.08259421248,0.0,True
69393.34523716473,896.0773,74511.82568062392,-43868.76572814387,11086.159900232795,51.49568465324109,6.919579404088801,36372.0,0.792175,454.3678,-0.0,132.3853,0.7757905390578077,AUA3NA_1264,pop,37439.60074697207,0.0,True
69374.71575697948,919.6583,78585.28130050514,-47586.425668009586,11086.159900000974,51.461700440366116,6.9775803010498345,36372.0,0.792161,454.3595,-0.0,132.3888,0.7756263948026785,AUA3NA_1264,pop,37430.124213819974,0.0,True
70761.5296129831,0.0,6334.0,33038.0,22.86,52.33644647113347,4.7096034458705365,75.0,0.16507423926639428,109.16501271011697,64.0,3.1507164132677414,1.619118618365164,AUA3NA_1264,real,86892.97110943712,0.1969563443760367,True
70707.3800704085,28.0,6448.0,35144.0,198.12,52.35539323192531,4.711329868861608,650.0,0.22608295141036416,149.21461054467824,2432.0,3.0733325110733523,1.887745631880603,AUA3NA_1264,real,159750.72165669818,0.18548983557125936,True
70665.83745725913,58.0,6542.0,37464.0,541.02,52.37626647949219,4.7127532958984375,1774.9999999999998,0.2406375003302995,158.2024020045208,1728.0,2.89857679928171,1.850284919146144,AUA3NA_1264,real,121711.08520792736,0.12835774253212512,True
70611.65533752282,88.0,6698.0,40162.0,739.14,52.40054890260858,4.7150966099330365,2425.0,0.3042413627787505,199.56452590578317,1344.0,4.310625824820529,1.588898217079722,AUA3NA_1264,real,84362.81414914376,0.10136064444111426,True
70574.39735290039,108.0,6988.0,42398.0,914.4000000000001,52.420659469345864,4.719412667410714,3000.0,0.36175431077528486,236.81216184985095,1984.0,15.679524122419252,1.689273209695029,AUA3NA_1264,real,93636.31575978725,0.07813632053534054,True
70513.93830576389,138.0,8841.0,45963.0,1341.1200000000001,52.45271301269531,4.7467803955078125,4400.0,0.4181509155621189,272.3820845797315,3968.0,29.953608167801498,1.8764105755640186,AUA3NA_1264,real,136011.3358470801,0.052853502580423525,True
70473.08736869086,168.0,11750.0,48941.0,1897.38,52.47945494570974,4.789725167410714,6225.0,0.4404991360354407,285.0771825313278,3584.0,67.30283372337207,1.8539552695619599,AUA3NA_1264,real,123109.58255803713,0.04153093943195991,True
70410.28349340963,198.0,16046.0,49492.0,2583.1800000000003,52.48429870605469,4.853057861328125,8475.0,0.4265446686732926,273.80650101851126,4544.0,85.60129464500447,1.8849506112236294,AUA3NA_1264,real,148227.45914376344,0.037686881232651855,True
70369.39607147724,218.0,18810.0,49471.0,2941.32,52.48402404785156,4.893798828125,9650.0,0.4329756752891505,276.739950133695,3136.0,100.61965527615514,1.8214166458705445,AUA3NA_1264,real,113415.48862157765,0.0363351072957733,True
70316.21802206904,258.0,23186.0,45842.0,3406.1400000000003,52.451202392578125,4.958038330078125,11175.0,0.4792497653052224,304.591529757477,1344.0,145.16208319400076,1.3449793976900373,AUA3NA_1264,real,67861.15447111087,0.037258677050218354,True
70283.75874316468,278.0,25070.0,43144.0,3558.54,52.426849365234375,4.9855804443359375,11675.0,0.5173353646215902,328.18439938546743,2240.0,145.050887266845,1.6063760647210108,AUA3NA_1264,real,85821.08119984143,0.038311973660215326,True
70226.21816796467,308.0,28043.0,38970.0,3970.02,52.38914360434322,5.02899169921875,13025.0,0.5350413684202017,337.69957062454193,3008.0,144.52149166669508,1.7429617788326255,AUA3NA_1264,real,99975.87247892801,0.036112667310914025,True
70187.88641069797,328.0,30470.0,36490.0,4282.4400000000005,52.36669921875,5.0644683837890625,14050.000000000002,0.5499585401155218,345.7687088213738,2816.0,128.6598082540901,1.7021214667033209,AUA3NA_1264,real,95037.41162881041,0.03275200163035508,True
70131.41693294146,368.0,36236.0,32106.0,4846.320000000001,52.326903262380824,5.14874267578125,15900.000000000002,0.5737998668951889,358.20943594495105,2816.0,127.28577260570117,1.6855408715485862,AUA3NA_1264,real,93246.15833728324,0.028534548475507557,True
70075.38222959523,398.0,40692.0,28759.0,5288.280000000001,52.296478271484375,5.213775634765625,17350.0,0.5828352786388751,361.80796011143815,3520.0000000000005,127.2499635770807,1.7789718991054813,AUA3NA_1264,real,105230.27762179288,0.02784717006902514,True
70039.99473388246,418.0,43686.0,26506.0,5570.22,52.27597511420815,5.257428850446429,18275.0,0.5901672575945691,365.0342449688796,2112.0,127.65472224883591,1.5121031902319726,AUA3NA_1264,real,78539.57884454812,0.026558967093237334,True
69989.54470812783,458.0,49770.0,21908.0,5989.320000000001,52.23408508300781,5.3459930419921875,19650.0,0.6187588271444596,380.64419081341566,1984.0,127.74296595958404,1.4637634590144115,AUA3NA_1264,real,75223.56597996132,0.024822329330374922,True
69956.76057967797,478.0,52946.0,19519.0,6195.06,52.21229165287341,5.392168317522322,20325.0,0.6324487706998118,388.0206180088888,2112.0,127.46055486049069,1.4902533226726637,AUA3NA_1264,real,77012.73791039122,0.016146439188101,True
69905.78394660412,508.0,57737.0,15925.0,6545.58,52.179473876953125,5.46173095703125,21475.0,0.6445595456138351,393.6292672045614,2240.0,127.56859202882748,1.5109035469045469,AUA3NA_1264,real,78454.79937805978,0.0,True
69871.98748258594,528.0,61035.0,13429.0,6781.8,52.156661728681144,5.509565080915179,22250.0,0.6510854436811221,396.36977684985015,2304.0,128.5469325539534,1.5190138008738245,AUA3NA_1264,real,79033.53572837307,0.0,True
69823.99675345607,568.0,67349.0,8290.0,7200.900000000001,52.109690520722985,5.600908551897322,23625.0,0.6660153988948199,403.18978161654843,1920.0,129.9693248590392,1.4089227825448618,AUA3NA_1264,real,71705.84629770293,0.0,True
69792.79391905267,588.0,70553.0,5691.0,7399.02,52.085906982421875,5.6472015380859375,24275.0,0.6739474546280096,406.90170803278767,1920.0,129.715426768417,1.4026703392013886,AUA3NA_1264,real,71318.77109635947,0.0,True
69746.63185508482,618.0,75449.0,1748.0,7680.96,52.04977779065148,5.71783447265625,25200.0,0.6848378826360636,411.895617845104,1856.0,129.6808990923869,1.3764817080983858,AUA3NA_1264,real,69725.10107112872,0.0,True
69717.13385243295,638.0,78820.0,-962.0,7863.84,52.024918895656775,5.766409737723214,25800.0,0.6925301924335626,415.4816482108446,1600.0,129.6290053044643,1.2989959478687008,AUA3NA_1264,real,65235.60464922418,0.0,True
69671.72250368477,678.0,85487.0,-6316.0,8229.6,51.97575973252118,5.8623046875,27000.0,0.702037551818184,419.068013572976,1792.0,129.57799968473856,1.3419286193648077,AUA3NA_1264,real,67684.43289119223,0.0,True
69643.8128847496,698.0,88936.0,-8868.0,8389.62,51.9522508524232,5.911900111607143,27525.0,0.709906519775778,422.82502291136933,1408.0,126.24655283226942,1.2266210591479365,AUA3NA_1264,real,61286.852948527034,0.0,True
69604.31069117517,728.0,94345.0,-12683.0,8580.12,51.91703796386719,5.9896087646484375,28150.0,0.7239228929258164,430.0290687848904,1344.0,126.20369767566088,1.2030924907953748,AUA3NA_1264,real,60044.49987199503,0.0,True
69564.57333066654,768.0,101618.0,-17796.0,8854.44,51.8697509765625,6.093923207875845,29050.0,0.7398894825437914,437.8241656190302,1408.0,126.26790840993037,1.2150386043421117,AUA3NA_1264,real,60673.13460850097,0.0,True
69538.27588244106,788.0,105304.0,-20388.0,8999.220000000001,51.84573933229608,6.146697998046875,29525.000000000004,0.7447746689256743,439.8147337231894,1216.0,126.40091128922253,1.1539156873025123,AUA3NA_1264,real,57503.50653234517,0.0,True
69501.37696103538,818.0,110910.0,-24325.0,9159.24,51.809234619140625,6.226872624577703,30049.999999999996,0.7563195219108892,445.6197930972097,1152.0,126.32987262762057,1.1316342937932546,AUA3NA_1264,real,56382.5365916275,0.0,True
69472.86472687962,838.0,114667.0,-26956.0,9319.26,51.78480245299258,6.280517578125,30575.0,0.758045929600016,445.6197930972097,1792.0,126.32987262762057,1.3075594116362441,AUA3NA_1264,real,65731.33922493411,0.0,True
69426.22254687916,878.0,122014.0,-32117.0,9738.36,51.73680709580243,6.3852691650390625,31950.0,0.7465259558974002,436.21325060112514,2112.0,126.42330960066191,1.3815819873293766,AUA3NA_1264,real,70036.28019058023,0.0,True
69398.92277949335,898.0,125674.0,-34692.0,9921.24,51.71283269332627,6.4373779296875,32549.999999999996,0.744727177661912,434.0103685397389,1280.0,126.47385017828913,1.1443216479369909,AUA3NA_1264,real,57019.45020432066,0.0,True
69369.36213182786,928.0,131202.0,-38571.0,10005.060000000001,51.67666160454184,6.515960693359375,32825.0,0.7652185652144321,445.4088009907303,576.0,126.50971338603456,0.9232216642476428,AUA3NA_1264,real,46357.77775811158,0.0,True
69348.13589953295,958.0,136878.0,-42565.0,10119.36,51.63937326204979,6.596527099609375,33200.0,0.779561247193284,453.0011037514147,704.0,126.7434171018167,0.9648623677454046,AUA3NA_1264,real,48455.2535015646,0.0,True
69313.58445860892,988.0,142575.0,-46567.0,10256.52,51.601945262844275,6.67724609375,33650.0,0.7921637503108625,459.4006965602033,960.0,126.77012277149124,1.0422022805478788,AUA3NA_1264,real,52419.09955968742,0.0,True
69291.7478397808,1008.0,146472.0,-49303.0,10340.34,51.576324462890625,6.732392182221284,33925.0,0.799355823165071,463.0010799123475,640.0,126.74614885443758,0.9438091387482938,AUA3NA_1264,real,47961.247252103654,0.0,True
69256.87352814697,1038.0,152367.0,-53449.0,10477.5,51.53746032714844,6.81568042652027,34375.0,0.8096233043153037,468.0010683748489,960.0,126.74747095286394,1.0385627110537263,AUA3NA_1264,real,52969.36255843708,0.0,True
69224.1629865178,1068.0,158207.0,-57539.0,10767.060000000001,51.499053955078125,6.89807788745777,35325.0,0.7978178313331441,459.2003919858954,2880.0,126.94476142664575,1.5203113279650757,AUA3NA_1264,real,79903.89569877868,0.0,True
69176.93898486502,1098.0,163853.0,-61511.0,11186.16,51.461700439453125,6.9775803024704395,36700.0,0.7681729389768884,440.6007262817437,1600.0,126.97392981388616,1.2118825055337887,AUA3NA_1264,real,60710.946543480444,0.0,True
74259.57537702739,0.0,91408.76000865675,-41398.435441701025,30.480000008963763,52.32860183732799,4.7088398927291815,100.0,0.3,198.3755,2431.0,3.1752,1.9762249786712889,EIN611_1606,fuel,127558.18585982772,0.1771121972129314,True
74212.67311378143,23.7122,91541.60060299982,-39003.77309583982,323.30184971270546,52.35011078827169,4.71145173677005,1061.0,0.358039,235.9704,2715.0,3.1752,1.9318138333847497,EIN611_1606,fuel,120512.16578940873,0.1435780208622991,True
74166.84589610764,47.4243,91699.71854521638,-36153.44647464798,650.3994884777637,52.37571245117432,4.714564054180187,2134.0,0.420787,276.2927,3000.0,327.6069,1.9116999303572448,EIN611_1606,fuel,117657.79059648895,0.11234289322511128,True
74121.53572241789,71.1365,89908.17203840335,-33329.67076419952,1011.7729131624322,52.40140101426646,4.688940087208135,3319.0,0.484124,316.5622,3000.0,292.2873,1.866400923050005,EIN611_1606,fuel,111801.8380677097,0.0867122959682492,True
74077.34759427718,94.8487,86358.0869024192,-31874.59161941529,1373.1463422992235,52.41505958301813,4.636998670714472,4505.0,0.550622,358.5397,3000.0,292.3249,1.8476178021395409,EIN611_1606,fuel,109564.50285550066,0.06252382331765041,True
74033.65594342399,118.5608,82334.52957685637,-30222.36825167304,1734.519771923455,52.43053996643289,4.5780917605648535,5691.0,0.583291,378.2112,3000.0,292.3961,1.8410276469275906,EIN611_1606,fuel,108802.20995814056,0.04116229488853467,True
73990.14098066228,142.273,78090.99839781769,-28473.65269985731,2095.893201542534,52.44689037276728,4.5159209727525935,6876.0,0.595449,384.4537,3000.0,292.5336,1.8315256232300983,EIN611_1606,fuel,107722.43222674393,0.026193304645871378,True
73946.85499536156,165.9852,73781.36124433117,-26685.578762794168,2457.266631072557,52.46357106314738,4.452737182714726,8062.0,0.607928,390.8277,3000.0,292.6615,1.8218771785700723,EIN611_1606,fuel,106648.24320184959,0.015966619193737187,True
73903.80122690981,189.6973,69404.00257111572,-24857.94254976455,2818.6400605061203,52.48058248828264,4.388513950870938,9248.0,0.620736,397.336,3000.0,292.777,1.8120925505525063,EIN611_1606,fuel,105580.54964981729,0.012026777655707392,True
73860.98289021524,213.4095,64957.173634296014,-22990.766718391926,3180.0134898348224,52.497922996735205,4.323222729851735,10433.0,0.633882,403.9811,3000.0,292.8488,1.8021827173071117,EIN611_1606,fuel,104520.25744704565,0.009577559370851476,True
73818.40317712829,237.1217,60438.03551795983,-21086.566195312756,3541.3869190490677,52.515568559284695,4.256818317693269,11619.0,0.647376,410.7655,3000.0,292.8785,1.79212801638719,EIN611_1606,fuel,103465.00980687249,0.008217267817382,True
73776.06525789206,260.8338,55843.693703168916,-19147.87426333478,3902.760348137839,52.53349485905206,4.189254706446332,12804.0,0.661228,417.6917,3000.0,292.8907,1.7819497677107596,EIN611_1606,fuel,102416.79794518898,0.007063036430875875,True
73733.9722825841,284.546,51171.99889026517,-17175.365508885377,4264.133777088397,52.55169408898763,4.120497220559156,13990.0,0.675446,424.7622,3000.0,292.8801,1.7716272653956093,EIN611_1606,fuel,101373.25033030444,0.00621363820593947,True
73692.12738250686,308.2582,46420.55324474667,-15170.223159295372,4625.5072058859005,52.570153777360495,4.050507374965222,15176.0,0.690042,431.9796,3000.0,292.819,1.761171485984273,EIN611_1606,fuel,100335.2745044191,0.005539251760466896,True
73650.53367147995,331.9703,41585.91383751096,-13136.038526231712,4986.880634512907,52.5888397528345,3.9792308731468324,16361.0,0.705025,439.3462,3000.0,292.7612,1.7505941165466739,EIN611_1606,fuel,99303.77594406967,0.004962168331275418,True
73609.19424698052,355.6825,36666.46258881972,-11072.009614209339,5348.25406294875,52.60775706198322,3.906641012896377,17547.0,0.720406,446.8644,3000.0,292.7425,1.739872932462911,EIN611_1606,fuel,98276.36944307448,0.004503558950893863,True
73568.11219107403,379.3947,31661.872240432367,-8974.176385525729,5709.6274911686705,52.62693897208607,3.832730391290214,18732.0,0.736195,454.5367,3000.0,292.7588,1.7290312275054203,EIN611_1606,fuel,97255.07607496426,0.004097999002640536,True
73527.29057107029,403.1068,26571.700192652635,-6838.772179521227,6071.000919142672,52.646416959379515,3.757489587233312,19918.0,0.752403,462.3651,3000.0,292.7974,1.7180457138095386,EIN611_1606,fuel,96237.49792190228,0.0037503955047101666,True
73486.73243970459,426.819,21395.071866693113,-4662.994712958053,6432.374346833936,52.66621378110042,3.6809024154674437,21104.0,0.76904,470.3519,3000.0,292.8313,1.7069282354731172,EIN611_1606,fuel,95228.70306470353,0.0,True
73446.43946831464,450.5312,16130.090933328047,-2446.4107423854525,6793.74777419995,52.68633083806451,3.602937158433027,22289.0,0.786118,478.4992,3000.0,292.872,1.6956913872529547,EIN611_1606,fuel,94282.79680570809,0.0,True
73406.39790216782,474.2433,10775.27915502354,-187.5289468639231,7155.121201213377,52.70677891346677,3.523568198187422,23475.0,0.803648,486.8091,3000.0,292.9211,1.684310664959315,EIN611_1606,fuel,93554.59999038669,0.0,True
73366.54960082025,497.9555,5329.217163904138,2115.3390150491905,7516.494627616875,52.72757044914989,3.4427705843952237,24660.0,0.818827,493.5873,3000.0,292.9645,1.6720410493884668,EIN611_1606,fuel,93110.45167234441,0.0,True
73326.81496546205,521.6677,-191.05069446811302,4454.514992156053,7877.868054125525,52.74863351307441,3.360793427638923,25846.0,0.82,491.8622,3000.0,293.0116,1.6563220451436644,EIN611_1606,fuel,91917.34314921245,0.0,True
73287.39312621986,545.3798,-5689.900578901263,6789.953148719395,8239.24148022756,52.76960656230672,3.279055499347604,27032.0,0.82,489.4181,3000.0,293.0606,1.641361668562031,EIN611_1606,fuel,90760.71403523674,0.0,True
73248.27835876685,569.092,-11159.202271949847,9118.359982851825,8600.614905880164,52.79046076917401,3.1976785817710214,28217.0,0.82,486.9617,2718.0,293.1117,1.5759757354327693,EIN611_1606,fuel,85651.64417624619,0.0,True
73210.63891967683,592.8042,-16601.859118243476,11441.165048432467,8927.972455263458,52.81120971940365,3.1166204521350203,29291.0,0.82,484.7258,2433.0,293.1662,1.5074932293193088,EIN611_1606,fuel,80668.32740334174,0.0,True
73174.54035396781,616.5163,-22020.104477225,13759.644674106496,9221.054218339681,52.831865517266486,3.035848695751916,30253.0,0.819345,482.3299,2149.0,293.2174,1.4367256503979389,EIN611_1606,fuel,75791.99084021118,0.0,True
73140.05449635217,640.2285,-27412.143453953406,16072.61728569294,9479.860191656931,52.852418275517266,2.95539094537138,31102.0,0.816296,478.7607,1864.0,293.2563,1.3630976011898293,EIN611_1606,fuel,70837.61241898444,0.0,True
73107.30248168297,663.9407,-32765.19825268507,18373.164958788653,9704.390374166927,52.872807261084674,2.875439176124758,31839.0,0.813158,475.3814,1579.0,293.2963,1.287146201214632,EIN611_1606,fuel,65975.3363570666,0.0,True
73076.34727760042,687.6528,-38081.206078493655,20662.19571698393,9894.644765473813,52.893041583953355,2.795965901900362,32463.0,0.809957,472.2073,1295.0,293.3441,1.209163146976424,EIN611_1606,fuel,61200.875780642775,0.0,True
73047.25087869984,711.365,-43362.008445563995,22941.284086165197,10050.623365495883,52.9131362737056,2.7169448502321965,32974.0,0.806513,469.133,1010.0,293.3978,1.1286338223481807,EIN611_1606,fuel,56455.36337677521,0.0,True
73020.07912405363,735.0772,-48608.331544400025,25211.330820995023,10172.326174405902,52.93310032459509,2.6383663270078874,33374.0,0.80287,466.1842,726.0,293.4364,1.0460934468890712,EIN611_1606,fuel,51758.359433038786,0.0,True
72994.8949758586,758.7894,-53822.01662976234,27471.42775582018,10259.753192716154,52.95292631932832,2.560204208913443,33661.0,0.798906,463.2887,441.0,293.4507,0.9610167847590864,EIN611_1606,fuel,47063.16668483999,0.0,True
72971.76163200838,782.5015,-59004.442578128306,29719.50686901771,10312.904421655763,52.972596386740776,2.4824394915733317,33835.0,0.794596,460.43,157.0,293.4553,0.8740154485472013,EIN611_1606,fuel,42392.7496373008,0.0,True
72950.73850049729,806.2137,-64156.204855823,31954.78249250901,10331.779865194056,52.99210422549859,2.405064708267371,33897.0,0.792037,458.8194,0.0,293.4575,0.8247893975336398,EIN611_1606,fuel,39802.71564813738,0.0,True
72930.90597763321,829.9259,-69290.6037781913,34182.75667700228,10331.779872951103,53.01149840367945,2.3278811791376923,33897.0,0.792044,458.8236,0.0,293.4635,0.8246366333377347,EIN611_1606,fuel,39794.51912059341,0.0,True
72911.0772704963,853.638,-74424.81599370434,36411.29042260542,10331.779880529057,53.03084764304524,2.2506310117646984,33897.0,0.792067,458.8373,0.0,293.4565,0.8244921333948715,EIN611_1606,fuel,39787.234787118156,0.0,True
72891.2519580081,877.3502,-79559.45245336277,38639.26438308889,10331.779887935634,53.0501417128431,2.1733053894088297,33897.0,0.792082,458.8456,0.0,293.4397,0.8243430572393748,EIN611_1606,fuel,39779.43890388421,0.0,True
72871.43027575438,901.0624,-84694.83463557428,40865.77351948483,10331.779895187336,53.06937233238514,2.0958998287463597,33897.0,0.792047,458.8252,0.0,293.4253,0.824169267782199,EIN611_1606,fuel,39768.90448557718,0.0,True
72851.6134991766,924.7745,-89830.55038402209,43090.88787629854,10331.779902277805,53.08854010008165,2.018420608439997,33897.0,0.792011,458.8048,0.0,293.4108,0.8239955293342245,EIN611_1606,fuel,39758.37693595371,0.0,True
74259.57539234807,0.0,91408.75998217522,-41398.43550832755,30.48000005836635,52.32860183673337,4.708839892321305,100.0,0.3,198.3755,1933.0,3.1752,1.850943283571905,EIN611_1606,pop,109953.49911326687,0.17711219573376516,True
74215.17831912363,23.9622,91543.4044480938,-38971.255650319035,265.75794792599004,52.35040286080833,4.711487221504474,872.0,0.37558,247.6923,1645.0,3.1752,1.6022659200717273,EIN611_1606,pop,86393.02102500733,0.15804598983481824,True
74176.78755279713,47.9244,91711.96970735143,-35932.59974092898,466.03346526680434,52.3776960950556,4.7148053584124385,1529.0,0.452112,297.4868,1358.0,327.2318,1.4539952818799322,EIN611_1606,pop,75489.45585284242,0.14247619327224523,True
74142.00586186898,71.8866,89731.0263153632,-32855.022223077765,631.3065539540502,52.40569802543786,4.686457585422346,2071.0,0.529089,347.4806,1498.0,306.2538,1.5321702250276958,EIN611_1606,pop,81046.64566641365,0.11098950741441752,True
74105.39972836338,95.8488,86283.55103757014,-30326.87584426534,813.6373131949456,52.428987779908205,4.6363021132684334,2669.0,0.553695,362.8811,1785.0,301.0935,1.6186538967606174,EIN611_1606,pop,87701.8831760498,0.07782344983539914,True
74066.73977351646,119.811,82462.24677999003,-28022.304717287036,1030.9704968532592,52.45030290472694,4.580522308326393,3382.0,0.560505,366.4258,2073.0,296.0914,1.680474059688487,EIN611_1606,pop,92878.02175006016,0.04789823615123449,True
74026.60873735635,143.7732,78417.79082808134,-26041.701447368556,1283.3061094600575,52.46871101996747,4.5213177896135885,4210.0,0.568546,370.5977,2360.0,294.5614,1.73516004879038,EIN611_1606,pop,97830.28163730347,0.02851091394688954,True
73985.16958221585,167.7354,74277.87308351578,-24149.674153271233,1570.6441515575996,52.486306185338854,4.460634230182523,5153.0,0.57788,375.423,2648.0,295.8494,1.7834834270379964,EIN611_1606,pop,102573.49542117117,0.01646537963387241,True
73942.57749176958,191.6976,70130.95339031861,-22140.562287369634,1892.9846213364294,52.50492404876384,4.399823572707472,6211.0,0.588584,380.9325,2936.0,295.3962,1.8256498111668427,EIN611_1606,pop,107065.67215569413,0.011719682795621062,True
73898.97787004673,215.6598,65910.10598062233,-20136.695834320715,2250.327510709934,52.52347257011616,4.337867786230791,7383.0,0.600742,387.1614,3000.0,295.0355,1.8267806715447803,EIN611_1606,pop,107191.4398579704,0.009471331262879221,True
73855.35243751104,239.622,61607.921180472964,-18127.30625200248,2615.5113756343644,52.54204766359177,4.274658109755638,8581.0,0.613496,393.661,3000.0,294.4512,1.8169705684450115,EIN611_1606,pop,106110.18346135835,0.008042207823073765,True
73811.96573421097,263.5842,57212.564864522836,-16128.75065018046,2980.6952405450597,52.56050151731852,4.21001488297763,9779.0,0.626589,400.2989,3000.0,294.0666,1.8070221544033787,EIN611_1606,pop,105035.47013113424,0.006930530502358164,True
73768.82106259005,287.5464,52729.22782307754,-14126.388282294725,3345.8791052386623,52.578962975083094,4.144015932502353,10977.0,0.640032,407.0776,3000.0,293.6572,1.796936093825689,EIN611_1606,pop,103967.10713844327,0.006160325079314673,True
73725.9217018074,311.5086,48155.21386416462,-12122.606308133005,3711.062969559483,52.59740858414815,4.0766191790644575,12175.0,0.653835,413.9997,3000.0,293.2453,1.7867130097700648,EIN611_1606,pop,102904.90316112476,0.005481211498516664,True
73683.27090927846,335.4708,43488.573348351,-10118.117212268518,4076.246833378076,52.615829750819806,4.007793890178153,13374.0,0.668007,421.0679,3000.0,292.8842,1.7763426536211961,EIN611_1606,pop,101847.57448565247,0.00494057746703903,True
73640.87192218531,359.433,38729.19909864803,-8109.2264508759745,4441.430696586762,52.63425726237404,3.937537153375333,14572.0,0.68256,428.2847,3000.0,292.5915,1.76584692848961,EIN611_1606,pop,100797.11143585571,0.0044884585059175395,True
73598.72795891036,383.3951,33877.57974653782,-6090.532764780401,4806.6145590561555,52.65273716200743,3.8658548547756415,15770.0,0.697502,435.6526,3000.0,292.3223,1.7552156055805526,EIN611_1606,pop,99752.22484610302,0.004093797232497696,True
73556.8422203366,407.3573,28932.610387594934,-4060.2037330376993,5171.798420669759,52.671283450060265,3.7927286240939613,16968.0,0.712845,443.1742,3000.0,292.0777,1.7444490662178391,EIN611_1606,pop,98712.7242016457,0.0037659394228670155,True
73515.21789095773,431.3195,23893.210745700417,-2016.2019438028142,5536.982281296575,52.689911875746276,3.7181403248760674,18166.0,0.7286,450.8519,3000.0,291.8507,1.7335475724392566,EIN611_1606,pop,97678.41408805124,0.003471003328095532,True
73473.85813973108,455.2817,18758.03457784567,42.990848281483075,5902.166140778433,52.708633433611865,3.6420676786554407,19364.0,0.744778,458.688,3000.0,291.6648,1.7225113234134208,EIN611_1606,pop,96649.10002357802,0.003210066571637724,True
73432.76612059325,479.2439,13526.571428268791,2121.117420499457,6267.349999082613,52.727478994862814,3.564500765078726,20562.0,0.761388,466.6849,3000.0,291.5914,1.7113405663516699,EIN611_1606,pop,95624.97941474605,0.0013092237844670369,True
73391.94481851095,503.2061,8200.943293208942,4228.756117603419,6632.533853816155,52.746540784976965,3.485468666177278,21760.0,0.778444,474.8446,3000.0,291.6008,1.7000353928192893,EIN611_1606,pop,94628.35978901095,0.0,True
73351.39033582112,527.1683,2782.30724017652,6374.2360000387125,6997.717706219948,52.76589081845405,3.404985416892364,22958.0,0.795956,483.1695,3000.0,291.6077,1.6885960674954834,EIN611_1606,pop,93768.41584647447,0.0,True
73311.06736574246,551.1305,-2731.2981644243614,8558.0886408057,7362.901552475968,52.78553093671472,3.3230182075404238,24157.0,0.812996,491.0936,3000.0,291.6125,1.676747691516949,EIN611_1606,pop,93217.47738412523,0.0,True
73270.88996907882,575.0927,-8335.346227662689,10778.299504796127,7728.08540088263,52.80544010421347,3.239630716368345,25355.0,0.82,492.8716,3000.0,291.6156,1.6621189330862012,EIN611_1606,pop,92370.02799169494,0.0,True
73230.93459936537,599.0549,-13959.496052916573,13006.829977477237,8093.269247498215,52.82536509904084,3.1558674360042445,26553.0,0.82,490.4068,3000.0,291.6154,1.6465246215851432,EIN611_1606,pop,91147.39166901437,0.0,True
73191.30617744214,623.0171,-19555.284954269235,15224.09527478317,8458.453091179601,52.845130836997775,3.0724504128834407,27751.0,0.82,487.9295,2833.0,291.6138,1.6021303845952684,EIN611_1606,pop,87645.25605557517,0.0,True
73152.67623670661,646.9793,-25124.528094939207,17430.668378701037,8803.296611524102,52.86474318122678,2.9893538164988436,28882.0,0.82,485.5786,2545.0,291.6157,1.5339139792314282,EIN611_1606,pop,82546.50929116075,0.0,True
73115.59749849702,670.9415,-30669.797972665103,19627.956903415714,9113.137739604781,52.88421537941885,2.9065403571015254,29899.0,0.82,483.4564,2258.0,291.6209,1.4633950428302478,EIN611_1606,pop,77618.7821741782,0.0,True
73080.1268170449,694.9037,-36193.43853040191,21817.25612730366,9387.976455909557,52.90355957626804,2.8239759951167365,30800.0,0.819944,481.5336,1970.0,291.6253,1.3903265444185502,EIN611_1606,pop,72803.58532604027,0.0,True
73046.32088935345,718.8659,-41697.60680894296,23999.325025157756,9627.812754501596,52.922783010199545,2.7416293932411766,31587.0,0.81682,478.0499,1683.0,291.6281,1.3147109272262432,EIN611_1606,pop,67866.48394988835,0.0,True
73014.32588453393,742.8281,-47164.33016386245,26166.85998817697,9832.646633033386,52.941822097365424,2.6597706692221452,32259.0,0.813587,474.75,1395.0,291.6311,1.2365545572729502,EIN611_1606,pop,62995.20769555269,0.0,True
72984.20684607726,766.7903,-52595.536966593434,28320.64034718064,10002.478090996763,52.960684723430155,2.578372470129205,32817.0,0.810224,471.6225,1108.0,291.6356,1.1563528014996953,EIN611_1606,pop,58198.45540158764,0.0,True
72956.02868075164,790.7525,-57992.968268132114,30461.51157780821,10137.307129334964,52.97937930634769,2.497410114880905,33259.0,0.806687,468.6406,820.0,291.6386,1.073630872103877,EIN611_1606,pop,53428.472509758474,0.0,True
72929.85605736915,814.7147,-63358.161476763635,32589.921867837653,10237.133750905188,52.997910641259175,2.416861931540064,33586.0,0.802933,465.7784,533.0,291.6381,0.9889464240359102,EIN611_1606,pop,48701.04721065407,0.0,True
72905.75215144764,838.6769,-68692.42383257221,34706.008487587314,10301.957962617398,53.01628069183451,2.336709676705061,33799.0,0.798889,462.9919,245.0,291.6366,0.9017772135399679,EIN611_1606,pop,43973.80521704756,0.0,True
72883.77793690424,862.6391,-73996.45889498616,36809.942337373606,10331.77978678909,53.03449175253981,2.2569440757515093,33897.0,0.795156,460.6263,0.0,291.6368,0.8258415764371689,EIN611_1606,pop,39953.322256697575,0.0,True
72863.66541990207,886.6013,-79274.61550227788,38903.63630085324,10331.779829716565,53.052561209971344,2.1775008541742897,33897.0,0.795137,460.6154,0.0,291.6371,0.8256747533770347,EIN611_1606,pop,39943.46974793998,0.0,True
72843.55753837634,910.5635,-84552.63755744258,40997.30335626374,10331.779871777562,53.07057751894166,2.097993119556614,33897.0,0.795118,460.6047,0.0,291.6367,0.825508166831929,EIN611_1606,pop,39933.64349448381,0.0,True
72823.45427792911,934.5257,-89830.55039732608,43090.88788323049,10331.779913000406,53.088540100141735,2.018420608238871,33897.0,0.7951,460.594,0.0,291.6363,0.8253416395316815,EIN611_1606,pop,39923.82280104922,0.0,True
,0.0,6310.0,32679.0,0.0,52.333213806152344,4.7092437744140625,0.0,0.0,0.0,0.0,0.0,,EIN611_1606,real,,0.19409662074534578,True
74957.14371523674,25.0,6412.0,34575.0,251.46,52.35027248576536,4.710780552455358,825.0,0.23530353913246818,155.2063143045411,2688.0,2.9545798240596866,1.8886673634379634,EIN611_1606,real,175784.79003813682,0.16213050748090865,True
74915.11297698876,55.0,6481.0,36924.0,571.5,52.37141418457031,4.7118377685546875,1875.0,0.24983965820199736,164.19500601419034,1728.0,2.792702365713283,1.8603110326690802,EIN611_1606,real,125806.46626187403,0.12045860698906555,True
74857.45355796372,85.0,6640.0,39723.0,800.1,52.39659196239406,4.7142333984375,2625.0,0.3012998619401911,197.4968354176846,1152.0,4.064947307742707,1.5864046217240908,EIN611_1606,real,84160.20326368437,0.09924178666528966,True
74830.09969163593,105.0,6792.0,41891.0,883.9200000000001,52.41609735003972,4.716509137834822,2900.0,0.36217509565714845,237.17082451262846,512.0,2.1747441146100535,1.0952681046255524,EIN611_1606,real,54553.42465764091,0.08262281179657471,True
74774.48382700194,145.0,4148.0,46511.0,1272.54,52.45770263671875,4.6776580810546875,4175.0,0.43511203285644745,283.6564823867066,3968.0,313.4286893741386,1.8805431135487805,EIN611_1606,real,140494.31695539542,0.05411252808475938,True
74732.69687566519,165.0,2023.0,48499.0,1684.02,52.47560119628906,4.6463775634765625,5525.0,0.4339691759699946,281.55638866841576,3136.0,313.2730122495125,1.8446571506199354,EIN611_1606,real,119789.63930447999,0.04087462334895678,True
74670.98815489576,195.0,-1183.0,51592.0,2164.08,52.50342934818591,4.599112374441964,7099.999999999999,0.4537766273059564,292.7456233660889,3456.0,314.72321094782234,1.857807481686488,EIN611_1606,real,124698.5951264655,0.027888195169097293,True
74629.48970049444,215.0,-3191.0,53888.0,2506.98,52.524078369140625,4.5694732666015625,8225.0,0.46405379370605365,298.1559994365366,3264.0,326.629719550664,1.840863027100627,EIN611_1606,real,118593.50169362452,0.021560121522255,True
74567.98605117548,255.0,-6267.0,59304.0,3147.06,52.572784423828125,4.5240020751953125,10325.0,0.4811112012761105,306.7409330363328,3456.0,330.5099708737657,1.8472969994872714,EIN611_1606,real,120671.19996563872,0.014459250370553265,True
74534.07467270477,275.0,-8029.0,61921.0,3383.28,52.5963134765625,4.4979095458984375,11100.0,0.5016618285382279,318.92475601621146,1088.0,314.36481782395043,1.2972478359996613,EIN611_1606,real,65137.67502942009,0.012224353897867555,True
74485.11401232629,305.0,-12598.0,64292.0,3596.6400000000003,52.6175537109375,4.4303131103515625,11800.0,0.5455966111322527,345.950863563021,2176.0,291.8936731417285,1.6297426130968158,EIN611_1606,real,87855.17814988305,0.009160823730776231,True
74446.0371658156,335.0,-17586.0,66301.0,4008.1200000000003,52.635498046875,4.356471470424108,13150.0,0.5610359276818336,353.93926032583613,2752.0,292.0719541784614,1.7312565070525032,EIN611_1606,real,98472.36420821781,0.007632763145842461,True
74388.10169184711,365.0,-22659.0,68434.0,4434.84,52.65449523925781,4.28131103515625,14550.0,0.5748031833113607,360.70070695799865,2496.0,293.01087294154604,1.675159910378741,EIN611_1606,real,92175.70204725125,0.006497034173546974,True
74332.72119040156,395.0,-27792.0,70683.0,4800.6,52.67449951171875,4.205169677734375,15750.0,0.5907146745279593,368.982384403375,2368.0,293.64716040529174,1.63848456317877,EIN611_1606,real,88645.81224476741,0.005626707208926804,True
74296.44766001216,425.0,-33062.0,73025.0,5158.740000000001,52.69527112023305,4.126935686383929,16925.0,0.6071300997791331,377.5142381420865,2304.0,293.57723537024845,1.6142045719554086,EIN611_1606,real,86491.2684995511,0.004982527585000284,True
74242.22804538204,455.0,-38391.0,75397.0,5509.26,52.716266179488876,4.047755650111608,18075.0,0.620041549568478,383.8137569186389,2304.0,293.4926134861219,1.604125217640829,EIN611_1606,real,85632.53035838949,0.004458859133760954,True
74205.90285728051,475.0,-42063.0,77023.0,5753.1,52.730621337890625,3.9931488037109375,18875.0,0.6264597629654582,386.566941162847,2368.0,293.31536164174264,1.6114299475499139,EIN611_1606,real,86252.73297926871,0.0041511736672777515,True
74152.783135206,515.0,-49325.0,80230.0,6202.68,52.75886535644531,3.885040283203125,20350.0,0.6434122227177764,394.70748662775577,2112.0,293.12234866974217,1.539513062743421,EIN611_1606,real,80531.72178433878,0.0023752761027948078,True
74118.25668498679,535.0,-53025.0,81862.0,6431.280000000001,52.77319956634004,3.8299124581473216,21100.0,0.6496434908300915,397.3336129752931,1920.0,293.27432844641885,1.4840768175157595,EIN611_1606,real,76590.28116052928,0.0,True
74066.92385187671,565.0,-58722.0,84384.0,6743.700000000001,52.79530334472656,3.744964599609375,22125.0,0.6611762098055739,402.7170222376998,1984.0,293.2546346231102,1.4912898781575175,EIN611_1606,real,77084.56107982,0.0,True
74033.9585481937,585.0,-62484.0,86048.0,6941.820000000001,52.80986022949219,3.688812255859375,22775.0,0.6696260504450966,406.7874137679287,1920.0,293.16160163595083,1.468574068694796,EIN611_1606,real,75544.26199822332,0.0,True
73986.0729271655,625.0,-70165.0,89435.0,7330.4400000000005,52.839385986328125,3.574066162109375,24050.0,0.6829167556571348,412.69964865504795,1728.0,292.96160645824807,1.4048626147767616,EIN611_1606,real,71454.77830382585,0.0,True
73955.88462957676,645.0,-74046.0,91144.0,7490.46,52.854247012380824,3.516017368861607,24575.0,0.6933269639380668,418.08372367266344,1600.0,292.9466634584183,1.3639830952921472,EIN611_1606,real,68979.98371811779,0.0,True
73908.0434273818,675.0,-80026.0,93794.0,7772.400000000001,52.87724304199219,3.426513671875,25500.0,0.6997103774413287,420.31535779697606,1600.0,292.9659004047285,1.3551619547182496,EIN611_1606,real,68458.7889259956,0.0,True
73878.8239358411,705.0,-85978.0,96431.0,8008.620000000001,52.90005441439354,3.3373325892857144,26275.0,0.7140510903598871,427.5418108208833,1408.0,292.8466552622221,1.2925058214001823,EIN611_1606,real,64873.37623880004,0.0,True
73833.88140319906,735.0,-92065.0,98980.0,8252.460000000001,52.92198051840572,3.2460675920758932,27075.0,0.7154755508502488,426.9543301103761,1472.0,287.58618455136855,1.3033979637013653,EIN611_1606,real,65482.9830881748,0.0,True
73790.39682632261,765.0,-98303.0,100830.0,8465.82,52.93752896583686,3.1526838030133932,27774.999999999996,0.7223383608914588,429.7731959999367,1536.0,284.0039095100086,1.3158332535220103,EIN611_1606,real,66185.72108729085,0.0,True
73761.44747606956,795.0,-104817.0,102384.0,8702.04,52.950284278998936,3.055219377790179,28550.0,0.7262478184143565,430.6738905482894,1280.0,281.5186593448796,1.2317972513546382,EIN611_1606,real,61562.84102554346,0.0,True
73723.07872294345,825.0,-111239.0,103871.0,8862.060000000001,52.96238786083156,2.959089006696429,29075.000000000004,0.7312709026839954,432.67770915544054,960.0,282.14100063397103,1.125118458090009,EIN611_1606,real,56045.216504120115,0.0,True
73697.43986801083,845.0,-115550.0,104924.0,8968.74,52.97095347259004,2.8945050920758932,29424.999999999996,0.7318056535626121,432.3424568556736,1024.0,282.557556216279,1.142566052680687,EIN611_1606,real,56925.70269303083,0.0,True
73661.97519756247,885.0,-124306.0,107137.0,9136.380000000001,52.98892263638771,2.7632184709821432,29975.000000000004,0.74624960484213,439.82951242498496,256.0,282.7407516728167,0.8811378380080135,EIN611_1606,real,44340.26020514402,0.0,True
73643.95041504985,905.0,-128609.0,108233.0,9144.0,52.997772216796875,2.69866943359375,30000.0,0.7500153433543556,442.0011312202719,0.0,282.8100117310832,0.7930542168675245,EIN611_1606,real,40294.650313758546,0.0,True
73608.56277399135,935.0,-135376.0,109948.0,9250.68,53.01154702396716,2.597089494977679,30350.0,0.7677355688208107,451.7576784073515,768.0,282.5288077091516,1.0595264544008804,EIN611_1606,real,52858.5109442883,0.0,True
73583.66603589233,955.0,-139897.0,111090.0,9342.12,53.02067126257945,2.5292096819196432,30650.0,0.7774129794353024,456.8555570418291,896.0,282.51520472281817,1.1002680360853825,EIN611_1606,real,54948.14045676942,0.0,True
73546.58950152903,995.0,-148993.0,113399.0,9555.480000000001,53.03901284427966,2.3925083705357144,31350.000000000004,0.7905326254401847,463.146844963884,832.0,282.595898755201,1.0765033974257783,EIN611_1606,real,54016.0981008066,0.0,True
73520.30146484493,1015.0,-153590.0,114576.0,9654.54,53.048309326171875,2.3233795166015625,31675.0,0.7966662764410315,466.07510124442393,1216.0,282.51547380678284,1.1907639663797964,EIN611_1606,real,59971.35175395481,0.0,True
73470.50779083067,1045.0,-160450.0,116326.0,9997.44,53.06205620199947,2.220179966517857,32800.0,0.7773468641527164,452.5185079087926,2048.0,282.377740567688,1.409012130556561,EIN611_1606,real,71929.9517008701,0.0,True
73441.68870141376,1075.0,-167212.0,118049.0,10248.9,53.07550048828125,2.118377685546875,33625.0,0.7731034294057043,448.39714539680114,1536.0,282.3624924157144,1.2662513998086475,EIN611_1606,real,63620.2213771563,0.0,True
73402.85471035638,1105.0,-173848.0,119732.0,10431.78,53.08854442531779,2.0184238978794644,34225.0,0.7748177259791205,448.1841139531833,1088.0,282.2376167579321,1.1267181212284445,EIN611_1606,real,56373.595137077435,0.0,True
77219.99990000336,0.0,90635.72348944921,31514.738268086374,30.480000304334805,52.32860183627579,4.708839891842809,100.0,0.3,198.3755,2397.0,3.1751,2.000102152939164,EIN84T_1633,fuel,131905.2948489612,0.1767441430272007,True
77172.60986083021,23.6731,90768.3755321031,33906.001806680426,318.7291338695626,52.35008067492132,4.71144054544057,1046.0,0.351799,231.8694,2681.0,3.1751,1.9657325525296705,EIN84T_1633,fuel,125785.39188619409,0.1429784649286591,True
77126.05102087908,47.3463,90923.48439231358,36702.085112399734,641.1412871704858,52.37519561113414,4.714484828240521,2103.0,0.407257,267.4369,2965.0,327.6654,1.9481871284578058,EIN84T_1633,fuel,122977.82866473758,0.11161915849604757,True
77079.93549970808,71.0194,89195.37666155504,39432.03485581782,997.7164602069423,52.40002602252374,4.68976197136587,3273.0,0.463198,302.9283,3000.0,292.1557,1.9062569379196477,EIN84T_1633,fuel,116914.90805744784,0.08688493483097344,True
77034.84976594834,94.6925,85801.9456299135,40813.81175797733,1358.4949053076998,52.412992972008404,4.6401082386227825,4457.0,0.522374,340.2038,3000.0,256.646,1.8767384796643938,EIN84T_1633,fuel,113077.19910012439,0.06346771577353438,True
76990.506123591,118.3656,81794.49990957188,39862.50595164487,1719.2733504086993,52.405052979744674,4.5807982470966335,5641.0,0.582785,377.9507,3000.0,247.9221,1.866376005815561,EIN84T_1633,fuel,111798.80325363112,0.04679861341564553,True
76946.45063815215,142.0388,77551.25044460456,38141.40880423077,2080.0517955098007,52.39019496310809,4.5178556740811855,6824.0,0.59491,384.1773,3000.0,247.9244,1.8571336532096585,EIN84T_1633,fuel,110685.61129154847,0.03344982040052035,True
76902.61748278844,165.7119,73237.68026562588,36391.98548382923,2440.830240610871,52.3750582578233,4.4539134932921725,8008.0,0.607353,390.5349,3000.0,247.9289,1.8477384679087427,EIN84T_1633,fuel,109578.56616134418,0.021253441266221675,True
76859.01006382123,189.385,68852.24657874873,34613.819647418146,2801.608685711906,52.359637670110956,4.38895108397653,9192.0,0.620125,397.0263,3000.0,247.9369,1.8382001596646627,EIN84T_1633,fuel,108478.56155567458,0.01657177506982503,True
76815.63175836985,213.0581,64393.33638647272,32806.58618807844,3162.3871308129037,52.343928760905555,4.322946902052359,10375.0,0.633233,403.6538,3000.0,247.9484,1.82852915483277,EIN84T_1633,fuel,107386.48606052321,0.013707568961410012,True
76772.48591515605,236.7313,59859.301657332566,30969.9649010405,3523.165575913861,52.32792706105716,4.255878980216824,11559.0,0.646687,410.42,3000.0,247.9636,1.8187075260769543,EIN84T_1633,fuel,106300.04085595056,0.012329699798473282,True
76729.57585534733,260.4044,55248.454481711466,29103.653036215954,3883.9440210147723,52.31162818134969,4.187724861780473,12743.0,0.660498,417.3275,3000.0,247.9834,1.8087454633645499,EIN84T_1633,fuel,105220.11682137765,0.010947483723013386,True
76686.90487340272,284.0775,50559.04249318409,27207.426933666713,4244.722466115634,52.295028365379906,4.118461250914752,13926.0,0.674673,424.3787,3000.0,248.0056,1.7986539346777857,EIN84T_1633,fuel,104147.60781288325,0.009984990162706922,True
76644.47623787913,307.7506,45789.35303212692,25280.885528253737,4605.50091121644,52.27812216945945,4.048065507333175,15110.0,0.689224,431.5761,3000.0,248.0288,1.7884135331663238,EIN84T_1633,fuel,103080.19452906406,0.009089403442728308,True
76602.29319215186,331.4238,40937.6836165857,23323.523994145213,4966.279356317182,52.26090312659907,3.97651523574337,16294.0,0.704161,438.9222,3000.0,248.0532,1.7780349707103442,EIN84T_1633,fuel,102018.77377521194,0.008141570163191104,True
76560.35895499606,355.0969,36002.302982954236,21334.831342268164,5327.057801417854,52.24336462503102,3.9037877344089633,17477.0,0.719493,446.4192,3000.0,248.0739,1.767529694005137,EIN84T_1633,fuel,100964.24152905183,0.0073920654600712855,True
76518.67672097246,378.77,30981.618488126525,19313.87611016425,5687.836246518444,52.22549616941644,3.829862419163468,18661.0,0.735231,454.0696,3000.0,248.0905,1.756876953005832,EIN84T_1633,fuel,99914.27685651049,0.006678157444449433,True
76477.24966055209,402.4431,25874.033863315282,17259.660267350802,6048.614691618939,52.207286574329714,3.7547187943561156,19845.0,0.751386,461.8755,3000.0,248.1059,1.7460879486108976,EIN84T_1633,fuel,98869.7811406955,0.006034197954922564,True
76436.08091949565,426.1163,20677.828710665435,15171.421207838299,6409.393136719323,52.18872668243199,3.678334713089652,21028.0,0.767969,469.8392,3000.0,248.1197,1.7351747937492572,EIN84T_1633,fuel,97836.43015431115,0.0,True
76395.17211502821,449.7894,15391.27345252028,13048.348802185435,6770.171581819576,52.16980680861604,3.6006880394178933,22212.0,0.78499,477.9628,3000.0,248.138,1.724115450677841,EIN84T_1633,fuel,96867.6688221381,0.0,True
76354.50935190928,473.4625,10012.384985592435,10890.196988375032,7130.950026919076,52.15052224145498,3.5217530928189706,23396.0,0.800877,485.2883,3000.0,248.1633,1.712570422576727,EIN84T_1633,fuel,96054.47410452495,0.0,True
76314.05259709728,497.1356,4549.9026281826755,8701.305748250445,7491.728472018839,52.13090930608921,3.441661467903172,24579.0,0.813363,490.4583,2986.0,248.1885,1.6977714456016286,EIN84T_1633,fuel,95185.91586141278,0.0,True
76273.81643208064,520.8088,-971.9897138229242,6491.417177011779,7850.764610154576,52.11105323616822,3.3607704589042804,25757.0,0.82,492.045,2701.0,248.2095,1.6340773623986111,EIN84T_1633,fuel,90176.77400095438,0.0,True
76234.92830483799,544.4819,-6515.603321126799,4275.192474666711,8175.63772855511,52.091084593513585,3.2796337531709203,26823.0,0.82,489.8492,2417.0,248.2181,1.5660897154031335,EIN84T_1633,fuel,84899.98285416416,0.0,True
76197.57665827317,568.155,-12037.571504860476,2068.581130851379,8466.34782721952,52.071147229876786,3.1988861222647413,27777.0,0.82,487.8758,2133.0,248.2128,1.4952844482521654,EIN84T_1633,fuel,79784.62368709885,0.0,True
76161.82552330989,591.8282,-17539.72898882885,-130.69505848951633,8722.89490614755,52.05122136404093,3.1185000057982584,28618.0,0.817306,484.5304,1849.0,248.2041,1.4211026399898916,EIN84T_1633,fuel,74578.27483610381,0.0,True
76127.81491373167,615.5013,-23006.288677202792,-2316.703979011387,8945.278965339072,52.03136168339496,3.0387050900689054,29348.0,0.813958,481.0366,1565.0,248.197,1.3441022049225793,EIN84T_1633,fuel,69437.55080983849,0.0,True
76095.6306670948,639.1744,-28435.47721646616,-4488.555991408857,9133.500004794052,52.011577418758975,2.9595259471523034,29966.0,0.810484,477.7082,1281.0,248.1992,1.2645104883123075,EIN84T_1633,fuel,64386.985123349295,0.0,True
76065.34188416737,662.8475,-33829.35116535994,-6646.040928839599,9287.55802451249,51.99187151461689,2.8809311875692813,30471.0,0.806836,474.516,997.0,248.2084,1.182392315351722,EIN84T_1633,fuel,59405.7416122182,0.0,True
76037.01662920325,686.5207,-39189.53883452051,-8789.048207730906,9407.453024494444,51.97224595990261,2.802895731370416,30864.0,0.802957,471.4258,713.0,248.211,1.0977851867817774,EIN84T_1633,fuel,54475.82704548958,0.0,True
76010.72143535332,710.1938,-44516.756163476624,-10918.600699184952,9493.185004740048,51.95269255162277,2.7254080002616807,31146.0,0.798744,468.3767,429.0,248.2093,1.0107074013830812,EIN84T_1633,fuel,49580.277125964916,0.0,True
75986.52154607339,733.8669,-49811.12308330874,-13035.194992486095,9544.753965249596,51.933207837079344,2.648465118837456,31315.0,0.794068,465.2901,145.0,248.1981,0.921184238575818,EIN84T_1633,fuel,44704.98325844041,0.0,True
75964.48055210027,757.54,-55071.668545795,-15139.46176425164,9562.159906024042,51.91378725309987,2.5720801760261174,31372.0,0.791465,463.6487,-0.0,248.181,0.8742860311965683,EIN84T_1633,fuel,42207.9751727681,0.0,True
75943.56860111412,781.2132,-60313.71068936698,-17238.142121725377,9562.15990578922,51.894369546125,2.496029988225998,31372.0,0.791468,463.6504,-0.0,248.1745,0.874137122771732,EIN84T_1633,fuel,42199.85636478982,0.0,True
75922.66037743248,804.8863,-65555.53144162465,-19337.43015923248,9562.159905554341,51.87489745399367,2.420048904371114,31372.0,0.791468,463.6504,-0.0,248.1672,0.8739863427603639,EIN84T_1633,fuel,42191.566043224266,0.0,True
75901.75595826338,828.5594,-70797.08598863697,-21437.383062684294,9562.159905319408,51.8553705512862,2.3441376740799913,31372.0,0.791474,463.6538,-0.0,248.1646,0.8738394995703586,EIN84T_1633,fuel,42183.63100677989,0.0,True
75880.85518073593,852.2325,-76038.58526466599,-23537.58544941404,9562.159905084425,51.835792628688104,2.268293221961085,31372.0,0.791477,463.6559,-0.0,248.1638,0.8736912402489737,EIN84T_1633,fuel,42175.56573928,0.0,True
75859.95810590999,875.9057,-81280.07561903674,-25637.878316443814,9562.159904849397,51.81616518751379,2.1925149068547123,31372.0,0.791476,463.6552,-0.0,248.1521,0.8735398509728103,EIN84T_1633,fuel,42167.21529809899,0.0,True
75839.0648633107,899.5788,-86521.13127798765,-27739.2333526058,9562.159904614318,51.796479633983054,2.1168092267821126,31372.0,0.791474,463.6536,-0.0,248.1508,0.8733874959251999,EIN84T_1633,fuel,42158.77601720271,0.0,True
75818.17549345145,923.2519,-91762.12247351809,-29840.697708225012,9562.159904379198,51.77674456407934,2.0411706454412344,31372.0,0.791471,463.652,-0.0,248.1496,0.8732352016179218,EIN84T_1633,fuel,42150.34088258925,0.0,True
77219.99990001088,0.0,90635.72348945243,31514.738268081364,30.48000030455334,52.32860183627574,4.708839891842855,100.0,0.3,198.3755,1731.0,3.1751,1.8284380517693846,EIN84T_1633,pop,107376.30557212638,0.17674414302706276,True
77175.76937944705,24.1632,90771.63873822616,33964.826274435,242.98267328131064,52.35060904803247,4.7115045542306015,797.0,0.375686,247.8262,1996.0,3.1751,1.759164904073009,EIN84T_1633,pop,100138.18821490955,0.163858842993494,True
77133.26008061657,48.3264,90941.49527300517,37026.75981329481,487.97226434436624,52.378111893624286,4.7148385584355585,1601.0,0.45389,298.5817,1706.0,326.9303,1.602449607733554,EIN84T_1633,pop,86407.55800839403,0.1373507013877223,True
77094.5971155331,72.4896,88921.8918975583,40128.410987293486,697.3696863866717,52.4063319670548,4.685917408205397,2288.0,0.532894,349.7148,1996.0,295.2063,1.6885948736743608,EIN84T_1633,pop,93589.18594797119,0.10434082252132854,True
77053.91111129156,96.6529,85000.42105359971,41974.23800341881,942.3592774479442,52.42355220150048,4.6285887188121935,3092.0,0.557716,364.9752,2286.0,286.5993,1.7549270220616313,EIN84T_1633,pop,99724.12139216907,0.07073297887984847,True
77011.63868103796,120.8161,80667.96326865212,43265.743461809834,1222.9410375347252,52.43582135106699,4.565018532565646,4012.0,0.566609,369.5941,2576.0,278.1705,1.8051073151160841,EIN84T_1633,pop,104831.03286745399,0.04457387671258573,True
76968.15580184176,144.9793,76139.41253653477,43915.93898690082,1539.114966647476,52.442317326033475,4.498373165600524,5050.0,0.576847,374.8896,2866.0,270.9713,1.8485772336339594,EIN84T_1633,pop,109676.42895638433,0.02659359785648347,True
76923.6224997213,169.1425,71502.80502788971,43994.547954928414,1890.8810647844002,52.443650393237576,4.429991057563794,6204.0,0.588513,380.8962,3000.0,265.5061,1.8616150616467964,EIN84T_1633,pop,111222.29379718038,0.015104801436637406,True
76878.77453436567,193.3057,66807.08100925948,43625.491456036114,2259.1284605246224,52.4409258854739,4.360642811650272,7412.0,0.601046,387.3164,3000.0,261.4755,1.8521013614915058,EIN84T_1633,pop,110089.66227007503,0.012280415417992534,True
76834.16009810043,217.4689,62070.01698300383,42915.46159705107,2627.375856265068,52.43509948748878,4.290629776381557,8620.0,0.613916,393.8745,3000.0,258.373,1.842438342923437,EIN84T_1633,pop,108964.44335435005,0.010260108065509322,True
76789.78279459468,241.6321,57298.51695183607,41933.67081058891,2995.6232520055332,52.426791670719595,4.220080645203177,9828.0,0.627132,400.5732,3000.0,255.6855,1.8326270411321894,EIN84T_1633,pop,107846.45757698585,0.00902402777366264,True
76745.64619620379,265.7954,52497.6670255718,40708.659142628276,3363.870647745962,52.41625761675902,4.149087043215917,11036.0,0.640704,407.4152,3000.0,253.3746,1.8226684383206952,EIN84T_1633,pop,106735.52244058074,0.008174044136539965,True
76701.75384488975,289.9586,47668.685540030405,39266.743048523655,3732.1180434863086,52.403733050701995,4.077681682763208,12244.0,0.654642,414.4032,3000.0,251.3611,1.8125634644458877,EIN84T_1633,pop,105631.45327306874,0.00742344850421363,True
76658.10925316361,314.1218,42811.111575338015,37628.312641741424,4100.365439226539,52.389400598854316,4.005870323086232,13453.0,0.668957,421.5399,3000.0,249.5151,1.8023028821088607,EIN84T_1633,pop,104532.99180125375,0.006829696645049784,True
76614.71590500484,338.285,37925.81879275681,35803.23921967715,4468.612834966634,52.373348200912865,3.9336760897724456,14661.0,0.683658,428.8279,3000.0,247.7643,1.7919075108992362,EIN84T_1633,pop,103442.09142469123,0.006337991613796752,True
76571.57725670574,362.4482,33014.803749688646,33795.52072078404,4836.860230706567,52.35561095324022,3.861137540327398,15869.0,0.698758,436.2697,3000.0,246.2469,1.781368188118786,EIN84T_1633,pop,102357.4902751187,0.005868358588384478,True
76528.69673758393,386.6114,28074.111114328283,31621.247343793242,5205.107626446314,52.33633308531064,3.7882064310240637,17077.0,0.714265,443.868,3000.0,244.9567,1.770685683843135,EIN84T_1633,pop,101279.00577162317,0.0054852347838130295,True
76486.07775049775,410.7746,23098.174251334174,29296.35044268442,5573.355022185857,52.315657335055185,3.7148100101726023,18285.0,0.730192,451.6253,3000.0,243.8534,1.7598606885437875,EIN84T_1633,pop,100206.45247090806,0.005122020116689163,True
76443.72367209403,434.9379,18081.49451307053,26833.645599077314,5941.602417925167,52.29369822407561,3.640875625850067,19493.0,0.74655,459.5438,3000.0,242.8992,1.7488937874585029,EIN84T_1633,pop,99139.64014771598,0.0047832322047039084,True
76401.63785270884,459.1011,13019.038505592154,24242.967952910487,6309.849813663687,52.27054326287399,3.5663368113417886,20702.0,0.76335,467.6261,3000.0,242.5564,1.737774334489887,EIN84T_1633,pop,98078.73309788262,0.0013479224533080023,True
76359.82311854103,483.2643,7883.165594062507,21575.82506602014,6678.097209399893,52.24665487061877,3.4907956529310082,21910.0,0.780604,475.8743,3000.0,242.5398,1.7265255338109238,EIN84T_1633,pop,97062.20562883477,0.0,True
76318.27168229395,507.4275,2657.2562269937393,18859.998625155018,7046.344605131486,52.2222809960366,3.41401364508103,23118.0,0.797743,483.9388,3000.0,242.5283,1.7150067024123206,EIN84T_1633,pop,96203.19076360349,0.0,True
76276.9433083938,531.5907,-2656.8721141024103,16096.972497003318,7414.592000864756,52.197432510777745,3.3360218937398405,24326.0,0.811346,489.7542,3000.0,242.5296,1.7024907535914449,EIN84T_1633,pop,95506.60596588608,0.0,True
76235.79241335532,555.7539,-8035.029248080493,13300.81474047571,7782.839396598843,52.17223382126469,3.2571792066646577,25534.0,0.82,492.5029,2754.0,242.5476,1.6461463215969196,EIN84T_1633,pop,91154.56225553848,0.0,True
76195.82554602876,579.9172,-13446.891183428868,10489.289397928324,8120.936208118774,52.146843656166496,3.1779324932493553,26643.0,0.82,490.2196,2464.0,242.5796,1.5772359924547268,EIN84T_1633,pop,85734.70525725711,0.0,True
76157.44768407542,604.0804,-18838.021003206548,7692.3514791586085,8423.440850621213,52.1215323985047,3.0990790177213916,27636.0,0.82,488.1676,2174.0,242.6191,1.5053475428519671,EIN84T_1633,pop,80487.43863485259,0.0,True
76120.72737804684,628.2436,-24211.174605929325,4909.4426268289635,8690.353324100535,52.09629562963517,3.0205772542474807,28512.0,0.818682,485.5681,1884.0,242.6599,1.4303318996206824,EIN84T_1633,pop,75273.50215943868,0.0,True
76085.76957872593,652.4068,-29560.203086555128,2143.860685098893,8921.67362855502,52.07116396911117,2.9425157539617457,29271.0,0.815283,481.9802,1595.0,242.6967,1.3522652099517836,EIN84T_1633,pop,70024.00034956209,0.0,True
76052.7061704458,676.57,-34873.820819881366,-599.0944254019385,9117.40176398399,52.046186593315205,2.865057571287756,29913.0,0.811756,478.5673,1305.0,242.7262,1.2712856876806173,EIN84T_1633,pop,64856.869729807586,0.0,True
76021.61057509236,700.7332,-40153.41797056814,-3321.046207847299,9277.537730387292,52.02134991683586,2.7881806468300514,30438.0,0.808088,475.3203,1015.0,242.7479,1.187691313959703,EIN84T_1633,pop,59766.76484232075,0.0,True
75992.55405098794,724.8964,-45400.264205830004,-6023.592669046203,9402.081527765182,51.99664053010593,2.7118648380923887,30847.0,0.804167,472.1725,725.0,242.7643,1.101507360181737,EIN84T_1633,pop,54730.346603300604,0.0,True
75965.60776014357,749.0597,-50615.00463076446,-8707.717663376561,9491.033156118454,51.972050546214135,2.636099179919772,31139.0,0.799974,469.1121,435.0,242.7785,1.0128212153546372,EIN84T_1633,pop,49736.03083735642,0.0,True
75940.83889967573,773.2229,-55798.302002964985,-11374.033220715792,9544.392615449045,51.9475753869474,2.560872480245443,31314.0,0.795316,466.0236,145.0,242.7924,0.9216235245757025,EIN84T_1633,pop,44763.957771714384,0.0,True
75918.31451704734,797.3861,-60949.626015146845,-14022.315243040628,9562.15990576318,51.92321809071388,2.4861908626383373,31372.0,0.792791,464.4253,-0.0,242.8058,0.874841244228328,EIN84T_1633,pop,42271.0938522702,0.0,True
75896.94009444812,821.5493,-66084.57761832961,-16660.666989611185,9562.159905534108,51.898904902789525,2.41182695216704,31372.0,0.79279,464.4249,-0.0,242.8173,0.8746872387025726,EIN84T_1633,pop,42262.57609780343,0.0,True
75875.56966342205,845.7125,-71220.0560017996,-19297.980692017314,9562.159905304627,51.87455423346266,2.3375356168141925,31372.0,0.792753,464.4034,-0.0,242.8263,0.8745090390782265,EIN84T_1633,pop,42251.81795932167,0.0,True
75854.20427131234,869.8757,-76355.70797135093,-21934.37104924257,9562.159905074752,51.85016517645316,2.263321987093682,31372.0,0.792725,464.3867,-0.0,242.8321,0.8743364074963514,EIN84T_1633,pop,42241.576689808455,0.0,True
75832.84367333594,894.0389,-81491.44201499327,-24570.14832692672,9562.15990484451,51.825735041538564,2.1891874274396255,31372.0,0.792662,464.3496,-0.0,242.8345,0.8741403570673577,EIN84T_1633,pop,42229.1758899933,0.0,True
75811.48888344079,918.2022,-86626.87817264261,-27205.496539016698,9562.159904613916,51.801262322102794,2.1151374793536695,31372.0,0.792629,464.3305,-0.0,242.8349,0.8739650616608279,EIN84T_1633,pop,42218.693911307164,0.0,True
75790.13900531825,942.3654,-91762.12247356356,-29840.697708308744,9562.159904382997,51.77674456407857,2.0411706454405967,31372.0,0.792596,464.3114,-0.0,242.8354,0.8737898153462175,EIN84T_1633,pop,42208.218273877676,0.0,True
77982.87222953516,0.0,6334.0,33074.0,0.0,52.3367723367982,4.7096034458705365,0.0,0.1953921311926749,129.24782396620841,64.0,3.5486819739044466,1.5005745805669675,EIN84T_1633,real,77711.79050147318,0.20224282038982316,True
77926.36817565057,25.0,6490.0,35894.0,129.54000000000002,52.362143306408896,4.711957659040179,425.00000000000006,0.24866583251131907,164.24676556937126,2944.0,3.141129835636104,1.8887522586855618,EIN84T_1633,real,184112.956426861,0.2184376388859266,True
77884.41191902617,55.0,6603.0,38395.0,502.92,52.3846435546875,4.7136688232421875,1650.0,0.2542000293096534,167.19150696132863,1216.0,2.742611357481598,1.787567575930629,EIN84T_1633,real,106656.45436925726,0.13894732541048882,True
77830.96133179426,85.0,6781.0,41264.0,655.32,52.41046142578125,4.716339111328125,2150.0,0.31599421306083725,207.4728897952694,1024.0,3.869184576365421,1.5282587733621666,EIN84T_1633,real,79697.09122977947,0.09970094694766586,True
77803.28507415672,105.0,6629.0,43608.0,723.9000000000001,52.43155269299523,4.714154924665179,2375.0,0.3779980033852487,247.98790293076797,896.0,342.88028443805285,1.3410849959654523,EIN84T_1633,real,67633.76949491164,0.08271165086845383,True
77742.6704245694,145.0,2603.0,47340.0,1104.9,52.46516340869968,4.6549072265625,3625.0,0.439140831517445,286.83967647450726,2816.0,289.1297919066231,1.8296435933249746,EIN84T_1633,real,115445.02388609128,0.052717320734604035,True
77700.36051203334,165.0,-299.0,47567.0,1417.3200000000002,52.46721170716366,4.612139020647322,4650.0,0.4379528756336781,285.02806879323305,3072.0,269.1959015039108,1.851065363324462,EIN84T_1633,real,122010.59616057425,0.04052335446271008,True
77637.30186665611,205.0,-5899.0,46473.0,2049.78,52.45734263274629,4.5296630859375,6725.0,0.43350205176852297,280.04463929880893,3328.0,232.10707216548826,1.8670155503848547,EIN84T_1633,real,129267.672915715,0.026577654916965503,True
77595.79287821261,225.0,-7644.0,44247.0,2346.96,52.437286376953125,4.5040130615234375,7700.0,0.43265570954766874,278.5139134765084,2688.0,210.893195262927,1.8177543795760733,EIN84T_1633,real,112576.69986103749,0.024395362680266312,True
77534.1630917201,255.0,-10837.0,41348.0,2743.2000000000003,52.41114807128906,4.45709228515625,9000.0,0.45797965168086086,293.4211989614929,2816.0,242.3869721769156,1.8171527565436063,EIN84T_1633,real,112442.44901543779,0.019279056882316327,True
77494.03734477914,285.0,-14866.0,39280.0,3200.4,52.392448813228285,4.397905622209822,10500.0,0.461186165711705,293.8468989116611,1984.0,242.6501242199302,1.6639716625835825,EIN84T_1633,real,91056.32120997879,0.015453039448226982,True
77449.13721586487,315.0,-19108.0,37059.0,3383.28,52.37232971191406,4.33563232421875,11100.0,0.5158458677524901,327.9420680547099,1024.0,241.79390879802156,1.3080678950011555,EIN84T_1633,real,65746.22350551099,0.013180298058512334,True
77419.1974043922,335.0,-22134.0,35437.0,3482.34,52.35762773934057,4.291259765625,11425.0,0.5496438096309146,349.0057306119772,1088.0,241.5991740823764,1.338258365353937,EIN84T_1633,real,67473.15284693259,0.012328216019090663,True
77361.17719112526,375.0,-28695.0,31958.0,3962.4,52.32601876986229,4.19512939453125,13000.0,0.5712518531865564,360.58840802222136,2432.0,241.87143238432725,1.6995013655141533,EIN84T_1633,real,94749.38496983107,0.010740959413394813,True
77322.35111292139,395.0,-31918.0,30105.0,4213.860000000001,52.30916685977224,4.147966657366072,13825.000000000002,0.5774319612415806,363.35244598048325,2432.0,235.6539025999386,1.6937289501560278,EIN84T_1633,real,94119.65671495908,0.010188223519419778,True
77268.76277352036,425.0,-36388.0,26711.0,4518.66,52.278350830078125,4.0827178955078125,14824.999999999998,0.5961905675999776,373.72851108792867,1920.0,231.62750624281628,1.5712039020976372,EIN84T_1633,real,82954.54539471841,0.00967773870673419,True
77232.33806813043,455.0,-41000.0,23105.0,4823.46,52.24557650291313,4.0155029296875,15825.0,0.6132391695568941,382.94124875756074,2048.0,231.57386002428595,1.5942177939143443,EIN84T_1633,real,84807.82057057365,0.009116201613613838,True
77179.5826181577,485.0,-45755.0,19432.0,5105.400000000001,52.21215199615995,3.9462890625000004,16750.0,0.6297886408653667,391.86987636203935,1984.0,232.04807488282492,1.5713134340226618,EIN84T_1633,real,82963.48402718393,0.008436064694917016,True
77144.55876066079,505.0,-48950.0,16996.0,5303.52,52.18995666503906,3.89984130859375,17400.0,0.6371785508992952,395.46554843627024,1728.0,232.0868954100738,1.5002902673533942,EIN84T_1633,real,77709.94250121072,0.007979121955129146,True
77094.06330702151,545.0,-55446.0,12037.0,5669.280000000001,52.14472961425781,3.8055419921875,18600.0,0.6525450406982367,403.10048375064,1024.0,231.85075666178003,1.2769590372964954,EIN84T_1633,real,64013.00971481291,0.007076025737891052,True
77065.16091266807,565.0,-58768.0,9491.0,5753.1,52.12147521972656,3.7574005126953125,18875.0,0.6717307315697938,414.5021109717054,1408.0,231.8583007237721,1.4037293216011226,EIN84T_1633,real,71386.49074880665,0.006600173119703065,True
77011.56627456786,595.0,-63870.0,5586.0,6065.52,52.08576965332031,3.6835479736328125,19900.0,0.6780322088789851,416.6929325054602,1728.0,231.92000180569562,1.4811932044179947,EIN84T_1633,real,76395.41292466402,0.006094181739882033,True
76977.28417490853,625.0,-69066.0,1603.0,6301.740000000001,52.049312268273304,3.6084594726562504,20675.0,0.6926040947770301,424.33241686206344,1856.0,231.69868108758783,1.5083413475657967,EIN84T_1633,real,78275.60915279959,0.0018248157853459276,True
76927.99681360989,655.0,-74196.0,-2331.0,6560.820000000001,52.01323428396451,3.5344587053571432,21525.0,0.7018771341275973,428.5463802203911,1408.0,231.63251461513858,1.3802015250772395,EIN84T_1633,real,69950.99059541803,0.0,True
76896.33365246272,675.0,-77764.0,-5067.0,6705.6,51.988128662109375,3.4830474853515625,22000.0,0.7114282491340908,433.54469204454574,1536.0,231.64978408323532,1.4134956078080245,EIN84T_1633,real,71992.7591954468,0.0,True
76847.58068269171,715.0,-84958.0,-10200.0,7086.6,51.94089210639565,3.3794730050223216,23250.0,0.7163064893122276,434.3017384261776,1280.0,234.37030551061622,1.3247466170288928,EIN84T_1633,real,66695.54425290073,0.0,True
76817.56568505967,735.0,-88781.0,-12684.0,7208.52,51.91794185315148,3.3244628906250004,23650.0,0.7274303686260459,440.3237445334966,1280.0,237.89806646043843,1.3240810772704634,EIN84T_1633,real,66657.57763330468,0.0,True
76772.3767875025,775.0,-96905.0,-16800.0,7475.22,51.879547119140625,3.207413956925676,24525.0,0.746610969632521,450.30767259730317,1664.0,245.88248336447577,1.4259864494466672,EIN84T_1633,real,72778.05449220056,0.0,True
76741.3245652563,795.0,-101202.0,-18440.0,7627.620000000001,51.86402893066406,3.1454302813555746,25025.0,0.7506181610525574,451.7875606963963,1280.0,249.800193378566,1.3148114322011082,EIN84T_1633,real,66130.03175295152,0.0,True
76698.08023528595,825.0,-107919.0,-20340.0,7802.88,51.845672607421875,3.0484091269003377,25600.0,0.7638204889327451,458.6349310726343,1280.0,255.99405572518427,1.3124735478141174,EIN84T_1633,real,66009.57950569225,0.0,True
76667.39335071307,855.0,-114974.0,-21505.0,8008.620000000001,51.8337754071769,2.946319580078125,26275.0,0.7716749051434414,462.0443701637322,1408.0,262.4135511078278,1.3418655383350322,EIN84T_1633,real,67724.03534404674,0.0,True
76623.85355311647,885.0,-122093.0,-22091.0,8191.5,51.826995849609375,2.8431577940244934,26875.0,0.779554295790391,465.5856526999087,1216.0,263.95878731205113,1.2821546332435956,EIN84T_1633,real,64400.17516294161,0.0,True
76595.28835916721,905.0,-126815.0,-22477.0,8305.800000000001,51.82246321338718,2.7747344970703125,27250.000000000004,0.7843029831066913,467.68044645890427,1024.0,263.8627440507381,1.2223608011807294,EIN84T_1633,real,61220.795521764754,0.0,True
76550.31344085,945.0,-136485.0,-23200.0,8564.880000000001,51.81367492675781,2.634640255489865,28100.000000000004,0.7914720860000937,470.2552498377876,1536.0,264.386394970477,1.3576914753534928,EIN84T_1633,real,68910.55425624215,0.0,True
76521.86098329756,965.0,-141319.0,-23538.0,8694.42,51.8094285867982,2.5646209716796875,28525.0,0.7945873585431286,471.25046419075284,1152.0,264.3982880691907,1.2453931723705733,EIN84T_1633,real,62683.12579741437,0.0,True
76478.24066851615,995.0,-148515.0,-24038.0,8884.92,51.80305480957031,2.4604178763724662,29150.0,0.7952043092891333,470.35412191241613,1024.0,264.2651649432729,1.198254091689845,EIN84T_1633,real,60231.19349783206,0.0,True
76449.71510618266,1025.0,-155736.0,-24539.0,9052.560000000001,51.796580169160485,2.3558807373046875,29700.000000000004,0.8004638852900029,472.34415419268186,1408.0,264.28940686250047,1.3038426720881908,EIN84T_1633,real,66141.87652280004,0.0,True
76408.22595575197,1055.0,-162957.0,-25023.0,9227.82,51.79015596034163,2.2513580322265625,30274.999999999996,0.8026304783025506,472.44470575930893,960.0,264.16873353732257,1.1658688321161734,EIN84T_1633,real,58872.83090791044,0.0,True
76380.36336600085,1075.0,-167844.0,-25357.0,9342.12,51.78570556640625,2.180637668918919,30650.0,0.8056332889328509,473.4395420748039,1216.0,264.18102909860556,1.2381418077319153,EIN84T_1633,real,62820.97602677145,0.0,True
76334.4007556759,1115.0,-177485.0,-26021.0,9662.16,51.776748915850106,2.041168212890625,31699.999999999996,0.7959171127662225,465.5856526999087,1600.0,263.95878731205113,1.3336435961934339,EIN84T_1633,real,67841.43832123079,0.0,True
73861.07036491811,0.0,-75072.67562405499,55078.757187512754,30.480000304330254,52.321296883159214,4.779955945891002,100.0,0.3,198.3755,2469.0,183.0038,1.979576371372668,AUA3NA_1248,fuel,128140.83388366782,0.17681588536544046,True
73817.23952479458,22.1231,-75189.91370937401,52844.525955211946,307.9645853205715,52.30119071924238,4.778732191553466,1010.0,0.353893,233.2784,2735.0,183.0038,1.9377225279726282,AUA3NA_1248,fuel,121386.168448957,0.09487503150076897,True
73774.35636880113,44.2462,-75327.87032418464,50215.45728120936,615.2849343663778,52.27753134328829,4.777293476193667,2019.0,0.412062,270.6725,3000.0,149.8191,1.9159979984275144,AUA3NA_1248,fuel,118252.93404751291,0.06570296518498968,True
73731.98163374256,66.3693,-73791.3799003289,47573.47804057587,952.4410474408041,52.25398285586018,4.800455119263982,3125.0,0.471119,308.2693,3000.0,124.1133,1.869150486026033,AUA3NA_1248,fuel,112137.86424991,0.053838298598930905,True
73690.68178077695,88.4924,-70905.63040170529,45618.70327918231,1289.5971605168659,52.236784561048594,4.84325652665068,4231.0,0.533522,347.7426,3000.0,124.1096,1.8460290841656677,AUA3NA_1248,fuel,109379.69969662011,0.0445503228236246,True
73649.93587304119,110.6155,-67647.0674780134,43411.69729716673,1626.75327359309,52.21734857531583,4.891547556987805,5337.0,0.579726,376.3747,3000.0,124.1044,1.8404057862845804,AUA3NA_1248,fuel,108730.85545760675,0.03691413894115916,True
73609.34273639496,132.7386,-64118.17597546536,41022.06126059955,1963.9093866693304,52.19628213237671,4.943797020962502,6443.0,0.590972,382.1586,3000.0,124.0957,1.831551169117565,AUA3NA_1248,fuel,107725.30551269374,0.03683464433362906,True
73568.9484027034,154.8617,-60534.40773821033,38596.06390869826,2301.0654997455435,52.17487167909862,4.996808161056435,7549.0,0.602494,388.0563,3000.0,124.0858,1.8225781467222326,AUA3NA_1248,fuel,106725.555674078,0.03864520576689091,True
73528.75549028837,176.9848,-56894.63833537972,36133.070880458356,2638.2216128217274,52.1531105768321,5.050595276412902,8656.0,0.6143,394.0698,3000.0,124.048,1.8134773234427066,AUA3NA_1248,fuel,105730.37424168433,0.04112657469314855,True
73488.7665993125,199.1079,-53196.54967908505,33634.171453173534,2975.37772589788,52.13100775836559,5.105189789375613,9762.0,0.626396,400.2012,3000.0,123.9939,1.8042691263042783,AUA3NA_1248,fuel,104741.78417518944,0.04279237682403422,True
73448.98431284,221.231,-49438.2688344592,31099.760205779916,3312.5338389739973,52.10856579289639,5.160616654222847,10868.0,0.63879,406.4527,3000.0,123.9502,1.7949443357903148,AUA3NA_1248,fuel,103758.56011512809,0.040355095915441765,True
73409.41119792685,243.3541,-45619.06518106596,28528.498838359355,3649.6899520500783,52.08577150539367,5.216884269778496,11974.0,0.65149,412.8262,3000.0,123.9281,1.7855033637131232,AUA3NA_1248,fuel,102780.54467907801,0.03599057643636061,True
73370.04980671947,265.4773,-41738.71529640663,25918.25007167325,3986.8460651261175,52.06260446083712,5.273993595730627,13080.0,0.664503,419.3239,3000.0,123.9092,1.775946687223785,AUA3NA_1248,fuel,101807.59180641023,0.03123863261454997,True
73330.90267753662,287.6004,-37796.173461899765,23268.054611029573,4324.002178202113,52.03905485102119,5.331957339461836,14186.0,0.677838,425.9477,3000.0,123.8971,1.7662746098027253,AUA3NA_1248,fuel,100839.54228055931,0.02651088400582268,True
73291.97233590817,309.7235,-33790.54940988196,20576.680387823762,4661.158291278062,52.01511035883247,5.39078584797211,15293.0,0.691503,432.6997,3000.0,123.9083,1.756476192564684,AUA3NA_1248,fuel,99875.14453847558,0.023956776493469972,True
73253.2612955402,331.8466,-29721.73217186901,17841.69456703696,4998.314404353957,51.99074778414503,5.4504780650077524,16399.0,0.705506,439.5817,3000.0,123.9348,1.7465739640261995,AUA3NA_1248,fuel,98916.43684718254,0.022510116905685777,True
73214.77205917386,353.9697,-25589.259930374126,15061.14795266844,5335.470517429791,51.96594827214091,5.511037855615603,17505.0,0.719855,446.5959,3000.0,123.9525,1.7365571683108212,AUA3NA_1248,fuel,97962.17718179262,0.02207970393211032,True
73176.5071193004,376.0928,-21391.504185031,12234.787704310344,5672.626630505555,51.94070823790083,5.572485843546985,18611.0,0.734559,453.744,3000.0,123.9534,1.726425881550876,AUA3NA_1248,fuel,97012.20430935704,0.021492746710247933,True
73138.46895869325,398.2159,-17126.39522212832,9362.976905618569,6009.782743581247,51.91502958278703,5.6348489426383415,19717.0,0.749627,461.0278,3000.0,123.9497,1.7161802145989393,AUA3NA_1248,fuel,96066.36560488242,0.021014247822321586,True
73100.66005071306,420.339,-12792.42227748945,6445.211044616684,6346.93885665685,51.888906311147394,5.698145856659852,20823.0,0.765067,468.4493,3000.0,123.9563,1.7058203791640603,AUA3NA_1248,fuel,95125.8663890565,0.0037667369274349957,True
73063.08242071817,442.4621,-8388.828847244537,3479.8295075005312,6684.094969732352,51.86232195266521,5.762384208472635,21929.0,0.780889,476.01,3000.0,123.9622,1.6953463753780345,AUA3NA_1248,fuel,94219.29998394755,0.0,True
73025.73017442471,464.5852,-3914.2760916347606,466.0021274065543,7021.251082807747,51.83526746565838,5.827579927580834,23036.0,0.797101,483.7117,3000.0,123.9618,1.6847456846145188,AUA3NA_1248,fuel,93446.36172628394,0.0,True
72988.57072485505,486.7083,632.8798003997691,-2596.681657513865,7358.407195882902,51.807737517327965,5.89375310257037,24142.0,0.812927,491.0818,3000.0,123.9697,1.6738194146128669,AUA3NA_1248,fuel,92952.63186218895,0.0,True
72951.53272075414,508.8314,5249.052919482384,-5706.775499517233,7695.563308958124,51.779743343680586,5.960847963144599,25248.0,0.82,493.0906,3000.0,123.9814,1.6603725275087802,AUA3NA_1248,fuel,92202.36520586666,0.0,True
72914.67749417268,530.9545,9883.441904833635,-8830.517126882802,8032.719422033268,51.75158796574075,6.028123779590381,26354.0,0.82,490.8164,3000.0,123.9751,1.645728485122601,AUA3NA_1248,fuel,91052.34457606307,0.0,True
72878.10819319432,553.0776,14496.619691685102,-11939.227436677978,8369.875535108267,51.72352995462853,6.095008396284177,27460.0,0.82,488.5316,3000.0,123.9678,1.6320481181624342,AUA3NA_1248,fuel,90012.95057251587,0.0,True
72841.79983410572,575.2007,19088.537980354176,-15032.75966333872,8707.031648183121,51.69557124060974,6.161502370771388,28566.0,0.82,486.236,3000.0,123.9724,1.619389026566696,AUA3NA_1248,fuel,89085.27003107415,0.0,True
72805.72578968175,597.3238,23658.449740183223,-18112.001112430367,9044.187761257826,51.66770448092959,6.227596060260441,29673.0,0.82,483.9296,2800.0,123.9715,1.5707034794216,AUA3NA_1248,fuel,85376.20669114008,0.0,True
72770.65977249254,619.4469,28208.372223719503,-21177.676143425953,9358.91132131211,51.63992367838755,6.293319865260579,30705.0,0.82,481.7667,2535.0,123.968,1.508128534049268,AUA3NA_1248,fuel,80854.0305047422,0.0,True
72736.90329361058,641.57,32740.315106703474,-24230.824876533847,9643.799117337896,51.612219926782345,6.358703930425552,31640.0,0.82,479.8004,2269.0,123.9851,1.4432966449713318,AUA3NA_1248,fuel,76435.2795716105,0.0,True
72704.49929230587,663.6931,37254.922448072706,-27274.26115556008,9898.851149333981,51.58456839125319,6.42375831514562,32477.0,0.818098,476.9243,2004.0,123.9976,1.3766538305220972,AUA3NA_1248,fuel,71987.92996373236,0.0,True
72673.53749650173,685.8162,41743.75926761935,-30301.74668070323,10124.067417299975,51.55702629389423,6.4883626694526235,33215.0,0.815223,473.6912,1738.0,123.9966,1.3077890219627908,AUA3NA_1248,fuel,67533.45539280016,0.0,True
72644.0904881883,707.9393,46204.06306247925,-33309.87387386616,10319.44792123573,51.529625195001636,6.552478876047082,33856.0,0.812245,470.6111,1473.0,124.0088,1.2371499458669877,AUA3NA_1248,fuel,63147.40609766751,0.0,True
72616.21124536337,730.0624,50636.477398834744,-36300.5655191617,10484.992661141194,51.50234849267812,6.616117510871374,34400.0,0.809191,467.6994,1208.0,124.0295,1.1644903780336047,AUA3NA_1248,fuel,58800.98282475372,0.0,True
72589.95276584406,752.1855,55042.07597873284,-39275.4813237138,10620.701637016375,51.47518188207969,6.679295272020321,34845.0,0.805972,464.9039,942.0,124.0318,1.0895303285916926,AUA3NA_1248,fuel,54460.592687707365,0.0,True
72565.37023599088,774.3087,59422.90251401638,-42233.92112751339,10726.574848861359,51.448132137558794,6.742043124253465,35192.0,0.802645,462.2574,677.0,124.0357,1.0128011525267233,AUA3NA_1248,fuel,50149.77610639058,0.0,True
72542.51663314187,796.4318,63780.31219887647,-45176.98088706871,10802.612296676347,51.42118989077177,6.804381732016381,35442.0,0.799103,459.6962,411.0,124.0567,0.9337486141472902,AUA3NA_1248,fuel,45824.69342294872,0.0,True
72521.4454900275,818.5549,68114.20071058012,-48106.46954386455,10848.813980461782,51.394339492051564,6.866310479091319,35593.0,0.79533,457.2108,146.0,124.0679,0.8530046384978581,AUA3NA_1248,fuel,41510.88468501894,0.0,True
72502.20746165102,840.678,72425.53248406306,-51021.9370505383,10865.179900219087,51.36758546634829,6.927844515862967,35647.0,0.793128,455.8334,-0.0,124.0613,0.8075414974180667,AUA3NA_1248,fuel,39123.701100378785,0.0,True
72483.9986337211,862.8011,76724.85828332919,-53928.57020687777,10865.17990000071,51.34088031407474,6.989135740769928,35647.0,0.790926,454.5678,-146.0,124.0548,0.7617340520122022,AUA3NA_1248,fuel,36744.63032388304,0.0,True
73861.07036492917,0.0,-75072.67562417335,55078.75718750287,30.48000030439559,52.32129688315911,4.779955945889263,100.0,0.3,198.3755,1962.0,183.0038,1.8540974457807045,AUA3NA_1248,pop,110325.21278122847,0.17681588536470735,True
73819.09173407363,22.6186,-75192.90632736868,52787.494997657166,255.9363540497037,52.30067748942031,4.7787009673398195,840.0,0.371364,244.9395,2234.0,183.0038,1.7911900671306276,AUA3NA_1248,pop,103367.58865927854,0.10123208214695578,True
73778.57760111585,45.2372,-75341.43643934975,49956.924930352216,512.5799586463436,52.27520477180223,4.777152074528708,1682.0,0.445206,292.787,2505.0,158.5176,1.7857857533647603,AUA3NA_1248,pop,102809.5512904292,0.07202513427161313,True
73738.23247244065,67.8558,-74100.27383148794,46803.21141836771,800.4108140940016,52.247015120504265,4.79608739247103,2626.0,0.520551,341.2108,2776.0,126.8713,1.818381317427182,AUA3NA_1248,pop,106264.33346351699,0.05471412187051645,True
73697.20021998542,90.4745,-70940.11388080171,44432.97150409725,1119.4289203915623,52.22611788972574,4.842999952837622,3673.0,0.563307,367.8814,3000.0,92.9434,1.8533811706533951,AUA3NA_1248,pop,110240.56237406188,0.04096284570751697,True
73655.4025995605,113.0931,-66687.44734650683,44214.314596596305,1464.1366351785387,52.22468287182677,4.905473387581138,4804.0,0.574398,373.6251,3000.0,86.9409,1.84450719577212,AUA3NA_1248,pop,109203.290512851,0.037477498303740316,True
73613.80875344455,135.7117,-62368.48535596523,44445.12690017041,1808.8443499654886,52.227264281219306,4.9688327165461414,5935.0,0.585766,379.4845,3000.0,90.6862,1.835508258230109,AUA3NA_1248,pop,108172.29133177409,0.03660315637459642,True
73572.42150982883,158.3303,-57975.49649111181,44392.51116871402,2153.5520647523535,52.22727096952525,5.033334983000832,7065.0,0.597419,385.4618,3000.0,95.6589,1.826394848470277,AUA3NA_1248,pop,107148.49730781242,0.03627967627661419,True
73531.24367539337,180.9489,-53534.39924418011,43952.45077913085,2498.2597795389756,52.223763170290255,5.098605071546335,8196.0,0.609364,391.5592,3000.0,110.6677,1.817148469998926,AUA3NA_1248,pop,106129.5980656665,0.03746603681869792,True
73490.27803640255,203.5675,-49292.40169888724,42352.2629852701,2842.9674943252453,52.209769051782956,5.161111900915126,9327.0,0.62161,397.7791,3000.0,123.0677,1.8077793469767596,AUA3NA_1248,pop,105116.52358475573,0.037525354092895424,True
73449.52735986545,226.1862,-45432.346175529055,39839.02648601185,3187.675209111246,52.187499821734015,5.218098818907552,10458.0,0.634165,404.1235,3000.0,132.188,1.7982879953889404,AUA3NA_1248,pop,104109.10753469987,0.03625622264977666,True
73408.99439473887,248.8048,-41964.78490661045,36696.16196253257,3532.3829238970193,52.15951133956909,5.269352487552068,11589.0,0.647036,410.5947,3000.0,138.3566,1.7886749813771128,AUA3NA_1248,pop,103107.1935885939,0.034724759402780574,True
73368.68187314985,271.4234,-38805.01480949756,33142.649047201834,3877.090638682616,52.127786214867655,5.316079632790114,12720.0,0.660232,417.1949,3000.0,140.8381,1.778940773500226,AUA3NA_1248,pop,102110.61979182775,0.03197773023842885,True
73328.59251161022,294.042,-35753.596226176036,29396.15666511975,4221.798353468301,52.094300183570915,5.3611744843720075,13851.0,0.673761,423.9263,3000.0,142.7759,1.769085784040899,AUA3NA_1248,pop,101119.22338895145,0.028076705230921522,True
73288.7290121919,316.6606,-32783.26617299189,25486.306399902856,4566.506068254129,52.059323079680055,5.405031314174578,14982.0,0.687633,430.7911,3000.0,143.874,1.759110374803097,AUA3NA_1248,pop,100132.84166407611,0.025268526815607463,True
73249.09406363082,339.2792,-29841.36322330782,21455.790960029146,4911.2137830400325,52.02324302370183,5.448414560384391,16113.0,0.701855,437.7912,3000.0,142.8395,1.749014731239306,AUA3NA_1248,pop,99151.2999887662,0.023282307444979444,True
73209.69034231975,361.8979,-26778.019285447146,17414.201753842168,5255.921497825939,51.98705332636756,5.4935020718004415,17244.0,0.716438,444.9289,3000.0,136.8816,1.7387991775806733,AUA3NA_1248,pop,98174.44285312155,0.022353744082591005,True
73170.52051315048,384.5165,-23255.01197694361,13651.85740392771,5600.629212611763,51.95337714744296,5.5452047602167935,18375.0,0.731389,452.2062,3000.0,130.7629,1.728463882555712,AUA3NA_1248,pop,97202.10502364181,0.021720727111751287,True
73131.58723015839,407.1351,-19286.994664190133,10231.24189742161,5945.336927397515,51.92276718629373,5.603299292016556,19506.0,0.746718,459.625,3000.0,124.9956,1.7180089565876024,AUA3NA_1248,pop,96234.12138023213,0.021008677427903247,True
73092.89313692,429.7537,-14924.709813702515,7177.241284197043,6290.04464218191,51.895436412620455,5.667043999257656,20637.0,0.762435,467.1872,3000.0,123.5031,1.707434513598449,AUA3NA_1248,pop,95270.87201535056,0.007645173291816085,True
73054.44067165388,452.3723,-10411.096410424156,4189.39506774517,6634.75235695271,51.86866902789219,5.732913166128312,21768.0,0.778549,474.8947,3000.0,123.4039,1.6967406894150627,AUA3NA_1248,pop,94333.92635999266,0.0,True
73016.22604628083,474.9909,-5817.566918934962,1160.06965973597,6979.46007172172,51.8414927089786,5.799867880081086,22898.0,0.79507,482.7493,3000.0,123.3636,1.6859401674286043,AUA3NA_1248,pop,93518.04140148999,0.0,True
72978.22000354409,497.6096,-1145.7014401178367,-1916.2000462946548,7324.167786488064,51.813856408129844,5.867881502354545,24029.0,0.811668,490.5482,3000.0,123.3641,1.6749108832449955,AUA3NA_1248,pop,92993.08768146078,0.0,True
72940.34636811,520.2282,3601.7877737372187,-5042.331259280552,7668.875501254987,51.78573193222283,5.936910291468917,25160.0,0.82,493.2702,3000.0,123.4053,1.661437440955133,AUA3NA_1248,pop,92286.12209826859,0.0,True
72902.6481647168,542.8468,8373.352394240013,-8189.228648606871,8013.583216020944,51.75737992747427,6.006202411467227,26291.0,0.82,490.9457,3000.0,123.4631,1.6463925164300166,AUA3NA_1248,pop,91102.20936151367,0.0,True
72865.2503923436,565.4654,13119.07860755828,-11325.966817911085,8358.29093078514,51.72907919823363,6.075032722031069,27422.0,0.82,488.6103,3000.0,123.5198,1.6323517293289418,AUA3NA_1248,pop,90033.92838988401,0.0,True
72828.12643274774,588.084,17838.949338456376,-14452.325004950613,8702.998645547525,51.70083247780211,6.1434021861481565,28553.0,0.82,486.2636,3000.0,123.573,1.6193767568769302,AUA3NA_1248,pop,89082.39801102657,0.0,True
72791.24787139652,610.7026,22533.06416237516,-17567.904070588036,9047.706360308077,51.672644094074926,6.21131347656389,29684.0,0.82,483.9055,2795.0,123.6304,1.5694811633958,AUA3NA_1248,pop,85283.09017808562,0.0,True
72755.42689378586,633.3213,27203.05502080983,-20674.210712275853,9368.867481742178,51.64450115162314,6.278791336910452,30738.0,0.82,481.6981,2524.0,123.6889,1.5054033394419037,AUA3NA_1248,pop,80661.35502873422,0.0,True
72720.97626702837,655.9399,31850.871296207315,-23772.619572463853,9658.841352357571,51.61639186480111,6.345864976351298,31689.0,0.818546,478.8458,2252.0,123.7401,1.4389675511110132,AUA3NA_1248,pop,76044.16480318422,0.0,True
72687.9756043643,678.5585,36470.57933852758,-26858.254239214675,9917.627972139057,51.58836110724079,6.412450010461414,32538.0,0.81563,475.3558,1981.0,123.8064,1.3706325930317176,AUA3NA_1248,pop,71439.45509699441,0.0,True
72656.50955049827,701.1771,41055.1172483837,-29928.07152477312,10145.227341081942,51.56043753622324,6.478445983328946,33285.0,0.812713,472.0869,1709.0,123.8253,1.2999729286557071,AUA3NA_1248,pop,66900.05311510703,0.0,True
72626.63136734726,723.7957,45609.0622600418,-32979.58718832671,10341.639459184315,51.53264405628036,6.543921027563647,33929.0,0.809716,468.9931,1438.0,123.8559,1.2274423035331803,AUA3NA_1248,pop,62430.48417704711,0.0,True
72598.39712677996,746.4143,50133.38675787275,-36014.75737436084,10506.8643264455,51.5049638055166,6.608890511520958,34471.0,0.806462,465.9715,1167.0,123.8981,1.1527683469243477,AUA3NA_1248,pop,57988.96127972107,0.0,True
72571.86757086123,769.033,54628.116108900824,-39034.87665007142,10640.901942865701,51.47738592512406,6.6733560882779885,34911.0,0.803179,463.1542,895.0,123.9344,1.0756711658152247,AUA3NA_1248,pop,53560.43932208095,0.0,True
72547.0983062813,791.6516,59095.55387672217,-42040.761123781514,10743.75230844602,51.4499036115695,6.737352289444519,35249.0,0.799549,460.3566,624.0,123.9644,0.9966523216291533,AUA3NA_1248,pop,49147.183733712765,0.0,True
72524.15100578367,814.2702,63536.27058137868,-45032.044847736404,10815.415423188975,51.42252080730142,6.800888737570027,35484.0,0.795756,457.6836,352.0,123.9877,0.9151958795096163,AUA3NA_1248,pop,44721.92021630752,0.0,True
72503.08088491796,836.8888,67951.75389211859,-48008.941536331724,10855.891287100234,51.39523610718781,6.86398815122899,35616.0,0.791605,455.0212,81.0,124.0051,0.8318896686218228,AUA3NA_1248,pop,40300.8335031786,0.0,True
72483.94385060649,859.5074,72342.08226056349,-50970.81908566709,10865.179900197805,51.36805584055846,6.926653054466197,35647.0,0.790367,454.2464,-0.0,124.0138,0.8064240713176135,AUA3NA_1248,pop,38971.903845178174,0.0,True
72465.39496443205,882.126,76724.85828347846,-53928.570207098885,10865.179900009203,51.34088031407271,6.989135740772029,35647.0,0.789129,453.5348,-81.0,124.0225,0.7809458705925981,AUA3NA_1248,pop,37648.77974455347,0.0,True
74588.06331136965,0.0,11011.0,29202.0,129.54000000000002,52.30185815843485,4.778189522879464,425.00000000000006,0.21713830120889696,143.42245291445826,2816.0,184.3987053549955,1.8887786658735402,AUA3NA_1248,real,195871.24400613917,0.11803595046411869,True
74530.83026172918,24.0,10902.0,27521.0,495.3,52.28672790527344,4.7765350341796875,1625.0,0.21166864824383433,139.2300254973761,2112.0,183.2939649878451,1.8885079235936633,AUA3NA_1248,real,169855.61916863217,0.07645435755804472,True
74492.89652213367,44.0,11088.0,26005.0,693.4200000000001,52.27308654785156,4.779205322265625,2275.0,0.24672153730500315,161.91973320136123,1792.0,160.89364699422802,1.8682654830432177,AUA3NA_1248,real,129997.90777075439,0.06248548305684938,True
74438.93171854889,74.0,13178.0,24199.0,982.98,52.25679016113281,4.8097991943359375,3225.0,0.3310496273758953,216.54098919142305,3520.0000000000005,100.37584492005105,1.886916525391563,AUA3NA_1248,real,154807.6756596294,0.05524215461568044,True
74400.7845692466,94.0,15478.0,24079.0,1402.0800000000002,52.255645751953125,4.8435211181640625,4600.0,0.33502990366490665,218.08255317654368,4800.0,91.57655005518374,1.8887769562081285,AUA3NA_1248,real,193799.43118805636,0.0522362379753212,True
74346.43197797502,124.0,18971.0,23970.0,1859.2800000000002,52.25456108481197,4.8947230747767865,6100.0,0.38039861040031314,246.2925090212855,1856.0,92.7927023657133,1.6803412675385558,AUA3NA_1248,real,92703.49809087365,0.05100647896853664,True
74309.10770697112,144.0,21603.0,23852.0,2118.36,52.25340270996094,4.933319091796875,6950.0,0.414062441423024,267.2695268825086,3328.0,92.57335946317683,1.863658741275717,AUA3NA_1248,real,127448.04196920704,0.045843197601593874,True
74252.92551563946,174.0,25839.0,23691.0,2667.0,52.2517679505429,4.995404924665179,8750.0,0.43398658680533403,278.30379084734005,2816.0,92.67734862374213,1.810785331149767,AUA3NA_1248,real,111066.38327638301,0.03888240321469578,True
74216.32432030267,194.0,28739.0,23573.0,2941.32,52.25056457519531,5.0379180908203125,9650.0,0.4588664550135351,293.28825411188905,3392.0000000000005,92.54046740461034,1.850059618699201,AUA3NA_1248,real,121644.86977143065,0.03668083720607911,True
74168.65368899985,224.0,33441.0,23390.0,3314.7000000000003,52.24864895060911,5.106837681361608,10875.0,0.5051301591626538,321.39850653044425,1152.0,92.85350283657603,1.3195709491034016,AUA3NA_1248,real,66399.39153674782,0.034663106266737805,True
74135.79532736029,244.0,36854.0,23240.0,3497.5800000000004,52.24708557128906,5.1568603515625,11475.0,0.5425227138915117,344.41980198589044,2624.0,92.8291758376303,1.7192215025647184,AUA3NA_1248,real,97006.60224146885,0.03366523405715499,True
74080.3539113512,274.0,41933.0,22141.0,4030.98,52.23683166503906,5.231170654296875,13225.0,0.5379028820091944,339.24917096435183,3392.0000000000005,120.2685941290827,1.8168438283921282,AUA3NA_1248,real,112377.50241488102,0.03152335136610979,True
74044.3465560614,294.0,44861.0,20131.0,4358.64,52.21852111816406,5.2738189697265625,14300.0,0.5454615274074908,342.6149442158062,3072.0,126.33475122760923,1.7764921603947474,AUA3NA_1248,real,104834.28290029295,0.030215548082321988,True
73991.38665532916,324.0,49115.0,17053.0,4815.84,52.190460205078125,5.335693359375,15800.0,0.5575642785064103,348.20827101032506,2688.0,126.47498755596416,1.708213604979206,AUA3NA_1248,real,95725.14286720211,0.028377583112862446,True
73941.48468000839,354.0,53564.0,13829.0,5189.22,52.16103763903602,5.40032958984375,17025.0,0.582099510782273,361.809342057388,2624.0,126.45816060211223,1.681878365052023,AUA3NA_1248,real,92866.2747686244,0.02614609645031846,True
73908.40951411585,374.0,56577.0,11648.0,5440.68,52.14111328125,5.4440394810267865,17850.0,0.5952672549997071,368.80347069950415,2432.0,126.62132749378443,1.6349598047462424,AUA3NA_1248,real,88325.91177850585,0.024455977120120077,True
73858.97631485085,404.0,61234.0,8280.0,5814.06,52.11030578613281,5.5115509033203125,19075.0,0.6130631263651944,378.00132274900835,2368.0,126.71832186317573,1.6091934623409958,AUA3NA_1248,real,86062.85113064156,0.022075075633803398,True
73825.6397731563,424.0,64436.0,5960.0,6080.76,52.0890678793697,5.557904924665179,19950.0,0.6223624564003954,382.4042363782075,2560.0,126.600201930794,1.6421248223149862,AUA3NA_1248,real,88981.35500284901,0.021246440488157083,True
73778.09940886879,454.0,69213.0,2503.0,6431.280000000001,52.05738830566406,5.626983642578125,21100.0,0.6389617368054876,390.80046059338264,2048.0,126.78193080680474,1.5140974788388648,AUA3NA_1248,real,78683.66676945571,0.0,True
73745.94504801012,474.0,72541.0,93.0,6667.5,52.0352783203125,5.675048828125,21875.0,0.6481822247684782,395.2024797493052,2496.0,126.6669276160485,1.6110298144326016,AUA3NA_1248,real,86219.55132620547,0.0,True
73699.61321789441,514.0,78978.0,-4803.0,7124.700000000001,51.99033058295815,5.767822265625,23375.0,0.6638949064274796,402.318281960937,1984.0,129.14912366727071,1.477038677780319,AUA3NA_1248,real,76113.52638392689,0.0,True
73668.60263329223,534.0,82300.0,-7419.0,7345.68,51.96630962824417,5.81561279296875,24100.0,0.6718159921317451,405.90762495917716,2368.0,129.10070589617698,1.5638263386105238,AUA3NA_1248,real,82378.03176464923,0.0,True
73623.79082974175,564.0,87211.0,-11279.0,7673.34,51.93083682302701,5.886160714285714,25175.0,0.6841670679382825,411.5349316886721,1920.0,129.18165291625337,1.4436436374263804,AUA3NA_1248,real,73907.16993368886,0.0,True
73596.3297429982,584.0,90566.0,-13928.0,7833.360000000001,51.906463623046875,5.934295654296875,25700.0,0.6973868199404182,418.57018527362885,1728.0,129.2797757011332,1.3858147535366436,AUA3NA_1248,real,70289.61969755853,0.0,True
73552.93590089811,614.0,95608.0,-17887.0,8130.54,51.86999304819915,6.0065460205078125,26675.0,0.7086009098307761,423.5658154289602,1856.0,129.25133658271224,1.4119708841950331,AUA3NA_1248,real,71896.89036971884,0.0,True
73527.28003047148,634.0,99074.0,-20609.0,8282.94,51.84490139201536,6.0561370849609375,27175.0,0.7218930341914239,430.60190431534323,1152.0,129.3455791773593,1.2017550199107445,AUA3NA_1248,real,59975.64955524411,0.0,True
73488.06149910083,664.0,104403.0,-24800.0,8488.68,51.80621648238877,6.1322784423828125,27850.0,0.7394589495344456,439.8192810689409,1792.0,129.37189952916276,1.383573992454972,AUA3NA_1248,real,70154.19354617034,0.0,True
73450.24443353423,694.0,109795.0,-29041.0,8702.04,51.76701949814618,6.2091827392578125,28550.0,0.7572132068536306,449.036746825914,1408.0,129.39713932001922,1.2716574666510045,AUA3NA_1248,real,63731.23437194736,0.0,True
73425.52214166732,714.0,113400.0,-31874.0,8831.58,51.74081058825477,6.260528564453125,28975.0,0.7694099455311866,455.4393483220351,1280.0,129.38677330278355,1.232617606484271,AUA3NA_1248,real,61656.94737761788,0.0,True
73387.02847551559,744.0,118968.0,-36263.0,9060.18,51.70017048463983,6.3397216796875,29725.0,0.7825195309048566,461.70553386330556,1152.0,129.55134855864014,1.1896488609240667,AUA3NA_1248,real,59517.6279069131,0.0,True
73363.19330154141,764.0,122742.0,-39232.0,9159.24,51.672637939453125,6.393300649282095,30049.999999999996,0.796876398350279,469.51570793744486,1344.0,129.55557745857715,1.2456237673718382,AUA3NA_1248,real,62769.51779979402,0.0,True
73324.33456376237,794.0,128433.0,-43715.0,9380.220000000001,51.63102722167969,6.473990775443412,30775.000000000004,0.8063599298372036,473.60848809961163,1536.0,129.77459203093522,1.2914346971924127,AUA3NA_1248,real,65656.54938631128,0.0,True
73297.65483180055,814.0,132261.0,-46730.0,9540.24,51.60301208496094,6.528180096600507,31299.999999999996,0.8095245349920457,474.3774868182511,1792.0,129.69732008568704,1.352535114155173,AUA3NA_1248,real,69342.27195575692,0.0,True
73257.97751644657,844.0,138016.0,-51252.0,9814.560000000001,51.560943603515625,6.6095383102829395,32200.000000000004,0.8114175455355533,473.60848809961163,1280.0,129.77459203093522,1.2038717426689507,AUA3NA_1248,real,61322.366228776475,0.0,True
73233.16922712725,864.0,141829.0,-54250.0,9944.1,51.53302001953125,6.663356471706082,32625.0,0.8177793888489047,476.42523023030594,1472.0,129.8055710922652,1.2538272777335426,AUA3NA_1248,real,64442.33650438961,0.0,True
73188.13724515046,894.0,147547.0,-58745.0,10294.62,51.491104384600106,6.743927001953125,33775.0,0.8060745623149701,467.2065924192423,2752.0,129.78986931696272,1.550929272152373,AUA3NA_1248,real,82534.36894871795,0.0,True
73161.41074666992,914.0,151338.0,-61729.0,10492.74,51.4632568359375,6.797270903716217,34425.0,0.8033371887874536,464.2628565801921,1536.0,129.93198187339485,1.2538528457554596,AUA3NA_1248,real,63843.33108760137,0.0,True
73126.13326675726,944.0,156835.0,-66275.0,10683.24,51.42085705773305,6.8743896484375,35050.0,0.8073703121547815,465.2784112765173,1280.0,135.1741507692066,1.175198931599179,AUA3NA_1248,real,59989.412833421535,0.0,True
73102.06299873294,964.0,160095.0,-69637.0,10820.4,51.38969421386719,6.919753615920608,35500.0,0.8082095768787763,464.81178986768396,1344.0,138.6633273307545,1.190689800798117,AUA3NA_1248,real,60913.754691670605,0.0,True
73069.74789157452,994.0,165092.0,-74903.0,10965.18,51.340880313162074,6.9891357421875,35975.0,0.819235467623718,470.1340234443791,960.0,137.93125996780466,1.072045754386255,AUA3NA_1248,real,55830.24797656662,0.0,True
76265.08523675453,0.0,-37416.24056255465,100999.32395679694,30.480000295043997,52.321298683590655,4.7799522930166285,100.0,0.3,198.3755,2188.0,183.0038,1.9453356146024328,EJU78CP_1097,fuel,122538.35127975803,0.17462792805970037,True
76216.29843804776,25.0517,-37549.210596773155,98465.2856167532,308.99428480909734,52.29850128104049,4.778279196737079,1014.0,0.364665,240.3761,2489.0,183.0038,1.895432331957891,EJU78CP_1097,fuel,115471.58532243925,0.09335935916409013,True
76168.79740366938,50.1035,-37710.409092076974,95393.29146515371,625.7664313369166,52.27086414519148,4.776253135388508,2053.0,0.434358,285.2836,2790.0,158.3915,1.8804573818902879,EJU78CP_1097,fuel,113544.20522159529,0.064422479291948,True
76121.72330641332,75.1552,-36365.47098715274,91997.83501245447,980.7964398764706,52.240419241014045,4.796384172106672,3218.0,0.503857,329.5835,3000.0,158.3968,1.879655773586778,EJU78CP_1097,fuel,113443.16451887782,0.049794382564203994,True
76074.72301259635,100.2069,-34811.35175764319,88073.22433521094,1362.584906591168,52.20522546059033,4.819611967886623,4470.0,0.571102,371.921,3000.0,158.4137,1.867499001858839,EJU78CP_1097,fuel,111935.76321986616,0.03964320324776635,True
76028.08213058184,125.2587,-33057.42402907372,83640.20316349961,1744.3733733070253,52.165466964805894,4.845782310167252,5723.0,0.583618,378.3797,3000.0,158.4408,1.8577682960193893,EJU78CP_1097,fuel,110761.26857174367,0.035055510025345474,True
75981.68899890006,150.3104,-31275.012869849677,79128.96512899459,2126.1618400225634,52.12500089132139,4.872330356773268,6976.0,0.596482,384.9825,3000.0,158.4677,1.8478778055194274,EJU78CP_1097,fuel,109594.81042053593,0.03318481086115674,True
75935.547616443,175.3622,-29463.50449313848,74537.76987701764,2507.950306737754,52.083811354973214,4.899262978183087,8228.0,0.609704,391.7324,3000.0,158.4865,1.8378380562433128,EJU78CP_1097,fuel,108437.25849473389,0.03299533453502051,True
75889.66194585059,200.4139,-27621.618669901993,69865.09817708048,2889.738773452566,52.04188448116168,4.926596673130696,9481.0,0.623295,398.6325,3000.0,158.5025,1.827631697279357,EJU78CP_1097,fuel,107286.2833320433,0.03284311941693432,True
75844.0359147421,225.4656,-25748.472511400654,65109.23205216755,3271.527240166963,51.999204569120586,4.954342020073259,10733.0,0.637266,405.6859,3000.0,158.5168,1.8172787479123436,EJU78CP_1097,fuel,106143.81990004689,0.03015747938446806,True
75798.67341703529,250.5174,-23843.251938951238,60268.38486054328,3653.315706880904,51.95575528216579,4.982508481395599,11986.0,0.651628,412.8954,3000.0,158.5225,1.806760676379077,EJU78CP_1097,fuel,105007.50828684776,0.027509184252078232,True
75753.57831430393,275.5691,-21904.523203751458,55340.97249053911,4035.10417359434,51.911522114490324,5.01111442345111,13239.0,0.666392,420.2642,3000.0,158.521,1.7960880410667959,EJU78CP_1097,fuel,103878.215683557,0.02446946128526478,True
75708.7544371173,300.6208,-19930.938517752347,50325.335983069206,4416.892640307213,51.86648986010546,5.040176814528414,14491.0,0.68157,427.7951,3000.0,158.5247,1.7852721450048852,EJU78CP_1097,fuel,102756.80541636203,0.02319376374861804,True
75664.20558629709,325.6726,-17922.182884242287,45219.36970706258,4798.681107019457,51.82063923951853,5.069697469224666,15744.0,0.697173,435.491,3000.0,158.5386,1.774292895515768,EJU78CP_1097,fuel,101640.90316875864,0.022075905406552413,True
75619.93553401924,350.7243,-15878.429830232157,40020.7363912631,5180.469573730993,51.7739488674034,5.0996710094002085,16996.0,0.713215,443.3547,3000.0,158.5537,1.7631722523065092,EJU78CP_1097,fuel,100532.4579513346,0.02180306397232759,True
75575.94802467986,375.776,-13799.049072848326,34727.37635053727,5562.258040441725,51.72639987308093,5.130103635624056,18249.0,0.729706,451.3892,3000.0,158.5657,1.7518891814264648,EJU78CP_1097,fuel,99429.09842316569,0.022335070068782298,True
75532.24677543416,400.8278,-11682.998937054186,29337.353557878298,5944.046507151529,51.6779744930287,5.161007386918626,19501.0,0.74666,459.5969,3000.0,158.5812,1.7404663603660717,EJU78CP_1097,fuel,98332.7754978979,0.023220659196566785,True
75488.83547630878,425.8795,-9529.846116223898,23848.45624296365,6325.834973860259,51.62865245355827,5.19238534728034,20754.0,0.76409,467.9807,3000.0,158.6004,1.728881849351767,EJU78CP_1097,fuel,97242.63407798688,0.005705988676684101,True
75445.71722934957,450.9313,-7339.180348383123,18258.428322587068,6707.623440567736,51.57841307121826,5.224240148171192,22007.0,0.782007,476.5429,3000.0,158.608,1.7171473693329318,EJU78CP_1097,fuel,96200.69562509573,0.0,True
75402.88256503102,475.983,-5109.08960277425,12565.568036432795,7089.411907273811,51.527240650663735,5.256596000040662,23259.0,0.800426,485.2859,3000.0,158.6113,1.7052754767456315,EJU78CP_1097,fuel,95365.59470309841,0.0,True
75360.27594577336,501.0347,-2838.324900801781,6767.880792910836,7471.2003739767615,51.47511682477055,5.289467334292881,24512.0,0.815021,491.5953,3000.0,158.6252,1.6922270152650933,EJU78CP_1097,fuel,94737.05381714122,0.0,True
75317.83590719078,526.0865,-539.4119838604872,894.1368006630275,7852.988840680525,51.4222998626815,5.322669700968175,25764.0,0.82,492.03,3000.0,158.6464,1.677175043455659,EJU78CP_1097,fuel,93772.98320291036,0.0,True
75275.65255441763,551.1382,1759.3027348589605,-4985.510413038999,8234.777307383078,51.36942041252245,5.3557923299364445,27017.0,0.82,489.4484,2845.0,158.6625,1.6346870769633577,EJU78CP_1097,fuel,90295.85862626234,0.0,True
75234.46394413174,576.1899,4044.943484631286,-10836.562438858033,8596.825945856046,51.316788888329555,5.388650710547686,28205.0,0.82,486.9876,2544.0,158.6826,1.5638527528214277,EJU78CP_1097,fuel,84820.47213045385,0.0,True
75194.95784794584,601.2417,6318.3244199663395,-16662.263956834428,8920.616722328148,51.264376310309686,5.421258023594635,29267.0,0.82,484.7762,2244.0,158.7098,1.490188330677493,EJU78CP_1097,fuel,79536.1411006508,0.0,True
75157.20648568113,626.2934,8579.845008889079,-22465.708341921003,9206.14963678846,51.212155037320684,5.453621314366683,30204.0,0.81741,481.2929,1943.0,158.7235,1.413042941052953,EJU78CP_1097,fuel,74176.48710462613,0.0,True
75121.35533715448,651.3451,10824.883987182246,-28230.914006620194,9453.424689233636,51.160269060378866,5.485676092396995,31015.0,0.814006,477.5984,1642.0,158.7225,1.332929437638898,EJU78CP_1097,fuel,68874.65744352352,0.0,True
75087.50553598219,676.3969,13053.857157758683,-33954.583509188844,9662.4418796624,51.10874825342272,5.517430231365698,31701.0,0.81048,474.1028,1342.0,158.7224,1.2502336115336832,EJU78CP_1097,fuel,63674.82737578366,0.0,True
75055.73833738128,701.4486,15267.533996274115,-39638.93736430065,9833.201208074479,51.05757284732407,5.548896460670467,32261.0,0.806779,470.7736,1041.0,158.7221,1.164490026973727,EJU78CP_1097,fuel,58521.19370996294,0.0,True
75026.13531024278,726.5004,17466.628994202696,-45285.75966048287,9965.702674470414,51.00672698486917,5.580086619128797,32696.0,0.802863,467.588,741.0,158.7201,1.0762430582454523,EJU78CP_1097,fuel,53424.938885919386,0.0,True
74998.7767787532,751.5521,19651.89643433927,-50896.49117021861,10059.946278851796,50.95619788150902,5.611013023220126,33005.0,0.798621,464.4794,440.0,158.7311,0.9849718987507248,EJU78CP_1097,fuel,48336.303319194754,0.0,True
74973.74230802998,776.6038,21822.341811418624,-56472.32415034351,10115.932021222505,50.90597504051508,5.641662963612155,33189.0,0.79396,461.3913,139.0,158.7575,0.8909753328993891,EJU78CP_1097,fuel,43257.40309947405,0.0,True
74951.1082599086,801.6556,23976.483780812145,-62013.84494345801,10133.65990159502,50.85605344704759,5.672016849826514,33247.0,0.791596,459.8985,-0.0,158.787,0.8464032574030818,EJU78CP_1097,fuel,40898.79130522203,0.0,True
74929.61751784335,826.7073,26121.09855536407,-67539.28208824412,10133.65990136991,50.80626907225693,5.702171392436693,33247.0,0.79158,459.8891,-0.0,158.8203,0.8462268237195884,EJU78CP_1097,fuel,40888.6026478807,0.0,True
74908.13176009587,851.759,28262.460748870068,-73065.85055710614,10133.659901144243,50.756466927020405,5.732215407168797,33247.0,0.791558,459.8762,-0.0,158.8591,0.8460473528605998,EJU78CP_1097,fuel,40878.08055022611,0.0,True
74886.65115009254,876.8108,30400.018586128557,-78593.7132585872,10133.659900918046,50.70664564140378,5.762141414415549,33247.0,0.791544,459.868,-0.0,158.8892,0.845872115540094,EJU78CP_1097,fuel,40868.01981914006,0.0,True
74865.1754595697,901.8625,32534.63634235816,-84122.59938783578,10133.65990069132,50.65680767359256,5.791962088024592,33247.0,0.791553,459.8735,-0.0,158.9054,0.8457091124942614,EJU78CP_1097,fuel,40859.29147212602,0.0,True
74843.70403857181,926.9142,34667.71736181445,-89652.15468699952,10133.659900464138,50.60695618692065,5.821697700401855,33247.0,0.791572,459.8844,-0.0,158.9162,0.845550993227517,EJU78CP_1097,fuel,40851.09137835782,0.0,True
74822.23663149646,951.966,36799.80686786145,-95182.24222931059,10133.659900236453,50.55709242427568,5.8513562773766905,33247.0,0.791577,459.8873,-0.0,158.9266,0.8453858446218087,EJU78CP_1097,fuel,40842.12095112861,0.0,True
74800.77361285036,977.0177,38930.90311905553,-100712.7527884917,10133.659900008277,50.50721740813302,5.880938076830416,33247.0,0.791582,459.8902,-0.0,158.937,0.8452207754791234,EJU78CP_1097,fuel,40833.155486773714,0.0,True
76265.08523673189,0.0,-37416.24056228364,100999.32395667263,30.480000304379377,52.32129868358956,4.77995229302063,100.0,0.3,198.3755,1794.0,183.0038,1.835617397472935,EJU78CP_1097,pop,108184.67372856461,0.1746279280549933,True
76218.69609840802,25.244,-37550.52752258533,98440.18867307245,260.5236558331727,52.29827549700364,4.778262634795053,855.0,0.379286,250.1515,2097.0,183.0038,1.7719422460544483,EJU78CP_1097,pop,101404.81195810685,0.09883465759383646,True
76173.96671333048,50.488,-37719.919097920705,95212.05724310015,529.4146003938005,52.269233674019176,4.776133682521841,1737.0,0.461492,303.4388,2400.0,167.9386,1.7792282154158057,EJU78CP_1097,pop,102139.79677774207,0.06974952479858332,True
76129.12116000408,75.7319,-36900.43582758279,91376.90222806607,837.1528339859416,52.234799793876235,4.788595868395564,2747.0,0.54357,356.149,2703.0,164.3702,1.8279665478263634,EJU78CP_1097,pop,107323.64777657232,0.050924556541130525,True
76083.11237471037,100.9759,-35660.29643422038,86944.12247937116,1183.7383566084454,52.19501745867523,4.807273725995635,3884.0,0.565356,368.9443,3000.0,168.5473,1.871882195343936,EJU78CP_1097,pop,112473.97490889256,0.04010229509839079,True
76036.00197794501,126.2199,-34714.11670433482,82273.76803348721,1568.4566300192544,52.15307733340685,4.821633741935753,5146.0,0.577809,375.386,3000.0,165.1882,1.8621559373431518,EJU78CP_1097,pop,111287.4562860351,0.034764736418371966,True
75989.14131243272,151.4639,-33474.53147592089,77586.02276176082,1953.174903430076,52.11099684252604,4.840264713549154,6408.0,0.59061,381.9727,3000.0,163.2614,1.8522672195740815,EJU78CP_1097,pop,110109.1931261962,0.033657759587542885,True
75942.5344862897,176.7079,-32053.400843306343,72860.72773689294,2337.893176840753,52.068586232320534,4.861519903597742,7670.0,0.60377,388.7075,3000.0,162.023,1.8422172783477366,EJU78CP_1097,pop,108938.98679358026,0.03298714356627848,True
75896.18556968606,201.9518,-30503.502787791673,68084.10377789308,2722.611450251363,52.02571727332381,4.884621278983009,8932.0,0.6173,395.5933,3000.0,165.9323,1.8320072221544625,EJU78CP_1097,pop,107776.62674106244,0.03018032400556512,True
75850.09859606854,227.1958,-29261.14762931982,63126.243838363625,3107.3297236620315,51.981197853477525,4.903203332437689,10195.0,0.63121,402.6335,3000.0,156.0488,1.8216284988504716,EJU78CP_1097,pop,106620.84227690572,0.027862204394008154,True
75804.27756349614,252.4398,-27149.14971375129,58371.72467003037,3492.047997072696,51.93854719839855,4.934417235967637,11457.0,0.645513,409.8309,3000.0,144.1308,1.8111012724687718,EJU78CP_1097,pop,105473.55331693133,0.026522317142758756,True
75758.72643603955,277.6838,-24046.09730896712,54080.175489353795,3876.7662704833765,51.90009542712246,4.9799822696118,12719.0,0.660219,417.1887,3000.0,143.2636,1.8004170287997274,EJU78CP_1097,pop,104333.48000911609,0.02464766451109105,True
75713.4491451878,302.9278,-20821.35631741143,49759.59104242725,4261.484543894069,51.86136955302457,5.02724322623285,13981.0,0.675341,424.7098,3000.0,146.4427,1.7895765849721939,EJU78CP_1097,pop,103200.39995092634,0.02340481596097022,True
75668.44959120305,328.1718,-17787.261052933984,45185.523706254055,4646.202817304762,51.82033916645267,5.071662189073296,15243.0,0.688783,431.0791,3000.0,153.9451,1.7781162935171604,EJU78CP_1097,pop,102027.01361874216,0.02220382712482765,True
75623.74145006282,353.4157,-15340.0959908587,40180.26765525198,5030.921090715421,51.77539857095524,5.107488061178297,16506.0,0.706878,440.2543,3000.0,156.5551,1.7674195373278565,EJU78CP_1097,pop,100953.28606676328,0.02190752802961851,True
75579.30894924203,378.6597,-13076.04922624166,34959.5880689916,5415.639364126005,51.728505530326224,5.140591910516807,17768.0,0.723319,448.2833,3000.0,156.008,1.7561148314456145,EJU78CP_1097,pop,99839.88182979389,0.022508506744242786,True
75535.16570968127,403.9037,-10719.923931789737,29665.6571687518,5800.357637536424,51.68094621556616,5.1749649571187515,19030.0,0.740224,456.4874,3000.0,157.4044,1.7446567928263645,EJU78CP_1097,pop,98732.60799908832,0.023393454723649506,True
75491.31551633198,429.1477,-8452.640488626264,24217.687582505172,6185.075910946622,51.63199026420042,5.207982390328486,20292.0,0.757608,464.8691,3000.0,159.1611,1.7330459366906494,EJU78CP_1097,pop,97631.35016501379,0.016328296886668748,True
75447.76207293448,454.3917,-6314.789007157556,18601.229776479468,6569.794184351773,51.581508388235996,5.2390584177889945,21554.0,0.775482,473.4311,3000.0,159.2165,1.7212828903983264,EJU78CP_1097,pop,96553.4702031333,0.0,True
75404.50340990676,479.6356,-4142.986593964703,12878.958604775908,6954.512457742485,51.53006697438727,5.270557537669677,22817.0,0.79386,482.1759,3000.0,159.2141,1.7093562488798104,EJU78CP_1097,pop,95609.15188433253,0.0,True
75361.50451062455,504.8796,-1930.7265755444866,7050.827329494279,7339.230731130266,51.47766526353537,5.302570336675863,24079.0,0.809996,489.4376,3000.0,159.2613,1.6966349241295826,EJU78CP_1097,pop,94895.51240445414,0.0,True
75318.6990006284,530.1236,310.04109311429795,1132.9049018404728,7723.9490045182965,51.42444732978272,5.334920749238482,25341.0,0.82,492.8995,3000.0,159.1866,1.6823966703094828,EJU78CP_1097,pop,94193.5921359103,0.0,True
75276.07930443097,555.3676,2574.4226602526287,-4823.917399282738,8108.667277905184,51.37087051771249,5.3675356130252245,26603.0,0.82,490.3026,2942.0,159.0718,1.6567489661433736,EJU78CP_1097,pop,92095.37658012426,0.0,True
75234.04588723443,580.6116,4838.910714395295,-10745.267824578086,8485.979340845908,51.31760368241785,5.400076213520948,27841.0,0.817795,486.4308,2639.0,159.0022,1.5861516354814522,EJU78CP_1097,pop,86357.91660177053,0.0,True
75193.74746369953,605.8555,7093.923698171499,-16620.455499336837,8824.444114782986,51.26474312276845,5.432406075314824,28952.0,0.814551,482.2082,2336.0,159.0139,1.5122675764293938,EJU78CP_1097,pop,80742.06337031572,0.0,True
75155.2897390039,631.0995,9329.387884710188,-22448.269907290887,9124.061599703511,51.21230003981928,5.464382255075749,29935.0,0.811263,478.2313,2033.0,159.109,1.435344798851716,EJU78CP_1097,pop,75283.94408644838,0.0,True
75118.75546677779,656.3435,11537.974246463182,-28234.719598446063,9384.831795603612,51.160220811098185,5.495901597493963,30790.0,0.807738,474.3868,1731.0,159.2175,1.355654213256228,EJU78CP_1097,pop,69953.76838090934,0.0,True
75084.23107951581,681.5875,13719.016949076145,-33981.65626066593,9606.754702481798,51.10848914493377,5.526956844159715,31518.0,0.804121,470.7606,1428.0,159.2621,1.2727681202519632,EJU78CP_1097,pop,64701.14593843795,0.0,True
75051.79950011545,706.8315,15879.968317692732,-39689.03649918786,9789.830320337758,51.05710557036273,5.5576569379828475,32119.0,0.800123,467.1835,1125.0,159.2851,1.186876554080651,EJU78CP_1097,pop,59502.61201176745,0.0,True
75021.54919536664,732.0754,18023.178361889328,-45356.40685639249,9934.05864917214,51.006074348588605,5.588037416589226,32592.0,0.795862,463.7244,822.0,159.3658,1.0980096879559955,EJU78CP_1097,pop,54346.47835667881,0.0,True
74993.5644886141,757.3194,20143.451984040767,-50987.10729084868,10039.439688986862,50.955365853515886,5.618025725789255,32938.0,0.791151,460.2724,519.0,159.4617,1.0061224101449675,EJU78CP_1097,pop,49209.159498174966,0.0,True
74967.9308756396,782.5634,22239.372086089,-56581.49019811594,10105.973439786538,50.90497725201612,5.6476035949244965,33156.0,0.785657,456.6324,216.0,159.4949,0.9111045618161736,EJU78CP_1097,pop,44065.922932068424,0.0,True
74944.73654109007,807.8074,24316.19316656203,-62134.68962308212,10133.659901586052,50.85495237283123,5.6768481956810914,33247.0,0.781121,453.8124,-0.0,159.4184,0.8412034834863362,EJU78CP_1097,pop,40378.17202419041,0.0,True
74923.33803696917,833.0514,26387.991389153318,-67652.01217403663,10133.659901362862,50.80524307729444,5.705961255911803,33247.0,0.781118,453.8109,-0.0,159.2939,0.841030147771596,EJU78CP_1097,pop,40368.82670548937,0.0,True
74901.94414870568,858.2954,28471.769418195698,-73164.80176290093,10133.65990113901,50.75556672568931,5.735183081205296,33247.0,0.781075,453.7861,-0.0,159.2509,0.8408380715066746,EJU78CP_1097,pop,40357.758863846815,0.0,True
74880.55573426704,883.5393,30559.57556159258,-78675.7217804169,10133.659900914517,50.705899688288014,5.764400297466367,33247.0,0.781129,453.8173,-0.0,159.2772,0.8406913121059142,EJU78CP_1097,pop,40350.84878305316,0.0,True
74859.1707333667,908.7833,32644.994876598244,-84187.9791599719,10133.659900689434,50.65621347369211,5.79352170402495,33247.0,0.781123,453.814,-0.0,159.2784,0.8405167522258361,EJU78CP_1097,pop,40341.38464979708,0.0,True
74837.79040982609,934.0273,34730.28152342443,-89700.24135974387,10133.65990046377,50.60651998348687,5.8225796845558,33247.0,0.781098,453.7992,-0.0,159.1809,0.8403329504542346,EJU78CP_1097,pop,40331.07242352515,0.0,True
74816.41518632368,959.2713,36824.87598174711,-95208.76717871998,10133.659900237539,50.556852290090845,5.851708475482037,33247.0,0.781076,453.7863,-0.0,159.0613,0.840150750502217,EJU78CP_1097,pop,40320.906757848694,0.0,True
74795.0449890193,984.5153,38930.90311908738,-100712.7527887203,10133.659900010769,50.50721740813097,5.880938076830842,33247.0,0.781054,453.7734,-0.0,158.9417,0.839968613957723,EJU78CP_1097,pop,40310.74663199272,0.0,True
77007.8923308822,0.0,11088.0,30411.0,0.0,52.31272888183594,4.77935791015625,0.0,0.21033079091290346,139.12943613772032,448.0,182.4716647616334,1.6330496493616216,EJU78CP_1097,real,88120.0448517583,0.15358972781866004,True
76944.25396840839,27.0,11094.0,27892.0,373.38,52.290069580078125,4.77935791015625,1225.0,0.22479690074484102,148.07092894960846,1728.0,168.31063082456083,1.8837915787105564,EJU78CP_1097,real,145614.49654099531,0.0860313126591371,True
76913.20672906493,47.0,11498.0,26230.0,556.26,52.27510070800781,4.7852325439453125,1824.9999999999998,0.26682904666657015,175.3909917869216,1664.0,167.15229514128234,1.8405249670329635,EJU78CP_1097,real,118461.76043929503,0.07110384069182177,True
76852.63229509302,77.0,12186.0,23188.0,800.1,52.24771790585275,4.795218331473214,2625.0,0.3460172212138305,226.80828909014767,1984.0,167.0053832080835,1.7781852933117506,EJU78CP_1097,real,105084.92824529386,0.055636474473020996,True
76821.24061974014,97.0,12894.0,20753.0,1036.3200000000002,52.22579180184057,4.805498395647322,3400.0000000000005,0.3943224530223006,257.76927667974707,3008.0,157.4143312756002,1.860943628668549,EJU78CP_1097,real,126095.68131311677,0.04455208919642895,True
76757.7405684713,127.0,15176.0,17358.0,1645.92,52.19517517089844,4.8387908935546875,5400.0,0.4115830072403001,267.15164233071823,3520.0000000000005,145.06068979532301,1.8773918274378212,EJU78CP_1097,real,136928.4850804967,0.03731252152383937,True
76726.19755974812,147.0,16783.0,15038.0,1950.72,52.17425537109375,4.862213134765625,6400.0,0.43399604640284667,280.6920020235703,3456.0,145.74378707098091,1.8699148883454397,EJU78CP_1097,real,131020.26701753726,0.03491676532065006,True
76664.17220985112,187.0,20119.0,10136.0,2613.6600000000003,52.130035400390625,4.910736083984375,8575.0,0.4637782993899914,297.5987231155403,2880.0,146.09634248668578,1.8160193672641491,EJU78CP_1097,real,112177.48369958998,0.0333063624099404,True
76601.93507888139,217.0,22610.0,6250.0,3093.7200000000003,52.094970703125,4.9468994140625,10150.0,0.48089957732499783,306.80449801135575,3328.0,152.85031830221683,1.8474589118199136,EJU78CP_1097,real,120712.1590215893,0.03525608290347246,True
76580.0151980399,237.0,23825.0,3229.0,3291.84,52.06773376464844,4.964447021484375,10800.0,0.5110565655270886,325.25989608311687,1024.0,159.67074509459812,1.2994420378849787,EJU78CP_1097,real,65256.084875696484,0.03650292514101556,True
76525.04261150796,267.0,25690.0,-1792.0,3581.4,52.0224609375,4.991302490234375,11750.0,0.5612270773354122,355.92836357896516,3072.0,159.78309058675137,1.7953019099019238,EJU78CP_1097,real,108030.87629223535,0.03300081763521454,True
76494.70895916862,287.0,26964.0,-5173.0,3939.5400000000004,51.991973876953125,5.009613037109375,12925.0,0.5642589935707504,356.2751745491117,3136.0,159.63217939736214,1.7982225039150026,EJU78CP_1097,real,108570.44050740937,0.029691492853491826,True
76445.38209771585,317.0,28973.0,-10467.0,4236.72,51.94422912597656,5.0384521484375,13900.0,0.6041123191067372,380.0328933131973,896.0,159.5145377807605,1.260359326642606,EJU78CP_1097,real,63100.62575643964,0.02617495569117907,True
76418.55889839104,337.0,30416.0,-14274.0,4366.26,51.90989685058594,5.0591278076171875,14325.0,0.6367748661413334,399.93249430372623,1984.0,159.66193591591673,1.5901178043492146,EJU78CP_1097,real,84466.09564636112,0.02373752563005946,True
76361.87558645809,367.0,32606.0,-20023.0,4747.26,51.8580322265625,5.0904557511613175,15575.0,0.6525604378428562,407.8884651470301,2176.0,159.476836142381,1.6216995681572715,EJU78CP_1097,real,87138.02399698572,0.022336378333616912,True
76334.59441333117,387.0,34125.0,-23996.0,4968.240000000001,51.82218933105469,5.112131479624155,16300.000000000002,0.6665947757570239,415.4960890309318,2176.0,159.42781512464256,1.6172671495061584,EJU78CP_1097,real,86751.57657926899,0.02156260877365115,True
76278.79884398004,417.0,36419.0,-30018.0,5326.38,51.7678574384269,5.144805908203125,17475.0,0.6792705255984267,421.46648739846444,2496.0,159.58715415334697,1.6680785470023354,EJU78CP_1097,real,91459.21609537664,0.021820144694356607,True
76226.02183057556,457.0,39561.0,-38281.0,5760.72,51.69328075344279,5.1894378662109375,18900.0,0.699970748281114,431.88540146663905,1984.0,159.67686317033704,1.5549584713255689,EJU78CP_1097,real,81691.03172965611,0.02322663034640528,True
76200.07151354715,467.0,40347.0,-40349.0,5859.780000000001,51.67461330607786,5.2005767822265625,19225.0,0.7060003903879678,435.0459745819975,1920.0,159.6905856144735,1.5383720872837658,EJU78CP_1097,real,80443.55069183155,0.023532492288409135,True
76150.1515004547,507.0,43556.0,-48780.0,6217.92,51.59850039724576,5.2459716796875,20400.0,0.7304885079987798,448.03571286226725,1536.0,159.62356478616363,1.4403076709229523,EJU78CP_1097,real,73689.0823650416,0.01340050583751834,True
76124.82664089889,517.0,44371.0,-50912.0,6309.360000000001,51.579254150390625,5.257477631440034,20700.0,0.7365254879074971,451.1961879271588,1792.0,159.6371693874782,1.5012940694482149,EJU78CP_1097,real,77776.2197971759,0.006588193698983765,True
76074.84333220465,557.0,47741.0,-59756.0,6659.88,51.49939068293167,5.3049468994140625,21850.0,0.7576016475592147,461.96320199773487,1664.0,159.60363350930766,1.4641428444527644,EJU78CP_1097,real,75247.6644158719,0.0,True
76050.95941704833,567.0,48589.0,-61972.0,6743.700000000001,51.4793701171875,5.316863188872467,22125.0,0.7636346815720805,465.12363947664494,1472.0,159.61696617056305,1.415872814629368,EJU78CP_1097,real,72141.09865719991,0.0,True
76004.26136528514,607.0,52021.0,-70965.0,7033.26,51.398139565677965,5.364990234375,23075.0,0.7868579572000457,477.41910309496416,960.0,159.78106751403814,1.2802353632013004,EJU78CP_1097,real,64287.04391406688,0.0,True
75949.34778001497,637.0,54625.0,-77818.0,7406.64,51.33622508938029,5.4013824462890625,24300.0,0.7834642388386823,472.974629340729,3456.0,159.84094962150922,1.7521390874808773,EJU78CP_1097,real,101296.21116163762,0.0,True
75919.54194308304,657.0,56346.0,-82336.0,7810.5,51.29539489746094,5.425390295080237,25625.0,0.7598985213141234,456.23239692069217,3648.0000000000005,159.73792746764775,1.7669328481320317,EJU78CP_1097,real,103349.17294807942,0.0,True
75869.69442018443,687.0,58826.0,-88825.0,8168.64,51.23674295716366,5.45989990234375,26800.0,0.7599321195266325,454.00991178607546,1472.0,159.76890802458226,1.3395491279820546,EJU78CP_1097,real,67553.37008095221,0.0,True
75846.55566523108,707.0,60496.0,-93198.0,8321.04,51.197220107256356,5.48309326171875,27300.0,0.7727229011054478,460.677761564415,1600.0,159.67686317033704,1.3716986469907435,EJU78CP_1097,real,69490.21618416533,0.0,True
75803.34629390213,737.0,63056.0,-99918.0,8526.78,51.13646943690413,5.5185699462890625,27975.0,0.7903082533053056,469.81379290097476,1344.0,159.8293465881496,1.298680495496093,EJU78CP_1097,real,65478.022098030226,0.0,True
75782.09785623598,757.0,64755.0,-104361.0,8671.560000000001,51.096294855667374,5.5420684814453125,28450.000000000004,0.7994027028574152,474.2583684027094,1216.0,159.76917412300187,1.25963792157665,EJU78CP_1097,real,63558.28794696745,0.0,True
75735.18669518507,787.0,67420.0,-111319.0,8915.4,51.03337097167969,5.578827729096284,29249.999999999996,0.8096683081778386,478.7034572676491,1792.0,159.71011907867572,1.404934006623305,EJU78CP_1097,real,72400.70875361338,0.0,True
75713.85911691752,807.0,69156.0,-115849.0,9075.42,50.992401123046875,5.602730415962838,29775.0,0.814684620509585,480.57985808812253,1280.0,159.79280446083618,1.264329490163985,EJU78CP_1097,real,64581.448197897305,0.0,True
75673.92473061709,837.0,71839.0,-122890.0,9220.2,50.928706799523304,5.6395721435546875,30250.0,0.8350781150410186,491.5973962502243,1152.0,160.01689347810003,1.2307179632712617,EJU78CP_1097,real,64604.20443288893,0.0,True
75633.03091989232,877.0,75433.0,-132349.0,9441.18,50.84312438964844,5.688765242293075,30975.0,0.8560629045556368,502.3624189765791,1024.0,159.97791676335524,1.1944778668802796,EJU78CP_1097,real,66308.82028650068,0.0,True
75612.00443086946,887.0,76352.0,-134752.0,9494.52,50.821380615234375,5.701310441300675,31150.0,0.8605066544149717,504.5839870626099,1216.0,159.94898452639225,1.2464804869605712,EJU78CP_1097,real,70132.54476054429,0.0,True
75568.44059031575,927.0,80100.0,-144529.0,9822.18,50.73289489746094,5.7523820206925675,32225.0,0.8661920682629386,505.5234910466575,1088.0,159.987843736033,1.1963851457742005,EJU78CP_1097,real,69294.62802522045,0.0,True
75551.99887744377,937.0,81011.0,-146919.0,9852.66,50.711261296676376,5.7647705078125,32324.999999999996,0.8719936335615638,508.68457810317,320.0,159.9976473318595,0.9746883678425532,EJU78CP_1097,real,60106.41240922866,0.0,True
75514.31232237311,977.0,84791.0,-156880.0,9974.58,50.621089612023304,5.8159987990920605,32724.999999999996,0.8968675107469376,522.2690877316022,896.0,160.07313011586942,1.1526114132993066,EJU78CP_1097,real,79632.09144059829,0.0,True
75494.31518701075,997.0,86728.0,-161943.0,10081.26,50.57524108886719,5.84219681589227,33075.0,0.9042876241178518,525.7718136226018,1024.0,159.9796521576942,1.1854589226569219,EJU78CP_1097,real,85830.38713159933,0.0,True
75454.12804114811,1027.0,89601.0,-169455.0,10233.66,50.50721740722656,5.880938078227795,33575.0,0.9133750982535338,529.8726262036944,1088.0,160.02613175269153,1.198460215648021,EJU78CP_1097,real,92949.43757349749,0.0,True
63807.960356878546,0.0,93431.62751562028,29960.06854679102,30.480000279708012,52.304599761090074,4.777520178255885,100.0,0.3,198.3755,2500.0,237.9631,1.8561110795555378,EIN84T_1564,fuel,110563.94527144756,0.12921803968840156,True
63765.50774614126,22.8536,91472.9361825538,28734.388246817107,320.72087433709476,52.29390925180164,4.748382942999929,1052.0,0.373457,246.1389,2774.0,237.9631,1.789567301122573,EIN84T_1564,fuel,103199.43940829235,0.09360778861185892,True
63724.62185132003,45.7072,89039.3905895727,27211.560815025932,642.8004042802462,52.28061698955385,4.712201455038192,2109.0,0.449965,295.4763,3000.0,253.0905,1.7698032726016737,EIN84T_1564,fuel,101190.82412476913,0.07068439421414396,True
63684.24951409246,68.5608,85738.94156441044,26208.209961028027,991.0894531413213,52.27212058423092,4.663436887122721,3252.0,0.529676,346.4308,3000.0,253.0943,1.7532244623549782,EIN84T_1564,fuel,99558.59290985661,0.059020924601163594,True
63644.32161371316,91.4144,81864.03907970562,25030.50686376939,1339.378502005004,52.262122283470966,4.606208646222819,4394.0,0.570352,371.533,3000.0,253.1,1.7542035160924065,EIN84T_1564,fuel,99653.72262808093,0.0480862201953139,True
63604.399206337795,114.2681,77706.32909124899,23767.294712171933,1687.6675508694536,52.25136750850388,4.544832473487716,5537.0,0.581737,377.4114,3000.0,253.1106,1.7445946628758682,EIN84T_1564,fuel,98726.6601604155,0.04316998948764634,True
63564.69972316161,137.1217,73482.25510878622,22484.77604024619,2035.956599733124,52.24041619488332,4.482507335633712,6680.0,0.593411,383.4093,3000.0,253.1243,1.7348835286888702,EIN84T_1564,fuel,97804.21095048069,0.038151813130253814,True
63525.22549041373,159.9753,69190.40205100937,21182.803241396756,2384.24564859596,52.22926567607182,4.419213909989412,7822.0,0.60538,389.529,3000.0,253.1379,1.7250824456097156,EIN84T_1564,fuel,96887.34671629078,0.034146166193302456,True
63485.97883156043,182.8289,64829.402010288606,19860.981278448664,2732.534697457898,52.21791098837718,4.354933574347949,8965.0,0.617654,395.773,3000.0,253.1549,1.7151668840083374,EIN84T_1564,fuel,95973.60617758024,0.028366222531124856,True
63446.96206988309,205.6825,60397.77777316694,18519.183631697295,3080.8237463188693,52.20634952793234,4.28964622036474,10108.0,0.63024,402.1434,3000.0,253.1744,1.7051485521930176,EIN84T_1564,fuel,95063.93432436962,0.023881132432477647,True
63408.177531082365,228.5361,55894.040285511626,17157.23144249667,3429.1127951787935,52.19457814962349,4.223331616167804,11250.0,0.643146,408.6426,3000.0,253.1953,1.6950401895942353,EIN84T_1564,fuel,94159.3100498897,0.019764105881456166,True
63369.62754588447,251.3897,51316.705266274,15774.83879913673,3777.401844037579,52.18259267128665,4.1559696471155885,12393.0,0.656382,415.2728,3000.0,253.2153,1.6848153038713753,EIN84T_1564,fuel,93257.21703954053,0.016761919122841355,True
63331.31445262207,274.2433,46664.31095967023,14371.554017623523,4125.690892895122,52.17038734255722,4.087540577077617,13536.0,0.669955,422.0363,3000.0,253.2341,1.6744861091693526,EIN84T_1564,fuel,92358.6191616728,0.013645730306809371,True
63293.24059976003,297.097,41935.38201079339,12946.879595563618,4473.979941751303,52.15795592547855,4.018024547056765,14678.0,0.683875,428.9352,3000.0,253.259,1.6640654636293217,EIN84T_1564,fuel,91464.47945331584,0.011536092410638155,True
63255.408348331104,319.9506,37128.23587313851,11500.916579559202,4822.268990605989,52.145297499934784,3.947398814921532,15821.0,0.698152,435.9719,3000.0,253.2833,1.6535253838077137,EIN84T_1564,fuel,90572.27243961157,0.009686123879691673,True
63217.82007424495,342.8042,32241.327216667632,10033.222850848902,5170.558039459017,52.132406165311146,3.875642655724921,16964.0,0.712793,443.1484,3000.0,253.3019,1.6428782584184625,EIN84T_1564,fuel,89682.95285331605,0.00827706692186642,True
63180.47817042823,365.6578,27273.22110620066,8542.901026260077,5518.847088310204,52.119271836183714,3.8027370146156985,18106.0,0.727808,450.4669,3000.0,253.3174,1.6321374475676151,EIN84T_1564,fuel,88797.50252729548,0.007321401202082648,True
63143.385048750584,388.5114,22222.39740653425,7029.251103235138,5867.136137159326,52.105886122511365,3.7286617201162584,19249.0,0.743207,457.9294,3000.0,253.3306,1.621273148530773,EIN84T_1564,fuel,87913.36035096113,0.006492391307334803,True
63106.54314168604,411.365,17087.292691934173,5491.633777933354,6215.425186006119,52.09224109345525,3.653396081217147,20392.0,0.759,465.5379,3000.0,253.3395,1.6102982726696413,EIN84T_1564,fuel,87031.50198205396,0.0035634760897269896,True
63069.95490333788,434.2186,11866.379992470052,3929.2068002599362,6563.714234850264,52.078326900697085,3.57692004474429,21534.0,0.775195,473.2944,3000.0,253.3421,1.5992265569045365,EIN84T_1564,fuel,86157.26277935485,0.0,True
63033.6212935795,457.0722,6558.171705917073,2340.917873613796,6912.003283691405,52.0641317142679,3.4992142562045174,22677.0,0.791804,481.2006,3000.0,253.3415,1.5880266803646519,EIN84T_1564,fuel,85338.3653412307,0.0,True
62997.52753578734,479.9258,1161.079995701549,725.9747182991841,7260.2923325293905,52.04964595001014,3.4202580389045254,23820.0,0.808836,489.2583,3000.0,253.3396,1.5767119053320322,EIN84T_1564,fuel,84718.73210910978,0.0,True
62961.61508509752,502.7795,-4326.549893586828,-916.2624368543986,7608.581381364746,52.034861194071006,3.340029908534397,24963.0,0.819799,493.5549,3000.0,253.3346,1.5621971915903057,EIN84T_1564,fuel,84001.6988905248,0.0,True
62925.90905584369,525.6331,-9862.278256823567,-2573.4187346746853,7956.870430197211,52.01988693617382,3.2591524717308777,26105.0,0.82,491.3289,3000.0,253.3236,1.5431301127719652,EIN84T_1564,fuel,82629.13443348723,0.0,True
62890.60438973806,548.4867,-15372.506519245484,-4224.094816993516,8305.159479024122,52.00491632712136,3.1787015001785455,27248.0,0.82,488.971,3000.0,253.3095,1.5249641233722295,EIN84T_1564,fuel,81346.626479646,0.0,True
62855.67963358691,571.3403,-20855.660658807985,-5868.133848780272,8653.44852784474,51.98995166372168,3.0986994119731106,28391.0,0.82,486.6016,3000.0,253.2939,1.5078676153562711,EIN84T_1564,fuel,80170.74185024109,0.0,True
62821.107107321615,594.1939,-26311.574625726553,-7505.614560201069,9001.737576658361,51.97499311421674,3.0191480455267774,29533.0,0.82,484.2206,2932.0,253.2747,1.4798897889852547,EIN84T_1564,fuel,78253.8953119456,0.0,True
62787.12848689083,617.0475,-31740.776453750714,-9137.070793319177,9342.111067253947,51.96003671511581,2.9400391521299074,30650.0,0.82,481.8824,2658.0,253.2493,1.4146738854409941,EIN84T_1564,fuel,73873.31128638101,0.0,True
62754.577382093914,639.9011,-37145.8015417512,-10763.872246622455,9650.64590201702,51.945070825485814,2.861335330820385,31662.0,0.818309,478.7637,2383.0,253.2208,1.3478594195422102,EIN84T_1564,fuel,69516.82514764492,0.0,True
62723.5160101255,662.7547,-42517.65592847424,-12383.598658048164,9927.342080909979,51.930118668380025,2.783166989177803,32570.0,0.815873,475.4302,2109.0,253.1964,1.280063456237232,EIN84T_1564,fuel,65250.989628572206,0.0,True
62693.98779748212,685.6084,-47853.90654176308,-13995.077297668964,10172.199603921299,51.91519202191227,2.705568724866351,33373.0,0.813287,472.2342,1835.0,253.169,1.2112315717954931,EIN84T_1564,fuel,61081.67951057048,0.0,True
62666.02341273294,708.462,-53155.886876796525,-15598.970585061832,10385.218471046244,51.9002858847096,2.6285204040103247,34072.0,0.810559,469.18,1561.0,253.1445,1.1413412048052376,EIN84T_1564,fuel,56990.166547136905,0.0,True
62639.65387959679,731.3156,-58425.162626755104,-17195.42600097103,10566.39868228318,51.88539980247921,2.551998488786323,34667.0,0.807643,466.2432,1286.0,253.1207,1.070127414130444,EIN84T_1564,fuel,52945.24764913623,0.0,True
62614.911431444125,754.1692,-63663.06309750233,-18784.757331624663,10715.740237632624,51.8705317855081,2.4759829546266774,35157.0,0.804537,463.4215,1012.0,253.1035,0.9980437519696058,EIN84T_1564,fuel,48959.832936253675,0.0,True
62591.82805498072,777.0228,-68871.30687099377,-20366.79236964791,10833.243137097354,51.85568410888044,2.400448056837112,35542.0,0.801169,460.6742,738.0,253.0838,0.9248307752736443,EIN84T_1564,fuel,45006.98793883864,0.0,True
62570.43603929521,799.8764,-74051.10684668267,-21942.14028078829,10918.907380683637,51.84085201800716,2.3253756023959298,35823.0,0.797462,457.956,464.0,253.0689,0.8504530405896091,EIN84T_1564,fuel,41074.94452547036,0.0,True
62550.76742539085,822.73,-79203.10435746434,-23510.487960677034,10972.732968405753,51.82603908193088,2.250755561598099,36000.0,0.793327,455.2144,189.0,253.0541,0.7746288601871004,EIN84T_1564,fuel,37140.93565168706,0.0,True
62532.85386533822,845.5836,-84326.4733699805,-25071.57233850315,10994.719900308663,51.811248612658204,2.176599252196348,36072.0,0.790183,453.2608,-0.0,253.0468,0.7216787187852111,EIN84T_1564,fuel,34432.54703857057,0.0,True
62516.17298501073,868.4373,-89428.93600850317,-26626.993416367553,10994.719900168302,51.79646582026774,2.1027941615135473,36072.0,0.790183,453.2611,-0.0,253.0413,0.7215504672715377,EIN84T_1564,fuel,34425.75359247659,0.0,True
62499.495217883064,891.2909,-94531.2519415894,-28182.91109124534,10994.7199000245,51.78163241625184,2.0290397884554876,36072.0,0.790184,453.2615,-0.0,253.0357,0.7214223616621306,EIN84T_1564,fuel,34418.97172639035,0.0,True
63807.96035677784,0.0,93431.62751525684,29960.06854576094,30.48000030453004,52.304599761080894,4.777520178250254,100.0,0.3,198.3755,1281.0,237.9631,1.421935071070263,EIN84T_1564,pop,73313.53589477498,0.12921803968033224,True
63774.62982885631,23.4273,91410.7619787426,28695.481811920014,182.89988984246685,52.29356978823376,4.747458278317926,600.0,0.372205,245.6972,1562.0,237.9631,1.4232762774673142,EIN84T_1564,pop,73403.47982882147,0.10625699586914938,True
63741.31197021395,46.8546,88908.15676864969,27129.439296204906,368.77690486087494,52.279899862842136,4.7102509134630735,1210.0,0.44641,294.0599,1843.0,264.8727,1.4881194303129754,EIN84T_1564,pop,77868.54854054426,0.08577497368402671,True
63706.52933669242,70.2818,85389.47688684473,26813.71627723395,588.1110453600548,52.27761950710011,4.658455654794707,1929.0,0.522951,343.6192,2124.0,277.5759,1.5870512780792803,EIN84T_1564,pop,85199.08274295653,0.07334162783136332,True
63669.48881542002,93.7091,81297.89332427127,27357.8950794883,840.9023113400341,52.28313367430838,4.598454712419669,2759.0,0.554544,363.3234,2405.0,283.5442,1.658020805552288,EIN84T_1564,pop,90951.33844810663,0.05824772639484254,True
63630.810435866115,117.1364,77056.98290524079,28379.511089610172,1127.1507028006918,52.29293157350616,4.536353410911133,3698.0,0.563553,368.0088,2686.0,282.8876,1.7041872601184422,EIN84T_1564,pop,94977.34298054401,0.04361238038906963,True
63591.05659394664,140.5637,72752.67764007303,29364.35073518289,1446.856219741754,52.302374726122515,4.473284495742746,4747.0,0.573835,373.3344,2967.0,276.5115,1.7452400110474489,EIN84T_1564,pop,98788.46985898068,0.029399619988070128,True
63550.34547437687,163.9909,68305.22057529028,29871.979902700954,1800.0188621623947,52.30751107674581,4.4079859121632055,5906.0,0.585471,379.333,3000.0,270.3595,1.7410543919319803,EIN84T_1564,pop,98388.7212474852,0.020650842320344105,True
63509.73798243712,187.4182,63757.09547814064,29900.515144868587,2157.050555044318,52.30831506679165,4.341100338449862,7077.0,0.597538,385.5231,3000.0,267.8543,1.7310714098030109,EIN84T_1564,pop,97445.94467135431,0.016493865179970275,True
63469.368131817864,210.8455,59137.53787323633,29727.433671838477,2514.082247926317,52.30727604841275,4.273126173732601,8248.0,0.60992,391.842,3000.0,264.0335,1.720981260967415,EIN84T_1564,pop,96507.76026299233,0.013816107298890816,True
63429.23842231749,234.2728,54464.0657576248,29238.994743864012,2871.1139408083254,52.303367584344876,4.204311065811891,9420.0,0.622624,398.2924,3000.0,260.1805,1.7107711777262797,EIN84T_1564,pop,95572.83106922908,0.011782027147635557,True
63389.35135456012,257.7,49757.414902971046,28424.369008020592,3228.1456336903184,52.29648893192249,4.1349718417148384,10591.0,0.635659,404.8766,3000.0,257.2216,1.7004658432904407,EIN84T_1564,pop,94643.24853360336,0.010507526558646849,True
63349.70943294507,281.1273,45021.750135705086,27350.330796612798,3585.177326572288,52.28723929654792,4.065192813594527,11762.0,0.649036,411.5972,3000.0,254.8924,1.6900523913331662,EIN84T_1564,pop,93717.66535049793,0.009349766156613926,True
63310.3151685868,304.5546,40255.51043180159,26063.617964279056,3942.2090194542197,52.276038300195374,3.9949680502437324,12934.0,0.662762,418.4564,3000.0,253.0289,1.6795165815541029,EIN84T_1564,pop,92794.68832039743,0.008359226236206847,True
63271.17108221036,327.9819,35454.63164157604,24598.489773283192,4299.240712336113,52.263193478655495,3.9242509917511166,14105.0,0.676848,425.4569,3000.0,251.5611,1.6688844475003606,EIN84T_1564,pop,91876.45281903038,0.007563390463690458,True
63232.279706965426,351.4091,30612.897142952854,22984.208602472092,4656.272405217955,52.24896742525747,3.8529612052001996,15276.0,0.691303,432.6009,3000.0,250.396,1.6581417583594513,EIN84T_1564,pop,90961.56742818575,0.006812652553014234,True
63193.64359111632,374.8364,25723.968440874985,21242.95250087908,5013.304098099741,52.2335588202961,3.7810144440947275,16448.0,0.706136,439.8908,3000.0,249.4233,1.6472734375101157,EIN84T_1564,pop,90048.64273323712,0.006224757221017657,True
63155.26530056051,398.2637,20783.15086936986,19388.11000297498,5370.335790981461,52.21708701482914,3.708348976813413,17619.0,0.721359,447.3288,3000.0,248.6311,1.6363062110658957,EIN84T_1564,pop,89139.80139826617,0.005711159874994668,True
63117.147421124966,421.691,15785.07767305507,17432.517880512212,5727.367483863105,52.19966624620437,3.6348925916378145,18791.0,0.736981,454.9173,3000.0,247.9542,1.6252105640358423,EIN84T_1564,pop,88232.48255568612,0.005244385994447087,True
63079.29256058208,445.1182,10725.808361289142,15383.736281936393,6084.399176744667,52.18136306881234,3.5605932799626303,19962.0,0.753012,462.6584,3000.0,247.4772,1.6140139234226951,EIN84T_1564,pop,87328.8209589899,0.004885398679499456,True
63041.7033503234,468.5455,5597.726103038457,13257.219799161605,6441.4308696259195,52.16231491435739,3.4853449991775776,21133.0,0.769463,470.5541,3000.0,247.4213,1.6027004726499186,EIN84T_1564,pop,86428.28605350273,0.0,True
63004.38210213826,491.9728,383.99941767222253,11089.226006452272,6798.462562506708,52.14284600292257,3.4089060385719305,22305.0,0.786344,478.6066,3000.0,247.4334,1.5912537261077475,EIN84T_1564,pop,85558.26922724798,0.0,True
62967.32167238665,515.4001,-4919.645508952477,8885.156490059573,7155.494255387291,52.12300249908231,3.331217358197367,23476.0,0.803666,486.8178,3000.0,247.4458,1.579702141893136,EIN84T_1564,pop,84837.92481681355,0.0,True
62930.478036198765,538.8274,-10314.99070713021,6644.354320973039,7512.525948267689,52.1027759447397,3.2522564453538965,24647.0,0.819157,493.8127,3000.0,247.4582,1.5669237148972015,EIN84T_1564,pop,84320.10117324945,0.0,True
62893.78745516416,562.2546,-15788.505910140639,4372.468635588303,7869.557641147953,52.082214952240854,3.1722247026312265,25819.0,0.82,491.9183,3000.0,247.4712,1.5473911041385333,EIN84T_1564,pop,82932.37003639722,0.0,True
62857.51069925233,585.6819,-21241.330523844204,2110.622803109467,8226.589334027867,52.06169094439959,3.092568769370853,26990.0,0.82,489.5039,3000.0,247.4838,1.5285109952282525,EIN84T_1564,pop,81591.5541111264,0.0,True
62821.63989721312,609.1092,-26667.656834602025,-138.83332575214527,8583.621026907393,52.04122603672233,3.013372529502479,28161.0,0.82,487.0775,3000.0,247.4963,1.5107397853371622,EIN84T_1564,pop,80362.593978032,0.0,True
62786.145613854285,632.5365,-32067.3391190426,-2375.869013837937,8940.652719786474,52.020821379175956,2.9346370437773968,29333.0,0.82,484.639,2975.0,247.5081,1.4897369486465748,EIN84T_1564,pop,78933.6087923965,0.0,True
62751.099060672066,655.9637,-37440.49780141265,-4600.609506483661,9294.671727220146,52.000476699634845,2.85635950235623,30494.0,0.82,482.2089,2694.0,247.5194,1.423013073315101,EIN84T_1564,pop,74417.43747000414,0.0,True
62717.549087113475,679.391,-42789.98988064065,-6814.322874053854,9615.233609177487,51.980181226042276,2.7784972991192585,31546.0,0.81833,479.0204,2412.0,247.5297,1.35461278452828,EIN84T_1564,pop,69937.25497496703,0.0,True
62685.55997523522,702.8183,-48107.1979561805,-9013.556643845428,9902.338365656216,51.959967518533425,2.701174775292331,32488.0,0.81527,475.2518,2131.0,247.5393,1.2850590216601208,EIN84T_1564,pop,65518.808485038,0.0,True
62655.19172671689,726.2456,-53385.49245443216,-11195.659346111908,10155.985996655634,51.939861063109824,2.6244869603859575,33320.0,0.81399,472.7541,1850.0,247.5476,1.2147999349860332,EIN84T_1564,pop,61317.22673215886,0.0,True
62626.43388879689,749.6728,-58638.82027891023,-13366.542737481042,10376.176502175442,51.91980840456368,2.548230008201913,34043.0,0.809138,468.4197,1569.0,247.5554,1.14271128966404,EIN84T_1564,pop,57005.11563490493,0.0,True
62599.395874299466,773.1001,-63846.58691279388,-15517.776098617222,10562.90988221555,51.89988850658162,2.4727015280727787,34655.0,0.8079,466.4152,1288.0,247.5618,1.0703461157856389,EIN84T_1564,pop,52964.576024395676,0.0,True
62574.02825182558,796.5274,-69034.6526632174,-17660.187143489315,10716.186136775988,51.8800021329203,2.397525252806584,35158.0,0.804334,463.3015,1007.0,247.5671,0.9963210722876975,EIN84T_1564,pop,48858.7933404388,0.0,True
62550.41224994681,819.9547,-74190.86490756819,-19788.885046714357,10836.005265856922,51.86019550725692,2.3228763365577634,35551.0,0.799638,459.775,726.0,247.5714,0.9207854742910762,EIN84T_1564,pop,44746.91828787326,0.0,True
62528.60095480364,843.3819,-79311.03931988658,-21902.256161630754,10922.367269458742,51.84048468617763,2.2488141132382564,35835.0,0.797352,457.8695,445.0,247.5746,0.8449854509126357,EIN84T_1564,pop,40792.266608768885,0.0,True
62508.56805429403,866.8092,-84413.33867316229,-24007.91476044572,10975.272147582311,51.82079950126582,2.175074896082447,36008.0,0.792066,454.4735,163.0,247.5768,0.7666981068079737,EIN84T_1564,pop,36712.84933398687,0.0,True
62490.403493936334,890.2365,-89480.47485150886,-26098.84300851613,10994.719900230373,51.8012063918076,2.101907596459298,36072.0,0.789559,452.9028,-0.0,247.5778,0.721028950410841,EIN84T_1564,pop,34385.948091685845,0.0,True
62473.32591499253,913.6638,-94531.25194124124,-28182.911090217196,10994.719900001524,51.78163241626115,2.029039788460265,36072.0,0.787051,451.4645,-163.0,247.5789,0.6753769231143536,EIN84T_1564,pop,32080.54604127656,0.0,True
63786.78583512557,0.0,8972.0,28259.0,-38.1,52.29341125488281,4.74822998046875,-125.0,0.21512025419637826,142.35870187663275,3008.0,238.2079284627791,1.8885473361629932,EIN84T_1564,real,170937.92087832972,0.12729349070266172,True
63723.25633693478,28.0,7368.0,27235.0,388.62,52.2842148603019,4.72467041015625,1275.0,0.19288291410664982,127.02755606560333,2688.0,236.56013079421774,1.888724957249721,EIN84T_1564,real,180197.06848146833,0.08620481708613813,True
63687.55977744775,58.0,5417.0,26022.0,579.12,52.27332163665254,4.696027483258929,1900.0,0.26358993783108503,173.216627377397,1088.0,233.9239884436314,1.4683229804215552,EIN84T_1564,real,75516.94202226578,0.07110374025395144,True
63642.802684128204,88.0,3236.0,23718.0,739.14,52.252605890823624,4.6640101841517865,2425.0,0.3633269486746916,238.32121181296472,1984.0,224.1499766189089,1.5903132881947126,EIN84T_1564,real,84480.08851953833,0.05667961280156867,True
63601.10079059951,108.0,1202.0,22346.0,1089.66,52.2402695478019,4.634190150669643,3575.0,0.36739498077524585,240.01874926763534,3712.0,251.79151552941912,1.8631385231304383,EIN84T_1564,real,127174.8338793575,0.047582741224561624,True
63539.60162220165,148.0,-3650.0,20856.0,1798.3200000000002,52.22685241699219,4.5630645751953125,5900.0,0.38849971627781,251.7180962902747,3776.0000000000005,251.70901011914995,1.8572049164046511,EIN84T_1564,real,124432.9598611946,0.04418849163574569,True
63499.27329319116,168.0,-6070.0,20011.0,2171.7000000000003,52.21922793630826,4.527622767857143,7125.000000000001,0.39323460918711706,253.66513359151273,2688.0,250.42214484401134,1.7271174791803046,EIN84T_1564,real,97951.29957794279,0.04262285239538512,True
63440.23108297297,198.0,-9934.0,18667.0,2598.42,52.20707780223781,4.471043178013393,8525.0,0.4203134140026949,269.75729832573575,3328.0,250.96054604016,1.799269474455044,EIN84T_1564,real,108770.89599750357,0.0401344467948974,True
63399.5214198509,218.0,-12535.0,17767.0,2964.1800000000003,52.19892883300781,4.4329833984375,9725.0,0.4212033672371086,269.14122686797725,3264.0,250.6898605747218,1.7905398293356873,EIN84T_1564,real,107178.88868881842,0.038116335260641294,True
63357.57059891561,258.0,-18206.0,15855.0,3268.98,52.18156717591366,4.35003662109375,10725.0,0.49821715529786453,317.1766069558094,2624.0,251.62217556444443,1.621536096093633,EIN84T_1564,real,87124.966213559,0.03234158964339115,True
63318.773096008495,278.0,-21316.0,14826.0,3611.88,52.17219543457031,4.3045806884765625,11850.0,0.5023057932375681,318.44151739369664,3008.0,251.50815369874724,1.6902590724283864,EIN84T_1564,real,93742.54139725177,0.029101443698762944,True
63264.05678354371,308.0,-26005.0,13267.0,4038.6000000000004,52.157958984375,4.2360687255859375,13250.0,0.5180157242301249,326.67568014775753,2624.0,251.06587502152794,1.5993263743379822,EIN84T_1564,real,85226.84356121288,0.024257690209558345,True
63226.187799558065,338.0,-30771.0,11634.0,4503.42,52.143021923000525,4.166486467633929,14775.0,0.5231347273601807,327.9954267973869,2880.0,250.40492877155168,1.6435339292256104,EIN84T_1564,real,89106.37078225333,0.020311130118588046,True
63176.371641133745,368.0,-35729.0,9903.0,4853.9400000000005,52.12715148925781,4.0941619873046875,15925.0,0.54420272181134,339.69986753014786,2560.0,250.39155872810971,1.5588946146130926,EIN84T_1564,real,81993.02763375065,0.015873393335495277,True
63122.87573391469,398.0,-40613.0,8212.0,5273.04,52.11159916247352,4.022957938058036,17300.0,0.5486321002589714,340.64204085814185,2624.0,250.44800482675942,1.5638703815088193,EIN84T_1564,real,82376.9288690885,0.013042501216231264,True
63090.91809548786,428.0,-45622.0,6492.0,5600.700000000001,52.095724849377646,3.9499773297991077,18375.0,0.5693387751357172,352.0127838587684,2112.0,250.58705110402278,1.4208192482961663,EIN84T_1564,real,72447.88949051211,0.01047236737879834,True
63042.2649989522,458.0,-50893.0,4691.0,5928.360000000001,52.079059148238876,3.8732299804687504,19450.0,0.5820337861090664,358.33643409511126,2432.0,250.6043117415388,1.4924717159352912,EIN84T_1564,real,77163.18470603155,0.008695263822109887,True
63009.34145122327,478.0,-54292.0,3529.0,6179.820000000001,52.06828308105469,3.8237762451171875,20275.0,0.5860279322768689,359.612291224869,2112.0,250.50693808884895,1.402387391017147,EIN84T_1564,real,71299.42110092819,0.005784960109845826,True
62964.024248322115,518.0,-61492.0,1084.0,6583.68,52.0455322265625,3.7191009521484375,21600.0,0.6067857597291155,370.37413516605073,2432.0,250.4398304200362,1.4701622839746318,EIN84T_1564,real,75647.5895279524,0.0,True
62933.03627117527,538.0,-65078.0,-146.0,6812.280000000001,52.03404313426906,3.667000906808036,22350.0,0.6122787652187633,372.5936123982804,1984.0,250.39789625603825,1.3457688623202464,EIN84T_1564,real,67906.54712352963,0.0,True
62887.599440020065,568.0,-70591.0,-2030.0,7117.08,52.01641845703125,3.5869598388671875,23350.0,0.6236601904844268,377.9748668893211,1984.0,250.3665695269595,1.3357515978150887,EIN84T_1564,real,67325.0434870749,0.0,True
62858.36472285813,588.0,-74298.0,-3289.0,7315.200000000001,52.004608154296875,3.533172607421875,24000.0,0.6305575666218836,381.13645850272576,1792.0,250.37651256786916,1.275019461494741,EIN84T_1564,real,63902.927814610885,0.0,True
62816.564883666884,628.0,-81136.0,-7175.0,7658.1,51.96868379237288,3.4344046456473216,25125.0,0.6568782223231945,395.2024797493052,1728.0,233.3330723839515,1.2462586735981172,EIN84T_1564,real,62337.32348662098,0.0,True
62788.925239360695,648.0,-84489.0,-9567.0,7825.740000000001,51.9466552734375,3.3861541748046875,25675.0,0.6637418437459706,398.41812207779907,1856.0,233.67658167125586,1.27677541794337,EIN84T_1564,real,63999.82032971665,0.0,True
62746.00645954108,678.0,-89439.0,-13032.0,8107.68,51.914703369140625,3.314971923828125,26600.0,0.668915312110405,399.96999887491563,1728.0,235.5947657123371,1.2318453821482618,EIN84T_1564,real,61564.034422403376,0.0,True
62719.7753470355,708.0,-94845.0,-16107.0,8359.140000000001,51.886138916015625,3.2371809675886825,27425.000000000004,0.6740317031417593,401.6279372752847,1472.0,242.7331425261087,1.1498313274867589,EIN84T_1564,real,57293.50282625368,0.0,True
62681.68565779849,738.0,-100585.0,-18493.0,8580.12,51.86366271972656,3.15441234691723,28150.0,0.681330881784385,404.7283039274619,1280.0,249.46052383128873,1.0858019909656729,EIN84T_1564,real,54086.20951417816,0.0,True
62642.96600429059,768.0,-106651.0,-20210.0,8801.1,51.84708934719279,3.0667877197265625,28875.0,0.6864355838350322,406.4984624817171,1664.0,256.3397974182523,1.1922150156044609,EIN84T_1564,real,59474.53733286692,0.0,True
62617.57901664799,798.0,-112776.0,-21178.0,9022.08,51.837173720537606,2.9781341552734375,29600.0,0.6929315847140726,409.0672316380279,1472.0,262.97922085479877,1.1301998498572077,EIN84T_1564,real,56299.389262420664,0.0,True
62580.57589969882,828.0,-119039.0,-21589.0,9243.060000000001,51.83216857910156,2.887325802364865,30325.000000000004,0.6968630238109225,410.0987685911773,1152.0,265.8048882917079,1.0278660124817232,EIN84T_1564,real,51259.50373933034,0.0,True
62558.660735148944,848.0,-123262.0,-21805.0,9342.12,51.829306392346396,2.826080322265625,30650.0,0.7048921253193701,414.23785437837523,1024.0,265.5694695531952,0.9868486395634208,EIN84T_1564,real,49294.37295391835,0.0,True
62523.217727171796,888.0,-131772.0,-22318.0,9593.58,51.82274252681409,2.7027130126953125,31474.999999999996,0.7134061385640783,417.73197148410844,1472.0,264.78073547201177,1.1138171832152204,EIN84T_1564,real,55477.16998527919,0.0,True
62496.08398208447,908.0,-136101.0,-22610.0,9776.460000000001,51.81907653808594,2.6399849556587838,32075.0,0.7103349330992578,414.8373175113348,1792.0,264.60549934495714,1.2002992498061047,EIN84T_1564,real,59895.994944868,0.0,True
62459.33316177337,938.0,-142424.0,-23034.0,10005.060000000001,51.81367492675781,2.5483827333192566,32825.0,0.7111499019418898,413.9371933035252,1344.0,264.4546826911379,1.065977438304723,EIN84T_1564,real,53110.92107246048,0.0,True
62434.84491193592,958.0,-146660.0,-23322.0,10142.220000000001,51.80998721365201,2.487030029296875,33275.0,0.7108616133236304,412.9418845309834,1536.0,264.44127483808126,1.1196966039422152,EIN84T_1564,real,55770.81710296182,0.0,True
62401.8744103455,998.0,-155121.0,-23894.0,10424.16,51.80255126953125,2.3645102011190877,34200.0,0.7122604448067344,412.0449004659565,768.0,264.28940686250036,0.8799695439984909,EIN84T_1564,real,44280.797462442875,0.0,True
62379.50393472315,1018.0,-159295.0,-24175.0,10523.220000000001,51.79884338378906,2.3040853964315877,34525.0,0.7167483437122789,414.03502267320334,1280.0,264.3169462881676,1.0360357597833163,EIN84T_1564,real,51653.377636338046,0.0,True
62344.31596943767,1048.0,-165689.0,-24603.0,10721.34,51.79313530356197,2.2115325927734375,35175.0,0.717304529407984,413.14041196668234,1536.0,264.1652110031587,1.108914709213848,EIN84T_1564,real,55231.32290464628,0.0,True
62319.672462153096,1078.0,-171984.0,-25027.0,10949.94,51.78740937831038,2.1204376220703125,35925.0,0.71282429378713,409.16133737194673,1536.0,264.10826808523325,1.1085833254876145,EIN84T_1564,real,55214.48198729953,0.0,True
62289.0440039729,1108.0,-178302.0,-25448.0,11094.720000000001,51.78163690082097,2.0290374755859375,36400.0,0.7150936739117432,410.1560678571024,832.0,264.1226073933569,0.8900780622996062,EIN84T_1564,real,44748.884526525006,0.0,True
76339.01664412879,0.0,91389.89366943865,29049.35186558648,30.480000001216833,52.32860183713752,4.708839893244439,100.0,0.3,198.3755,2490.0,3.1752,2.00876238365136,EIN84X_1589,fuel,133608.0569886258,0.17684772614135458,True
76291.49908541897,23.6348,91522.24888167546,31435.263000490846,329.4493963919039,52.35003233946218,4.711440166334854,1081.0,0.350703,231.1189,2774.0,3.1752,1.9759269362497975,EIN84X_1589,fuel,127506.76841181747,0.1426894414336741,True
76244.77609753209,47.2695,91676.51874499115,34216.22023250841,662.4711293136575,52.37501110751283,4.714474316668804,2173.0,0.405015,265.8997,3000.0,327.723,1.9481281624303626,EIN84X_1589,fuel,122968.69570570788,0.1112180258989473,True
76198.73623768373,70.9043,89964.25013466252,36927.16821276577,1022.6650329335356,52.39967041216433,4.689986142053791,3355.0,0.461319,301.6124,3000.0,292.2708,1.8986590809205892,EIN84X_1589,fuel,115897.23860342945,0.08704206158761349,True
76153.9034833777,94.5391,86593.93201787058,38307.431209662536,1382.8589444248073,52.41262492241069,4.640676453188344,4537.0,0.521801,339.7341,3000.0,256.8187,1.8683124999005685,EIN84X_1589,fuel,112035.21273560134,0.06391919278643796,True
76109.83279889709,118.1739,82595.69615231593,37371.02749767192,1743.0528602982083,52.40482348333234,4.581504225417676,5719.0,0.583574,378.3571,3000.0,249.6385,1.8584822454805703,EIN84X_1589,fuel,110846.51574726995,0.047160427163314554,True
76066.0387067995,141.8086,78305.10726947935,35778.65693278543,2103.2467769824852,52.39113611653539,4.517890637418068,6900.0,0.5957,384.582,3000.0,249.6636,1.8491728056616272,EIN84X_1589,fuel,109746.03076501003,0.033487658216124816,True
76022.46821436755,165.4434,73942.87159191824,34161.86358210654,2463.440692955637,52.37720471621899,4.453255747010293,8082.0,0.608144,390.9378,3000.0,249.6444,1.8397131464053005,EIN84X_1589,fuel,108651.49481362346,0.02124325787195708,True
75979.12465629618,189.0782,69508.75160939843,32516.742636146606,2823.6346081569986,52.362992504774596,4.387597225669487,9264.0,0.620915,397.4269,3000.0,249.6508,1.8301130323046733,EIN84X_1589,fuel,107563.79409380566,0.016538121087651687,True
75936.01133964233,212.713,65000.509540010826,30844.69478603045,3183.828522516842,52.34851061595634,4.320884583906011,10446.0,0.634023,404.052,3000.0,249.5937,1.8203733985233812,EIN84X_1589,fuel,106482.76253519481,0.013653646057559483,True
75893.13154481832,236.3477,60418.48841166939,29140.08132118613,3544.022435954628,52.333706498943535,4.2531240461434106,11627.0,0.647476,410.8154,3000.0,249.5645,1.8105049860046487,EIN84X_1589,fuel,105409.29317157409,0.012239554011005297,True
75850.48852661149,259.9825,55760.33418177182,27404.443233665377,3904.216348377695,52.318592423919,4.184283705811388,12809.0,0.661284,417.7198,3000.0,249.5219,1.8004888817846953,EIN84X_1589,fuel,104341.06835668941,0.0108652272738954,True
75808.0855152006,283.6173,51024.89795513223,25635.99455355424,4264.410259678301,52.303150524590706,4.114348879208492,13991.0,0.675457,424.7677,3000.0,249.4897,1.7903355655882653,EIN84X_1589,fuel,103278.98295642147,0.009799382498948492,True
75765.92571712847,307.252,46210.272560453544,23834.897609663036,4624.604169730216,52.28738045091457,4.0432941773126725,15173.0,0.690005,431.9613,3000.0,249.4956,1.7800456069613235,EIN84X_1589,fuel,102222.84890437493,0.008940648510695882,True
75724.01231618422,330.8868,41313.6277007745,22003.69317208543,4984.798078384431,52.2713032155229,3.971081017882096,16354.0,0.704938,439.3033,3000.0,249.5271,1.7696305656508269,EIN84X_1589,fuel,101173.58092100648,0.008031648003915962,True
75682.34847414236,354.5216,36332.450753934296,20143.99092296615,5344.991985463291,52.25493130587166,3.8976753448468444,17536.0,0.720265,446.7959,3000.0,249.5648,1.7590694533462987,EIN84X_1589,fuel,100128.82967076896,0.007282538162983358,True
75640.93733130264,378.1564,31264.79879346861,18255.80053647114,5705.1858907527,52.238262664547904,3.823051326696839,18718.0,0.735998,454.4414,3000.0,249.6016,1.7483734350138682,EIN84X_1589,fuel,99089.50071980717,0.006593478059506763,True
75599.7820067654,401.7911,26108.929836743755,16338.515409980057,6065.3797939914775,52.221289576160636,3.747186126255545,19900.0,0.752147,462.2421,3000.0,249.628,1.7375430421856746,EIN84X_1589,fuel,98055.42387208366,0.0059652736643451935,True
75558.88559777435,425.4259,20863.40423085005,14390.637299536225,6425.5736948565755,52.2039961938298,3.6700614162134726,21081.0,0.768723,470.2001,3000.0,249.6522,1.7265904241157282,EIN84X_1589,fuel,97032.5518737792,0.0,True
75518.24957997665,449.0607,15526.486910396297,12411.38600479549,6785.767592973689,52.18637304426586,3.5916547508767698,22263.0,0.785736,478.3176,3000.0,249.6818,1.7154929854297243,EIN84X_1589,fuel,96075.45037817763,0.0,True
75477.85946198815,472.6954,10096.156825534808,10400.680785878632,7145.961477352171,52.168416843767325,3.5119396595777657,23445.0,0.802349,486.0819,3000.0,249.7193,1.704059441941123,EIN84X_1589,fuel,95306.71661904249,0.0,True
75437.66647835182,496.3302,4576.133330549774,8360.878493637909,7506.155366287332,52.150146060573164,3.430973950177509,24626.0,0.8155,491.6504,3000.0,249.7383,1.691617649597475,EIN84X_1589,fuel,94715.28038465977,0.0,True
75397.62155733918,519.965,-1007.9081746923564,6299.517642347658,7866.349257061629,52.13162589882481,3.349136893602538,25808.0,0.82,491.9398,3000.0,249.7503,1.6774283253215878,EIN84X_1589,fuel,93801.81650925719,0.0,True
75357.80656661795,543.5998,-6595.546748532941,4238.163617795088,8226.54314534881,52.113049124873086,3.2673152790283226,26990.0,0.82,489.5041,3000.0,249.7708,1.6632777358880027,EIN84X_1589,fuel,92687.76195483239,0.0,True
75318.2769318921,567.2345,-12156.0137755735,2189.092312321034,8586.737030221311,52.09452682810854,3.1859592667225987,28172.0,0.82,487.0562,2780.0,249.7938,1.6102274845020008,EIN84X_1589,fuel,88431.45196213108,0.0,True
75279.92481874143,590.8693,-17691.72299539827,151.66313650086394,8920.572985413779,52.07605410115329,3.1050325380763804,29267.0,0.82,484.7764,2497.0,249.8225,1.5432432362279689,EIN84X_1589,fuel,83392.03575375184,0.0,True
75243.0734588355,614.5041,-23205.38099935513,-1874.5138328213377,9220.356589643436,52.05762815221081,3.024494597830866,30251.0,0.819999,482.7197,2213.0,249.8291,1.4733972638309496,EIN84X_1589,fuel,78480.42136726467,0.0,True
75207.7826460274,638.1389,-28698.600431780585,-3892.4534496515366,9486.087816514588,52.03922252448307,2.9443212686933444,31122.0,0.818528,480.0268,1930.0,249.8311,1.4011066894006063,EIN84X_1589,fuel,73585.15205784884,0.0,True
75174.1520276913,661.7736,-34163.80571837319,-5899.888622603688,9717.76665797557,52.02085876178054,2.8646223547112464,31882.0,0.815349,476.57,1646.0,249.8328,1.3259012917930806,EIN84X_1589,fuel,68635.89675000345,0.0,True
75142.2938024821,685.4084,-39592.115347939005,-7893.5869980205225,9915.393110908448,52.002567474248394,2.7855262963694356,32531.0,0.812029,473.2723,1362.0,249.8474,1.248142214918508,EIN84X_1589,fuel,63751.93222465351,0.0,True
75112.27882443857,709.0432,-44985.62019084449,-9872.949245264383,10078.967174637555,51.98435503906432,2.707001248658664,33067.0,0.808597,470.1512,1079.0,249.8357,1.1681266444077503,EIN84X_1589,fuel,58932.75278642941,0.0,True
75084.17683149026,732.6779,-50345.25423626712,-11841.117914855868,10208.488850449046,51.966194197822105,2.629032822133546,33492.0,0.804995,467.1708,795.0,249.8266,1.085319173663991,EIN84X_1589,fuel,54128.48583208644,0.0,True
75058.05801459936,756.3127,-55672.533975876846,-13798.36250682046,10303.958142218438,51.94808342589158,2.551597882364491,33806.0,0.801221,464.3296,512.0,249.8093,1.0003072083850073,EIN84X_1589,fuel,49359.33891328678,0.0,True
75033.99014054905,779.9475,-60968.581602673534,-15745.955325025048,10365.375059256756,51.93001215804654,2.474679279813416,34007.0,0.797154,461.5558,228.0,249.7889,0.9125636136459067,EIN84X_1589,fuel,44579.81894913981,0.0,True
75012.04019253752,803.5823,-66233.872055337,-17684.36834876244,10392.739631689366,51.911977053318154,2.3982692522932014,34097.0,0.793639,459.3353,0.0,249.7899,0.840279435482525,EIN84X_1589,fuel,40736.904388494,0.0,True
74991.8399146304,827.217,-71474.98660519818,-19613.772508210743,10392.739690136974,51.89397666578928,2.322271038490854,34097.0,0.793665,459.3503,0.0,249.7618,0.8401269334630319,EIN84X_1589,fuel,40729.249106724164,0.0,True
74971.64317258926,850.8518,-76715.32626019047,-21545.807254584288,10392.739748004957,51.87590384721199,2.2463456286394647,34097.0,0.793663,459.3495,0.0,249.7456,0.8399623862508773,EIN84X_1589,fuel,40720.01781021798,0.0,True
74951.45069414173,874.4866,-81955.1085977014,-23479.325123599057,10392.73980505492,51.857768977318116,2.1704897620201553,34097.0,0.793671,459.3537,0.0,249.7391,0.8398017534684165,EIN84X_1589,fuel,40711.29156195504,0.0,True
74931.26224585327,898.1214,-87194.7217176091,-25413.44938840368,10392.73986133108,51.83957996588776,2.0946977000213685,34097.0,0.793657,459.3456,0.0,249.7378,0.8396317315987147,EIN84X_1589,fuel,40701.33964187076,0.0,True
74911.07839391663,921.7561,-92434.19882020436,-27347.658512141683,10392.739917050942,51.82134157298811,2.0189689180577215,34097.0,0.793643,459.3375,0.0,249.7365,0.8394617728446726,EIN84X_1589,fuel,40691.39317432367,0.0,True
76339.01656206584,0.0,91389.89357597272,29049.351767865646,30.48000030455911,52.32860183627446,4.708839891842578,100.0,0.3,198.3755,1790.0,3.1751,1.8353649066765747,EIN84X_1589,pop,108156.03183086248,0.17684772372127885,True
76294.78356603895,24.0755,91525.27585235692,31489.83210312994,249.37880396132962,52.35052248411945,4.711499666508525,818.0,0.375563,247.7272,1891.0,3.1751,1.7150226019412949,EIN84X_1589,pop,95960.41005548293,0.1630668623762535,True
76253.4892932599,48.1509,91694.51501502839,34540.63653253822,480.71092059662965,52.37792503370875,4.714828499674954,1577.0,0.453173,298.135,1603.0,327.0619,1.5598500708492944,EIN84X_1589,pop,83112.16435586047,0.14005794689803613,True
76215.9957218139,72.2264,89691.83113137836,37631.81044604687,676.7089157772936,52.40605087743605,4.686161174939956,2220.0,0.531475,348.8661,1891.0,293.6731,1.654895131092829,EIN84X_1589,pop,90687.54475727427,0.10743933180694598,True
76176.2650272644,96.3018,85745.46739473387,39361.932359721664,908.041032412803,52.42224023067973,4.628440434408636,2979.0,0.55664,364.4154,2180.0,285.1989,1.7256131185625805,EIN84X_1589,pop,96936.63633092926,0.07363840204877828,True
76134.85043718571,120.3773,81404.17031840188,40541.34528424679,1174.7072705082708,52.433508767420584,4.564717364463112,3854.0,0.565067,368.7947,2469.0,277.0779,1.7782267245081547,EIN84X_1589,pop,102038.204697381,0.04682980413765638,True
76092.17277966696,144.4528,76889.11111116689,41101.95668619486,1476.7076300640988,52.439203486327756,4.498255339821546,4845.0,0.574807,373.8367,2758.0,270.241,1.8240935658985007,EIN84X_1589,pop,106893.08167761278,0.027776900172614253,True
76048.3923973449,168.5282,72280.39333929101,41121.34275043903,1814.0421110785933,52.44000676198832,4.430276871775542,5952.0,0.585939,379.5737,3000.0,265.2368,1.856213832530538,EIN84X_1589,pop,110576.15764229538,0.015517321718117325,True
76003.83968430394,192.6037,67619.78418300666,40732.99350909632,2180.9521591637404,52.437111177686,4.361447620956017,7155.0,0.598357,385.942,3000.0,261.5468,1.8466968596525368,EIN84X_1589,pop,109457.29588105733,0.012612298159048364,True
75959.51987687257,216.6792,62915.83941266826,40033.91226648416,2547.8622072490703,52.431386537236044,4.291929528493833,8359.0,0.611108,392.4467,3000.0,258.7371,1.8370246647958282,EIN84X_1589,pop,108344.59879238388,0.010513234035937024,True
75915.43648986625,240.7546,58172.843195809975,39089.36419864369,2914.772255334406,52.423418049392154,4.221810751104593,9563.0,0.6242,399.0903,3000.0,256.3185,1.8272070923253159,EIN84X_1589,pop,107238.94153042753,0.009247403342645259,True
75871.59300856416,264.8301,53394.03044940625,37926.051783896684,3281.6823034196927,52.41344443569827,4.1511542179698075,10767.0,0.637643,405.8756,3000.0,254.2528,1.8172450947382113,EIN84X_1589,pop,106140.14577853648,0.008359724856608578,True
75827.992889806,288.9055,48579.42840751476,36568.45120055314,3648.5923515048885,52.40168481443623,4.079973823412609,11970.0,0.651448,412.8053,3000.0,252.4777,1.807149598464642,EIN84X_1589,pop,105049.10390223176,0.007576789454273338,True
75784.63956311705,312.981,43727.4152751706,35036.544290947895,4015.5023995899614,52.38831803643841,4.008257274620385,13174.0,0.665624,419.8819,3000.0,250.8614,1.7969014531992635,EIN84X_1589,pop,103963.47336559686,0.006961835449840016,True
75741.53643181744,337.0565,38837.82066302149,33339.67818226811,4382.4124476748975,52.373427167601,3.93601138866913,14378.0,0.680182,427.1082,3000.0,249.3316,1.7865112830067822,EIN84X_1589,pop,102884.14534205737,0.006445261481540381,True
75698.68687406811,361.1319,33911.62032920281,31481.32703595669,4749.322495759663,52.357042388652005,3.8632588164576114,15582.0,0.695132,434.4866,3000.0,248.0118,1.7759796964967196,EIN84X_1589,pop,101810.92384204688,0.005952032341352316,True
75656.09424379715,385.2074,28944.894834222825,29475.829853818905,5116.2325438442385,52.33929188730406,3.789950963106154,16786.0,0.710485,442.0198,3000.0,246.8979,1.7653073713580023,EIN84X_1589,pop,100743.62571630333,0.005552629952361629,True
75613.761871447,409.2829,23932.391740944673,27337.59404434927,5483.142591928601,52.32030438903947,3.7160189505828716,17989.0,0.726251,449.7101,3000.0,245.9551,1.7545059728309575,EIN84X_1589,pop,99683.14206147067,0.00517226901940747,True
75571.69306447398,433.3583,18868.89290106914,25078.41870381233,5850.052640012722,52.300184972314675,3.64139361283217,19193.0,0.742443,457.56,3000.0,245.1274,1.743553972557346,EIN84X_1589,pop,98627.12100129637,0.0048188163816452415,True
75529.89110752473,457.4338,13750.486583311118,22705.510022990984,6216.962688096558,52.278997184392,3.566024313719272,20397.0,0.75907,465.5718,3000.0,244.717,1.7324628243879556,EIN84X_1589,pop,97576.69297888875,0.0027383910830476458,True
75488.35916521409,481.5092,8559.634154426296,20253.690968160812,6583.872736179107,52.257052997484834,3.489660679686634,21601.0,0.776145,473.7479,3000.0,244.7076,1.7212331135042296,EIN84X_1589,pop,96550.96003651625,0.0,True
75447.09457058918,505.5847,3277.7925744399936,17757.832787810872,6950.7827842606675,52.23466414682412,3.4120360316963025,22804.0,0.79368,482.0902,3000.0,244.7134,1.709877199196158,EIN84X_1589,pop,95653.99317067962,0.0,True
75406.06560848179,529.6602,-2097.5474089312916,15218.459928428987,7317.692832340291,52.21183279439398,3.333117670647509,24008.0,0.809057,489.0127,3000.0,244.7201,1.6977494771594366,EIN84X_1589,pop,94958.87562536998,0.0,True
75365.2165133413,553.7356,-7550.528822691453,12643.183195495178,7684.602880420665,52.188624946103545,3.25314228642717,25212.0,0.82,493.1643,3000.0,244.7272,1.684464002218969,EIN84X_1589,pop,94366.14108503915,0.0,True
75324.51660699176,577.8111,-13050.159349940179,10046.711323472333,8051.51292850074,52.165171410939955,3.172567290428006,26416.0,0.82,490.6893,3000.0,244.7345,1.6694824471499758,EIN84X_1589,pop,93164.95512458673,0.0,True
75284.12864057552,601.8866,-18522.276933103327,7464.078359676799,8418.422976580105,52.14178847678572,3.092479670350093,27619.0,0.82,488.2017,2912.0,244.7418,1.640023681204823,EIN84X_1589,pop,90793.77545802813,0.0,True
75244.38824475635,625.962,-23967.73213972365,4894.886875811012,8774.57694060911,52.11847346293132,3.0128657121875664,28788.0,0.82,485.7748,2623.0,244.7492,1.5728923520821227,EIN84X_1589,pop,85574.1230800569,0.0,True
75206.17678973477,650.0375,-29389.366883291263,2337.782081831746,9095.396783184966,52.09521492593084,2.9336826924968546,29841.0,0.82,483.5783,2334.0,244.7563,1.502945458715818,EIN84X_1589,pop,80515.8537652338,0.0,True
75169.55805193902,674.1129,-34789.598324862716,-208.41195921865608,9380.882504302617,52.072002937354824,2.85489426576664,30777.0,0.82,481.6153,2045.0,244.7635,1.4303339940826743,EIN84X_1589,pop,75591.51994154876,0.0,True
75134.59432424391,698.1884,-40170.88960925227,-2744.8484922378634,9631.034103960466,52.048827669425386,2.7764635658042986,31598.0,0.818059,478.7525,1756.0,244.77,1.3549420437052393,EIN84X_1589,pop,70617.83403981032,0.0,True
75101.40516273107,722.2639,-45522.977984501216,-5266.773183264263,9845.851582157868,52.02573336844095,2.698539078814948,32303.0,0.814963,475.4624,1468.0,244.7764,1.2770991030358394,EIN84X_1589,pop,65652.59901852853,0.0,True
75070.0939478904,746.3393,-50840.903924796956,-7771.871693973939,10025.334938894564,52.0027422382066,2.6211915813520767,32892.0,0.811399,472.1497,1179.0,244.7824,1.196374657003117,EIN84X_1589,pop,60704.20477755637,0.0,True
75040.74467974347,770.4148,-56124.21619451179,-10259.993735015854,10169.484174170613,51.979856744431146,2.544426098522675,33364.0,0.808048,469.2108,890.0,244.7878,1.1131368427955524,EIN84X_1589,pop,55820.74685424605,0.0,True
75013.42065384082,794.4903,-61376.89491502911,-12733.07786755857,10278.29928798637,51.95706008482319,2.468183353161693,33721.0,0.804158,466.2077,601.0,244.7926,1.0272570493719058,EIN84X_1589,pop,50936.81164804778,0.0,True
74988.20473888196,818.5657,-66597.99750180249,-15190.77135262452,10351.780280342642,51.93435649495959,2.3924756641599236,33963.0,0.800007,463.3003,312.0,244.7963,0.9388299702777904,EIN84X_1589,pop,46063.96525062545,0.0,True
74965.16787294573,842.6412,-71788.35707130349,-17633.577132338905,10389.927151241303,51.91174231268905,2.3172896024146263,34088.0,0.796024,460.7345,23.0,244.7995,0.8481561390878926,EIN84X_1589,pop,41223.626340818315,0.0,True
74944.36290125408,866.7166,-76951.56558734663,-20063.253821237242,10392.739900688215,51.88920216325357,2.24257188755947,34097.0,0.795755,460.5601,-0.0,244.8022,0.8406815354260496,EIN84X_1589,pop,40832.220075218975,0.0,True
74923.74115174443,890.7921,-82113.03982446309,-22491.82174047026,10392.73990046016,51.8666250341414,2.1679540989240964,34097.0,0.795706,460.5314,-0.0,244.8038,0.8404926223146941,EIN84X_1589,pop,40819.83454629418,0.0,True
74903.12522735447,914.8676,-87274.26204399351,-24920.090280433542,10392.739900231958,51.84400354767629,2.09341480046115,34097.0,0.795502,460.4134,-0.0,244.8047,0.8402336656632742,EIN84X_1589,pop,40798.058398209614,0.0,True
74882.51954683969,938.943,-92434.19872675181,-27347.658414645295,10392.739900003566,51.82134157388028,2.018968919390958,34097.0,0.795298,460.2954,-0.0,244.8055,0.839974831821464,EIN84X_1589,pop,40776.360573047124,0.0,True
,0.0,6306.0,32624.0,0.0,52.33272171020508,4.709186553955078,0.0,0.0,0.0,0.0,0.0,,EIN84X_1589,real,,0.1926134666543039,True
77053.55157319654,26.0,6407.0,34306.0,-45.72,52.34785176939883,4.7107020786830365,-150.0,0.21348237158742475,141.28694207179942,2816.0,3.6522227803063356,1.8887816769500743,EIN84X_1589,real,206419.9326416907,0.24321303222933394,True
77011.5786467805,56.0,6533.0,36421.0,365.76,52.36688232421875,4.7126007080078125,1200.0,0.20369456536773053,134.18271125595876,2496.0,2.9903449751653746,1.8887814715447038,EIN84X_1589,real,204368.36142686158,0.15184089699720774,True
76951.52006916374,86.0,6662.0,38817.0,571.5,52.38844532077595,4.7145472935267865,1875.0,0.2684239279715178,176.40861656959956,1216.0,3.90049374238189,1.737606203524149,EIN84X_1589,real,99268.34762503723,0.12658669368874959,True
76918.32239647704,106.0,6792.0,40832.0,617.22,52.40657043457031,4.71649169921875,2025.0,0.3327756201603383,218.58636736997119,1152.0,4.197668357160926,1.5318633629661897,EIN84X_1589,real,79962.10623483761,0.10611603234409903,True
76858.77053244333,136.0,6159.0,44477.0,990.6,52.439373468948624,4.707249232700893,3250.0,0.41727528060258845,272.9175699730598,3776.0000000000005,326.65929265352304,1.8819953447535946,EIN84X_1589,real,142535.7143288495,0.06793431969533874,True
76816.99019681363,166.0,2780.0,47152.0,1600.2,52.463470458984375,4.6575164794921875,5250.0,0.44465328722381225,288.77153599342165,3776.0000000000005,292.3909272498943,1.8779298137044873,EIN84X_1589,real,137490.2401961832,0.04597070159034068,True
76758.01525778326,196.0,-1896.0,47528.0,2004.0600000000002,52.46685791015625,4.588623046875,6575.0,0.49362449317085594,319.0564213426835,2624.0,268.92246349024146,1.7728778473018378,EIN84X_1589,real,104263.50212023799,0.032921369059466056,True
76717.54992401942,216.0,-5089.0,46840.0,2308.86,52.460647841631356,4.541591099330358,7575.0,0.5083057909735813,327.3606573795941,3136.0,243.51322169706094,1.8259350359409914,EIN84X_1589,real,114508.77713171286,0.026842812441714554,True
76656.62311542738,256.0,-10238.0,42641.0,2964.1800000000003,52.422800872285485,4.465863909040179,9725.0,0.5201444334706011,332.3627536292236,3456.0,234.92324368449732,1.844581434867873,EIN84X_1589,real,119768.04624495652,0.019555307826199197,True
76622.08850831562,276.0,-13091.0,40620.0,3238.5,52.40455239506091,4.4239589146205365,10625.0,0.5381063541191202,342.6981178821967,960.0,234.50119315152813,1.284388728789396,EIN84X_1589,real,64423.15957723535,0.01631393386250205,True
76573.11205697866,306.0,-17631.0,37406.0,3436.6200000000003,52.375503798662606,4.357334681919643,11275.0,0.592655937176588,376.52755543253403,3136.0,234.62152587845276,1.7991667823447024,EIN84X_1589,real,108762.084534527,0.014267905697580517,True
76533.47587783988,326.0,-20782.0,35153.0,3749.04,52.35511779785156,4.3111419677734375,12300.0,0.5954844233818621,376.87663764154973,2752.0,234.28559303527555,1.7463169432233552,EIN84X_1589,real,100427.10182573565,0.01307006039751027,True
76475.83514147511,366.0,-27174.0,30651.0,4373.88,52.31433415817002,4.217572893415179,14350.0,0.6053054054584789,380.13155617496426,2368.0,234.63753811293094,1.6670843176606636,EIN84X_1589,real,91367.59202613853,0.011670861874384927,True
76420.09618914894,396.0,-32001.0,27235.0,4724.400000000001,52.28334045410156,4.14703369140625,15500.000000000002,0.6222936511481232,389.08225351460067,2496.0,234.3082556490843,1.6820106524198373,EIN84X_1589,real,92880.70705631317,0.01111566662345235,True
76383.15224922216,416.0,-35304.0,24897.0,5006.34,52.26210021972656,4.09881591796875,16425.0,0.629001051797561,391.87370414458786,2240.0,234.24136657430893,1.624131782544063,EIN84X_1589,real,87358.20445662849,0.010507621558768696,True
76330.00299346105,456.0,-41961.0,20179.0,5425.4400000000005,52.219181384070446,4.00177001953125,17800.0,0.6565814950325741,406.87098692337355,2240.0,234.20040046907033,1.6133742725017932,EIN84X_1589,real,86421.47385148527,0.009433258240207259,True
76293.82089550872,476.0,-45379.0,17762.0,5661.66,52.197162175582626,3.9520176478794644,18575.0,0.6657299308504211,411.2857887163134,2368.0,234.30037866099906,1.6329367410676203,EIN84X_1589,real,88143.76246980531,0.008866249847843392,True
76239.51165496591,506.0,-50590.0,14087.0,6035.04,52.16363525390625,3.8762664794921875,19800.0,0.6735079110376813,414.07728747179556,2240.0,234.23712939983676,1.5956742442987308,EIN84X_1589,real,84928.61121500947,0.00793338116746505,True
76205.44776983539,526.0,-54079.0,11626.0,6240.780000000001,52.14115905761719,3.8256072998046875,20475.0,0.6834774764022897,419.0763653560052,1920.0,234.22392228210535,1.5163057774400028,EIN84X_1589,real,78841.84791422583,0.003907506254416833,True
76155.84030655884,566.0,-61141.0,6666.0,6637.02,52.095794677734375,3.7232208251953125,21775.0,0.6988751109813058,426.28277000132204,1536.0,234.25920194260476,1.4038263531657442,EIN84X_1589,real,71392.29605062585,0.0,True
76124.67244636796,586.0,-64777.0,4117.0,6789.42,52.07244873046875,3.6705780029296875,22275.0,0.7130911141707036,434.07372645669307,1600.0,234.1861261601535,1.4198160879888122,EIN84X_1589,real,72388.91125688264,0.0,True
76075.31989369271,616.0,-70271.0,264.0,7063.740000000001,52.037109375,3.591156005859375,23175.0,0.7262555965553814,440.4690681534857,1984.0,234.1447716537843,1.508981186302832,EIN84X_1589,real,78320.97080308915,0.0,True
76041.42737175214,636.0,-73986.0,-2345.0,7277.1,52.013141179488876,3.537519182477679,23875.0,0.7293133221300259,441.0555520566542,1984.0,234.03948280335513,1.5013673513129842,EIN84X_1589,real,77785.39189959815,0.0,True
75995.69963842591,676.0,-81395.0,-7538.0,7650.4800000000005,51.96537858348781,3.4307163783482144,25100.0,0.7413246323979152,446.0549293528769,1216.0,234.02928963863204,1.2825887105565006,EIN84X_1589,real,64323.82923955248,0.0,True
75965.78624983714,696.0,-85154.0,-10177.0,7780.02,51.941070556640625,3.376617431640625,25525.0,0.7523085280171101,451.8639175681103,1536.0,234.09381828799212,1.37214819123268,EIN84X_1589,real,69468.74004147892,0.0,True
75919.08458257785,726.0,-91217.0,-13901.0,8023.860000000001,51.90660095214844,3.289337158203125,26325.0,0.7637392233789515,457.19689412768327,1792.0,240.51936757599242,1.4318299387615179,EIN84X_1589,real,73163.91730820342,0.0,True
75870.65341036067,766.0,-99717.0,-17722.0,8420.1,51.870758056640625,3.16680908203125,27625.0,0.7632537877031406,454.4062059435368,1792.0,248.573220431109,1.416342246892342,EIN84X_1589,real,72191.33413389314,0.0,True
75841.79341537147,786.0,-104109.0,-19179.0,8572.5,51.856842041015625,3.1034149994721285,28125.0,0.7681756462460149,456.36498551050124,1280.0,252.39881863221441,1.2701697327598425,EIN84X_1589,real,63682.285041692056,0.0,True
75800.6098247354,816.0,-110950.0,-20793.0,8755.380000000001,51.84100341796875,3.0045380463471285,28725.000000000004,0.7784214396464114,461.2678180840281,1152.0,258.49518467374116,1.2278608398509316,EIN84X_1589,real,61478.39279350496,0.0,True
75773.59121996973,836.0,-115692.0,-21454.0,8869.68,51.83409118652344,2.9358734955658785,29100.0,0.7837920723602145,463.7035691042285,1152.0,263.8099040228225,1.2247315407682398,EIN84X_1589,real,61386.921562223026,0.0,True
75732.35062123534,876.0,-125251.0,-21512.0,9121.140000000001,51.83149434752383,2.797088623046875,29925.000000000004,0.7923248068411717,467.0867157177562,1216.0,268.8959353543741,1.235644691556994,EIN84X_1589,real,62164.39826115243,0.0,True
75705.36592820418,896.0,-130053.0,-21488.0,9235.44,51.83061218261719,2.72735595703125,30300.0,0.7970459220960975,469.106597693957,1152.0,268.77852667030226,1.213388616617632,EIN84X_1589,real,61131.83613565159,0.0,True
75667.1751383477,926.0,-137189.0,-21450.0,9387.84,51.82923889160156,2.6237281593116553,30800.0,0.80896244642779,475.0852555068406,704.0,268.9145256402618,1.0748139808612889,EIN84X_1589,real,54609.33144274616,0.0,True
75639.54676446633,956.0,-144674.0,-21377.0,9578.34,51.8280029296875,2.5150299072265625,31425.0,0.814590890527264,477.08489810514857,1472.0,268.9190758133393,1.2951630194541706,EIN84X_1589,real,66480.04413680987,0.0,True
75597.3359116391,986.0,-151993.0,-21300.0,9791.7,51.826746019266416,2.40875244140625,32125.0,0.8171030243865169,477.08489810514857,1408.0,268.9190758133393,1.269628508989864,EIN84X_1589,real,65336.642725612444,0.0,True
75570.84461216645,1006.0,-156910.0,-21247.0,9913.62,51.82586152674788,2.33734130859375,32525.0,0.8185831699593592,477.104810288054,1024.0,268.7990065448664,1.1536847479058072,EIN84X_1589,real,59392.166102650386,0.0,True
75531.65038023081,1036.0,-164226.0,-21171.0,10081.26,51.824432373046875,2.2311153927364864,33075.0,0.8240608597515424,479.12628815376013,1152.0,268.68446175848305,1.1865371896137176,EIN84X_1589,real,61647.3978519982,0.0,True
75501.11556766418,1066.0,-171549.0,-21093.0,10332.720000000001,51.82292873576536,2.124786376953125,33900.0,0.8184736831807162,474.12761995057826,1856.0,268.6705897268427,1.3729288278287748,EIN84X_1589,real,71647.9461109551,0.0,True
75465.13536154757,1096.0,-178838.0,-21014.0,10492.74,51.821345959679554,2.0189666748046875,34425.0,0.8238664533358466,476.12708387572326,384.0,268.67617349235377,0.9312881971506154,EIN84X_1589,real,49404.49856953942,0.0,True
71664.41913913253,0.0,93795.40381097022,-39585.461492410686,30.48000020426281,52.30459976282579,4.777520178346175,100.0,0.3,198.3755,2500.0,237.9631,1.9613463850595314,EIN611_1587,fuel,125066.00187387792,0.13234697945983148,True
71617.61059588921,23.8442,91751.96148442267,-40864.17599041819,333.30127441777864,52.293449853516414,4.747120304375277,1094.0,0.362893,239.142,2786.0,237.9631,1.9097275535269094,EIN611_1587,fuel,117387.22055838333,0.09257412381601988,True
71572.06274546092,47.6884,89286.36845306905,-42407.05758507757,670.781094706794,52.279986041228334,4.710460635507539,2201.0,0.431306,283.1333,3000.0,273.7294,1.8747613789137703,EIN611_1587,fuel,112830.72100207857,0.0687999762741456,True
71527.39664040538,71.5326,85846.74371062439,-42182.85354992019,1034.1666247488279,52.282553651702756,4.659965421201807,3393.0,0.501961,328.1408,3000.0,295.3599,1.8344133952460653,EIN611_1587,fuel,108048.23555812356,0.0604407748492764,True
71483.75038117224,95.3768,82231.89169840026,-40469.49151670662,1397.5521548490406,52.29851616693794,4.607254908782903,4585.0,0.572234,372.5067,3000.0,295.3407,1.8270733384767752,EIN611_1587,fuel,107224.03726538521,0.0499123905995992,True
71440.33408921224,119.221,78123.98189154085,-38524.1209476901,1760.9376849622777,52.316612227415916,4.5473082925615635,5777.0,0.584169,378.6631,3000.0,295.3186,1.817452459569175,EIN611_1587,fuel,106162.78905715764,0.038388458907159424,True
71397.15092545483,143.0652,73947.06902072519,-36548.04395837363,2124.3232150678186,52.334963392628566,4.486304033045406,6970.0,0.596419,384.9503,3000.0,295.3062,1.807689309444164,EIN611_1587,fuel,105106.87922048275,0.027860344684673854,True
71354.20403875202,166.9094,69700.02735431772,-34539.91638870689,2487.708745165047,52.353580288336154,4.424223412195461,8162.0,0.608994,391.3708,3000.0,295.3047,1.7978047567750906,EIN611_1587,fuel,104058.30739223005,0.018906398534637305,True
71311.49655638677,190.7536,65381.763095311275,-32498.25109788864,2851.0942752532565,52.37247475707143,4.361048075460814,9354.0,0.621903,397.9272,3000.0,295.3088,1.7877894004470836,EIN611_1587,fuel,103015.79464351086,0.014567346735968285,True
71269.03158598632,214.5978,60990.9805667164,-30421.913429755175,3214.479805331654,52.391655428472944,4.296756483275243,10546.0,0.635154,404.6221,3000.0,295.3155,1.777643738954368,EIN611_1587,fuel,101979.14984568508,0.011352612661960545,True
71226.81221748784,238.4419,56526.25610549608,-28309.965536793254,3577.865335399327,52.411129101271165,4.231325039058442,11738.0,0.648758,411.4581,3000.0,295.3208,1.7673681782962205,EIN611_1587,fuel,100948.17894608069,0.009522648300659752,True
71184.84152512145,262.2861,51985.98788912205,-26161.7727114385,3941.250865455225,52.430899784334066,4.16472733762701,12931.0,0.662725,418.4378,3000.0,295.3117,1.756951647431238,EIN611_1587,fuel,99921.573305334,0.00814020474412924,True
71143.12256937171,286.1303,47368.0521213853,-23977.730520682944,4304.636395498131,52.450962177671734,4.096928999181473,14123.0,0.677063,425.5638,3000.0,295.2849,1.7464169309934463,EIN611_1587,fuel,98901.3582043601,0.007006171155464378,True
71101.65839887258,309.9745,42670.14005083169,-21758.555138867017,4668.0219255266275,52.47130800224975,4.027892787125794,15315.0,0.691785,432.8385,3000.0,295.2538,1.7357529283396782,EIN611_1587,fuel,97886.21726101966,0.00617925039734736,True
71060.45205218716,333.8187,37890.414057477305,-19503.897529024714,5031.4074555390425,52.49193840498222,3.9575884727744715,16507.0,0.706899,440.2643,3000.0,295.2337,1.7249596288392415,EIN611_1587,fuel,96875.9450119549,0.00548536205799693,True
71019.50655941645,357.6629,33027.602988535415,-17212.137690897867,5394.792985533391,52.51286582081079,3.885994203936844,17699.0,0.722416,447.8438,3000.0,295.2275,1.7140370737096953,EIN611_1587,fuel,95870.34841369357,0.004916799858380885,True
70978.82494357688,381.5071,28080.555903846904,-14881.329372267572,5758.178515507288,52.534105522866085,3.813089750582301,18892.0,0.738348,455.5793,3000.0,295.2289,1.7029726188125316,EIN611_1587,fuel,94868.10143316744,0.004444608506754858,True
70938.41022167816,405.3513,23047.85636773027,-12510.02177167116,6121.564045457836,52.555668252326804,3.738850716229484,20084.0,0.754704,463.473,3000.0,295.2274,1.691790820752258,EIN611_1587,fuel,93871.24659273177,0.0036966921124558043,True
70898.26540491043,429.1955,17927.644195765293,-10097.640880155888,6484.949575381463,52.577556779784125,3.663245901028914,21276.0,0.771497,471.5272,3000.0,295.2095,1.680479238076933,EIN611_1587,fuel,92883.64652011031,0.0,True
70858.391752665,453.0397,12717.445466559204,-7644.853321287252,6848.335105274105,52.599762612788915,3.5862348175479157,22468.0,0.788737,479.744,3000.0,295.1727,1.6690376183525342,EIN611_1587,fuel,91964.30343292512,0.0,True
70818.77276627075,476.8839,7414.620280353952,-5152.622179313332,7211.72063513347,52.622274447067575,3.507774418029803,23661.0,0.806435,488.1255,3000.0,295.1337,1.6574522988211102,EIN611_1587,fuel,91280.12474678559,0.0,True
70779.34266438383,500.7281,2017.2051766573397,-2620.419449589559,7575.106164964558,52.645094227445085,3.427831607304111,24853.0,0.82,493.9006,3000.0,295.1085,1.644279509434307,EIN611_1587,fuel,90749.65890115217,0.0,True
70740.05464320119,524.5723,-3445.2929005167052,-60.60839412470265,7938.491694779214,52.6681079363214,3.346839996624225,26045.0,0.82,491.453,3000.0,295.1024,1.6273214906660443,EIN611_1587,fuel,89430.68962253287,0.0,True
70701.12891273627,548.4165,-8880.757809655988,2485.8327221039867,8301.877224549067,52.69094653857478,3.266164472495086,27237.0,0.82,488.9932,3000.0,295.1049,1.6114629400209062,EIN611_1587,fuel,88237.0522879404,0.0,True
70662.53495484008,572.2607,-14288.672800222279,5019.6480117926185,8665.26275427122,52.71361749676373,3.185814140883678,28429.0,0.82,486.521,2783.0,295.1044,1.5574079149858184,EIN611_1587,fuel,84137.40164494829,0.0,True
70625.16140818036,596.1049,-19671.422158156005,7541.61669749827,9002.355926564438,52.73612846112083,3.10575484456657,29535.0,0.82,484.2164,2497.0,295.0947,1.4888285400607035,EIN611_1587,fuel,79230.30551325908,0.0,True
70589.34513460853,619.9491,-25031.90627886266,10052.046716671053,9304.790552960401,52.75848272294172,3.025944666135036,30528.0,0.819405,481.7892,2211.0,295.0554,1.4180379340435456,EIN611_1587,fuel,74428.51303532592,0.0,True
70555.15000960216,643.7933,-30369.906148985334,12547.481760864523,9572.56663314092,52.780649781372844,2.946388305550718,31406.0,0.816427,478.1998,1925.0,295.0186,1.3448603367240966,EIN611_1587,fuel,69577.5308677208,0.0,True
70522.68912776854,667.6375,-35672.235371615534,15022.093186546335,9805.684167009344,52.80257867046821,2.8672838443136945,32171.0,0.813313,474.7761,1638.0,294.993,1.2694102048469116,EIN611_1587,fuel,64807.36697110599,0.0,True
70492.01972300181,691.4816,-40940.070152643595,17477.742502013352,10004.143154529185,52.82428700882836,2.7886154057772283,32822.0,0.810075,471.5248,1352.0,294.9987,1.1921732072887377,EIN611_1587,fuel,60126.322883635396,0.0,True
70463.1985982602,715.3258,-46173.81163574848,19918.134376220896,10167.94359569316,52.84580900685919,2.710378222774611,33359.0,0.806683,468.4288,1066.0,295.0073,1.112927664238057,EIN611_1587,fuel,55500.52479065571,0.0,True
70436.2827163947,739.17,-51374.89508108426,22344.246202530303,10297.085490517498,52.867154230547754,2.6325522915761583,33783.0,0.803091,465.4604,780.0,295.0124,1.0316691399889206,EIN611_1587,fuel,50912.946248037246,0.0,True
70411.32883681478,763.0142,-56544.71075632498,24756.335585969726,10391.568839049858,52.88832571881098,2.5551182904398,34093.0,0.799246,462.5885,494.0,294.9914,0.9484224646901233,EIN611_1587,fuel,46350.51845647175,0.0,True
70388.39250059296,786.8584,-61685.24392475497,27152.46408935283,10451.39364140479,52.90930663815671,2.478048379499107,34289.0,0.795012,459.7324,208.0,294.9659,0.8631872623647473,EIN611_1587,fuel,41798.81586654129,0.0,True
70367.52871795875,810.7026,-66796.64635869287,29532.247226342974,10476.55989795146,52.930094279468925,2.401341809593427,34372.0,0.791643,457.6141,0.0,294.9348,0.7998129815360474,EIN611_1587,fuel,38483.56014284361,0.0,True
70348.20566949836,834.5468,-71886.78211625025,31898.769365125885,10476.559898437945,52.95071608422555,2.3248819664746994,34372.0,0.791652,457.6193,0.0,294.9171,0.7996661743611981,EIN611_1587,fuel,38475.79615236061,0.0,True
70328.88627850583,858.391,-76977.70629016052,34263.74757894484,10476.559898906416,52.97127477559266,2.248337859539911,34372.0,0.791621,457.6014,0.0,294.9261,0.7994991033235351,EIN611_1587,fuel,38465.903217906474,0.0,True
70309.57155389739,882.2352,-82068.06033370628,36629.42984456497,10476.559899357453,52.99179066954405,2.1717293188456153,34372.0,0.791602,457.59,0.0,294.9459,0.7993378087597725,EIN611_1587,fuel,38456.615899051045,0.0,True
70290.2612071516,906.0794,-87157.46998914555,38996.81176041703,10476.559899791973,53.01227271146473,2.0950616968985583,34372.0,0.791538,457.5533,0.0,294.9708,0.799154276954212,EIN611_1587,fuel,38445.002426764266,0.0,True
70270.95633612873,929.9236,-92245.44072443321,41366.2183501951,10476.559900210423,53.03272385170494,2.0183422836621667,34372.0,0.791475,457.5166,0.0,294.9958,0.7989707897798946,EIN611_1587,fuel,38433.399691149534,0.0,True
71664.41913822884,0.0,93795.4038081394,-39585.461686523995,30.48000030451998,52.30459976108095,4.777520178250062,100.0,0.3,198.3755,703.0,237.9631,1.2622031706425507,EIN611_1587,pop,63176.60627469927,0.13234697843242466,True
71633.78343606519,24.2548,91699.40757858654,-40897.062571471346,117.11215039829976,52.29316299112303,4.746338673288918,384.0,0.373246,246.5682,994.0,237.9631,1.3019840614951086,EIN611_1587,pop,65604.94890622706,0.1133173718735957,True
71602.21619328098,48.5095,89095.21846531506,-42526.67272886453,239.60670591359496,52.27894175307199,4.707619456168999,786.0,0.448064,295.5831,1285.0,270.2601,1.4052270568656324,EIN611_1587,pop,72200.65141953687,0.09258587385933863,True
71568.19295757255,72.7643,85413.76432806779,-42509.96299860041,397.96366685061605,52.27968032750851,4.653517965454561,1306.0,0.524832,345.6037,1576.0,281.6958,1.5378790577837214,EIN611_1587,pop,81468.0967541002,0.08189509323332948,True
71531.00855481386,97.0191,81199.9033397227,-41637.63843924718,592.1830332093941,52.28816701322583,4.591797315686908,1943.0,0.546864,359.3149,1867.0,287.9794,1.6208621440619835,EIN611_1587,pop,87880.13347246766,0.06407732963545719,True
71491.83240784387,121.2739,76946.63374040269,-40257.359193081895,822.264804989886,52.30119448460028,4.529590538509828,2698.0,0.553963,363.021,2158.0,290.9605,1.6811411532565261,EIN611_1587,pop,92936.14544182335,0.04526002133011309,True
71451.20199049915,145.5286,72730.45317514187,-38642.25156196023,1088.2089821920042,52.31629586006087,4.46794386249955,3570.0,0.562316,367.3668,2449.0,296.0485,1.7346420849839914,EIN611_1587,pop,97781.45655251414,0.028822732777061332,True
71409.27930753652,169.7834,68628.28097199378,-36637.185662036405,1390.0155648155526,52.33485732923124,4.4080129842645155,4560.0,0.57199,372.3803,2741.0,297.3187,1.7818797021551516,EIN611_1587,pop,102409.64957666116,0.019568262665280948,True
71366.21841666062,194.0382,64519.05779349687,-34514.56301976906,1727.684552860935,52.354446382831576,4.347950767141752,5668.0,0.583064,378.0944,3000.0,297.525,1.8176336927072199,EIN611_1587,pop,106182.58670158382,0.014912897407438133,True
71322.28988624785,218.2929,60357.20535868395,-32345.733943763018,2097.3272789849016,52.37442629971794,4.28706849223415,6881.0,0.595498,384.4787,3000.0,296.9186,1.8077137959118605,EIN611_1587,pop,105109.50191765247,0.011742918895094531,True
71278.60576574755,242.5477,56101.62871087271,-30185.014999060353,2466.9700051088603,52.39431164355885,4.224748605732909,8094.0,0.608268,391.0007,3000.0,296.723,1.7976578613299312,EIN611_1587,pop,104042.87436769366,0.009737636962791,True
71235.16934299504,266.8025,51766.0440529494,-28002.26349755896,2836.6127312327944,52.41436993389764,4.161196425306269,9306.0,0.621382,397.6633,3000.0,296.5417,1.7874772935057506,EIN611_1587,pop,102983.61828411867,0.008379282768775767,True
71191.98388472381,291.0573,47349.24572366018,-25796.11865883393,3206.2554573566968,52.43461156471606,4.0963918698937,10519.0,0.63485,404.469,3000.0,296.3623,1.777151332104045,EIN611_1587,pop,101929.31818390483,0.007228714744184009,True
71149.05263871302,315.312,42849.52896939736,-23566.13019427631,3575.8981834805604,52.45503870187447,4.030307240045571,11732.0,0.648684,411.4207,3000.0,296.1808,1.766690945095586,EIN611_1587,pop,100880.87748506959,0.006380360297745523,True
71106.37883595559,339.5668,38264.99391120179,-21312.1702415049,3945.5409096043772,52.475650526547916,3.9629118144702042,12945.0,0.662892,418.5211,3000.0,296.0574,1.756096444854289,EIN611_1587,pop,99838.08817935616,0.005652386148095091,True
71063.9656928026,363.8216,33596.103429991475,-19029.206065182185,4315.183635728141,52.4964900743061,3.894210178505419,14157.0,0.677485,425.7728,3000.0,295.9633,1.7453796449281715,EIN611_1587,pop,98801.85209146648,0.005078505052073437,True
71021.81641303448,388.0763,28842.206060955432,-16714.343895771075,4684.826361851846,52.51758117588525,3.824189955660652,15370.0,0.692475,433.1785,3000.0,295.8679,1.7345176297041927,EIN611_1587,pop,97769.73086486854,0.004591876062299229,True
70979.93418980314,412.3311,24001.41501170871,-14367.1334952343,5054.469087975481,52.53892567346174,3.752820098165965,16583.0,0.707871,440.7408,3000.0,295.7875,1.7235218296623709,EIN611_1587,pop,96742.62518225191,0.004164377047797645,True
70938.32220738282,436.5859,19072.487469785585,-11985.72074505719,5424.111814099039,52.56053789656678,3.680079038333833,17796.0,0.723686,448.4621,3000.0,295.7258,1.7123921035602547,EIN611_1587,pop,95720.31590145527,0.0038185443164088957,True
70896.98364266093,460.8407,14054.328090898964,-9567.861077423786,5793.754540222511,52.58243558748064,3.605947211414186,19008.0,0.73993,456.3451,3000.0,295.6665,1.7011409660863597,EIN611_1587,pop,94703.7265785011,0.003509326153660645,True
70855.9216662922,485.0954,8945.152596870948,-7112.660368246132,6163.397266345877,52.60462426330932,3.530394591277192,20221.0,0.756615,464.392,3000.0,295.6268,1.6897432594581558,EIN611_1587,pop,93690.39885281085,0.0025204546021677862,True
70815.139438841,509.3502,3743.9010805298103,-4617.644541961472,6533.039992468989,52.62712352517803,3.4534017344494985,21434.0,0.773753,472.6053,3000.0,295.6203,1.6782111700769569,EIN611_1587,pop,92689.44446199566,0.0,True
70774.63736196849,533.605,-1549.8712592861054,-2078.9816923150124,6902.682718591884,52.64996504424014,3.37495821493812,22647.0,0.791354,480.987,3000.0,295.6172,1.6665443097845123,EIN611_1587,pop,91774.97819646739,0.0,True
70734.39326110108,557.8598,-6937.908507914482,504.51777898435444,7272.325444714608,52.67315663455402,3.2950334806778114,23859.0,0.809432,489.5395,3000.0,295.6138,1.6547557123432637,EIN611_1587,pop,91143.2086077688,0.0,True
70694.32665011888,582.1145,-12422.128209264261,3133.7417679339305,7641.968170837201,52.696703405838775,3.2135949580318424,25072.0,0.82,493.4511,3000.0,295.6105,1.6403049374088705,EIN611_1587,pop,90430.71962526927,0.0,True
70654.45517775134,606.3693,-17950.342000164666,5783.666400840792,8011.610896959676,52.72037900461577,3.1314142957687556,26285.0,0.82,490.9591,3000.0,295.6073,1.6232271590916068,EIN611_1587,pop,89111.66497140791,0.0,True
70614.95323235882,630.6241,-23450.54178416375,8419.781705258394,8381.253623081913,52.743874750075534,3.049561615077196,27498.0,0.82,488.4543,3000.0,295.6041,1.607303086749486,EIN611_1587,pop,87922.42365089641,0.0,True
70575.7882193663,654.8788,-28922.579231780695,11042.025230244986,8750.896349205246,52.767190841221606,2.9680405347156906,28710.0,0.82,485.9366,2710.0,295.601,1.5394026261373108,EIN611_1587,pop,82811.9284265532,0.0,True
70538.19019547963,679.1336,-34369.54147962458,13651.893703015177,9084.843528721689,52.79034129705209,2.8868063963726702,29806.0,0.82,483.6507,2419.0,295.5981,1.4690165915641835,EIN611_1587,pop,77862.89426701196,0.0,True
70502.2173028259,703.3884,-39793.89806098162,16250.583028341316,9382.928302820023,52.81333735040453,2.8058235646116123,30784.0,0.818014,480.4348,2128.0,295.5953,1.3961777675537514,EIN611_1587,pop,72916.26737549176,0.0,True
70467.97243924308,727.6432,-45185.024434653955,18833.03788107418,9645.15067149847,52.83613501799801,2.725252036082008,31644.0,0.814958,476.8409,1837.0,295.5928,1.3210857643382135,EIN611_1587,pop,68017.03063089054,0.0,True
70435.53918076507,751.8979,-50538.49974900507,21397.16763178175,9871.510634756503,52.85871682204034,2.6451596039040166,32387.0,0.811808,473.4452,1546.0,295.5903,1.2439057443345778,EIN611_1587,pop,63212.0854547915,0.0,True
70404.97630618331,776.1527,-55856.379719353594,23943.965595019934,10062.008192593925,52.88109251835547,2.5655172803119277,33012.0,0.808472,470.1947,1255.0,295.5882,1.1646420898953533,EIN611_1587,pop,58474.58507904092,0.0,True
70376.34465147466,800.4075,-61140.10595218426,26474.1616667445,10216.6433450107,52.90326947818694,2.486305143048539,33519.0,0.804945,467.0858,964.0,295.5863,1.0833007568782984,EIN611_1587,pop,53787.08539772765,0.0,True
70349.70434514033,824.6622,-66391.07474260828,28988.45848365237,10335.41609200691,52.925254772767396,2.407503849012687,33909.0,0.801168,464.0843,673.0,295.5846,0.9998757426313454,EIN611_1587,pop,49132.72139269282,0.0,True
70325.11511439396,848.917,-71610.29507980039,31487.36831173974,10418.32643358283,52.947053755124514,2.3290997796151474,34181.0,0.797038,461.1284,382.0,295.5833,0.9143742139016655,EIN611_1587,pop,44496.47712827694,0.0,True
70302.63611982326,873.1718,-76798.06538477732,33971.07662949287,10465.3743697391,52.96866889938941,2.2510899307514394,34335.0,0.792477,458.1718,91.0,295.5824,0.8268180878899223,EIN611_1587,pop,39868.36860742298,0.0,True
70282.32356453367,897.4266,-81954.1491867269,36439.50984896226,10476.559900477796,52.99010041802857,2.173479324307033,34372.0,0.790932,457.2031,-0.0,295.5818,0.7987842526055903,EIN611_1587,pop,38409.61306785137,0.0,True
70262.70329363992,921.6813,-87099.79476384196,38902.880474882724,10476.559900239527,53.01143752131299,2.0959491108622688,34372.0,0.79093,457.202,-0.0,295.5815,0.7986294495614543,EIN611_1587,pop,38401.156111727476,0.0,True
70243.08707915503,945.9361,-92245.44072162136,41366.21834425835,10476.559900001139,53.03272385165204,2.0183422837059153,34372.0,0.790928,457.2009,-0.0,295.5812,0.7984747140994123,EIN611_1587,pop,38392.70359103686,0.0,True
,0.0,8956.0,28239.0,30.48,52.29322814941406,4.7480010986328125,100.0,0.0,0.0,0.0,0.0,,EIN611_1587,real,,0.12222896665469105,True
71600.36117772701,24.0,7341.0,27157.0,335.28000000000003,52.28351657673464,4.724278041294643,1100.0,0.23527323255725377,155.03870484495155,2624.0,236.3099324740202,1.888191249148214,EIN611_1587,real,164192.33478691458,0.08874452093894176,True
71559.94851469586,54.0,5407.0,25794.0,647.7,52.27127333818856,4.6958705357142865,2125.0,0.25417876661244104,166.90116836020053,1472.0,225.97102193107918,1.7873595666578426,EIN611_1587,real,106619.42647282389,0.06650138489735799,True
71505.93478932066,84.0,3428.0,23694.0,853.44,52.25239562988281,4.6668243408203125,2800.0,0.314201779184439,205.8275977608445,960.0,223.6220167536951,1.3942433451538854,EIN611_1587,real,70795.59394725332,0.0533662187382585,True
71468.84652301444,104.0,1617.0,22340.0,1005.84,52.24021911621094,4.6402740478515625,3300.0,0.36466482409757417,238.4659304806454,1856.0,250.65325898483553,1.6609402430650708,EIN611_1587,real,90757.3615172595,0.047440360798967844,True
71409.77022513979,144.0,-3499.0,21522.0,1584.96,52.23284912109375,4.565277099609375,5200.0,0.40927616695190344,265.84393918237066,3200.0,284.820352079522,1.845566683875555,EIN611_1587,real,120085.98628582069,0.044670656503440334,True
71369.46251348508,164.0,-5873.0,22985.0,1889.76,52.24599547305349,4.530447823660714,6200.0,0.43631017728245597,282.39157211220027,2496.0,317.439698003528,1.7361158448373466,EIN611_1587,real,99083.92595961777,0.040568294794205484,True
71312.10526530791,194.0,-8336.0,26895.0,2240.28,52.28114318847656,4.4942474365234375,7350.0,0.47842786638377915,308.3699077406873,3328.0,329.60981942972717,1.8239798067427309,EIN611_1587,real,114027.94198775769,0.03193997221671277,True
71270.83569880278,224.0,-10709.0,30944.0,2766.06,52.317535400390625,4.4593048095703125,9075.0,0.4822360330959039,308.8769981724117,3136.0,329.44980937462014,1.800056310344483,EIN611_1587,real,108925.00191145427,0.0233903103882554,True
71214.07345451113,254.0,-13175.0,35074.0,3208.02,52.35464839612023,4.422938755580358,10525.0,0.4998824630356932,318.47291878588356,1536.0,329.00538952394436,1.4248612886741272,EIN611_1587,real,72704.27993665838,0.018310300942210568,True
71186.23172577747,274.0,-14912.0,37982.0,3314.7000000000003,52.38076420153602,4.39727783203125,10875.0,0.5409740951336588,344.2048808486016,960.0,328.6651250239426,1.2234531291086859,EIN611_1587,real,61119.6101413657,0.015846019949139763,True
71130.69154023183,314.0,-20454.0,42559.0,3779.52,52.42177672305349,4.315508161272322,12400.0,0.5617897888982848,355.4180636940109,2560.0,302.12499844038757,1.6699265171795454,EIN611_1587,real,91648.3303583134,0.01099776532189043,True
71093.3385208631,334.0,-23570.0,44519.0,4038.6000000000004,52.439280364472985,4.269522530691964,13250.0,0.5733420163541298,361.56603822815,2368.0,301.8878018848462,1.6234343251825725,EIN611_1587,real,87295.03630430979,0.009693518276760987,True
71034.63854881105,364.0,-28327.0,47537.0,4465.320000000001,52.466217041015625,4.19921875,14650.000000000002,0.5784511742411271,362.85120917533123,3840.0,302.5075244226389,1.8232737158960273,EIN611_1587,real,113859.22560702523,0.007967895775137674,True
70983.90783579374,404.0,-34575.0,51573.0,4937.76,52.50217243776483,4.106767926897322,16200.0,0.6019590791888774,375.3531670307312,1728.0,302.3775335601907,1.4368258594845769,EIN611_1587,real,73467.54191139239,0.00652810873696644,True
70947.75788736924,424.0,-37837.0,53682.0,5158.740000000001,52.5209329896054,4.058428083147322,16925.0,0.6103146582402204,379.49440048569886,2624.0,302.5175106150455,1.6442442198344835,EIN611_1587,real,89176.03594666443,0.005951140300745268,True
70894.51529600557,454.0,-42757.0,56880.0,5516.88,52.549346923828125,3.985443115234375,18100.0,0.6189479543749963,383.09920386239384,2112.0,302.5285454043382,1.5210528306659026,EIN611_1587,real,79180.8169987706,0.005202455382420051,True
70862.59927122942,484.0,-47771.0,60137.0,5836.92,52.57823181152344,3.910980224609375,19150.0,0.633710672831296,390.6161799004235,1600.0,302.347443499442,1.373453141446586,EIN611_1587,real,69544.34446638337,0.004642775927529122,True
70813.71883273781,514.0,-52874.0,63450.0,6118.860000000001,52.60756670418432,3.835091727120536,20075.0,0.6486562568820513,398.3616447400528,1856.0,302.4932545845263,1.437475388872737,EIN611_1587,real,73509.0975094243,0.0038447761832726525,True
70781.09847819117,534.0,-56268.0,65656.0,6309.360000000001,52.6270751953125,3.7845611572265625,20700.0,0.6566669617337931,402.2747817102136,1856.0,302.3073344548821,1.4317271753974499,EIN611_1587,real,73141.38831651918,0.0011644925989525432,True
70731.86548512235,574.0,-63316.0,70237.0,6690.360000000001,52.667525986493644,3.6794782366071432,21950.0,0.6709333421180456,408.9498746790369,2176.0,302.21329855081325,1.5006470401839342,EIN611_1587,real,77733.41434675275,0.0,True
70700.67130120829,594.0,-66859.0,72535.0,6888.4800000000005,52.68777620994438,3.6265869140625004,22600.0,0.6763665497532991,411.17514516322603,1536.0,302.18263176720484,1.3245068952819832,EIN611_1587,real,66680.74530990428,0.0,True
70654.84609843946,624.0,-72140.0,75963.0,7139.9400000000005,52.71794128417969,3.54766845703125,23425.0,0.6882711767172848,417.0047961354881,1600.0,302.1655895965257,1.335805084397951,EIN611_1587,real,67330.46378173027,0.0,True
70623.93306317969,654.0,-77573.0,79493.0,7399.02,52.74894585043697,3.4663434709821432,24275.0,0.6980532766367626,421.4558102577303,1728.0,302.10625595511783,1.3634289025832491,EIN611_1587,real,68946.9860510692,0.0,True
70578.84645532479,684.0,-83097.0,83077.0,7650.4800000000005,52.78038024902344,3.3835601806640625,25100.0,0.707840060258599,425.90726690208044,1600.0,302.04816252779443,1.320116302002846,EIN611_1587,real,66429.79694422922,0.0,True
70548.07901221058,704.0,-86625.0,85362.0,7810.5,52.800384521484375,3.3306121826171875,25625.0,0.7122148467235264,427.6037885706814,1856.0,301.9059607851686,1.384277080081225,EIN611_1587,real,70195.35476301496,0.0,True
70507.21077209884,744.0,-94110.0,90213.0,8107.68,52.8427734375,3.2181549072265625,26600.0,0.7263013770926414,434.28331766256,960.0,301.82358124715637,1.1160477987664557,EIN611_1587,real,55590.865026947205,0.0,True
70464.65303636563,774.0,-99997.0,93515.0,8305.800000000001,52.87142478813559,3.1296909877232144,27250.000000000004,0.7302683038063914,435.4595273960601,1536.0,288.89263957729844,1.2809710880296836,EIN611_1587,real,64232.85598560631,0.0,True
70435.57341771861,794.0,-104270.0,94699.0,8465.82,52.88127136230469,3.0657958984375,27774.999999999996,0.7305512131230769,434.6596369574704,1536.0,283.30090274569807,1.2748016666394817,EIN611_1587,real,63892.53706618224,0.0,True
70394.20702354523,834.0,-112869.0,96997.0,8755.380000000001,52.90022277832031,2.937164306640625,28725.000000000004,0.7387815569716283,437.77848279695064,1280.0,283.877529803208,1.1908892553233303,EIN611_1587,real,59407.15020807092,0.0,True
70366.49690404125,854.0,-117206.0,98183.0,8907.78,52.90997314453125,2.8722381591796875,29225.0,0.7420110194448685,438.7493589738907,1344.0,283.8462084118265,1.2048235912271266,EIN611_1587,real,60135.50309133775,0.0,True
70327.06766182667,884.0,-123736.0,99952.0,9090.66,52.9244384765625,2.7744293212890625,29824.999999999996,0.7484724968975156,441.42609800509075,1024.0,283.6269948598915,1.102506482307501,EIN611_1587,real,54917.397465126574,0.0,True
70302.41067214898,914.0,-130359.0,101738.0,9250.68,52.93894958496094,2.6751708984375,30350.0,0.7588361357261652,446.52099614687774,832.0,283.6005425166587,1.03997647322387,EIN611_1587,real,51862.88108163778,0.0,True
70263.43984430822,944.0,-137030.0,103533.0,9410.7,52.95344983117055,2.575116838727679,30875.0,0.7668014662830166,450.1777426750461,1408.0,283.3571227142989,1.209319407481179,EIN611_1587,real,60417.8600750136,0.0,True
70234.39088766927,964.0,-141528.0,104738.0,9563.1,52.96313269663665,2.50762939453125,31375.0,0.7651588633874619,448.23208274285764,1984.0,283.4161834818409,1.3607756744505526,EIN611_1587,real,68834.29392875393,0.0,True
70192.29964465987,1004.0,-150203.0,107084.0,9951.720000000001,52.98189324847722,2.377362932477679,32650.000000000004,0.7515788224841091,437.8093192247054,960.0,283.3379361349019,1.054540917596022,EIN611_1587,real,52570.12964510109,0.0,True
70168.70415374814,1024.0,-154624.0,108270.0,10043.16,52.99131774902344,2.310943603515625,32950.0,0.757599068488841,440.72894164100455,960.0,283.24796382569656,1.052596174047048,EIN611_1587,real,52494.2586947447,0.0,True
70129.28855648842,1054.0,-161121.0,110026.0,10233.66,53.005215919623936,2.2132742745535716,33575.0,0.7576406363781957,439.52701850967026,1408.0,283.1509486809447,1.185474396803462,EIN611_1587,real,59168.31004017609,0.0,True
70103.84584007676,1084.0,-167591.0,111774.0,10424.16,53.01896667480469,2.115936279296875,34200.0,0.756399888486688,437.5797070249031,1088.0,283.21052997837455,1.0839417991157871,EIN611_1587,real,54042.35664726443,0.0,True
70068.06160441453,1114.0,-174074.0,113532.0,10576.560000000001,53.032728292174255,2.018345424107143,34700.0,0.7610869434046097,439.30058046854435,1024.0,283.02394409502654,1.060396754138195,EIN611_1587,real,52920.978430379306,0.0,True
70705.34567240528,0.0,34846.73497054947,101865.65972952892,30.48000021864532,52.32130050571712,4.779960154089985,100.0,0.3,198.3755,2500.0,183.0038,1.9500329299665449,VLG139G_110,fuel,123264.69177036965,0.17463508060556895,True
70656.59854449022,24.9747,34714.44049239358,99344.49862281125,347.65810515576806,52.29863616950361,4.777753333660424,1141.0,0.368661,242.9034,2800.0,183.0038,1.893007974539265,VLG139G_110,fuel,115154.26408077788,0.09058062225879332,True
70609.31652014655,49.9493,34552.28557298758,96254.28139101088,702.8589998079109,52.27085616397491,4.7750515483152975,2306.0,0.443575,291.0803,3000.0,199.759,1.854772547073181,VLG139G_110,fuel,110405.12644276417,0.062443705783918384,True
70563.04837416518,74.924,33297.25744622549,92760.46831797293,1083.4727269914613,52.239513473995494,4.756262942972094,3555.0,0.52095,340.3602,3000.0,199.7611,1.8213450304197336,VLG139G_110,fuel,106589.62529097893,0.04782727453021561,True
70517.68567796714,99.8986,31827.60277500284,88669.62230967823,1464.0864542172483,52.20281107849325,4.734294985576756,4803.0,0.574396,373.6242,3000.0,199.7617,1.8166766729886037,VLG139G_110,fuel,106078.1256709394,0.04065363887509512,True
70472.48318908249,124.8733,30213.263497552798,84176.18917154081,1844.7001814486314,52.16249204796131,4.710206124701728,6052.0,0.586965,380.1007,3000.0,199.7578,1.8064993912577865,VLG139G_110,fuel,104979.58139330609,0.0391519981860209,True
70427.5390653577,149.8479,28571.1043628694,79604.3641317658,2225.3139086741185,52.121464572406595,4.685746804735757,7301.0,0.599881,386.7212,3000.0,199.7523,1.7961799656974549,VLG139G_110,fuel,103887.84416690536,0.03947872123934884,True
70382.85684708007,174.8226,26900.654231919983,74952.36313081997,2605.927635893217,52.079712390113706,4.660912150870269,8550.0,0.613157,393.4887,3000.0,199.7506,1.785719067681001,VLG139G_110,fuel,102802.70009237382,0.04025014871004851,True
70338.44005127439,199.7972,25200.97509999299,70218.52917354644,2986.5413631053652,52.03722039454764,4.635690560261891,9798.0,0.626801,400.4063,3000.0,199.7542,1.7751283200917483,VLG139G_110,fuel,101725.04615132502,0.042527420090280765,True
70294.29217433943,224.7719,23470.987424995852,65401.21553274542,3367.155090309925,51.993973562776105,4.610068476504051,11047.0,0.640826,407.4769,3000.0,199.7584,1.764386306635207,VLG139G_110,fuel,100652.43586874299,0.04632325020315636,True
70250.41669473467,249.7465,21709.960072767684,60498.610034983896,3747.768817506159,51.949955353534925,4.584037539491677,12296.0,0.655243,414.7035,3000.0,199.7591,1.7535041182353444,VLG139G_110,fuel,99585.74992473607,0.05091190183592616,True
70206.81707566621,274.7212,19917.51687574646,55508.732895438065,4128.382544693215,51.90514769275455,4.5575946629035515,13545.0,0.670061,422.089,3000.0,199.7578,1.7424819059555308,VLG139G_110,fuel,98524.75476247823,0.05460506582577283,True
70163.49676771607,299.6958,18093.14698499678,50429.612973675685,4508.996271870097,51.859532580116195,4.530734894051341,14793.0,0.685295,429.6364,3000.0,199.7584,1.7313317572950429,VLG139G_110,fuel,97470.34478694505,0.04485090475822802,True
70120.45921135001,324.6705,16235.987606075796,45259.36634185983,4889.609999035639,51.81309279959426,4.503448268459793,16042.0,0.700954,437.3485,3000.0,199.7603,1.720029838438609,VLG139G_110,fuel,96420.03668688689,0.03512383230631894,True
70077.70783923242,349.6452,14345.202632643037,39996.06092625577,5270.223726188447,51.76581068630877,4.475725332405886,17291.0,0.717051,445.2281,3000.0,199.7591,1.7085877241751397,VLG139G_110,fuel,95374.71522929176,0.02623663597937711,True
70035.24607826833,374.6198,12420.352291157593,34637.58450285296,5650.837453326859,51.717666931327905,4.447562505775099,18539.0,0.733598,453.2779,3000.0,199.7535,1.6970178071006716,VLG139G_110,fuel,94335.27332121384,0.0211679424376359,True
69993.07735128293,399.5945,10461.124798838651,29181.742061719502,6031.451180448853,51.66864146893528,4.4189581705790095,19788.0,0.750608,461.5006,3000.0,199.7474,1.685294634186968,VLG139G_110,fuel,93299.22265425469,0.017952393154628793,True
69951.20507824079,424.5691,8466.850620928051,23626.43139640896,6412.064907551936,51.618715065241844,4.389905633458922,21037.0,0.768093,469.8988,3000.0,199.7438,1.673430278105985,VLG139G_110,fuel,92269.40171126419,0.0,True
69909.63193427841,449.5438,6436.541938260229,17969.630061946395,6792.6786346331555,51.56786919393727,4.360393724081475,22286.0,0.786067,478.4749,3000.0,199.7411,1.6614242673401167,VLG139G_110,fuel,91290.83997512606,0.0,True
69868.34594264,474.5184,4369.359623862013,12209.229137685004,7173.292361690421,51.51608453158938,4.3304135676601465,23534.0,0.804542,487.2313,3000.0,199.7359,1.649289584238798,VLG139G_110,fuel,90529.19665258005,0.0,True
69827.28380066533,499.4931,2264.7850338820294,6342.973243957909,7553.906088726575,51.46334041989605,4.299961057514623,24783.0,0.82,494.043,3000.0,199.7287,1.6357983970873566,VLG139G_110,fuel,90012.86342726581,0.0,True
69786.36815152365,524.4677,131.48730359894503,394.2928073342444,7934.519815751493,51.40984718458439,4.269164693552603,26032.0,0.82,491.4798,3000.0,199.7216,1.6175965318897796,VLG139G_110,fuel,88607.8063343523,0.0,True
69745.86108320167,549.4424,-1989.913678261908,-5523.514332556149,8315.133542743139,51.35662354264531,4.2386116768903435,27281.0,0.82,488.9033,2734.0,199.7139,1.5531828105342498,VLG139G_110,fuel,83687.14145819223,0.0,True
69706.89047467215,574.417,-4100.459706026745,-11413.531315928887,8661.99273257584,51.303641971167636,4.20828541572756,28419.0,0.819988,486.5359,2434.0,199.7027,1.4804211523525597,VLG139G_110,fuel,78491.80149215648,0.0,True
69669.65694768434,599.3917,-6200.797473446329,-17278.660676695843,8970.829132783376,51.250876516906494,4.178175332683152,29432.0,0.816971,482.6432,2135.0,199.6888,1.404871325215237,VLG139G_110,fuel,73259.8448871757,0.0,True
69634.29615713579,624.3663,-8283.997650014899,-23100.390399622993,9241.642743152663,51.19849390827045,4.148379221015289,30320.0,0.813839,478.948,1835.0,199.6767,1.3269733486794528,VLG139G_110,fuel,68157.56734741361,0.0,True
69600.86896414662,649.341,-10351.050662728345,-28880.85326991197,9474.433563620105,51.14647516486868,4.1188810768366135,31084.0,0.81054,475.4215,1535.0,199.6665,1.2469658821540448,VLG139G_110,fuel,63167.54624662775,0.0,True
69569.4361412181,674.3157,-12402.829023964583,-34621.81963634506,9669.201594161566,51.09480455108584,4.089666710091206,31723.0,0.80704,472.0443,1235.0,199.6593,1.1648976409783476,VLG139G_110,fuel,58265.47527360628,0.0,True
69540.05785741146,699.2903,-14440.213933498064,-40324.782503505,9825.946834772245,51.04346881013696,4.0607219142132935,32237.0,0.803264,468.7718,936.0,199.6531,1.0810399315457022,VLG139G_110,fuel,53442.84925054884,0.0,True
69512.79425650116,724.265,-16463.69240489233,-45990.75587866635,9944.66928546299,50.99245898938094,4.032038203326387,32627.0,0.799147,465.5665,636.0,199.6429,0.994884599688324,VLG139G_110,fuel,48653.08493318292,0.0,True
69487.7041835253,749.2396,-18473.09786723819,-51620.46794933515,10025.368946265597,50.94176871858915,4.003616477932085,32892.0,0.794516,462.3252,336.0,199.6322,0.9066473998733879,VLG139G_110,fuel,43891.01564420731,0.0,True
69464.84686240896,774.2143,-20468.149545405737,-57213.266761438164,10068.045817256465,50.89140404347576,3.9754592133412925,33032.0,0.789208,458.9505,37.0,199.6192,0.8165607073564876,VLG139G_110,fuel,39155.92093366362,0.0,True
69444.28011202528,799.1889,-22447.976417774913,-62767.372497661716,10072.69989868199,50.84138117736948,3.9475772089021066,33047.0,0.788499,458.507,0.0,199.6019,0.8050585924067695,VLG139G_110,fuel,38559.90122137959,0.0,True
69424.0029235993,824.1636,-24424.281799356177,-68316.89856865235,10072.699898951241,50.79139301712616,3.919804716057396,33047.0,0.788494,458.5044,0.0,199.5918,0.8049074820321832,VLG139G_110,fuel,38551.7354757209,0.0,True
69403.72976822242,849.1382,-26399.596210361018,-73866.74104459271,10072.699899198993,50.741395477268334,3.8921056687829347,33047.0,0.788478,458.4951,0.0,199.5834,0.8047491545525842,VLG139G_110,fuel,38542.97091470833,0.0,True
69383.4609377444,874.1129,-28374.054965131156,-79416.7614744451,10072.699899426912,50.69138983199342,3.8644778708477383,33047.0,0.78848,458.4961,0.0,199.5771,0.8046020844023904,VLG139G_110,fuel,38535.137722910695,0.0,True
69363.19597195931,899.0875,-30347.907410834832,-84967.01160929991,10072.699899636582,50.64137563699377,3.836917531284069,33047.0,0.788468,458.489,0.0,199.5768,0.8044462687468735,VLG139G_110,fuel,38526.57976597805,0.0,True
69342.93523239094,924.0622,-32321.70552028887,-90517.18362333278,10072.699899829277,50.591355661193255,3.8094165581611823,33047.0,0.788451,458.4792,0.0,199.5785,0.8042875736453058,VLG139G_110,fuel,38517.783383436195,0.0,True
69322.67883510924,949.0368,-34295.61991890968,-96067.1806109452,10072.699900006119,50.541330791773106,3.781972303473061,33047.0,0.788443,458.4744,0.0,199.5793,0.8041343817139179,VLG139G_110,fuel,38509.44119745396,0.0,True
69302.42655476969,974.0115,-36269.59956061442,-101617.08923142149,10072.69990016826,50.49130027659979,3.754585279917555,33047.0,0.788434,458.4696,0.0,199.5802,0.8039812514937228,VLG139G_110,fuel,38501.103297467605,0.0,True
70705.34567771824,0.0,34846.735114118914,101865.65973073903,30.480000131731916,52.32130050571894,4.779960156202342,100.0,0.3,198.3755,2192.0,183.0038,1.8755379828530931,VLG139G_110,pop,112927.39013960448,0.17463508106043918,True
70656.9438403622,25.7793,34709.9126273187,99258.20475798043,317.5700889649662,52.297860417760894,4.777677844003379,1042.0,0.382135,251.8671,2502.0,183.0038,1.805992120460229,VLG139G_110,pop,104925.40365863641,0.09258525759962416,True
70610.39921443659,51.5586,34536.04120818081,95944.700471848,645.1725823041379,52.26807313287195,4.774781078145737,2117.0,0.467802,307.181,2811.0,167.7902,1.8050351998427678,VLG139G_110,pop,104823.34844267955,0.06332268080729588,True
70563.95550690967,77.338,35392.30745062395,91987.60297253412,1013.2874793904462,52.232432995409525,4.786948156139356,3324.0,0.554383,362.4975,3000.0,166.187,1.8270369978829673,VLG139G_110,pop,107219.98853797518,0.04744023348366088,True
70517.02433665298,103.1173,36533.6768954808,87345.33358425759,1406.164359035702,52.19061119187702,4.80320468027452,4613.0,0.572513,372.6511,3000.0,167.4175,1.818143552823669,VLG139G_110,pop,106238.32229702725,0.03857203868832971,True
70470.33249838525,128.8966,37604.43048267022,82548.17876325786,1799.041238708225,52.147399126827715,4.818378865169172,5902.0,0.585439,379.3162,3000.0,166.1349,1.8076602939324886,VLG139G_110,pop,105103.77158994722,0.03365763981287845,True
70423.9155852112,154.6759,38803.46244275905,77690.41175340147,2191.9181183572623,52.10363112378767,4.835395099925261,7191.0,0.598734,386.1344,3000.0,165.6127,1.797025660294698,VLG139G_110,pop,103976.50369409248,0.03303077563583701,True
70377.77749312804,180.4553,40069.17938497429,72756.23895012763,2584.7949979421446,52.05916880979991,4.853344653627137,8480.0,0.61241,393.1091,3000.0,165.8587,1.7862404545039907,VLG139G_110,pop,102856.2889844656,0.03203941816179166,True
70331.92209120104,206.2346,41336.283744774984,67727.04764947799,2977.6718774920246,52.01384923519096,4.8712676190712285,9769.0,0.626479,400.2434,3000.0,169.4814,1.775305196627471,VLG139G_110,pop,101742.87689699497,0.02953449838518747,True
70286.35322462798,232.0139,42300.33784482948,62534.89672964635,3370.548757034577,51.967084629657116,4.884711082977544,11058.0,0.640953,407.5406,3000.0,176.4057,1.7642203621584414,VLG139G_110,pop,100636.0218527239,0.02731443482872097,True
70241.07471786866,257.7932,42637.460123023564,57167.90086754331,3763.425636561311,51.91879447076442,4.888964007791416,12347.0,0.655844,415.0042,3000.0,185.0581,1.7529863996069939,VLG139G_110,pop,99535.48484770393,0.02579072506541358,True
70196.09037777518,283.5725,42154.62195041521,51712.784586848975,4156.302516052458,51.86977422006056,4.881254884224278,13636.0,0.671165,422.6372,3000.0,193.7341,1.741603373010802,VLG139G_110,pop,98440.99910914226,0.025588552269080262,True
70151.40399665252,309.3519,40830.423931005884,46294.71355525037,4549.17939547138,51.821148666469085,4.861326575150833,14925.0,0.686927,430.4428,3000.0,201.8775,1.7300713293803474,VLG139G_110,pop,97352.30725351439,0.02568274567110924,True
70107.01935517321,335.1312,38713.582857110865,41022.91954639073,4942.056274825425,51.77389054697983,4.8299382239163355,16214.0,0.703145,438.4243,3000.0,208.1881,1.718390269702586,VLG139G_110,pop,96269.15803978268,0.02471970720011666,True
70062.94022504405,360.9105,35980.17330818364,35922.59732817596,5334.933154128792,51.72820600181275,4.789681861332134,17503.0,0.719832,446.5846,3000.0,210.7701,1.7065598921701652,VLG139G_110,pop,95191.28286571882,0.024185516077667845,True
70019.17037133433,386.6898,32964.50104759837,30857.756191820696,5727.8100333556595,51.68284342792614,4.7454162168209075,18792.0,0.737,454.9268,3000.0,209.9755,1.6945799433312796,VLG139G_110,pop,94118.42861136,0.0233796052232348,True
69975.71355435286,412.4692,29964.18453933755,25655.91351578896,6120.686912525996,51.63623133965613,4.701450007394575,20081.0,0.754664,463.4538,3000.0,207.7869,1.682450026334932,VLG139G_110,pop,93050.33978366101,0.020661130486921135,True
69932.57353070109,438.2485,27112.089984244325,20243.43385734319,6513.5637908061935,51.5877014342533,4.659703328194606,21370.0,0.772838,472.1683,3000.0,207.538,1.6701696317329895,VLG139G_110,pop,91992.89986595124,0.0,True
69889.75177182665,464.0278,24230.211784121508,14716.3447589782,6906.4406677905445,51.538127300624936,4.617607296541788,22659.0,0.791536,481.0731,3000.0,207.5458,1.6577383265861785,VLG139G_110,pop,91022.97800253183,0.0,True
69847.22436774685,489.8071,21293.078778148585,9085.169322036514,7299.317544449168,51.4876041215262,4.574798647252068,23948.0,0.810771,490.1707,3000.0,207.5396,1.6451553432366794,VLG139G_110,pop,90367.65760175073,0.0,True
69804.89440758567,515.5865,18300.899633744175,3346.938331607872,7692.194420853435,51.43610436781938,4.531285192400295,25237.0,0.82,493.1133,3000.0,207.5227,1.6289726061539125,VLG139G_110,pop,89480.03723698648,0.0,True
69762.82654225895,541.3658,15292.482148076573,-2426.587483318471,8085.071296993418,51.38427152404764,4.487634327176776,26526.0,0.82,490.4623,2910.0,207.5219,1.5950929008371535,VLG139G_110,pop,86851.40423856027,0.0,True
69721.57417401337,567.1451,12299.897267628743,-8169.930810509436,8466.139965656277,51.332693557714606,4.444311256266654,27776.0,0.82,487.8772,2600.0,207.5274,1.5212852244007378,VLG139G_110,pop,81364.06844556634,0.0,True
69682.13861496515,592.9244,9320.785110331402,-13886.079391938692,8806.69623393415,51.28134397306462,4.401280059264682,28893.0,0.819938,485.5188,2291.0,207.5273,1.4452004810002697,VLG139G_110,pop,76089.89478585203,0.0,True
69644.58174166406,618.7037,6354.404820365426,-19577.81017885309,9106.740099536602,51.230198084924645,4.358528367964934,29878.0,0.816779,481.6013,1982.0,207.5043,1.3660096236337629,VLG139G_110,pop,70751.73855164534,0.0,True
69609.05236654535,644.4831,3412.661027549731,-25227.801679919678,9366.271561764945,51.17941185345703,4.316225565899647,30729.0,0.813502,477.8986,1672.0,207.482,1.284385509397946,VLG139G_110,pop,65539.51355314707,0.0,True
69575.61636500501,670.2624,494.23998014549915,-30838.331215593433,9585.290620356564,51.12896523815866,4.274350274462643,31448.0,0.810026,474.3637,1363.0,207.4674,1.2007922795035368,VLG139G_110,pop,60447.0656367645,0.0,True
69544.34025496403,696.0417,-2402.558915538262,-36410.75957024383,9763.797275256902,51.07884629569082,4.2328785227147865,32033.0,0.806334,470.9875,1054.0,207.4652,1.1150793843254077,VLG139G_110,pop,55437.9818515013,0.0,True
69515.28895237486,721.821,-5279.804527000272,-41946.10978573193,9901.791526581386,51.0290462839253,4.191773365892089,32486.0,0.802295,467.6917,744.0,207.47,1.0269537018177382,VLG139G_110,pop,50471.51249548781,0.0,True
69488.5281561566,747.6004,-8138.558942976427,-47444.7460876459,9999.273374670009,50.97956228609154,4.1510198728065,32806.0,0.797855,464.4443,435.0,207.469,0.9369702795878722,VLG139G_110,pop,45561.12243328683,0.0,True
69464.1207339691,773.3797,-10978.424498796943,-52907.30078072533,10056.242820343143,50.93038895401887,4.110621705881376,32993.0,0.792825,461.1332,126.0,207.4594,0.8448337295662255,VLG139G_110,pop,40673.31854203005,0.0,True
69442.12882525258,799.159,-13798.076943714657,-58333.19737527738,10072.699866245823,50.881531836621626,4.070595709324961,33047.0,0.790561,459.7061,0.0,207.446,0.8063529429227483,VLG139G_110,pop,38669.50807534057,0.0,True
69421.14252588816,824.9383,-16608.094279582445,-63743.624510138,10072.699871349718,50.83280042256749,4.030790176148767,33047.0,0.790555,459.7028,0.0,207.4369,0.8061966928487472,VLG139G_110,pop,38660.98750132998,0.0,True
69400.16056434214,850.7176,-19417.22598347368,-69154.46236136,10072.699876245082,50.784051795112944,3.99108041915118,33047.0,0.790515,459.6795,0.0,207.4336,0.8060184946767212,VLG139G_110,pop,38650.58824227764,0.0,True
69379.18389810917,876.497,-22225.901450631507,-74565.18897194233,10072.69988094287,50.73529069616428,3.9514599806796946,33047.0,0.790492,459.6658,0.0,207.4374,0.8058509200282927,VLG139G_110,pop,38641.09885411492,0.0,True
69358.21206461388,902.2763,-25034.856749073577,-79975.56544699195,10072.699885470365,50.68651930007918,3.9119180805958726,33047.0,0.790477,459.6573,0.0,207.4441,0.8056891331264696,VLG139G_110,pop,38632.10385929922,0.0,True
69337.24481376287,928.0556,-27844.394080303442,-85385.51203653694,10072.699889818441,50.63773835650688,3.8724501405968463,33047.0,0.790464,459.6497,0.0,207.4437,0.8055284010310022,VLG139G_110,pop,38623.198360119684,0.0,True
69316.28209912853,953.8349,-30653.84463058638,-90795.38979763727,10072.699894009864,50.588944696426516,3.8330653898053826,33047.0,0.790487,459.6629,0.0,207.4324,0.8053906781094421,VLG139G_110,pop,38616.25333386698,0.0,True
69295.32291944217,979.6143,-33462.3135947867,-96205.97487490845,10072.699898062458,50.54013144369095,3.793776265081072,33047.0,0.790477,459.6572,0.0,207.4203,0.8052321756905649,VLG139G_110,pop,38607.535120932844,0.0,True
69274.36817784174,1005.3936,-36269.599615297266,-101617.08927495715,10072.69990197032,50.491300276204846,3.754585279148882,33047.0,0.790467,459.6516,0.0,207.4081,0.8050738487381228,VLG139G_110,pop,38598.83097842643,0.0,True
70670.9990910589,0.0,11048.0,29652.0,-22.86,52.305908203125,4.77874755859375,-75.0,0.22862244937402806,151.2679741386127,1536.0,183.41094495535572,1.8380115611278898,VLG139G_110,real,117699.41192368462,0.13657217692412507,True
70603.75066725226,36.0,11206.0,26743.0,381.0,52.27972412109375,4.7809600830078125,1250.0,0.2614390837809635,172.19175357722565,1344.0,168.95109432834528,1.7102147862005035,VLG139G_110,real,95919.7260326309,0.08296160544830776,True
70574.79417302345,56.0,11621.0,24892.0,510.54,52.2630615234375,4.7869873046875,1675.0,0.3064755463851503,201.55644370746373,1280.0,166.51532341136974,1.549563745206518,VLG139G_110,real,81262.51603784531,0.07117254496294247,True
70517.9725954615,86.0,12477.0,21445.0,784.86,52.232025146484375,4.7994232177734375,2575.0,0.36957622676316837,242.29321080046796,3264.0,165.90640341858378,1.8641354643120358,VLG139G_110,real,127663.99380902202,0.050652483265925065,True
70482.94872836067,106.0,12957.0,19233.0,1127.76,52.21210544392214,4.806361607142858,3700.0,0.3725034069692685,243.24884377936928,3520.0000000000005,177.408133294765,1.8742501853821334,VLG139G_110,real,134126.37332533265,0.0422488889941614,True
70417.77248341474,146.0,12559.0,13708.0,1653.5400000000002,52.16239929199219,4.8003387451171875,5425.0,0.4177879140038835,271.15493725912495,3648.0000000000005,185.29008120537125,1.8650306725086765,VLG139G_110,real,128139.14659758368,0.03518706234852754,True
70383.06566188413,166.0,12318.0,10918.0,2019.3000000000002,52.137295997748936,4.796709333147322,6625.0,0.42099132789784727,272.0606550017845,3520.0000000000005,185.06096144312733,1.857283962976115,VLG139G_110,real,124447.74615699149,0.03304632839476316,True
70315.61610944157,206.0,11844.0,5287.0,2659.38,52.086639404296875,4.789581298828125,8725.0,0.4414347601265029,283.10598722033416,2880.0,185.06616866256445,1.7841235139721956,VLG139G_110,real,106059.8375295036,0.03196100846936366,True
70281.75436870764,216.0,11717.0,3827.0,2811.78,52.07350158691406,4.7876739501953125,9225.0,0.4469124150082132,286.09439001839934,3136.0,185.01311375503585,1.8120607203432937,VLG139G_110,real,111311.71316212228,0.03174866592404449,True
70224.98315708389,256.0,11208.0,-2140.0,3291.84,52.019805908203125,4.7800445556640625,10800.0,0.48906263519061643,311.26194756185663,1280.0,185.16109803336025,1.319062838675348,VLG139G_110,real,66360.9654542357,0.030995060350566945,True
70200.78537450553,276.0,10905.0,-5489.0,3429.0,51.9896788516287,4.7755214146205365,11250.0,0.5262170942424267,334.34862045475825,1216.0,185.1478848241363,1.2949083649946855,VLG139G_110,real,65000.71258358636,0.031168836214917433,True
70139.21458459436,316.0,10155.0,-12645.0,3855.7200000000003,51.925297106726696,4.764378138950893,12650.0,0.5595024374698556,353.63823322712153,2688.0,193.40750843706317,1.6830025721903095,VLG139G_110,real,92968.37341289228,0.03125241023970699,True
70107.02468741786,336.0,8779.0,-15956.0,4145.280000000001,51.89552307128906,4.7442626953125,13600.000000000002,0.5560415951921167,350.191376250187,2944.0,205.90650799951436,1.722594497541348,VLG139G_110,real,97392.5637718006,0.0325794435924289,True
70048.80520718994,366.0,6425.0,-20819.0,4503.42,51.851791123212394,4.709930419921875,14775.0,0.5763669379985182,361.37100049671943,2176.0,205.9268820045987,1.555920826560695,VLG139G_110,real,81757.38421672751,0.03431056993486628,True
69987.14344561788,406.0,3151.0,-27626.0,5044.4400000000005,51.790557861328125,4.66228588207348,16550.0,0.5861057756342942,364.97260171141613,2560.0,205.65232798195123,1.6279216218735053,VLG139G_110,real,87679.22364785057,0.031173730073411142,True
69959.09692217608,426.0,1551.0,-30969.0,5280.66,51.76048278808594,4.63905128272804,17325.0,0.5950783675483329,369.44417710934357,2048.0,205.66337606407168,1.5008680112804227,VLG139G_110,real,77738.73754371934,0.02736142142436782,True
69901.97750585845,466.0,-1783.0,-37902.0,5737.860000000001,51.698089599609375,4.590726285367399,18825.0,0.6109211475340817,377.05304666585045,1984.0,205.61360730902896,1.470055152952999,VLG139G_110,real,75633.40377126692,0.022377818600591393,True
69874.92736722768,486.0,-3503.0,-41472.0,5913.12,51.66595458984375,4.5658585831925675,19400.0,0.6253724097443806,385.094793524919,1920.0,205.70002383645436,1.447547959150766,VLG139G_110,real,74150.4630922784,0.020429910519841353,True
69821.69698806365,516.0,-6106.0,-46875.0,6202.68,51.61730750132415,4.5282745361328125,20350.0,0.6401454456451348,392.7034504559388,1792.0,205.65152846505256,1.4039226750857052,VLG139G_110,real,71388.55920547993,0.012796993784711072,True
69793.71260294977,536.0,-7827.0,-50447.0,6416.04,51.585139904992054,4.50347900390625,21050.0,0.6455988760717584,394.93923583255184,2176.0,205.656700431157,1.4975427709477627,VLG139G_110,real,77507.16086156786,0.0,True
69741.17539258536,576.0,-11393.0,-57858.0,6789.42,51.51838399596133,4.45220947265625,22275.0,0.6613012484286152,402.54813376787627,1920.0,205.6102099232058,1.4204746600922311,VLG139G_110,real,72419.91431344509,0.0,True
69715.7345985435,596.0,-13201.0,-61614.0,6995.160000000001,51.48454051906779,4.42626953125,22950.0,0.666803798552812,404.7838929601819,1728.0,205.61548432064217,1.3614262757441846,VLG139G_110,real,68820.54778825594,0.0,True
69664.61750760634,636.0,-16704.0,-69162.0,7368.54,51.41652769961599,4.3761444091796875,24175.0,0.6778292466666631,409.41421567893804,1536.0,203.30884524512678,1.2943787239732187,VLG139G_110,real,64970.71629969335,0.0,True
69640.1231764418,646.0,-17527.0,-71072.0,7444.740000000001,51.39930725097656,4.36439307960304,24425.0,0.6818020487220176,411.389110210759,1600.0,202.88770041069142,1.310777721768104,VLG139G_110,real,65892.10431144063,0.0,True
69591.17108340035,686.0,-20868.0,-78917.0,7787.64,51.32859052237818,4.3167877197265625,25550.0,0.6930750182439119,416.24271765401494,1920.0,203.05399579345297,1.3886704906837715,VLG139G_110,real,70453.20458678523,0.0,True
69569.45023122054,706.0,-22563.0,-82853.0,7924.8,51.29310607910156,4.292685019003378,26000.0,0.7018259736091094,420.70654855849347,1152.0,203.09129517181808,1.1623591166405656,VLG139G_110,real,57929.20811302858,0.0,True
69525.72663675548,746.0,-26038.0,-90863.0,8168.64,51.22087097167969,4.24339500633446,26800.0,0.7213302198500177,430.9477926617098,1024.0,203.23350567051645,1.1200463902623006,VLG139G_110,real,55786.28184202405,0.0,True
69482.52512890508,776.0,-28715.0,-97009.0,8351.52,51.165435791015625,4.205536713471284,27400.0,0.7321950344636565,436.3312961500699,1024.0,203.21583269775397,1.1167136846780084,VLG139G_110,real,55619.41106922935,0.0,True
69461.29607371596,796.0,-30519.0,-101159.0,8450.58,51.12799072265625,4.180075155722128,27725.0,0.7415911847275778,441.3218779983607,1088.0,203.07925999395584,1.1360413317339033,VLG139G_110,real,56591.258321360154,0.0,True
69418.55201234955,836.0,-34166.0,-109588.0,8671.560000000001,51.05193057302701,4.12872314453125,28450.000000000004,0.7582733999954799,449.8577552960491,1216.0,203.03135286975078,1.1710064016415789,VLG139G_110,real,58379.798897803,0.0,True
69401.37414524161,856.0,-35975.0,-113759.0,8763.0,51.0142822265625,4.10331932274071,28750.0,0.7683342276442202,455.24169404833737,384.0,203.0168046873301,0.9192480236559786,VLG139G_110,real,46134.47888029245,0.0,True
69358.89514143045,896.0,-39765.0,-122480.0,8938.26,50.93554997848252,4.0502166748046875,29325.0,0.7853388088015628,464.1691502028113,1216.0,203.0851336728083,1.1704352874816997,VLG139G_110,real,58496.503209793256,0.0,True
69340.50927828616,916.0,-41670.0,-126860.0,9022.08,50.89599609375,4.023594211887669,29600.0,0.7931685156334368,468.2413907377262,576.0,203.0057843557948,0.9838921358226378,VLG139G_110,real,49429.85080529018,0.0,True
69295.63222890391,946.0,-44545.0,-133479.0,9204.960000000001,50.836212158203125,3.983508960620777,30200.0,0.7983582429089163,470.08297139973064,1536.0,202.91051360283652,1.249671928575811,VLG139G_110,real,62933.43378909775,0.0,True
69278.11372921316,966.0,-46455.0,-137883.0,9311.640000000001,50.79643249511719,3.9569339236697636,30550.000000000004,0.8049358396166553,473.23567067582724,448.0,202.88063717641768,0.9374764699309224,VLG139G_110,real,47591.77194480898,0.0,True
69232.64616947592,1006.0,-50397.0,-146977.0,9555.480000000001,50.714263916015625,3.902224978885135,31350.000000000004,0.8115617963672332,475.467138717283,1600.0,202.89795261803877,1.2542386514980808,VLG139G_110,real,63726.41036106174,0.0,True
69210.93970556642,1026.0,-52322.0,-151414.0,9700.26,50.674163818359375,3.875575709987331,31825.0,0.8110158197734434,474.157146946031,1280.0,202.83365417791754,1.1615891497436737,VLG139G_110,real,58869.67520143131,0.0,True
69170.42815587095,1066.0,-56182.0,-160317.0,9921.24,50.59368896484375,3.8223025673314144,32549.999999999996,0.8190261864687554,477.31017169132275,960.0,202.80454047132105,1.064297014281775,VLG139G_110,real,54534.744721628296,0.0,True
69150.5589864806,1076.0,-57142.0,-162530.0,9966.960000000001,50.57368469238281,3.80907560649671,32700.0,0.8218197183451427,478.61989093642984,960.0,202.86849502464966,1.0632690646653922,VLG139G_110,real,54696.05153485163,0.0,True
69110.69936717064,1116.0,-61107.0,-171640.0,10172.7,50.49130197298729,3.75457763671875,33375.0,0.8249617969739494,479.0093944798995,1024.0,202.97870647438916,1.0730110165074487,VLG139G_110,real,55513.585199818124,0.0,True
65944.45744955492,0.0,27986.143788555608,90591.7587100998,30.48000030429696,52.32860183626407,4.708839891861927,100.0,0.3,198.3755,2500.0,3.1751,1.8875729347026233,VLG49VA_328,fuel,114450.42679162757,0.17711219448844404,True
65897.68936062373,24.7546,28124.74901385591,93090.33781139107,344.8628439495125,52.351064604158125,4.711089038770402,1131.0,0.379669,250.1641,2797.0,3.1751,1.8165855031186602,VLG49VA_328,fuel,106068.18484853803,0.14145605066204053,True
65852.73529727354,49.5091,28299.78436719382,96245.62777170535,696.6012478891207,52.37943128206485,4.713932655214717,2285.0,0.428242,281.0386,3000.0,326.0433,1.8092463237467578,VLG49VA_328,fuel,105273.90010696507,0.11053847348738481,True
65808.00241149227,74.2637,26316.052786929013,99191.43092444999,1073.8606602630505,52.406021527869534,4.684940492833886,3523.0,0.502523,328.358,3000.0,288.9115,1.7719260771781682,VLG49VA_328,fuel,101403.19138373743,0.08211163002897816,True
65764.26381998911,99.0182,22384.862898032465,100538.25646890803,1451.1200726370462,52.41830777325633,4.627082080888783,4761.0,0.573974,373.4061,3000.0,251.7796,1.7722235436286518,VLG49VA_328,fuel,101433.01320459711,0.057545740881664004,True
65720.58051873566,123.7728,17892.15220312265,99059.35671503606,1828.3794850111217,52.40517242193932,4.560758312170604,5999.0,0.586419,379.82,3000.0,214.6478,1.7618673696723253,VLG49VA_328,fuel,100403.78057967644,0.04204380737988335,True
65677.1577856646,148.5273,15156.661315826443,95101.10105651103,2205.6388973851604,52.369657384619295,4.520256290862686,7236.0,0.599205,386.3754,3000.0,193.2896,1.751397064007139,VLG49VA_328,fuel,99381.44513181034,0.03345735205252901,True
65633.9987248832,173.2819,14031.440492535206,90337.2241301439,2582.8983097591604,52.326844854415945,4.503483749992357,8474.0,0.612343,393.075,3000.0,193.2824,1.7407894493389244,VLG49VA_328,fuel,98363.50792427405,0.02903620975322576,True
65591.10643115435,198.0364,12887.229094458684,85490.2170147464,2960.15772213312,52.28328279877811,4.486461246998028,9712.0,0.625843,399.9219,3000.0,193.2657,1.7300560942867411,VLG49VA_328,fuel,97350.88191362689,0.029206661571471754,True
65548.4839933677,222.791,11724.436999860307,80558.06968850725,3337.4171345070345,52.238953019555126,4.469196308623142,10950.0,0.639717,406.9189,3000.0,193.2407,1.719196754135231,VLG49VA_328,fuel,96343.32711720408,0.032195273743042686,True
65506.13449804045,247.5455,10543.404727455867,75538.75150634501,3714.676546880897,52.193837136773844,4.451695464888986,12187.0,0.653973,414.0689,3000.0,193.2161,1.7082238043108195,VLG49VA_328,fuel,95341.75620472169,0.03626319270483194,True
65464.061032800455,272.3001,9343.72878230243,70430.37006517677,4091.935959254707,52.14791802812841,4.43395437108391,13425.0,0.668625,421.3749,3000.0,193.1881,1.6971116960949453,VLG49VA_328,fuel,94343.63950976661,0.040389334616827414,True
65422.266689801414,297.0547,8125.349149619517,65230.91536997912,4469.195371628456,52.10117750416161,4.4159737768209375,14663.0,0.683682,428.8395,3000.0,193.1621,1.6858720812081611,VLG49VA_328,fuel,93349.86319414704,0.04450692228439096,True
65380.754569009965,321.8092,6887.706643336088,59938.45803908972,4846.454784002138,52.053598105005356,4.397747183177045,15900.0,0.699156,436.4657,3000.0,193.1564,1.6745177455099907,VLG49VA_328,fuel,92361.35243545487,0.04811303504743724,True
65339.5277813006,346.5638,5628.516383451755,54551.435524551096,5223.714196375742,52.00516568118406,4.37924296756583,17138.0,0.71506,444.2562,3000.0,193.1721,1.6630211370711834,VLG49VA_328,fuel,91375.53954184918,0.04574332530747542,True
65298.5894512847,371.3183,4345.27388551324,49068.300739725935,5600.973608749259,51.95586620179131,4.360426490422746,18376.0,0.731404,452.2135,3000.0,193.1963,1.6513942668867578,VLG49VA_328,fuel,90393.32115613497,0.041782458796926235,True
65257.94271979305,396.0729,3036.6159297916975,43487.206099439645,5978.233021122681,51.90568290223094,4.3412799524735926,19614.0,0.748201,460.3404,3000.0,193.2206,1.639636129423334,VLG49VA_328,fuel,89414.46185553857,0.03636514117061889,True
65217.590745922906,420.8274,1701.9687007170833,37806.08612882511,6355.4924334959915,51.85459704097102,4.321797189859395,20851.0,0.765464,468.6394,3000.0,193.242,1.627759802243741,VLG49VA_328,fuel,88440.1764352724,0.004413836108575635,True
65177.53657265899,445.582,341.03007457801357,32022.779105826492,6732.751845869168,51.80258900292876,4.301976086788999,22089.0,0.783204,477.1127,3000.0,193.2609,1.6157353807981505,VLG49VA_328,fuel,87490.8399681926,0.0,True
65137.77528430306,470.3365,-1046.5198559227103,26135.096155208634,7110.011258242195,51.74963892342116,4.281814350980059,23327.0,0.801435,485.7628,3000.0,193.2805,1.6035756941727197,VLG49VA_328,fuel,86688.15152771081,0.0,True
65098.26248371389,495.0911,-2461.3316828238726,20140.896602163804,7487.270670615074,51.695727363926395,4.261304976608389,24565.0,0.82,494.4904,3000.0,193.305,1.5912044819773599,VLG49VA_328,fuel,86284.46990934994,0.0,True
65058.87167496723,519.8456,-3904.2274454330636,14039.380143671578,7864.530082987887,51.640846928794275,4.240438567141864,25802.0,0.82,491.9522,3000.0,193.3353,1.5710130974709846,VLG49VA_328,fuel,84782.07937623459,0.0,True
65019.94112298593,544.6002,-5342.8619535630405,7970.217537765323,8241.789495360465,51.586253809301304,4.219683729893702,27040.0,0.82,489.4008,2996.0,193.3665,1.5512913760963571,VLG49VA_328,fuel,83355.25548858577,0.0,True
64981.45383337248,569.3548,-6777.268454179133,1933.5416474025103,8618.566424659288,51.53194923167258,4.199039180317756,28276.0,0.82,486.8394,2699.0,193.3954,1.480479279932185,VLG49VA_328,fuel,78293.67431812166,0.0,True
64944.64880902172,594.1093,-8208.00757640715,-4074.2142242328237,8957.987793665196,51.47790116841779,4.178496148807997,29390.0,0.819577,484.2702,2402.0,193.4179,1.4078968051534972,VLG49VA_328,fuel,73396.47183540062,0.0,True
64909.57571317742,618.8639,-9634.316842549782,-10052.950024941196,9260.05360237701,51.42411060540177,4.158064839902022,30381.0,0.816816,480.574,2105.0,193.443,1.333126375916725,VLG49VA_328,fuel,68500.80121588212,0.0,True
64876.3349634513,643.6184,-11053.06464525691,-15988.484342919886,9524.763850794365,51.37070518352248,4.137789100382359,31249.0,0.813903,477.0494,1808.0,193.4478,1.2568946471856268,VLG49VA_328,fuel,63739.78930313472,0.0,True
64844.97029853942,668.373,-12462.5951104645,-21883.26259304855,9752.118538917108,51.31766301281627,4.1176917420707495,31995.0,0.810811,473.6826,1511.0,193.461,1.1792236007865695,VLG49VA_328,fuel,59086.80689533366,0.0,True
64815.5251865711,693.1275,-13864.183843574865,-27738.836529714452,9942.117666745191,51.264970186776544,4.097753359480018,32618.0,0.807486,470.4422,1214.0,193.4634,1.1001314283334884,VLG49VA_328,fuel,54518.65134420168,0.0,True
64788.04344433952,717.8821,-15257.02941609381,-33556.83738264219,10094.761234278627,51.212612127688395,4.077984492562157,33119.0,0.803885,467.3035,917.0,193.4707,1.0196082149094672,VLG49VA_328,fuel,50016.07126831436,0.0,True
64762.56841057995,742.6366,-16641.882919943902,-39338.19130234326,10210.049241517501,51.16058056049173,4.058373371646082,33498.0,0.799916,464.2126,620.0,193.4875,0.9376341428832099,VLG49VA_328,fuel,45561.351962265166,0.0,True
64739.143333623695,767.3912,-18019.775942042485,-45083.0430487901,10287.981688462003,51.10887422047688,4.038904245606802,33753.0,0.795472,461.1059,323.0,193.5041,0.8542010174323348,VLG49VA_328,fuel,41140.362437825475,0.0,True
64717.81060442873,792.1457,-19390.562863969404,-50790.974701845196,10328.558575112585,51.057496932728476,4.0195782565041585,33886.0,0.790324,457.849,26.0,193.5341,0.7691886352386481,VLG49VA_328,fuel,36734.23217709226,0.0,True
64698.613367738064,816.9003,-20755.0441455679,-56459.56740256656,10331.779901470638,51.006470483259726,4.000382905534907,33897.0,0.789842,457.5484,-0.0,193.5627,0.7614879250584191,VLG49VA_328,fuel,36339.80812530958,0.0,True
64679.60681294779,841.6548,-22121.48512046371,-62123.892730169246,10331.779901225993,50.955479204937745,3.9812014475012854,33897.0,0.78982,457.5351,-0.0,193.5924,0.761337227728917,VLG49VA_328,fuel,36331.43893887196,0.0,True
64660.60439126687,866.4094,-23490.823377900113,-67787.34505927167,10331.779900981219,50.90449253194298,3.962020611815938,33897.0,0.789805,457.5269,-0.0,193.6292,0.7611923534831594,VLG49VA_328,fuel,36323.52974066107,0.0,True
64641.60587966054,891.164,-24863.7713647597,-73449.81564605035,10331.779900736325,50.853511403474876,3.942830203313172,33897.0,0.7898,457.524,-0.0,193.6726,0.7610535353962858,VLG49VA_328,fuel,36316.09790021566,0.0,True
64622.611040075644,915.9185,-26240.998898627455,-79111.20919807667,10331.77990049132,50.8025366330398,3.9236206775174205,33897.0,0.789784,457.5145,-0.0,193.7088,0.7609072979970231,VLG49VA_328,fuel,36308.08052811237,0.0,True
64603.62016658335,940.6731,-27621.77564574489,-84771.61265789733,10331.779900246214,50.7515674563441,3.904402445565533,33897.0,0.789778,457.5113,-0.0,193.7276,0.7607682551463065,VLG49VA_328,fuel,36300.629637839724,0.0,True
64584.632975547735,965.4276,-29004.39987827924,-90431.52327724117,10331.779900001018,50.70059947499684,3.885199698961068,33897.0,0.789773,457.5081,-0.0,193.7464,0.7606292705566722,VLG49VA_328,fuel,36293.18253373617,0.0,True
65944.45744955442,0.0,27986.143788517635,90591.75871009578,30.48000030462614,52.32860183626404,4.708839891861367,100.0,0.3,198.3755,2500.0,3.1751,1.8875729347026162,VLG49VA_328,pop,114450.42679162668,0.17711219448815738,True
65895.93770818929,25.6808,28129.925587014943,93183.65375656914,356.62636541385734,52.3519035338856,4.711173083969473,1170.0,0.382701,252.1283,2808.0,3.1751,1.8152589179550787,VLG49VA_328,pop,105923.74648239667,0.1405166171388385,True
65849.33818990101,51.3616,28312.9290621328,96482.58175442855,722.9761195472154,52.38156154217452,4.714146353043778,2372.0,0.469284,307.8798,3000.0,324.6539,1.7868450681760655,VLG49VA_328,pop,102918.49622326047,0.10932608669109621,True
65803.55499377428,77.0424,25975.950171314464,99777.59210539308,1114.3517576777265,52.41130908720653,4.679972724375449,3656.0,0.559718,365.559,3000.0,286.1327,1.7800157075705845,VLG49VA_328,pop,102219.8087898976,0.07832289629812521,True
65758.03676807137,102.7233,21362.320877171136,101112.09834121529,1505.7273958084795,52.42350909192866,4.6120415724940065,4940.0,0.575755,374.3259,3000.0,252.8222,1.7707356577435083,VLG49VA_328,pop,101284.00385341133,0.05195647831843663,True
65712.76504546637,128.4041,16663.144486130666,99659.4513556368,1897.1030339392498,52.41060778481272,4.542672016925073,6224.0,0.588722,381.0036,3000.0,243.135,1.7599744269406257,VLG49VA_328,pop,100217.6191034065,0.037116537722684424,True
65667.77447305787,154.0849,12196.743418842732,97396.94536255223,2288.4786720700345,52.39037788692651,4.476744053112088,7508.0,0.602059,387.834,3000.0,234.2602,1.749077861103394,VLG49VA_328,pop,99157.38707198013,0.02509749626060524,True
65623.06851390039,179.7657,8059.661842792477,94419.79308400385,2679.854310200846,52.36367993151245,4.415709649622957,8792.0,0.615778,394.8205,3000.0,228.9751,1.7380461754665446,VLG49VA_328,pop,98103.06730487227,0.018053853616849927,True
65578.65062076252,205.4465,4144.814936427624,91013.68582827208,3071.2299483316515,52.33309148488721,4.358014281894332,10076.0,0.629889,401.9662,3000.0,224.7208,1.726879207660356,VLG49VA_328,pop,97054.39387662461,0.016142091587669015,True
65534.52424029143,231.1273,427.06196741182555,87259.52713103661,3462.6055864624373,52.29934495102331,4.303296540989432,11360.0,0.644404,409.2744,3000.0,220.1207,1.7155767538188962,VLG49VA_328,pop,96011.10851288709,0.015274881634774537,True
65490.69281719917,256.8082,-3039.778969505067,83145.53422735898,3853.9812245931876,52.26233871905636,4.25235210266849,12644.0,0.659337,416.7484,3000.0,215.4354,1.7041384454088808,VLG49VA_328,pop,94972.9490408026,0.015664904964451398,True
65447.159798409695,282.489,-6216.179686512792,78681.75180301505,4245.356862723902,52.22216836451653,4.205762757920199,13928.0,0.674698,424.3912,3000.0,210.392,1.6925635444321396,VLG49VA_328,pop,93939.63172170264,0.015441900187530624,True
65403.92863709607,308.1698,-9038.888035562271,73869.02726212775,4636.732500854569,52.17884761457948,4.164454192183708,15212.0,0.690502,432.2061,3000.0,205.4498,1.6808513807167924,VLG49VA_328,pop,92910.89119903403,0.017081567396061696,True
65361.002796530105,333.8506,-11480.785786986704,68737.92203260603,5028.108138985177,52.132657336531885,4.1288159608309245,16496.0,0.70676,440.1962,3000.0,198.9561,1.6690010168404836,VLG49VA_328,pop,91886.45041364865,0.018161855678312272,True
65318.38575365579,359.5314,-13360.95525564696,63263.89087245472,5419.483777115715,52.083386241851656,4.101485879072125,17780.0,0.723486,448.3644,3000.0,191.8886,1.657011264735891,VLG49VA_328,pop,90866.02298667571,0.018742387869521912,True
65276.08100228834,385.2122,-14575.517974986644,57494.69672094431,5810.859415246192,52.031472308828086,4.083958481741673,19064.0,0.740693,456.7138,3000.0,187.7956,1.6448810044871727,VLG49VA_328,pop,89849.34049726455,0.018212349779240255,True
65234.09205582905,410.8931,-15390.138520430663,51544.43641593513,6202.2350533765975,51.97793865989736,4.0723190390782,20349.0,0.758394,465.2471,3000.0,185.5926,1.6325945385621343,VLG49VA_328,pop,88834.95143405718,0.011422588322841798,True
65192.42244825656,436.5739,-15986.395533619054,45455.275861416114,6593.610691506566,51.92316103822314,4.063897975028715,21633.0,0.776605,473.9671,3000.0,185.5314,1.6201787251975468,VLG49VA_328,pop,87832.55338244629,0.0,True
65151.07281339239,462.2547,-16587.22953773648,39251.05004726627,6984.986329636115,51.867347889623055,4.055436146359169,22917.0,0.795338,482.8764,3000.0,185.5308,1.607618019865999,VLG49VA_328,pop,86924.68336558821,0.0,True
65110.01488082644,487.9355,-17199.312860262104,32929.915579812274,7376.361967765492,51.81048241970515,4.046837301371438,24201.0,0.814608,491.9776,3000.0,185.5386,1.5949106727729419,VLG49VA_328,pop,86347.5419894749,0.0,True
65069.14066582476,513.6163,-17823.833105286212,26489.46210961988,7767.737605894754,51.75254288130518,4.038085405747514,25485.0,0.82,492.6046,3000.0,185.5457,1.576082535128294,VLG49VA_328,pop,85155.21349272123,0.0,True
65028.64267979789,539.2971,-18449.93670541045,20041.032704275647,8159.1132440238,51.694530918676065,4.029333194191028,26769.0,0.82,489.9611,3000.0,185.5655,1.5560396444431812,VLG49VA_328,pop,83696.87019821155,0.0,True
64988.61259145461,564.9779,-19074.87039985214,13627.737833314386,8550.488882152544,51.63683431927247,4.020618231012117,28053.0,0.82,487.3032,2750.0,185.5797,1.4930497878846183,VLG49VA_328,pop,79167.42875587032,0.0,True
64950.12960172639,590.6588,-19698.290545142558,7246.348817687471,8909.22366267582,51.57942406357887,4.011945345160996,29230.0,0.819393,484.4951,2442.0,185.586,1.4179389268167641,VLG49VA_328,pop,74044.03525963138,0.0,True
64913.50888078645,616.3396,-20319.1710284913,898.1496251332169,9227.755054177438,51.52231174515693,4.003328969680428,30275.0,0.816548,480.6374,2133.0,185.5764,1.340329309409273,VLG49VA_328,pop,68934.79703835091,0.0,True
64878.85463628498,642.0204,-20934.38642166402,-5403.04697978284,9506.08305665584,51.46562171804828,3.994813008618478,31188.0,0.813543,476.9662,1825.0,185.5447,1.2613303040178323,VLG49VA_328,pop,63986.41695898508,0.0,True
64846.21573566566,667.7012,-21541.763307219902,-11659.711565777923,9744.207670110569,51.40933187371667,3.986428317148633,31969.0,0.810355,473.4699,1517.0,185.5169,1.1807909939139047,VLG49VA_328,pop,59156.78812417951,0.0,True
64815.64053246623,693.382,-22141.968889193773,-17873.87441065104,9942.128894541487,51.35342395542136,3.9781646838043914,32619.0,0.806927,470.1164,1209.0,185.4957,1.098709688303725,VLG49VA_328,pop,54419.069130172495,0.0,True
64787.17766656849,719.0628,-22735.917004013987,-24047.106037005993,10099.846729948622,51.29788382488467,3.9700083939313475,33136.0,0.803159,466.8466,901.0,185.4755,1.0150889615712575,VLG49VA_328,pop,49749.97878413522,0.0,True
64760.87665447936,744.7437,-23323.82900224137,-30180.248102503436,10217.36117633217,51.24270392250162,3.9619557198797866,33522.0,0.798976,463.6177,593.0,185.4545,0.9298903661802025,VLG49VA_328,pop,45130.82335456016,0.0,True
64736.78607269006,770.4245,-23905.665538380075,-36273.58995211657,10294.672233692683,51.187881665801754,3.9540066691346194,33775.0,0.794223,460.3373,284.0,185.4364,0.842810412241555,VLG49VA_328,pop,40530.45286231737,0.0,True
64714.954364280835,796.1053,-24481.68314736484,-42326.15308618226,10331.779902031982,51.13342586169265,3.9461569307604765,33897.0,0.789173,457.1607,-0.0,185.4167,0.7611671875398662,VLG49VA_328,pop,36311.56892792182,0.0,True
64695.25118243066,821.7861,-25051.827049096944,-48338.90014932729,10331.779901778627,51.07932787291977,3.9384068065586715,33897.0,0.789168,457.1575,-0.0,185.3964,0.761022677534356,VLG49VA_328,pop,36303.84092826462,0.0,True
64675.55196668664,847.4669,-25619.83642118293,-54351.80573050437,10331.779901525106,51.0252280543655,3.9307051429923683,33897.0,0.789194,457.173,-0.0,185.3824,0.7608993121994247,VLG49VA_328,pop,36297.765554643236,0.0,True
64655.85586323621,873.1477,-26186.3915201049,-60365.05489447037,10331.779901271428,50.97112471833419,3.923042055708653,33897.0,0.789217,457.1859,-0.0,185.3736,0.7607730970563468,VLG49VA_328,pop,36291.465270592256,0.0,True
64636.16299128575,898.8286,-26752.034892763066,-66378.5606833464,10331.779901017613,50.91701862740384,3.9154096520440733,33897.0,0.789217,457.186,-0.0,185.3634,0.76063251130944,VLG49VA_328,pop,36284.03968528272,0.0,True
64616.473926361614,924.5094,-27316.616237730977,-72392.16780759161,10331.779900763675,50.8629111897264,3.9078099422181,33897.0,0.789185,457.1672,-0.0,185.3511,0.7604706448359462,VLG49VA_328,pop,36274.95107848194,0.0,True
64596.78952073498,950.1902,-27879.883299960766,-78405.64930860762,10331.779900509617,50.80880446349185,3.900246371781514,33897.0,0.789112,457.1252,-0.0,185.3444,0.7602826215705168,VLG49VA_328,pop,36263.82450973887,0.0,True
64577.11082380557,975.871,-28442.392264304763,-84418.6440861675,10331.779900255448,50.75470167410842,3.8927108669278603,33897.0,0.789091,457.113,-0.0,185.3398,0.760128313256782,VLG49VA_328,pop,36255.32917699827,0.0,True
64557.436486057144,1001.5518,-29004.399878370314,-90431.52327724258,10331.779900001182,50.700599474996835,3.8851996989597755,33897.0,0.78907,457.1007,-0.0,185.3351,0.7599739474443635,VLG49VA_328,pop,36246.82967800905,0.0,True
65907.2840514266,0.0,6457.0,34950.0,220.98000000000002,52.35365295410156,4.711456298828125,725.0,0.24154771198922603,159.38004893963358,2944.0,3.9575531141278533,1.8872699048738857,VLG49VA_328,real,156559.6635764215,0.17578020327840083,True
65872.57170918935,16.0,6539.0,36243.0,457.20000000000005,52.36528015136719,4.712677001953125,1500.0,0.23754726708081572,156.32018423735306,1472.0,3.667788055531428,1.762318913670866,VLG49VA_328,real,102622.5937168173,0.13555528170968215,True
65812.84431370701,56.0,6736.0,40013.0,693.4200000000001,52.399200439453125,4.7156524658203125,2275.0,0.3288569502915021,215.82400237230334,1344.0,7.454298812748466,1.4434120525631604,VLG49VA_328,real,73870.98290045667,0.10546367079917193,True
65775.87600186192,76.0,7954.0,42084.0,990.6,52.41781978283898,4.733616420200893,3250.0,0.38003065390298724,248.55784035109414,4032.0000000000005,48.09845696712445,1.8768527552094072,VLG49VA_328,real,136388.717049003,0.07563709979907039,True
65705.09274537033,116.0,12898.0,41749.0,1691.64,52.41471862792969,4.806365966796875,5550.0,0.41020221029140824,266.11275805567834,2944.0,132.56335175318986,1.77755869698797,VLG49VA_328,real,104975.78219766353,0.06555143233053516,True
65669.22366939503,136.0,13864.0,39360.0,1965.96,52.393193649033364,4.820486886160714,6450.0,0.39493676334559796,255.38402455909414,3200.0,176.85750422292725,1.8210453956664983,VLG49VA_328,real,113300.59897577405,0.07317288739080781,True
65599.34517273071,176.0,14014.0,34060.0,2590.8,52.34550476074219,4.8224639892578125,8500.0,0.4203096976694887,269.77953962448674,3072.0,170.39801742381488,1.7859657220296923,VLG49VA_328,real,106364.76301104005,0.061835363274955646,True
65571.79303923396,196.0,14501.0,31343.0,2842.26,52.321037680415785,4.829511369977679,9325.0,0.4395852701155265,281.30055101261354,1600.0,169.96842226763883,1.3988006236785384,VLG49VA_328,real,71066.47008446381,0.05746156950823562,True
65540.50774850276,216.0,15034.0,28364.0,3009.9,52.29422359143273,4.837201799665179,9875.0,0.4783042036257557,305.45867150892934,2304.0,170.19847100444173,1.5883301448125855,VLG49VA_328,real,84306.69853089261,0.05226767997266315,True
65492.32607318655,256.0,13977.0,22055.0,3337.56,52.23747641353284,4.821428571428572,10950.0,0.5196620939676052,330.55256768024054,1216.0,199.8053998407216,1.2375156117926456,VLG49VA_328,real,61861.64694283401,0.03672942115084558,True
65459.97195553751,276.0,12802.0,18762.0,3543.3,52.20786919028072,4.8040858677455365,11625.0,0.5423849317065738,344.13950659579905,2688.0,199.6986213745803,1.6425936652562403,VLG49VA_328,real,89007.38358471752,0.033101257628811324,True
65396.162757628605,316.0,10443.0,12046.0,4130.04,52.14749093783104,4.769321986607143,13550.0,0.5543381713696596,349.1847648452034,2368.0,199.57656144709452,1.5570160377912874,VLG49VA_328,real,81837.96022704232,0.029401813472778524,True
65365.28371429899,326.0,9851.0,10369.0,4251.96,52.13240801277807,4.760611397879464,13950.0,0.5602075045921246,352.3464204444257,2432.0,199.56631625360447,1.5677052767317579,VLG49VA_328,real,82664.93732101432,0.02965290715654694,True
65304.86185077973,366.0,7381.0,3371.0,4732.02,52.06947326660156,4.7243499755859375,15525.0,0.5853297696319129,365.9357867167408,2368.0,199.4747753299143,1.5377456466951598,VLG49VA_328,real,80387.483287643,0.030947306458781552,True
65275.010489234846,386.0,6132.0,-186.0,4968.240000000001,52.0374755859375,4.7060394287109375,16300.000000000002,0.5972285258559928,372.2593182178251,2304.0,199.45711001155178,1.5155306630455492,VLG49VA_328,real,78772.5484591563,0.03188790272676153,True
65215.45273169115,426.0,3558.0,-7486.0,5440.68,51.97180279230667,4.6684047154017865,17850.0,0.6161550128340679,381.74467907228257,2432.0,199.4317093734959,1.5302392679573202,VLG49VA_328,real,79835.29229101707,0.034278747593094176,True
65187.59518085339,446.0,2235.0,-11237.0,5669.280000000001,51.93805241988877,4.649100167410714,18600.0,0.6251581184687459,386.18259929727543,1984.0,199.51410287304367,1.4143064271458345,VLG49VA_328,real,72031.93468191243,0.03589992954533774,True
65156.91575258953,466.0,911.0,-14992.0,5890.26,51.904266357421875,4.62982177734375,19325.0,0.6336158975504559,390.287073831558,2624.0,199.45632129149908,1.55757097339324,VLG49VA_328,real,81881.00289864805,0.03730325808420322,True
65103.4657615197,506.0,-1760.0,-22566.0,6347.46,51.83610301906779,4.5909881591796875,20825.0,0.646205665199075,395.6677899450497,1280.0,199.48822978065047,1.1922899994373064,VLG49VA_328,real,59474.198292270914,0.005979475881598243,True
65077.4718175225,526.0,-3128.0,-26435.0,6515.1,51.80128194518008,4.5711517333984375,21375.0,0.6579868514899166,401.99129343805447,1728.0,199.47165937554456,1.3196925413942044,VLG49VA_328,real,66397.42748400384,0.0,True
65026.001914727836,566.0,-5921.0,-34333.0,6850.38,51.73017883300781,4.530746872360642,22475.0,0.6796198518701304,413.36303656713187,1792.0,199.3554597990714,1.3294606194921936,VLG49VA_328,real,66956.57198742082,0.0,True
65003.30206118186,586.0,-7345.0,-38375.0,6979.92,51.69379282805879,4.51019287109375,22900.0,0.6948660671762729,421.9052026225797,1152.0,199.37977108020397,1.1524541031017876,VLG49VA_328,real,57423.78876359931,0.0,True
64947.805526197815,626.0,-10243.0,-46600.0,7414.26,51.619720458984375,4.468466269003378,24325.0,0.6968300779140824,420.63047916193614,1664.0,199.2964745574893,1.2754802732939008,VLG49VA_328,real,63922.64895142727,0.0,True
64925.52248265329,646.0,-11694.0,-50704.0,7536.18,51.582765740863344,4.4476318359375,24725.0,0.7090269778394096,427.28561876103436,1152.0,199.41028238140836,1.1312929799511076,VLG49VA_328,real,56351.21047399314,0.0,True
64900.778396723545,666.0,-13136.0,-54792.0,7658.1,51.54594292074947,4.4269561767578125,25125.0,0.7201650531970076,433.27820162108316,1600.0,199.27132414834443,1.256238208802575,VLG49VA_328,real,62871.85735814016,0.0,True
64855.52442878418,706.0,-16129.0,-63269.0,7955.280000000001,51.469573974609375,4.384138777449325,26100.0,0.7336548506821684,439.6020928066653,832.0,199.2592916437672,1.0315996682920547,VLG49VA_328,real,51437.65699240182,0.0,True
64829.087761353985,726.0,-17652.0,-67581.0,8084.820000000001,51.43072613215042,4.3624114990234375,26525.0,0.7439593218352479,444.9820221087589,1984.0,199.29004621918875,1.342169269531012,VLG49VA_328,real,67690.87061771116,0.0,True
64784.45869245477,766.0,-20617.0,-76005.0,8503.92,51.35481262207031,4.320225071262669,27900.0,0.7376636601483199,438.65818127558043,320.0,199.30237452013094,0.8473166946956991,VLG49VA_328,real,42772.61732305609,0.0,True
64766.7289866828,786.0,-22304.0,-80311.0,8526.78,51.31599426269531,4.296248152449325,27975.0,0.7538783422333845,448.1573384426501,448.0,202.84605720391994,0.9001235238062347,VLG49VA_328,real,45216.07733820838,0.0,True
64721.7526878686,826.0,-25986.0,-88893.0,8717.28,51.238605046676376,4.2440032958984375,28600.0,0.7762642881959112,460.23580912397506,1664.0,202.88800302498302,1.2435993222960384,VLG49VA_328,real,62228.8126765525,0.0,True
64700.44351272093,846.0,-27840.0,-93218.0,8884.92,51.19959427138506,4.2177581787109375,29150.0,0.7765405196910903,459.31470692761405,1088.0,202.9365190216416,1.081850430572401,VLG49VA_328,real,53934.52922902694,0.0,True
64658.18655827526,886.0,-31629.0,-101995.0,9067.800000000001,51.12040891485699,4.164276123046875,29750.000000000004,0.7936825381133638,468.2413907377262,1024.0,203.0057843557948,1.0650075760190847,VLG49VA_328,real,53282.42611724198,0.0,True
64635.90251715665,906.0,-33496.0,-106359.0,9189.720000000001,51.081024169921875,4.137985641891892,30150.000000000004,0.8013142395970264,471.9258416319242,1280.0,202.81598665473,1.131343626019956,VLG49VA_328,real,56739.3267144471,0.0,True
64615.69156794417,926.0,-35408.0,-110813.0,9288.78,51.04083251953125,4.111113677153717,30475.0,0.8069014486851392,474.54609891979936,896.0,202.94493072315123,1.0260943446318693,VLG49VA_328,real,51728.38162472512,0.0,True
64569.965183303895,966.0,-39311.0,-119897.0,9563.1,50.958826097391416,4.056396484375,31375.0,0.8087535860256927,473.7699863857988,1664.0,202.7221953433181,1.213042332638822,VLG49VA_328,real,61234.1421201706,0.0,True
64547.13679678843,976.0,-40245.0,-122080.0,9646.92,50.939117431640625,4.043339909733953,31650.0,0.8065783817747647,471.9258416319242,1472.0,202.81598665473,1.158979623091204,VLG49VA_328,real,58369.64482706666,0.0,True
64504.596479754415,1016.0,-44065.0,-130954.0,9890.76,50.85897154727224,3.990020751953125,32450.0,0.8071831573644932,470.6166167912051,1600.0,202.75097634278765,1.1802075792558335,VLG49VA_328,real,59534.25393708246,0.0,True
64480.578648211165,1036.0,-45944.0,-135314.0,10081.26,50.81958835407839,3.9638519287109375,33075.0,0.8008310977896653,465.62001675185746,1792.0,202.87543669541893,1.2193668321938458,VLG49VA_328,real,61418.288763880984,0.0,True
64442.013776193584,1076.0,-49757.0,-144172.0,10309.86,50.739565057269594,3.9109039306640625,33825.0,0.8060315904179679,467.07708143303284,1216.0,202.6670452564749,1.0592717902176263,VLG49VA_328,real,53528.4006175144,0.0,True
64421.59913545933,1096.0,-51614.0,-148483.0,10431.78,50.7006008342161,3.88519287109375,34225.0,0.8058847771457672,466.1544808322666,1152.0,202.71441235316723,1.0364356065068439,VLG49VA_328,real,52445.79676172964,0.0,True
76339.01664412879,0.0,91389.89366943865,29049.35186558648,30.480000001216833,52.32860183713752,4.708839893244439,100.0,0.3,198.3755,2490.0,3.1752,2.00876238365136,EIN84X_1589,fuel,133608.0569886258,0.17684772614135458,False
76291.49908541897,23.6348,91522.24888167546,31435.263000490846,329.4493963919039,52.35003233946218,4.711440166334854,1081.0,0.350703,231.1189,2774.0,3.1752,1.9759269362497975,EIN84X_1589,fuel,127506.76841181747,0.1426894414336741,False
76244.77609753209,47.2695,91676.51874499115,34216.22023250841,662.4711293136575,52.37501110751283,4.714474316668804,2173.0,0.405015,265.8997,3000.0,327.723,1.9481281624303626,EIN84X_1589,fuel,122968.69570570788,0.1112180258989473,False
76198.73623768373,70.9043,89964.25013466252,36927.16821276577,1022.6650329335356,52.39967041216433,4.689986142053791,3355.0,0.461319,301.6124,3000.0,292.2708,1.8986590809205892,EIN84X_1589,fuel,115897.23860342945,0.08704206158761349,False
76153.9034833777,94.5391,86593.93201787058,38307.431209662536,1382.8589444248073,52.41262492241069,4.640676453188344,4537.0,0.521801,339.7341,3000.0,256.8187,1.8683124999005685,EIN84X_1589,fuel,112035.21273560134,0.06391919278643796,False
76109.83279889709,118.1739,82595.69615231593,37371.02749767192,1743.0528602982083,52.40482348333234,4.581504225417676,5719.0,0.583574,378.3571,3000.0,249.6385,1.8584822454805703,EIN84X_1589,fuel,110846.51574726995,0.047160427163314554,False
76066.0387067995,141.8086,78305.10726947935,35778.65693278543,2103.2467769824852,52.39113611653539,4.517890637418068,6900.0,0.5957,384.582,3000.0,249.6636,1.8491728056616272,EIN84X_1589,fuel,109746.03076501003,0.033487658216124816,False
76022.46821436755,165.4434,73942.87159191824,34161.86358210654,2463.440692955637,52.37720471621899,4.453255747010293,8082.0,0.608144,390.9378,3000.0,249.6444,1.8397131464053005,EIN84X_1589,fuel,108651.49481362346,0.02124325787195708,False
75979.12465629618,189.0782,69508.75160939843,32516.742636146606,2823.6346081569986,52.362992504774596,4.387597225669487,9264.0,0.620915,397.4269,3000.0,249.6508,1.8301130323046733,EIN84X_1589,fuel,107563.79409380566,0.016538121087651687,False
75936.01133964233,212.713,65000.509540010826,30844.69478603045,3183.828522516842,52.34851061595634,4.320884583906011,10446.0,0.634023,404.052,3000.0,249.5937,1.8203733985233812,EIN84X_1589,fuel,106482.76253519481,0.013653646057559483,False
75893.13154481832,236.3477,60418.48841166939,29140.08132118613,3544.022435954628,52.333706498943535,4.2531240461434106,11627.0,0.647476,410.8154,3000.0,249.5645,1.8105049860046487,EIN84X_1589,fuel,105409.29317157409,0.012239554011005297,False
75850.48852661149,259.9825,55760.33418177182,27404.443233665377,3904.216348377695,52.318592423919,4.184283705811388,12809.0,0.661284,417.7198,3000.0,249.5219,1.8004888817846953,EIN84X_1589,fuel,104341.06835668941,0.0108652272738954,False
75808.0855152006,283.6173,51024.89795513223,25635.99455355424,4264.410259678301,52.303150524590706,4.114348879208492,13991.0,0.675457,424.7677,3000.0,249.4897,1.7903355655882653,EIN84X_1589,fuel,103278.98295642147,0.009799382498948492,False
75765.92571712847,307.252,46210.272560453544,23834.897609663036,4624.604169730216,52.28738045091457,4.0432941773126725,15173.0,0.690005,431.9613,3000.0,249.4956,1.7800456069613235,EIN84X_1589,fuel,102222.84890437493,0.008940648510695882,False
75724.01231618422,330.8868,41313.6277007745,22003.69317208543,4984.798078384431,52.2713032155229,3.971081017882096,16354.0,0.704938,439.3033,3000.0,249.5271,1.7696305656508269,EIN84X_1589,fuel,101173.58092100648,0.008031648003915962,False
75682.34847414236,354.5216,36332.450753934296,20143.99092296615,5344.991985463291,52.25493130587166,3.8976753448468444,17536.0,0.720265,446.7959,3000.0,249.5648,1.7590694533462987,EIN84X_1589,fuel,100128.82967076896,0.007282538162983358,False
75640.93733130264,378.1564,31264.79879346861,18255.80053647114,5705.1858907527,52.238262664547904,3.823051326696839,18718.0,0.735998,454.4414,3000.0,249.6016,1.7483734350138682,EIN84X_1589,fuel,99089.50071980717,0.006593478059506763,False
75599.7820067654,401.7911,26108.929836743755,16338.515409980057,6065.3797939914775,52.221289576160636,3.747186126255545,19900.0,0.752147,462.2421,3000.0,249.628,1.7375430421856746,EIN84X_1589,fuel,98055.42387208366,0.0059652736643451935,False
75558.88559777435,425.4259,20863.40423085005,14390.637299536225,6425.5736948565755,52.2039961938298,3.6700614162134726,21081.0,0.768723,470.2001,3000.0,249.6522,1.7265904241157282,EIN84X_1589,fuel,97032.5518737792,0.0,False
75518.24957997665,449.0607,15526.486910396297,12411.38600479549,6785.767592973689,52.18637304426586,3.5916547508767698,22263.0,0.785736,478.3176,3000.0,249.6818,1.7154929854297243,EIN84X_1589,fuel,96075.45037817763,0.0,False
75477.85946198815,472.6954,10096.156825534808,10400.680785878632,7145.961477352171,52.168416843767325,3.5119396595777657,23445.0,0.802349,486.0819,3000.0,249.7193,1.704059441941123,EIN84X_1589,fuel,95306.71661904249,0.0,False
75437.66647835182,496.3302,4576.133330549774,8360.878493637909,7506.155366287332,52.150146060573164,3.430973950177509,24626.0,0.8155,491.6504,3000.0,249.7383,1.691617649597475,EIN84X_1589,fuel,94715.28038465977,0.0,False
75397.62155733918,519.965,-1007.9081746923564,6299.517642347658,7866.349257061629,52.13162589882481,3.349136893602538,25808.0,0.82,491.9398,3000.0,249.7503,1.6774283253215878,EIN84X_1589,fuel,93801.81650925719,0.0,False
75357.80656661795,543.5998,-6595.546748532941,4238.163617795088,8226.54314534881,52.113049124873086,3.2673152790283226,26990.0,0.82,489.5041,3000.0,249.7708,1.6632777358880027,EIN84X_1589,fuel,92687.76195483239,0.0,False
75318.2769318921,567.2345,-12156.0137755735,2189.092312321034,8586.737030221311,52.09452682810854,3.1859592667225987,28172.0,0.82,487.0562,2780.0,249.7938,1.6102274845020008,EIN84X_1589,fuel,88431.45196213108,0.0,False
75279.92481874143,590.8693,-17691.72299539827,151.66313650086394,8920.572985413779,52.07605410115329,3.1050325380763804,29267.0,0.82,484.7764,2497.0,249.8225,1.5432432362279689,EIN84X_1589,fuel,83392.03575375184,0.0,False
75243.0734588355,614.5041,-23205.38099935513,-1874.5138328213377,9220.356589643436,52.05762815221081,3.024494597830866,30251.0,0.819999,482.7197,2213.0,249.8291,1.4733972638309496,EIN84X_1589,fuel,78480.42136726467,0.0,False
75207.7826460274,638.1389,-28698.600431780585,-3892.4534496515366,9486.087816514588,52.03922252448307,2.9443212686933444,31122.0,0.818528,480.0268,1930.0,249.8311,1.4011066894006063,EIN84X_1589,fuel,73585.15205784884,0.0,False
75174.1520276913,661.7736,-34163.80571837319,-5899.888622603688,9717.76665797557,52.02085876178054,2.8646223547112464,31882.0,0.815349,476.57,1646.0,249.8328,1.3259012917930806,EIN84X_1589,fuel,68635.89675000345,0.0,False
75142.2938024821,685.4084,-39592.115347939005,-7893.5869980205225,9915.393110908448,52.002567474248394,2.7855262963694356,32531.0,0.812029,473.2723,1362.0,249.8474,1.248142214918508,EIN84X_1589,fuel,63751.93222465351,0.0,False
75112.27882443857,709.0432,-44985.62019084449,-9872.949245264383,10078.967174637555,51.98435503906432,2.707001248658664,33067.0,0.808597,470.1512,1079.0,249.8357,1.1681266444077503,EIN84X_1589,fuel,58932.75278642941,0.0,False
75084.17683149026,732.6779,-50345.25423626712,-11841.117914855868,10208.488850449046,51.966194197822105,2.629032822133546,33492.0,0.804995,467.1708,795.0,249.8266,1.085319173663991,EIN84X_1589,fuel,54128.48583208644,0.0,False
75058.05801459936,756.3127,-55672.533975876846,-13798.36250682046,10303.958142218438,51.94808342589158,2.551597882364491,33806.0,0.801221,464.3296,512.0,249.8093,1.0003072083850073,EIN84X_1589,fuel,49359.33891328678,0.0,False
75033.99014054905,779.9475,-60968.581602673534,-15745.955325025048,10365.375059256756,51.93001215804654,2.474679279813416,34007.0,0.797154,461.5558,228.0,249.7889,0.9125636136459067,EIN84X_1589,fuel,44579.81894913981,0.0,False
75012.04019253752,803.5823,-66233.872055337,-17684.36834876244,10392.739631689366,51.911977053318154,2.3982692522932014,34097.0,0.793639,459.3353,0.0,249.7899,0.840279435482525,EIN84X_1589,fuel,40736.904388494,0.0,False
74991.8399146304,827.217,-71474.98660519818,-19613.772508210743,10392.739690136974,51.89397666578928,2.322271038490854,34097.0,0.793665,459.3503,0.0,249.7618,0.8401269334630319,EIN84X_1589,fuel,40729.249106724164,0.0,False
74971.64317258926,850.8518,-76715.32626019047,-21545.807254584288,10392.739748004957,51.87590384721199,2.2463456286394647,34097.0,0.793663,459.3495,0.0,249.7456,0.8399623862508773,EIN84X_1589,fuel,40720.01781021798,0.0,False
74951.45069414173,874.4866,-81955.1085977014,-23479.325123599057,10392.73980505492,51.857768977318116,2.1704897620201553,34097.0,0.793671,459.3537,0.0,249.7391,0.8398017534684165,EIN84X_1589,fuel,40711.29156195504,0.0,False
74931.26224585327,898.1214,-87194.7217176091,-25413.44938840368,10392.73986133108,51.83957996588776,2.0946977000213685,34097.0,0.793657,459.3456,0.0,249.7378,0.8396317315987147,EIN84X_1589,fuel,40701.33964187076,0.0,False
74911.07839391663,921.7561,-92434.19882020436,-27347.658512141683,10392.739917050942,51.82134157298811,2.0189689180577215,34097.0,0.793643,459.3375,0.0,249.7365,0.8394617728446726,EIN84X_1589,fuel,40691.39317432367,0.0,False
76339.01656206738,0.0,91389.89357597384,29049.351768026223,30.480000304534528,52.32860183627591,4.708839891842638,100.0,0.3,198.3755,1790.0,3.1751,1.8353649066765962,EIN84X_1589,pop,108156.03183086493,0.1768477237246072,False
76294.65082703691,24.1479,91525.6825454653,31497.1633899577,250.0302594084984,52.3505883344,4.711507660731013,820.0,0.375792,247.8769,1841.0,3.1751,1.6983891053411346,EIN84X_1589,pop,94457.57620458605,0.1629530997158906,False
76253.63910078873,48.2957,91695.5645728105,34559.55647276981,475.85588734915143,52.378094973680604,4.7148491573607085,1561.0,0.453484,298.3559,1551.0,326.9533,1.5428682934204112,EIN84X_1589,pop,81838.32666048864,0.14105573145133374,False
76216.43839638853,72.4436,89679.2417355122,37658.89173219996,666.1345385631134,52.40629644086972,4.685982908452763,2185.0,0.531818,349.1338,1841.0,295.0256,1.6429361937061688,EIN84X_1589,pop,89687.76035260093,0.10811632974752824,False
76176.88035388998,96.5915,85759.63614803327,39488.762542340795,891.9601665168731,52.423378412164006,4.628682016627368,2926.0,0.556137,364.1534,2131.0,286.6879,1.7153161727154265,EIN84X_1589,pop,95987.26318096755,0.07412589989306069,False
76135.59337680152,120.7393,81440.13506289759,40783.680420038676,1153.3327712134196,52.43568242453908,4.565307109093229,3784.0,0.564386,368.4412,2420.0,278.6155,1.7690865586684068,EIN84X_1589,pop,101119.30064366199,0.046832560051445364,False
76093.00742318129,144.8872,76932.03549215432,41466.71246456731,1450.2523526531747,52.442477292566856,4.498972871552789,4758.0,0.573946,373.3915,2710.0,271.9614,1.816218955980146,EIN84X_1589,pop,106028.23646168254,0.027637559045997507,False
76049.28594549648,169.0351,72317.09500670151,41624.75866947381,1782.7189108355842,52.44452864877351,4.430927727591719,5849.0,0.584894,379.0363,3000.0,266.7989,1.8569977020731991,EIN84X_1589,pop,110669.41893743727,0.015300149574664678,False
76004.58046954488,193.183,67640.28275715403,41363.191785737166,2150.732445756411,52.44277550906553,4.361878136447192,7056.0,0.597322,385.4124,3000.0,262.7677,1.8474607601305968,EIN84X_1589,pop,109546.20575364053,0.012435555401554624,False
75960.10902111289,217.3308,62914.87782053844,40763.52469420059,2518.745980687181,52.437947568240716,4.292053311450055,8264.0,0.610084,391.9254,3000.0,259.6747,1.8377674543931122,EIN84X_1589,pop,108429.20916050725,0.010364274436762026,False
75915.87514911567,241.4787,58149.14983972052,39895.2738779884,2886.75951561798,52.43066768473144,4.221602155320203,9471.0,0.623188,398.5781,3000.0,256.9946,1.8279372934481521,EIN84X_1589,pop,107320.38236105352,0.009108824261121425,False
75871.88237247386,265.6266,53348.7590664973,38786.53681819329,3254.7730505487493,52.42118683871989,4.150624623702628,10678.0,0.636645,405.3731,3000.0,254.7137,1.8179620469205715,EIN84X_1589,pop,106218.4742554125,0.008234087941796595,False
75828.1341812229,289.7744,48514.93002582998,37465.39457398117,3622.7865854794354,52.40975647658482,4.0791537479284,11886.0,0.650465,412.3131,3000.0,252.7518,1.8078325375259952,EIN84X_1589,pop,105122.22189001448,0.007467364869118516,False
75784.63403765362,313.9223,43646.896681720325,35954.000574658414,3990.8001204100074,52.39657496098172,4.007190918736758,13093.0,0.664658,419.4008,3000.0,251.0094,1.7975694375016165,EIN84X_1589,pop,104033.58652611382,0.006864907208811232,False
75741.38537744046,338.0702,38743.894257767985,34266.66452992068,4358.8136553404465,52.38177010499152,3.934735455757804,14301.0,0.679234,426.6389,3000.0,249.3461,1.7871531939326513,EIN84X_1589,pop,102950.22511062323,0.006347217101887816,False
75698.39161070836,362.218,33807.88975936046,32406.04390650544,4726.827190270722,52.36536474826966,3.861824998998617,15508.0,0.694204,434.0298,3000.0,247.851,1.776605174931964,EIN84X_1589,pop,101874.09805986995,0.00587400680918717,False
75655.65612298249,386.3659,28837.17760642069,30382.689018403336,5094.840725200816,52.3474529825747,3.788443691516339,16715.0,0.709578,441.5763,3000.0,246.5821,1.765915817814948,EIN84X_1589,pop,100803.94393095856,0.0054871347464985915,False
75613.18227595922,410.5138,23826.580710282837,28212.54628871937,5462.854260130707,52.32817752489912,3.714524467427712,17923.0,0.725368,449.2807,3000.0,245.5076,1.7550744785449066,EIN84X_1589,pop,99738.47962736414,0.005120876022176497,False
75570.97340802934,434.6617,18770.585642278493,25909.21155536127,5830.867795060362,52.30765978216581,3.6399944362508454,19130.0,0.741585,457.1456,3000.0,244.5679,1.7441038380674916,EIN84X_1589,pop,98679.6933400176,0.004775841366552113,False
75529.03283447756,458.8095,13664.949504452507,23481.375492606,6198.88132998973,52.28597681613242,3.564798597622683,20338.0,0.758241,465.1732,3000.0,244.0906,1.7329818655803193,EIN84X_1589,pop,97625.37467789702,0.0029858773544453633,False
75487.36377978002,482.9574,8490.167249285407,20967.586687929997,6566.894864917277,52.26347428385342,3.4886581252271576,21545.0,0.775345,473.3659,3000.0,244.1295,1.7217320500083593,EIN84X_1589,pop,96594.6250097503,0.0,False
75445.96423744356,507.1053,3222.2694613549115,18412.981616489542,6934.908399843169,52.24055636891462,3.411226980037546,22752.0,0.792911,481.7258,3000.0,244.2018,1.710343501714445,EIN84X_1589,pop,95685.025554618,0.0,False
75404.80424973027,531.2531,-2142.1732093607047,15819.920187213613,7302.921934766815,52.21724168381922,3.3324588733824405,23960.0,0.808494,488.7703,3000.0,244.2643,1.698221960211803,EIN84X_1589,pop,94979.49216388108,0.0,False
75363.8274887167,555.401,-7588.089011119278,13194.799502549273,7670.9354696912915,52.193585227881776,3.2525788899368773,25167.0,0.82,493.2563,3000.0,244.3053,1.685016854570463,EIN84X_1589,pop,94411.01317609916,0.0,False
75322.9941202446,579.5489,-13085.927996739345,10549.49854852395,8038.949004615424,52.1696922192137,3.1720233754974965,26375.0,0.82,490.7743,3000.0,244.329,1.6699451308961373,EIN84X_1589,pop,93201.08486820069,0.0,False
75282.47568418148,603.6967,-18556.947993803144,7919.884095012967,8406.96253953868,52.145886437629336,3.091946580409125,27582.0,0.82,488.2796,2920.0,244.3474,1.6418442800519661,EIN84X_1589,pop,90940.88356690871,0.0,False
75242.57273331434,627.8446,-24001.651726875145,5305.071187855392,8765.22263788242,52.12216081408516,3.0123398295747155,28757.0,0.82,485.8387,2631.0,244.3701,1.5747601645543992,EIN84X_1589,pop,85713.825489677,0.0,False
75204.20615590987,651.9925,-29423.104919436664,2704.0653470462357,9087.935759493625,52.09850712484523,2.933157015127969,29816.0,0.82,483.6295,2341.0,244.3981,1.5046492331544177,EIN84X_1589,pop,80634.6640937432,0.0,False
75167.4403472765,676.1403,-34823.9837850921,116.17930339708684,9375.101904366185,52.07491980431074,2.8543578651992267,30758.0,0.82,481.6551,2051.0,244.428,1.4318439403950027,EIN84X_1589,pop,75690.6542435455,0.0,False
75132.33818372175,700.2882,-40206.83373524412,-2459.6207053234107,9626.721072498196,52.051390070050275,2.7759041959605617,31584.0,0.817035,478.1831,1761.0,244.4563,1.3561299084362748,EIN84X_1589,pop,70619.46147762782,0.0,False
75099.04911180788,724.4361,-45554.64540309801,-5015.4033278511,9842.793263888852,52.027991270089466,2.6980425829546175,32293.0,0.813757,474.7799,1472.0,244.4799,1.278013059928695,EIN84X_1589,pop,65627.59750165677,0.0,False
75067.65314088465,748.584,-50867.79286706129,-7551.928828323922,10023.318478537863,52.00471763635057,2.620765944588976,32885.0,0.810386,471.5741,1182.0,244.4972,1.1970359981196466,EIN84X_1589,pop,60680.55609838103,0.0,False
75038.2240407141,772.7318,-56148.01752216843,-10070.784544448017,10168.296716445304,51.98155580004784,2.5440474418793353,33361.0,0.806823,468.5071,892.0,244.509,1.113428169385444,EIN84X_1589,pop,55769.298463623876,0.0,False
75010.83747596043,796.8797,-61396.445381101286,-12573.143139871507,10277.727977611594,51.958496114496754,2.4678693021622333,33720.0,0.803056,465.5725,602.0,244.5188,1.0272253875304282,EIN84X_1589,pop,50880.704521702675,0.0,False
74985.56722084452,821.0276,-66614.27769196524,-15059.81489100783,10351.612262037726,51.93553213181834,2.392212699140078,33962.0,0.799046,462.7448,313.0,244.529,0.9387751108719491,EIN84X_1589,pop,46019.134030400375,0.0,False
74962.48438754216,845.1754,-71802.52406777143,-17531.254463110145,10389.949569725955,51.91266057374632,2.3170616186362163,34088.0,0.794698,459.9672,23.0,244.5401,0.8475468288807766,EIN84X_1589,pop,41142.643435152764,0.0,False
74941.65686003579,869.3233,-76961.57031819246,-19987.56106515293,10392.739900683418,51.88988139965854,2.2424091203440346,34097.0,0.794348,459.7455,-0.0,244.5515,0.8400246574922515,EIN84X_1589,pop,40746.413306256785,0.0,False
74921.01359759613,893.4712,-82118.72348441054,-22441.71130220252,10392.739900457264,51.86707477426647,2.167859337730268,34097.0,0.794363,459.7544,-0.0,244.5616,0.8398643946437966,EIN84X_1589,pop,40737.969530680675,0.0,False
74900.37431620629,917.619,-87276.41060154494,-24894.998430608706,10392.739900230918,51.844228825202535,2.0933771533956924,34097.0,0.794338,459.7401,-0.0,244.5677,0.8396862166565987,EIN84X_1589,pop,40727.16693186813,0.0,False
74879.74013478564,941.7669,-92434.198726764,-27347.658414669862,10392.73990000437,51.82134157388005,2.0189689193907876,34097.0,0.794314,459.7258,-0.0,244.5738,0.8395080995370451,EIN84X_1589,pop,40716.37097091877,0.0,False
,0.0,6306.0,32624.0,0.0,52.33272171020508,4.709186553955078,0.0,0.0,0.0,0.0,0.0,,EIN84X_1589,real,,0.1926134666543039,False
77053.55157319654,26.0,6407.0,34306.0,-45.72,52.34785176939883,4.7107020786830365,-150.0,0.21348237158742475,141.28694207179942,2816.0,3.6522227803063356,1.8887816769500743,EIN84X_1589,real,206419.9326416907,0.24321303222933394,False
77011.5786467805,56.0,6533.0,36421.0,365.76,52.36688232421875,4.7126007080078125,1200.0,0.20369456536773053,134.18271125595876,2496.0,2.9903449751653746,1.8887814715447038,EIN84X_1589,real,204368.36142686158,0.15184089699720774,False
76951.52006916374,86.0,6662.0,38817.0,571.5,52.38844532077595,4.7145472935267865,1875.0,0.2684239279715178,176.40861656959956,1216.0,3.90049374238189,1.737606203524149,EIN84X_1589,real,99268.34762503723,0.12658669368874959,False
76918.32239647704,106.0,6792.0,40832.0,617.22,52.40657043457031,4.71649169921875,2025.0,0.3327756201603383,218.58636736997119,1152.0,4.197668357160926,1.5318633629661897,EIN84X_1589,real,79962.10623483761,0.10611603234409903,False
76858.77053244333,136.0,6159.0,44477.0,990.6,52.439373468948624,4.707249232700893,3250.0,0.41727528060258845,272.9175699730598,3776.0000000000005,326.65929265352304,1.8819953447535946,EIN84X_1589,real,142535.7143288495,0.06793431969533874,False
76816.99019681363,166.0,2780.0,47152.0,1600.2,52.463470458984375,4.6575164794921875,5250.0,0.44465328722381225,288.77153599342165,3776.0000000000005,292.3909272498943,1.8779298137044873,EIN84X_1589,real,137490.2401961832,0.04597070159034068,False
76758.01525778326,196.0,-1896.0,47528.0,2004.0600000000002,52.46685791015625,4.588623046875,6575.0,0.49362449317085594,319.0564213426835,2624.0,268.92246349024146,1.7728778473018378,EIN84X_1589,real,104263.50212023799,0.032921369059466056,False
76717.54992401942,216.0,-5089.0,46840.0,2308.86,52.460647841631356,4.541591099330358,7575.0,0.5083057909735813,327.3606573795941,3136.0,243.51322169706094,1.8259350359409914,EIN84X_1589,real,114508.77713171286,0.026842812441714554,False
76656.62311542738,256.0,-10238.0,42641.0,2964.1800000000003,52.422800872285485,4.465863909040179,9725.0,0.5201444334706011,332.3627536292236,3456.0,234.92324368449732,1.844581434867873,EIN84X_1589,real,119768.04624495652,0.019555307826199197,False
76622.08850831562,276.0,-13091.0,40620.0,3238.5,52.40455239506091,4.4239589146205365,10625.0,0.5381063541191202,342.6981178821967,960.0,234.50119315152813,1.284388728789396,EIN84X_1589,real,64423.15957723535,0.01631393386250205,False
76573.11205697866,306.0,-17631.0,37406.0,3436.6200000000003,52.375503798662606,4.357334681919643,11275.0,0.592655937176588,376.52755543253403,3136.0,234.62152587845276,1.7991667823447024,EIN84X_1589,real,108762.084534527,0.014267905697580517,False
76533.47587783988,326.0,-20782.0,35153.0,3749.04,52.35511779785156,4.3111419677734375,12300.0,0.5954844233818621,376.87663764154973,2752.0,234.28559303527555,1.7463169432233552,EIN84X_1589,real,100427.10182573565,0.01307006039751027,False
76475.83514147511,366.0,-27174.0,30651.0,4373.88,52.31433415817002,4.217572893415179,14350.0,0.6053054054584789,380.13155617496426,2368.0,234.63753811293094,1.6670843176606636,EIN84X_1589,real,91367.59202613853,0.011670861874384927,False
76420.09618914894,396.0,-32001.0,27235.0,4724.400000000001,52.28334045410156,4.14703369140625,15500.000000000002,0.6222936511481232,389.08225351460067,2496.0,234.3082556490843,1.6820106524198373,EIN84X_1589,real,92880.70705631317,0.01111566662345235,False
76383.15224922216,416.0,-35304.0,24897.0,5006.34,52.26210021972656,4.09881591796875,16425.0,0.629001051797561,391.87370414458786,2240.0,234.24136657430893,1.624131782544063,EIN84X_1589,real,87358.20445662849,0.010507621558768696,False
76330.00299346105,456.0,-41961.0,20179.0,5425.4400000000005,52.219181384070446,4.00177001953125,17800.0,0.6565814950325741,406.87098692337355,2240.0,234.20040046907033,1.6133742725017932,EIN84X_1589,real,86421.47385148527,0.009433258240207259,False
76293.82089550872,476.0,-45379.0,17762.0,5661.66,52.197162175582626,3.9520176478794644,18575.0,0.6657299308504211,411.2857887163134,2368.0,234.30037866099906,1.6329367410676203,EIN84X_1589,real,88143.76246980531,0.008866249847843392,False
76239.51165496591,506.0,-50590.0,14087.0,6035.04,52.16363525390625,3.8762664794921875,19800.0,0.6735079110376813,414.07728747179556,2240.0,234.23712939983676,1.5956742442987308,EIN84X_1589,real,84928.61121500947,0.00793338116746505,False
76205.44776983539,526.0,-54079.0,11626.0,6240.780000000001,52.14115905761719,3.8256072998046875,20475.0,0.6834774764022897,419.0763653560052,1920.0,234.22392228210535,1.5163057774400028,EIN84X_1589,real,78841.84791422583,0.003907506254416833,False
76155.84030655884,566.0,-61141.0,6666.0,6637.02,52.095794677734375,3.7232208251953125,21775.0,0.6988751109813058,426.28277000132204,1536.0,234.25920194260476,1.4038263531657442,EIN84X_1589,real,71392.29605062585,0.0,False
76124.67244636796,586.0,-64777.0,4117.0,6789.42,52.07244873046875,3.6705780029296875,22275.0,0.7130911141707036,434.07372645669307,1600.0,234.1861261601535,1.4198160879888122,EIN84X_1589,real,72388.91125688264,0.0,False
76075.31989369271,616.0,-70271.0,264.0,7063.740000000001,52.037109375,3.591156005859375,23175.0,0.7262555965553814,440.4690681534857,1984.0,234.1447716537843,1.508981186302832,EIN84X_1589,real,78320.97080308915,0.0,False
76041.42737175214,636.0,-73986.0,-2345.0,7277.1,52.013141179488876,3.537519182477679,23875.0,0.7293133221300259,441.0555520566542,1984.0,234.03948280335513,1.5013673513129842,EIN84X_1589,real,77785.39189959815,0.0,False
75995.69963842591,676.0,-81395.0,-7538.0,7650.4800000000005,51.96537858348781,3.4307163783482144,25100.0,0.7413246323979152,446.0549293528769,1216.0,234.02928963863204,1.2825887105565006,EIN84X_1589,real,64323.82923955248,0.0,False
75965.78624983714,696.0,-85154.0,-10177.0,7780.02,51.941070556640625,3.376617431640625,25525.0,0.7523085280171101,451.8639175681103,1536.0,234.09381828799212,1.37214819123268,EIN84X_1589,real,69468.74004147892,0.0,False
75919.08458257785,726.0,-91217.0,-13901.0,8023.860000000001,51.90660095214844,3.289337158203125,26325.0,0.7637392233789515,457.19689412768327,1792.0,240.51936757599242,1.4318299387615179,EIN84X_1589,real,73163.91730820342,0.0,False
75870.65341036067,766.0,-99717.0,-17722.0,8420.1,51.870758056640625,3.16680908203125,27625.0,0.7632537877031406,454.4062059435368,1792.0,248.573220431109,1.416342246892342,EIN84X_1589,real,72191.33413389314,0.0,False
75841.79341537147,786.0,-104109.0,-19179.0,8572.5,51.856842041015625,3.1034149994721285,28125.0,0.7681756462460149,456.36498551050124,1280.0,252.39881863221441,1.2701697327598425,EIN84X_1589,real,63682.285041692056,0.0,False
75800.6098247354,816.0,-110950.0,-20793.0,8755.380000000001,51.84100341796875,3.0045380463471285,28725.000000000004,0.7784214396464114,461.2678180840281,1152.0,258.49518467374116,1.2278608398509316,EIN84X_1589,real,61478.39279350496,0.0,False
75773.59121996973,836.0,-115692.0,-21454.0,8869.68,51.83409118652344,2.9358734955658785,29100.0,0.7837920723602145,463.7035691042285,1152.0,263.8099040228225,1.2247315407682398,EIN84X_1589,real,61386.921562223026,0.0,False
75732.35062123534,876.0,-125251.0,-21512.0,9121.140000000001,51.83149434752383,2.797088623046875,29925.000000000004,0.7923248068411717,467.0867157177562,1216.0,268.8959353543741,1.235644691556994,EIN84X_1589,real,62164.39826115243,0.0,False
75705.36592820418,896.0,-130053.0,-21488.0,9235.44,51.83061218261719,2.72735595703125,30300.0,0.7970459220960975,469.106597693957,1152.0,268.77852667030226,1.213388616617632,EIN84X_1589,real,61131.83613565159,0.0,False
75667.1751383477,926.0,-137189.0,-21450.0,9387.84,51.82923889160156,2.6237281593116553,30800.0,0.80896244642779,475.0852555068406,704.0,268.9145256402618,1.0748139808612889,EIN84X_1589,real,54609.33144274616,0.0,False
75639.54676446633,956.0,-144674.0,-21377.0,9578.34,51.8280029296875,2.5150299072265625,31425.0,0.814590890527264,477.08489810514857,1472.0,268.9190758133393,1.2951630194541706,EIN84X_1589,real,66480.04413680987,0.0,False
75597.3359116391,986.0,-151993.0,-21300.0,9791.7,51.826746019266416,2.40875244140625,32125.0,0.8171030243865169,477.08489810514857,1408.0,268.9190758133393,1.269628508989864,EIN84X_1589,real,65336.642725612444,0.0,False
75570.84461216645,1006.0,-156910.0,-21247.0,9913.62,51.82586152674788,2.33734130859375,32525.0,0.8185831699593592,477.104810288054,1024.0,268.7990065448664,1.1536847479058072,EIN84X_1589,real,59392.166102650386,0.0,False
75531.65038023081,1036.0,-164226.0,-21171.0,10081.26,51.824432373046875,2.2311153927364864,33075.0,0.8240608597515424,479.12628815376013,1152.0,268.68446175848305,1.1865371896137176,EIN84X_1589,real,61647.3978519982,0.0,False
75501.11556766418,1066.0,-171549.0,-21093.0,10332.720000000001,51.82292873576536,2.124786376953125,33900.0,0.8184736831807162,474.12761995057826,1856.0,268.6705897268427,1.3729288278287748,EIN84X_1589,real,71647.9461109551,0.0,False
75465.13536154757,1096.0,-178838.0,-21014.0,10492.74,51.821345959679554,2.0189666748046875,34425.0,0.8238664533358466,476.12708387572326,384.0,268.67617349235377,0.9312881971506154,EIN84X_1589,real,49404.49856953942,0.0,False
60247.748375836796,0.0,-37671.68291648507,100736.57387606445,30.480000304261747,52.321298671245195,4.779952313842576,100.0,0.3,198.3755,2500.0,183.0038,1.798986076641101,EJU13CB_1081,fuel,104182.57558288063,0.17462789464287523,True
60202.763779519046,24.986,-37804.0373491199,98214.26718451918,347.802490893377,52.29860676139578,4.778288880600784,1141.0,0.380426,250.6548,2800.0,183.0038,1.7341327679599035,EJU13CB_1081,fuel,97733.48515420142,0.09050427808039611,True
60159.46924642693,49.972,-37971.50806127905,95022.74205379492,703.1823966136378,52.26989420271216,4.776186452265183,2307.0,0.46452,304.8235,3000.0,158.1213,1.7176290976876853,EJU13CB_1081,fuel,96199.2381807203,0.062173307454774965,True
60116.67107800113,74.9581,-36521.4777445779,91411.80860743458,1083.9693853203207,52.2375191327775,4.797886301117925,3556.0,0.552302,360.8423,3000.0,158.1251,1.719471785114422,EJU13CB_1081,fuel,96368.64109215992,0.047710369312983655,True
60073.913338366205,99.9441,-34802.9725458876,87131.48288112051,1464.7563740271482,52.1991372295548,4.82356303013407,4806.0,0.574418,373.6355,3000.0,158.1313,1.7142247111713753,EJU13CB_1081,fuel,95887.48538288602,0.03857264429687363,True
60031.30061610234,124.9301,-33023.6571185768,82698.2936603899,1845.5433627339648,52.159378693649266,4.850101789969213,6055.0,0.586993,380.1152,3000.0,158.1402,1.7035748780383388,EJU13CB_1081,fuel,94922.24318460599,0.034370277492917975,True
59988.95859911642,149.9161,-31214.025911202745,78187.55555930901,2226.330351440747,52.11891852294371,4.877044309184173,7304.0,0.599916,386.7391,3000.0,158.1515,1.6928130065657272,EJU13CB_1081,fuel,93961.72459402063,0.03298265899752492,True
59946.89007669295,174.9022,-29373.611880300767,73597.47256717432,2607.117340147492,52.077740302003136,4.904395236670392,8554.0,0.613199,393.5101,3000.0,158.1635,1.681924940875195,EJU13CB_1081,fuel,93004.50368627603,0.033280107840904426,True
59905.09784789961,199.8882,-27501.805346370245,68926.26474055456,2987.904328854196,52.03582775719427,4.932161211899203,9803.0,0.626851,400.4313,3000.0,158.1749,1.6709365754546024,EJU13CB_1081,fuel,92052.67773846933,0.03252689409385634,True
59863.58472615633,224.8742,-25597.87788123586,64172.158581556505,3368.691317560857,51.99316466644719,4.960350505726031,11052.0,0.640884,407.5058,3000.0,158.1874,1.6598338086701476,EJU13CB_1081,fuel,91104.82981139352,0.029655448854156115,True
59822.35354380775,249.8602,-23661.231135130372,59333.287509673995,3749.47830626747,51.9497339513236,4.988969386624173,12301.0,0.655308,414.7363,3000.0,158.2043,1.6486151676236735,EJU13CB_1081,fuel,90160.67478835653,0.027090164840211726,True
59781.40715665159,274.8462,-21691.541653431294,54407.63437213201,4130.265294974029,51.90551715642972,5.018020017801959,13551.0,0.670136,422.126,3000.0,158.2258,1.6372650362976078,EJU13CB_1081,fuel,89218.774275805,0.02413407716762585,True
59740.748448368635,299.8323,-19688.50219531968,49393.135618811626,4511.052283680532,51.860495400181456,5.047504231644731,14800.0,0.685378,429.6776,3000.0,158.2489,1.6258102448378504,EJU13CB_1081,fuel,88281.2152401068,0.022956580007768325,True
59700.3803347931,324.8183,-17651.560633750192,44287.78613888293,4891.839272386972,51.81465032610867,5.077427320962728,16049.0,0.701047,437.3942,3000.0,158.2728,1.6142350355887423,EJU13CB_1081,fuel,87346.55369284336,0.021948923141769005,True
59660.30576795546,349.8043,-15580.080278679541,39089.57563299645,5272.62626109334,51.767963521573286,5.107795694061279,17299.0,0.717154,445.2784,3000.0,158.2984,1.6025220869963885,EJU13CB_1081,fuel,86413.29481244119,0.02175006849126893,True
59620.52773982071,374.7903,-13473.507418756466,33796.42259756158,5653.413249799629,51.72041591828928,5.138614436630201,18548.0,0.733712,453.333,3000.0,158.3252,1.5906994249601452,EJU13CB_1081,fuel,85483.5609493399,0.022448505853443077,True
59581.04928563823,399.7764,-11331.235040716318,28406.229644175728,6034.2002385058295,51.67198829396413,5.169889288291579,19797.0,0.750733,461.5607,3000.0,158.3524,1.5787499000382097,EJU13CB_1081,fuel,84555.87835780894,0.02325537950474257,True
59541.8734868097,424.7624,-9152.58111503752,22916.893147194387,6414.987227211934,51.622661358223404,5.201626950264679,21047.0,0.76823,469.964,3000.0,158.3811,1.5666552169167838,EJU13CB_1081,fuel,83628.99340976891,0.0,True
59503.00335647541,449.7484,-6936.953511520489,17326.239021539168,6795.7742159179215,51.57241517135266,5.233832692129079,22296.0,0.786215,478.5454,3000.0,158.4113,1.5544444080414639,EJU13CB_1081,fuel,82727.30742113273,0.0,True
59464.433691450584,474.7344,-4683.764130646514,11632.05838853577,7176.56120462378,51.52122946734951,5.266511595224525,23545.0,0.804702,487.3073,3000.0,158.4405,1.542099271353697,EJU13CB_1081,fuel,81972.21516697026,0.0,True
59426.116298318564,499.7205,-2392.186038464534,5832.205199770415,7557.348193329528,51.46908453282769,5.29967205534471,24794.0,0.816352,491.8219,3000.0,158.4673,1.525572887525709,EJU13CB_1081,fuel,81056.0164242799,0.0,True
59388.10057166983,524.7065,-82.09754519101126,-22.50184984085694,7938.135182035134,51.41643695689658,5.333023737528179,26044.0,0.817888,490.1894,3000.0,158.4916,1.503995371556777,EJU13CB_1081,fuel,79587.8813744846,0.0,True
59350.57244381595,549.6925,2217.7592549521496,-5858.519880727787,8318.922170740505,51.363948001070526,5.366151193622641,27293.0,0.81927,488.4421,3000.0,158.5146,1.483350952519179,EJU13CB_1081,fuel,78223.46040986212,0.0,True
59313.50392963436,574.6785,4506.991562982629,-11674.415167114672,8699.709159445609,51.31163077517011,5.399050196788619,28542.0,0.82,486.286,3000.0,158.5368,1.4635651343268896,EJU13CB_1081,fuel,76930.54383505421,0.0,True
59276.87607325169,599.6645,6783.77431620437,-17465.26010573148,9080.49614815041,51.25952978531284,5.431695822898395,29792.0,0.819632,483.4637,2821.0,158.5584,1.4134008504558175,EJU13CB_1081,fuel,73575.06815028426,0.0,True
59241.44516328945,624.6506,9045.911756147598,-23225.244868403985,9438.604891545401,51.20769750196564,5.464058082110728,30967.0,0.817308,479.6374,2521.0,158.5803,1.3407392250258103,EJU13CB_1081,fuel,68827.34659991543,0.0,True
59207.79682693267,649.6366,11289.219246499759,-28943.715240579444,9758.656219811515,51.156230033730395,5.496078891138436,32017.0,0.814867,476.0067,2222.0,158.6011,1.2674608734598667,EJU13CB_1081,fuel,64257.761631794405,0.0,True
59175.95709030133,674.6226,13514.697053025026,-34622.78022855604,10040.650132947185,51.105108646071855,5.527774455743867,32942.0,0.81222,472.5215,1922.0,158.6199,1.1931763838580263,EJU13CB_1081,fuel,59808.47483878166,0.0,True
59145.95411778474,699.6086,15723.174657894915,-40263.91597378552,10284.586630951948,51.054320281665,5.559158425043139,33742.0,0.809317,469.1552,1622.0,158.6379,1.1180505990201788,EJU13CB_1081,fuel,55464.33728649953,0.0,True
59117.81761706892,724.5947,17915.249140118456,-45868.32815312284,10490.46571382562,51.00385430689562,5.590241028530271,34418.0,0.806189,465.9266,1322.0,158.6537,1.0420554196182858,EJU13CB_1081,fuel,51205.891562575765,0.0,True
59091.57688714325,749.5807,20091.750371420265,-51437.46421409291,10658.287381568178,50.95369789365602,5.621035717201669,34968.0,0.802704,462.7606,1022.0,158.666,0.9651382823545608,EJU13CB_1081,fuel,47010.418025901534,0.0,True
59067.263791281206,774.5667,22253.363005069354,-56972.01832866051,10788.05163417969,50.9038449785709,5.651553811189596,35394.0,0.798836,459.6427,723.0,158.6777,0.8874777738362978,EJU13CB_1081,fuel,42875.10599220993,0.0,True
59044.90923016275,799.5527,24400.508167618103,-62472.84673613684,10879.75847166042,50.85428803923015,5.681802787989881,35695.0,0.794481,456.5117,423.0,158.6912,0.8085491125658041,EJU13CB_1081,fuel,38760.608272595986,0.0,True
59024.54404527869,824.5387,26533.00885299188,-67939.95411333106,10933.407894010956,50.80502723042068,5.711781611763139,35871.0,0.789415,453.2365,123.0,158.704,0.7284787142507849,EJU13CB_1081,fuel,34661.92635202193,0.0,True
59006.201146983505,849.5248,28650.027255403405,-73370.9435055001,10948.999901233208,50.75608433802353,5.741480034278393,35922.0,0.787049,451.7726,-0.0,158.7143,0.6950355169750428,EJU13CB_1081,fuel,32969.51591493766,0.0,True
58988.70285144798,874.5108,30759.57820719591,-78785.65205816018,10948.999900987168,50.70728073250719,5.771011733234007,35922.0,0.787088,451.7949,-0.0,158.722,0.6949304802756591,EJU13CB_1081,fuel,32964.59628178274,0.0,True
58971.207034751904,899.4968,32868.507521029525,-84200.91062705053,10948.999900740917,50.65846477160886,5.80047314251328,35922.0,0.787028,451.7608,-0.0,158.7268,0.6947676699752023,EJU13CB_1081,fuel,32955.31951764345,0.0,True
58953.71590627093,924.4828,34976.82014903078,-89615.93776153449,10948.99990049448,50.609643517686095,5.829864649958627,35922.0,0.787022,451.757,-0.0,158.7291,0.6946359876620262,EJU13CB_1081,fuel,32948.38919230418,0.0,True
58936.22827206824,949.4689,37084.89692575833,-95031.00540387287,10948.99990024787,50.560814535545646,5.859191874160712,35922.0,0.787011,451.7509,-0.0,158.7313,0.6945020005477393,EJU13CB_1081,fuel,32941.28476672753,0.0,True
58918.74422418202,974.4549,39192.73694203168,-100446.08080858922,10948.999900001108,50.51197815032,5.888455038173493,35922.0,0.787,451.7448,-0.0,158.7335,0.6943680681109415,EJU13CB_1081,fuel,32934.183974067586,0.0,True
60247.74836906872,0.0,-37671.68291651355,100736.57387605483,30.480000304479333,52.3212986712451,4.779952313842158,100.0,0.3,198.3755,2380.0,183.0038,1.7654037988723137,EJU13CB_1081,pop,100753.18083575087,0.17462789464245793,True
60202.12975367167,25.8181,-37808.54686605595,98128.3283578219,342.6790800298211,52.297833613119174,4.778232233769683,1124.0,0.382804,252.2364,2690.0,183.0038,1.7043239443117417,EJU13CB_1081,pop,94989.64792374775,0.09065902077570982,True
60158.166184623275,51.6362,-37982.78199934933,94807.89220899917,695.5125287040472,52.267961304646676,4.7760450132353,2282.0,0.469384,308.0425,3000.0,168.9017,1.7169064594851613,EJU13CB_1081,pop,96132.93142909539,0.06194206561841751,True
60113.97147552466,77.4543,-37200.61821241968,90820.54165856267,1088.9803462996786,52.23215663930305,4.787978628941653,3573.0,0.556837,363.784,3000.0,165.5212,1.721567791982741,EJU13CB_1081,pop,96561.90257697809,0.046441626585031946,True
60069.74717635009,103.2724,-35999.32011646027,86168.35899691148,1482.4481638003242,52.19039939370108,4.806112845999618,4864.0,0.555995,361.5772,3000.0,167.0015,1.7039661567167939,EJU13CB_1081,pop,94957.44334950695,0.038118226665340704,True
60025.96798327737,129.0905,-34925.227002139174,81515.38164204227,1875.9159812988248,52.14862421297647,4.822348803535297,6155.0,0.564141,365.1865,3000.0,164.0051,1.6906623546018154,EJU13CB_1081,pop,93771.51022321473,0.03352151229272959,True
59982.531987567614,154.9086,-33596.17781082298,76878.88614258288,2269.38379879944,52.107010513450696,4.842285600002585,7445.0,0.57784,372.3172,3000.0,163.1638,1.6794927809110891,EJU13CB_1081,pop,92792.61821760151,0.032832804499112904,True
59939.39001104675,180.7267,-32171.771840716123,72171.77915937926,2662.851616296399,52.064763970092606,4.863586728019524,8736.0,0.589748,378.208,3000.0,163.3231,1.6672639128892828,EJU13CB_1081,pop,91737.62512317127,0.032003118600270906,True
59896.56671694078,206.5448,-30738.025240898198,67385.82935806898,3056.319433794741,52.0218050657034,4.884991145196368,10027.0,0.594556,379.4868,3000.0,165.6672,1.6518874075319228,EJU13CB_1081,pop,90434.68791819902,0.029391224449707234,True
59854.13515325642,232.3629,-29497.048916419568,62528.886317646,3449.787251291644,51.97819365429506,4.903546098628177,11318.0,0.60106,381.8055,3000.0,154.047,1.6372283175958044,EJU13CB_1081,pop,89215.74828287569,0.027334612080636846,True
59812.07811161601,258.181,-27289.766349174515,57993.85147924172,3843.255068788515,51.93752240946178,4.93613350553631,12609.0,0.609757,385.4612,3000.0,143.5008,1.6232600479138466,EJU13CB_1081,pop,88074.21215242808,0.026042631503312617,True
59770.37967127388,283.9991,-24260.908579332554,53900.46071345738,4236.722886285353,51.90085026145404,4.980603927256822,13900.0,0.617304,388.3316,3000.0,142.8442,1.6088739785224182,EJU13CB_1081,pop,86917.86508978996,0.024242386978347602,True
59729.048806945284,309.8172,-21162.378356188234,49811.74673043074,4630.190703782206,51.86420611328336,5.026016202272855,15191.0,0.625727,391.6942,3000.0,145.4865,1.5947040281485703,EJU13CB_1081,pop,85797.1332794738,0.02305461591286934,True
59688.08038362639,335.6353,-18230.390886355603,45547.82571614065,5023.658521279047,51.825963472263545,5.068940464380688,16482.0,0.636416,396.4061,3000.0,151.4654,1.5809934059433357,EJU13CB_1081,pop,84729.14949387236,0.021860842821613193,True
59647.46455407259,361.4534,-15728.650498194036,40946.814078905125,5417.12633877586,51.784661816783256,5.105552186389468,17773.0,0.652977,404.6806,3000.0,157.2913,1.5684262752577895,EJU13CB_1081,pop,83763.79219160066,0.021510640543702053,True
59607.177839613134,387.2715,-13664.47361734408,36014.35016266769,5810.594156275485,51.740357510555384,5.135754788445582,19064.0,0.684316,421.9532,3000.0,158.1097,1.5598525545085418,EJU13CB_1081,pop,83112.35224461087,0.021759396134986397,True
59567.13281791324,413.0896,-11585.484779234988,30840.163914354947,6204.061973779313,51.69387193223011,5.1661211927465365,20355.0,0.74039,454.191,3000.0,158.6184,1.5635145315777619,EJU13CB_1081,pop,83389.8959321279,0.014642832674006234,True
59527.03829515918,438.9077,-9396.513619356798,25249.2756993701,6597.529791285288,51.64363291066974,5.198030551480272,21645.0,0.77679,474.0554,3000.0,158.6511,1.5608710136708541,EJU13CB_1081,pop,83193.36740991584,0.0,True
59487.03317777017,464.7258,-7114.800406341055,19411.70111027865,6990.997608774209,51.591167941129214,5.231216856504777,22936.0,0.79563,483.0148,3000.0,158.6629,1.548178702832076,EJU13CB_1081,pop,82312.01143759239,0.0,True
59447.33211638475,490.5439,-4791.080275863536,13463.06078789139,7384.465426260405,51.537695157762016,5.264935482251545,24227.0,0.801815,484.1985,3000.0,158.6776,1.5281831289422956,EJU13CB_1081,pop,80913.25530050969,0.0,True
59408.10695134568,516.362,-2463.2478441438316,7499.35606181367,7777.93324374445,51.48407727406279,5.298634461323799,25518.0,0.806538,484.4499,3000.0,158.6943,1.5078902194570243,EJU13CB_1081,pop,79541.4283939215,0.0,True
59369.35432617098,542.1801,-135.99931569800316,1532.040269063393,8171.401061227159,51.43041728069403,5.332245862701193,26809.0,0.808028,482.7255,3000.0,158.7137,1.4869445069328209,EJU13CB_1081,pop,78111.74460866864,0.0,True
59331.10014994803,567.9982,2180.8466525605527,-4414.566017274034,8564.868878707948,51.376933934505246,5.365628484103705,28100.0,0.810164,481.3611,3000.0,158.7369,1.467318129673656,EJU13CB_1081,pop,76830.01165825193,0.0,True
59293.29806024022,593.8163,4488.644836030981,-10345.057509544098,8958.33669618685,51.32358611753592,5.398803128728922,29391.0,0.811363,479.4147,2912.0,158.7629,1.4331719178898392,EJU13CB_1081,pop,74573.84668661951,0.0,True
59256.3189925391,619.6344,6784.77617142535,-16253.474406266658,9340.257676886093,51.270427613500026,5.431733404604069,30644.0,0.808637,475.2172,2602.0,158.7957,1.3583259228145894,EJU13CB_1081,pop,69625.14944579048,0.0,True
59221.239739873134,645.4525,9058.809722623237,-22114.986363684446,9681.544288655616,51.217682072994734,5.464271497311082,31764.0,0.806418,471.5965,2292.0,158.8279,1.2826655102463713,EJU13CB_1081,pop,64884.97311267066,0.0,True
59188.07895550431,671.2705,11313.562159098969,-27936.49113364006,9982.196531486483,51.16528770802996,5.496459866972039,32750.0,0.803517,467.8566,1983.0,158.8552,1.2061448098178746,EJU13CB_1081,pop,60281.62633111159,0.0,True
59156.87596261785,697.0886,13548.921146507935,-33716.10831436347,10242.214405373237,51.11326169549687,5.528298961416578,33603.0,0.799721,463.8808,1673.0,158.8747,1.1282634173495445,EJU13CB_1081,pop,55757.29348640911,0.0,True
59127.67417751627,722.9067,15764.50710897781,-39450.40153562226,10461.597910308685,51.06163521052682,5.559785498571125,34323.0,0.797493,461.0976,1363.0,158.8943,1.0498401836515774,EJU13CB_1081,pop,51393.34749836102,0.0,True
59100.475799971035,748.7248,17965.982344109358,-45153.98167311412,10640.347046296258,51.01027693827648,5.591001732612194,34909.0,0.79164,456.5041,1053.0,158.9185,0.9693253871170235,EJU13CB_1081,pop,46978.40054989904,0.0,True
59075.37182593711,774.5429,20144.294619528544,-50804.64781010628,10778.461813335267,50.959387047382656,5.621821153595428,35362.0,0.788281,453.6341,743.0,158.9459,0.8885245115317305,EJU13CB_1081,pop,42717.10534278434,0.0,True
59052.3483155654,800.361,22307.519118449833,-56424.160755260105,10875.942211423675,50.90876981733009,5.652359877455553,35682.0,0.781417,449.0302,433.0,158.9712,0.8052474580787106,EJU13CB_1081,pop,38386.356949895824,0.0,True
59031.49174135189,826.1791,24447.66458302344,-61991.07489321725,10932.788240571244,50.85861865018333,5.682507005970182,35869.0,0.774578,444.7223,124.0,158.9912,0.7209433940171681,EJU13CB_1081,pop,34109.23706519098,0.0,True
59012.82736603211,851.9972,26566.4496634859,-67508.15780432905,10948.99990079258,50.80890885957563,5.712289013249901,35922.0,0.770569,442.3131,-0.0,159.0057,0.6858758309811336,EJU13CB_1081,pop,32348.21100207989,0.0,True
58995.072148789426,877.8153,28672.718845040807,-72996.8174674067,10948.999900558667,50.759447740591206,5.741832010638977,35922.0,0.770656,442.3632,-0.0,159.0171,0.6857864502513102,EJU13CB_1081,pop,32344.203379621766,0.0,True
58977.31901943839,903.6334,30778.13507789004,-78486.51662020071,10948.999900323584,50.70996987281765,5.771300423644737,35922.0,0.770625,442.3451,-0.0,159.0262,0.6856342255701352,EJU13CB_1081,pop,32336.357431519944,0.0,True
58959.56999114367,929.4515,32882.598451022575,-83976.32395470126,10948.999900087407,50.660483675251314,5.800693171642097,35922.0,0.770601,442.3315,-0.0,159.0328,0.685486207448805,EJU13CB_1081,pop,32328.76881029803,0.0,True
58941.82492855643,955.2696,34986.358987053965,-89466.2077038528,10948.999899850209,50.61098945727163,5.8300140727443095,35922.0,0.770597,442.3289,-0.0,159.0372,0.685348409019578,EJU13CB_1081,pop,32321.803624496653,0.0,True
58924.08350508945,981.0877,37089.692913178624,-94956.21814888765,10948.999899612143,50.561486784962,5.859267292238612,35922.0,0.770565,442.3108,-0.0,159.0393,0.6851963384852439,EJU13CB_1081,pop,32313.968510313425,0.0,True
58906.34618084479,1006.9058,39192.736941932984,-100446.08080871467,10948.999899373099,50.511978150318875,5.888455038172084,35922.0,0.770533,442.2926,-0.0,159.0414,0.6850442254430681,EJU13CB_1081,pop,32306.131550261816,0.0,True
,0.0,10847.0,30877.0,0.0,52.31692886352539,4.775829315185547,0.0,0.0,0.0,0.0,0.0,,EJU13CB_1081,real,,0.16666217845757375,True
60178.08454826693,34.0,10902.0,27888.0,335.28000000000003,52.29003389002913,4.776541573660714,1100.0,0.22823817587302447,150.4027925272666,1600.0,184.19418278839086,1.744360467009862,EJU13CB_1081,real,100116.41756447317,0.0889663867544577,True
60147.99933178855,54.0,10785.0,26218.0,480.06,52.27500915527344,4.7747802734375,1575.0,0.2726935773576167,179.4017837146554,1536.0,183.8353190971333,1.5675981217617228,EJU13CB_1081,real,82639.74668959153,0.07459988795886059,True
60098.20350582241,94.0,11879.0,21889.0,792.48,52.236033294160485,4.790666852678572,2600.0,0.3847577496961887,252.22410669878485,1920.0,159.33760542781684,1.488625855203396,EJU13CB_1081,real,76883.2050077023,0.052220348384423604,True
60063.90053007855,114.0,12844.0,19351.0,1074.42,52.21317614539195,4.804713657924108,3525.0,0.41127399872591897,268.7322087134328,3392.0000000000005,159.06964098874133,1.78736557822495,EJU13CB_1081,real,106604.89517425302,0.04290466892095674,True
59994.98787218767,144.0,15009.0,15877.0,1600.2,52.181854248046875,4.836273193359375,5250.0,0.43642136958930106,283.425475213503,3520.0000000000005,126.1016869355374,1.7845623396694639,EJU13CB_1081,real,106128.60484296849,0.03662686158162557,True
59961.6846317309,164.0,17645.0,14405.0,1882.14,52.16853254932468,4.874790736607143,6175.0,0.46021878394310645,297.89259809535383,3264.0,117.5972958686437,1.7352741080030498,EJU13CB_1081,real,98955.84832381779,0.034760704590512406,True
59893.873814681036,204.0,22097.0,10538.0,2621.28,52.13357181872352,4.939688546316964,8600.0,0.4543897128484429,291.547594742265,3392.0000000000005,149.03624346792648,1.7497428318715362,EJU13CB_1081,real,100862.13298120452,0.03554527804207965,True
59861.4202259535,224.0,23427.0,7846.0,2933.7000000000003,52.10929870605469,4.958953857421875,9625.0,0.4610670410259011,294.72190281687585,3072.0,158.9206163051658,1.6910027810591297,EJU13CB_1081,real,93801.90684138358,0.03650861067530077,True
59811.477728297454,264.0,25672.0,1926.0,3352.8,52.05592268604343,4.991324288504464,11000.0,0.5175062190147693,329.1200388915874,1408.0,159.3624530153122,1.2289533711311331,EJU13CB_1081,real,61403.74680955504,0.03722623898009862,True
59781.036654354895,284.0,26921.0,-1341.0,3581.4,52.02645511950477,5.009294782366072,11750.0,0.5388866683746086,341.76014981270123,2752.0,159.44395478041653,1.5861401685794008,EJU13CB_1081,real,84130.56580172636,0.034269647379101965,True
59721.95938792724,324.0,29435.0,-7944.0,4152.900000000001,51.966914807335804,5.045392717633929,13625.000000000002,0.5572064497823878,350.891721190455,2240.0,159.65417851171316,1.4506573266661538,EJU13CB_1081,real,74349.94092065512,0.027801795793606223,True
59690.38708302496,344.0,30727.0,-11376.0,4419.6,51.93595756918697,5.0639125279017865,14500.0,0.5670898000400024,355.92836357896516,3200.0,159.78309058675137,1.6450832554281056,EJU13CB_1081,real,89236.24914417406,0.025369171444268514,True
59629.156309635786,374.0,32638.0,-16470.0,4861.56,51.890010510460804,5.09124755859375,15950.0,0.5732639649276351,357.80581325629686,2880.0,159.8937652016407,1.5725355772228824,EJU13CB_1081,real,83042.25020072065,0.02271217679892024,True
59601.04409002877,394.0,33931.0,-19927.0,5135.88,51.85882051112288,5.109710693359375,16850.0,0.5809028771495437,361.3114999553709,2432.0,159.7594774255608,1.464794600569975,EJU13CB_1081,real,75279.3205070545,0.021848260048608813,True
59545.074637716476,434.0,36596.0,-27011.0,5631.18,51.79490661621094,5.147688582136825,18475.0,0.5984325710335762,369.8553771408495,2240.0,159.75218859535818,1.4013003399701587,EJU13CB_1081,real,71223.21117812328,0.021235767137785865,True
59518.942148822636,454.0,37927.0,-30545.0,5852.16,51.763016005693856,5.1666259765625,19200.0,0.6083233407083456,374.8933181586463,2112.0,159.87326260881352,1.3616402107787116,EJU13CB_1081,real,68830.33730443424,0.02152728609407749,True
59467.41911686507,494.0,40673.0,-37829.0,6301.740000000001,51.697265625,5.205589500633446,20675.0,0.6243216968970728,382.4983660095818,2176.0,159.81212944652938,1.3630839587395052,EJU13CB_1081,real,68915.6340419871,0.007399206387310125,True
59441.69287848048,514.0,42088.0,-41592.0,6507.4800000000005,51.663299560546875,5.225632126266892,21350.0,0.6348275989361836,387.88142518042804,2112.0,159.78973078484276,1.340472421086655,EJU13CB_1081,real,67590.30954604136,0.0,True
59391.273027783085,554.0,44920.0,-49106.0,6911.34,51.595458984375,5.265643145586993,22675.0,0.6517359454388231,396.0807998376089,2176.0,159.91802251581925,1.3433110911752453,EJU13CB_1081,real,67755.12255989974,0.0,True
59365.951583636364,574.0,46350.0,-52899.0,7132.320000000001,51.5612120547537,5.285797119140625,23400.0,0.6573357318898453,398.3026487484109,2112.0,159.88170420202658,1.3193805107975374,EJU13CB_1081,real,66377.6961055118,0.0,True
59319.083491029,604.0,48537.0,-58687.0,7406.64,51.508941650390625,5.316566261085304,24300.0,0.670244913355156,404.6245172996812,1600.0,159.9080122714098,1.1759765631427492,EJU13CB_1081,real,58627.3232850575,0.0,True
59296.89611241931,624.0,50033.0,-62640.0,7566.660000000001,51.473236083984375,5.337573902027027,24825.0,0.6821968226465921,410.94646853331153,1536.0,159.93351090565736,1.1560792012368082,EJU13CB_1081,real,57606.66064264608,0.0,True
59249.6073106017,664.0,53011.0,-70535.0,7932.42,51.40191650390625,5.3792922561233105,26025.0,0.6945963362673373,416.32919667013505,1792.0,159.9110733612732,1.2120496675187917,EJU13CB_1081,real,60507.67976041681,0.0,True
59228.416982288894,684.0,54519.0,-74517.0,8100.06,51.365936279296875,5.400374129011825,26575.0,0.7014873289719559,419.49016675006817,1408.0,159.92353994846752,1.104127633136142,EJU13CB_1081,real,54989.58958927222,0.0,True
59185.89733876519,724.0,57617.0,-82714.0,8389.62,51.29186080673993,5.443572998046875,27525.0,0.7186519804133834,428.033877163946,1600.0,159.9139670387937,1.1492294944663628,EJU13CB_1081,real,57257.53053709359,0.0,True
59164.90943588502,744.0,59187.0,-86892.0,8542.02,51.25410461425781,5.465401314400338,28025.0,0.7249231428606959,430.8526430231106,1408.0,160.0509778164429,1.0935802026992476,EJU13CB_1081,real,54466.13354336399,0.0,True
59123.62421553358,784.0,62321.0,-95199.0,8785.86,51.179018182269594,5.508880615234375,28825.0,0.7439932871443224,440.6778868969942,1536.0,159.96135280190128,1.1239549314724564,EJU13CB_1081,real,55980.688676431644,0.0,True
59102.75696263112,804.0,63969.0,-99549.0,8915.4,51.13968154131356,5.5316925048828125,29249.999999999996,0.7506992355009234,443.83893474998337,1408.0,159.9727773909467,1.08729370386032,EJU13CB_1081,real,54155.58219432591,0.0,True
59065.96299985845,834.0,66377.0,-105935.0,9083.04,51.081939697265625,5.564946355046453,29800.0,0.7642170334900374,450.7604685417744,1024.0,160.15806929809597,0.9848092496274288,EJU13CB_1081,real,49200.09635086381,0.0,True
59045.16116636533,854.0,68022.0,-110325.0,9189.720000000001,51.04224770756091,5.587615966796875,30150.000000000004,0.7723414562317286,454.86261662176634,1408.0,160.21060499232104,1.0838850083211367,EJU13CB_1081,real,54007.90492692667,0.0,True
59001.63491084633,894.0,71331.0,-119115.0,9494.52,50.962738037109375,5.633091282200169,31150.0,0.7762919389301502,455.20215289473316,2304.0,160.09216942138613,1.2857781546354339,EJU13CB_1081,real,64530.521608260184,0.0,True
58981.61903603644,914.0,72939.0,-123381.0,9677.4,50.92414855957031,5.65513817039696,31749.999999999996,0.7745401634068931,452.98123581446504,1344.0,160.12495781528185,1.0429324243003317,EJU13CB_1081,real,52023.674364521146,0.0,True
58941.83033166375,954.0,76281.0,-132216.0,9928.86,50.844214487884,5.700836181640625,32575.0,0.7827908665572861,456.1425215872776,1472.0,160.134940431249,1.066987922068697,EJU13CB_1081,real,53256.255097639485,0.0,True
58921.177615032226,974.0,77903.0,-136516.0,10081.26,50.805296817068324,5.72296142578125,33075.0,0.7823291858322705,454.86261662176634,1536.0,160.21060499232104,1.0761152350063106,EJU13CB_1081,real,53709.37240009259,0.0,True
58882.517386711566,1014.0,81211.0,-145276.0,10340.34,50.726018356064614,5.767974853515625,33925.0,0.7853050394732214,454.86261662176634,1856.0,160.21060499232104,1.1460065416550282,EJU13CB_1081,real,57246.58000385024,0.0,True
58861.57874842045,1034.0,82848.0,-149627.0,10507.980000000001,50.68663516287076,5.7901763916015625,34475.0,0.7817772457604205,451.7012286899384,1664.0,160.20112364547506,1.0910132583220276,EJU13CB_1081,real,54468.97082227831,0.0,True
58823.50108482444,1064.0,85286.0,-156081.0,10728.960000000001,50.628204345703125,5.823187577097039,35200.0,0.7782674862940352,448.20196340489184,1344.0,160.31177956035881,0.999012958048267,EJU13CB_1081,real,49985.83158818124,0.0,True
58805.08462633688,1084.0,86907.0,-160388.0,10866.12,50.589202880859375,5.8450879548725325,35650.0,0.7759982047001799,445.9820624195552,1216.0,160.3461759419467,0.9595944159266713,EJU13CB_1081,real,48105.74986970773,0.0,True
58773.8038099423,1124.0,90124.0,-168916.0,11049.0,50.51197814941406,5.888455039576479,36250.0,0.7820145469728033,448.5398533017997,576.0,160.19150864648614,0.778779579103501,EJU13CB_1081,real,39818.473475540115,0.0,True
